msisdn,imsi,imei,forwarding_to,sim_swap_at
99970000100,999019700001000,355966322652212,,
99971000001,999019710000010,352514956779445,,
99971000002,999019710000020,357284057012985,,
99971000002,999019710000021,357284057012985,,2026-08-28 08:45:35
99971000003,999019710000030,354119341166417,,
99971000004,999019710000040,353283257112356,,
99971000005,999019710000050,353843256410531,,
99971000006,999019710000060,359293244226754,,
99971000007,999019710000070,351425162661142,,
99971000008,999019710000080,359290222577104,,
99971000009,999019710000090,352846082544226,,
99971000010,999019710000100,359312134491962,,
99971000011,999019710000110,351652113264558,,
99971000012,999019710000120,356166408042222,,
99971000012,999019710000121,356166408042222,,2026-08-27 10:16:25
99971000013,999019710000130,353617665015782,,
99971000014,999019710000140,354419493717435,,
99971000015,999019710000150,352822035875883,,
99971000016,999019710000160,356911271912156,,
99971000017,999019710000170,352442084587811,,
99971000018,999019710000180,350243336465251,,
99971000019,999019710000190,350259790413782,,
99971000020,999019710000200,353011696684239,,
99971000021,999019710000210,352272102466176,,
99971000022,999019710000220,353118603518135,,
99971000023,999019710000230,350539966354657,,
99971000024,999019710000240,351446826415952,,
99971000025,999019710000250,353074116726145,,
99971000026,999019710000260,356053120516442,,
99971000027,999019710000270,353944035754686,,
99971000028,999019710000280,354517471645122,,
99971000029,999019710000290,356869183335554,,
99971000030,999019710000300,352459464286439,,
99971000031,999019710000310,359241412332316,,
99971000032,999019710000320,354672106776061,,
99971000033,999019710000330,359516609599742,,
99971000034,999019710000340,351485818041189,,
99971000035,999019710000350,350455318974286,,
99971000036,999019710000360,353567604833004,,
99971000037,999019710000370,353359554643442,,
99971000038,999019710000380,355645425536912,,
99971000039,999019710000390,352258665538214,,
99971000040,999019710000400,352917941250223,,
99971000041,999019710000410,352626516674537,,
99971000042,999019710000420,353446273678154,,
99971000043,999019710000430,350363016008392,,
99971000044,999019710000440,356454733879321,,
99971000045,999019710000450,353366980583632,,
99971000046,999019710000460,352384224851467,,
99971000047,999019710000470,354637776646673,,
99971000048,999019710000480,353636153683238,,
99971000049,999019710000490,353323452498546,,
99971000050,999019710000500,352795520542355,,
99971000051,999019710000510,355374533404851,,
99971000052,999019710000520,354556151130912,,
99971000053,999019710000530,351306362528696,,
99971000054,999019710000540,354836227104988,,
99971000055,999019710000550,356353461504739,,
99971000056,999019710000560,359272515100412,,
99971000057,999019710000570,357741841463196,,
99971000058,999019710000580,356806824239800,,
99971000059,999019710000590,354605569765565,,
99971000060,999019710000600,352433656004626,,
99971000061,999019710000610,357885682361080,,
99971000062,999019710000620,355498904420831,,
99971000063,999019710000630,354312311593246,,
99971000064,999019710000640,352515450699752,,
99971000065,999019710000650,356515296952642,,
99971000066,999019710000660,356140138094514,,
99971000067,999019710000670,352273302164171,,
99971000068,999019710000680,351712569318131,,
99971000069,999019710000690,351661613143846,,
99971000070,999019710000700,356183249456113,,
99971000071,999019710000710,356113410846254,,
99971000072,999019710000720,353074182222351,,
99971000072,999019710000721,353074182222351,,2026-09-28 12:44:43
99971000073,999019710000730,353418268344551,,
99971000074,999019710000740,350632521081544,,
99971000075,999019710000750,350603250491562,,
99971000076,999019710000760,355781727992822,,
99971000077,999019710000770,352445646632121,,
99971000078,999019710000780,358627127228866,,
99971000079,999019710000790,353955342583325,,
99971000080,999019710000800,354016195632084,,
99971000081,999019710000810,356226243650580,,
99971000082,999019710000820,355836262010551,,
99971000083,999019710000830,355132154671077,,
99971000084,999019710000840,353222231344554,,
99971000085,999019710000850,354533042511979,,
99971000085,999019710000851,354533042511979,,2026-08-04 03:01:31
99971000086,999019710000860,358965343523496,,
99971000087,999019710000870,358864249335118,,
99971000088,999019710000880,353308418941563,,
99971000089,999019710000890,353524734676556,,
99971000090,999019710000900,352451315375670,,
99971000091,999019710000910,357573442830549,,
99971000092,999019710000920,353164978334410,,
99971000093,999019710000930,355661442104446,,
99971000094,999019710000940,353214922926660,,
99971000095,999019710000950,357285259535564,,
99971000096,999019710000960,358393158269713,,
99971000097,999019710000970,351507921452344,,
99971000098,999019710000980,351355142014880,,
99971000099,999019710000990,352257656492209,,
99971000100,999019710001000,353453567644633,,
99971000101,999019710001010,356242004744611,,
99971000102,999019710001020,354147972509912,,
99971000103,999019710001030,355114255495245,,
99971000103,999019710001031,355114255495245,,2026-08-04 07:45:45
99971000104,999019710001040,358943235077751,,
99971000105,999019710001050,357521811854687,,
99971000106,999019710001060,357427769924680,,
99971000107,999019710001070,354954518154501,,
99971000108,999019710001080,359158882252049,,
99971000109,999019710001090,353111704523856,,
99971000110,999019710001100,353350346112546,,
99971000111,999019710001110,352312434316795,,
99971000112,999019710001120,355629363715525,,
99971000113,999019710001130,359658962236502,,
99971000114,999019710001140,351606022667433,,
99971000115,999019710001150,352120124762346,,
99971000116,999019710001160,350969644043243,,
99971000117,999019710001170,357115115625579,,
99971000118,999019710001180,357532723734930,,
99971000119,999019710001190,350611502366166,,
99971000120,999019710001200,355181117874561,,
99971000121,999019710001210,356583156659542,,
99971000122,999019710001220,358846422326213,,
99971000123,999019710001230,352373356453336,,
99971000124,999019710001240,358264563091443,,
99971000125,999019710001250,355618557643677,,
99971000126,999019710001260,352864126324167,,
99971000127,999019710001270,354423582336516,,
99971000128,999019710001280,355532556805655,,
99971000129,999019710001290,350114172073693,,
99971000130,999019710001300,358626062614356,,
99971000131,999019710001310,353588542353497,,
99971000132,999019710001320,351557059374038,,
99971000133,999019710001330,355241257531145,,
99971000134,999019710001340,355233599661052,,
99971000135,999019710001350,351143262548505,,
99971000136,999019710001360,353862545890598,,
99971000137,999019710001370,355508140255822,,
99971000138,999019710001380,354243502522768,,
99971000139,999019710001390,353522317063671,,
99971000140,999019710001400,353922156116168,,
99971000141,999019710001410,350724544438249,,
99971000142,999019710001420,359055389163611,,
99971000143,999019710001430,355563057047553,,
99971000144,999019710001440,356054321613121,,
99971000145,999019710001450,354321971653533,,
99971000146,999019710001460,351642456470943,,
99971000147,999019710001470,353893036866433,,
99971000148,999019710001480,354142211367623,,
99971000149,999019710001490,354666491382215,,
99971000150,999019710001500,353245213019696,,
99971000151,999019710001510,356666360966599,,
99971000152,999019710001520,356701725966844,,
99971000153,999019710001530,350785235341526,,
99971000154,999019710001540,359934683576526,,
99971000155,999019710001550,356226355338656,,
99971000156,999019710001560,353432288173941,,
99971000157,999019710001570,351281959475651,,
99971000158,999019710001580,356163453971737,,
99971000159,999019710001590,352436545142227,,
99971000160,999019710001600,354229321352502,,
99971000160,999019710001601,354229321352502,,2026-09-01 12:48:17
99971000161,999019710001610,356021524181161,,
99971000162,999019710001620,357534815085116,,
99971000163,999019710001630,350054367565464,,
99971000164,999019710001640,356742779711031,,
99971000165,999019710001650,356143495612862,,
99971000166,999019710001660,359028461421213,,
99971000167,999019710001670,354644212881234,,
99971000168,999019710001680,352825405896314,,
99971000169,999019710001690,354736184343341,,
99971000170,999019710001700,358035525296286,,
99971000171,999019710001710,354451106600336,,
99971000172,999019710001720,353061624444935,,
99971000173,999019710001730,352440268068510,,
99971000174,999019710001740,351346306985135,,
99971000175,999019710001750,352841856454202,,
99971000176,999019710001760,352275181922471,,
99971000177,999019710001770,359292944465172,,
99971000178,999019710001780,355481448202656,,
99971000179,999019710001790,354853533434993,,
99971000180,999019710001800,355535241324245,,
99971000181,999019710001810,353694534242045,,
99971000182,999019710001820,357208616296234,,
99971000183,999019710001830,354345647117946,,
99971000183,999019710001831,354345647117946,,2026-09-11 19:18:25
99971000184,999019710001840,357524503479713,,
99971000185,999019710001850,353426185287624,,
99971000186,999019710001860,351288635464712,,
99971000187,999019710001870,353462514213646,,
99971000188,999019710001880,353526496979496,,
99971000188,999019710001881,353526496979496,,2026-09-29 03:13:19
99971000189,999019710001890,353319158624263,,
99971000190,999019710001900,355183288622550,,
99971000190,999019710001901,355183288622550,,2026-09-07 01:36:12
99971000191,999019710001910,352540421555523,,
99971000192,999019710001920,356305384163112,,
99971000193,999019710001930,350134522960553,,
99971000194,999019710001940,350922154306644,,
99971000195,999019710001950,355255551485253,,
99971000196,999019710001960,352111551110154,,
99971000197,999019710001970,356064531715631,,
99971000198,999019710001980,357142143831593,,
99971000199,999019710001990,352430597565286,,
99971000200,999019710002000,355390663274448,,
99971000201,999019710002010,354662147321294,,
99971000202,999019710002020,355589324463222,,
99971000203,999019710002030,351176391503146,,
99971000204,999019710002040,357476120533217,,
99971000204,999019710002041,357476120533217,,2026-09-18 09:34:42
99971000205,999019710002050,356655017436301,,
99971000206,999019710002060,356313032636356,,
99971000207,999019710002070,354371632490381,,
99971000208,999019710002080,352186821476737,,
99971000208,999019710002081,352186821476737,,2026-09-08 06:54:04
99971000209,999019710002090,358042464553411,,
99971000210,999019710002100,352005252911426,,
99971000211,999019710002110,353133175934981,,
99971000212,999019710002120,353941500213536,,
99971000213,999019710002130,356168396924912,,
99971000214,999019710002140,356894083433915,,
99971000215,999019710002150,359930416234169,,
99971000216,999019710002160,359859435301644,,
99971000217,999019710002170,355461833575965,,
99971000218,999019710002180,353422126942261,,
99971000219,999019710002190,353676153716008,,
99971000220,999019710002200,353550653293826,,
99971000221,999019710002210,358635726688422,,
99971000222,999019710002220,354998552225415,,
99971000223,999019710002230,352744279556473,,
99971000224,999019710002240,355628752637288,,
99971000225,999019710002250,358652154111908,,
99971000226,999019710002260,354812345540818,,
99971000227,999019710002270,350459860825872,,
99971000228,999019710002280,356544501980711,,
99971000229,999019710002290,352393438438225,,
99971000230,999019710002300,352647648464916,,
99971000231,999019710002310,354424488123931,,
99971000232,999019710002320,359079392615103,,
99971000233,999019710002330,359452566176070,,
99971000234,999019710002340,355258395143319,,
99971000235,999019710002350,355744602857204,,
99971000236,999019710002360,350153545120348,,
99971000237,999019710002370,356671061507601,,
99971000238,999019710002380,352380435431262,,
99971000239,999019710002390,355711540836295,,
99971000240,999019710002400,353533564546126,,
99971000240,999019710002402,353533564546126,99971000233,
99971000241,999019710002410,350316294262101,,
99971000241,999019710002412,350316294262101,99971000250,
99971000242,999019710002420,359026423843558,,
99971000243,999019710002430,358536342638312,,
99971000244,999019710002440,355237127122648,,
99971000245,999019710002450,356706363204285,,
99971000246,999019710002460,355613665585573,,
99971000247,999019710002470,358656015065123,,
99971000248,999019710002480,355435144611114,,
99971000249,999019710002490,355356180853278,,
99971000250,999019710002500,353345625991549,,
99971000251,999019710002510,354047421140296,,
99971000252,999019710002520,351677684233824,,
99971000253,999019710002530,356725244586756,,
99971000254,999019710002540,357448512971551,,
99971000255,999019710002550,355111575311251,,
99971000256,999019710002560,353119623933169,,
99971000256,999019710002562,353119623933169,99971000254,
99971000257,999019710002570,351242923556288,,
99971000258,999019710002580,356653315167276,,
99971000259,999019710002590,355083335353686,,
99971000260,999019710002600,358556400540052,,
99971000261,999019710002610,352524335163652,,
99971000262,999019710002620,357764003965146,,
99971000263,999019710002630,352627616611089,,
99971000264,999019710002640,354350571263366,,
99971000265,999019710002650,350095259851147,,
99971000266,999019710002660,359765674176346,,
99971000267,999019710002670,356099863353219,,
99971000268,999019710002680,353493165343546,,
99971000269,999019710002690,351818894565702,,
99971000269,999019710002692,351818894565702,99971000271,
99971000270,999019710002700,355675631953558,,
99971000271,999019710002710,355411530391644,,
99971000272,999019710002720,355656613646886,,
99971000273,999019710002730,356346481323130,,
99971000274,999019710002740,351197167084415,,
99971000275,999019710002750,357417916830336,,
99971000276,999019710002760,354458266249319,,
99971000276,999019710002761,354458266249319,,2026-08-08 22:04:47
99971000277,999019710002770,356733450484266,,
99971000278,999019710002780,351451474649250,,
99971000279,999019710002790,358290049536065,,
99971000280,999019710002800,357511545442400,,
99971000281,999019710002810,351665230501844,,
99971000282,999019710002820,358156813226365,,
99971000283,999019710002830,359163445151752,,
99971000284,999019710002840,352598136252163,,
99971000285,999019710002850,351213263250720,,
99971000286,999019710002860,350394766375381,,
99971000287,999019710002870,352338304213945,,
99971000288,999019710002880,354677151122582,,
99971000289,999019710002890,353023820863124,,
99971000290,999019710002900,355574255318949,,
99971000291,999019710002910,357344211602053,,
99971000292,999019710002920,354565446301689,,
99971000293,999019710002930,355142552757885,,
99971000294,999019710002940,353658142510983,,
99971000295,999019710002950,357551434124733,,
99971000296,999019710002960,350805537322616,,
99971000297,999019710002970,353563495375116,,
99971000298,999019710002980,351476631132336,,
99971000299,999019710002990,351859585269254,,
99971000300,999019710003000,352565434315791,,
99971000301,999019710003010,358459935225180,,
99971000302,999019710003020,354375613427364,,
99971000303,999019710003030,355322572173601,,
99971000304,999019710003040,353582553832263,,
99971000305,999019710003050,358442936226113,,
99971000306,999019710003060,350428384556046,,
99971000307,999019710003070,355661503836438,,
99971000308,999019710003080,358221214621864,,
99971000309,999019710003090,354369213463112,,
99971000310,999019710003100,354754421355354,,
99971000311,999019710003110,355438510110297,,
99971000312,999019710003120,355566423723612,,
99971000313,999019710003130,350212534482274,,
99971000314,999019710003140,353504149193241,,
99971000315,999019710003150,355114872733388,,
99971000316,999019710003160,357714542546745,,
99971000317,999019710003170,356671511886786,,
99971000318,999019710003180,356583460024761,,
99971000319,999019710003190,356520533211347,,
99971000320,999019710003200,356449232551645,,
99971000321,999019710003210,355891394143632,,
99971000321,999019710003211,355891394143632,,2026-08-03 20:10:22
99971000322,999019710003220,354886933532333,,
99971000323,999019710003230,358116707324606,,
99971000324,999019710003240,355588597648235,,
99971000325,999019710003250,355018529745210,,
99971000326,999019710003260,350140652363293,,
99971000327,999019710003270,354657732272315,,
99971000328,999019710003280,358301081684743,,
99971000329,999019710003290,356806973444434,,
99971000330,999019710003300,352606773389002,,
99971000331,999019710003310,358633495360455,,
99971000332,999019710003320,359622321649235,,
99971000333,999019710003330,353696836954028,,
99971000334,999019710003340,359225692046423,,
99971000335,999019710003350,358312944354427,,
99971000336,999019710003360,350538436358112,,
99971000337,999019710003370,350454522231120,,
99971000338,999019710003380,352203364116381,,
99971000338,999019710003381,352203364116381,,2026-08-13 08:00:03
99971000339,999019710003390,352060521636269,,
99971000340,999019710003400,352721193952186,,
99971000341,999019710003410,353247713102412,,
99971000342,999019710003420,359291434315712,,
99971000343,999019710003430,358435311464526,,
99971000344,999019710003440,358815786112689,,
99971000345,999019710003450,353506325445696,,
99971000346,999019710003460,356201442063615,,
99971000347,999019710003470,353090672736855,,
99971000348,999019710003480,353643343365156,,
99971000349,999019710003490,354125724265069,,
99971000350,999019710003500,358261253209613,,
99971000350,999019710003501,358261253209613,,2026-09-23 08:29:09
99971000351,999019710003510,353711238242353,,
99971000352,999019710003520,352411157344513,,
99971000353,999019710003530,359491354071843,,
99971000353,999019710003531,359491354071843,,2026-08-25 06:43:30
99971000354,999019710003540,353813355135221,,
99971000355,999019710003550,359217802853361,,
99971000356,999019710003560,352333397541661,,
99971000357,999019710003570,355274542528337,,
99971000358,999019710003580,354360261308425,,
99971000359,999019710003590,359832354635418,,
99971000359,999019710003591,359832354635418,,2026-09-27 19:51:12
99971000360,999019710003600,351762592240269,,
99971000361,999019710003610,354549031721569,,
99971000362,999019710003620,355876369534232,,
99971000363,999019710003630,353480659864726,,
99971000364,999019710003640,353147574523310,,
99971000365,999019710003650,354776194325127,,
99971000366,999019710003660,356044356682650,,
99971000367,999019710003670,352655237537965,,
99971000368,999019710003680,352125925140260,,
99971000369,999019710003690,353473804631135,,
99971000370,999019710003700,350237460725656,,
99971000371,999019710003710,358663016402435,,
99971000372,999019710003720,351234535140378,,
99971000373,999019710003730,357483368453111,,
99971000374,999019710003740,356627795325265,,
99971000375,999019710003750,353326157835925,,
99971000376,999019710003760,353689237341236,,
99971000377,999019710003770,358571726356041,,
99971000378,999019710003780,359478570371241,,
99971000379,999019710003790,353114593413624,,
99971000380,999019710003800,356435111534958,,
99971000381,999019710003810,355269012418814,,
99971000382,999019710003820,350130074954105,,
99971000383,999019710003830,352631262752783,,
99971000384,999019710003840,357612245129318,,
99971000385,999019710003850,352113461740562,,
99971000386,999019710003860,353221526572512,,
99971000387,999019710003870,351420710643177,,
99971000388,999019710003880,354324175456995,,
99971000389,999019710003890,358045637355474,,
99971000390,999019710003900,354650245848001,,
99971000391,999019710003910,356265334065892,,
99971000392,999019710003920,353564922745337,,
99971000393,999019710003930,351481443435536,,
99971000394,999019710003940,359145231666244,,
99971000395,999019710003950,352451773701533,,
99971000396,999019710003960,351168342316554,,
99971000397,999019710003970,352655043181634,,
99971000398,999019710003980,355632511424632,,
99971000399,999019710003990,352742452582142,,
99971000400,999019710004000,359703931354236,,
99971000401,999019710004010,355709296251345,,
99971000402,999019710004020,359148197009323,,
99971000403,999019710004030,352702709171757,,
99971000404,999019710004040,354219661442331,,
99971000405,999019710004050,358633461310113,,
99971000406,999019710004060,356005292106544,,
99971000407,999019710004070,355275569481113,,
99971000408,999019710004080,357055355211035,,
99971000409,999019710004090,356614466264151,,
99971000410,999019710004100,355693439132873,,
99971000411,999019710004110,351932037745568,,
99971000412,999019710004120,356210290615522,,
99971000413,999019710004130,359238811507965,,
99971000414,999019710004140,353555538721672,,
99971000415,999019710004150,352336136065805,,
99971000416,999019710004160,354492349449307,,
99971000417,999019710004170,353633065365944,,
99971000418,999019710004180,352531584463524,,
99971000419,999019710004190,355125962074666,,
99971000420,999019710004200,351427137485469,,
99971000421,999019710004210,357427571963106,,
99971000422,999019710004220,357203293093645,,
99971000423,999019710004230,350405655345813,,
99971000424,999019710004240,359487136602137,,
99971000425,999019710004250,359930721372525,,
99971000426,999019710004260,351047614053594,,
99971000427,999019710004270,355259131545142,,
99971000428,999019710004280,356555336669469,,
99971000429,999019710004290,351386380353811,,
99971000430,999019710004300,359041286232523,,
99971000431,999019710004310,351540642453301,,
99971000432,999019710004320,354540455411715,,
99971000433,999019710004330,353132918263519,,
99971000434,999019710004340,354111414442822,,
99971000435,999019710004350,354653071626701,,
99971000436,999019710004360,356393436467213,,
99971000437,999019710004370,359673455541361,,
99971000438,999019710004380,352356138313042,,
99971000439,999019710004390,356284757308841,,
99971000440,999019710004400,352585826375427,,
99971000441,999019710004410,357422967423370,,
99971000442,999019710004420,357692041556435,,
99971000443,999019710004430,355934284215161,,
99971000444,999019710004440,354351339602414,,
99971000444,999019710004441,354351339602414,,2026-08-22 15:21:15
99971000445,999019710004450,359294574976034,,
99971000446,999019710004460,352589102467283,,
99971000447,999019710004470,351178951925244,,
99971000448,999019710004480,358371115494316,,
99971000449,999019710004490,359541464546242,,
99971000450,999019710004500,356312442529433,,
99971000451,999019710004510,352061023516052,,
99971000452,999019710004520,356516224076414,,
99971000453,999019710004530,356249863260139,,
99971000454,999019710004540,355735442035203,,
99971000455,999019710004550,357892144190004,,
99971000456,999019710004560,352345757345649,,
99971000457,999019710004570,351746473125551,,
99971000458,999019710004580,355331224724921,,
99971000459,999019710004590,355054144720937,,
99971000460,999019710004600,353075222546963,,
99971000461,999019710004610,356346544349599,,
99971000462,999019710004620,354374327556462,,
99971000463,999019710004630,355333363623516,,
99971000464,999019710004640,356367426642477,,
99971000465,999019710004650,354348556150523,,
99971000466,999019710004660,354513401169944,,
99971000466,999019710004661,354513401169944,,2026-08-31 15:28:19
99971000467,999019710004670,354386422402433,,
99971000468,999019710004680,351541614444246,,
99971000469,999019710004690,359365658954734,,
99971000470,999019710004700,351260153627897,,
99971000471,999019710004710,355161441737334,,
99971000472,999019710004720,354457907645331,,
99971000473,999019710004730,356114195257354,,
99971000474,999019710004740,355598249038627,,
99971000475,999019710004750,353021901620012,,
99971000476,999019710004760,354345174479986,,
99971000477,999019710004770,356863708112215,,
99971000478,999019710004780,354373868571432,,
99971000479,999019710004790,355556212497773,,
99971000480,999019710004800,354383510411276,,
99971000481,999019710004810,352512561749850,,
99971000482,999019710004820,355512287374347,,
99971000483,999019710004830,359954221114592,,
99971000484,999019710004840,352196504860505,,
99971000485,999019710004850,353962423809265,,
99971000486,999019710004860,352905465153253,,
99971000487,999019710004870,352366654135364,,
99971000488,999019710004880,350525252175064,,
99971000489,999019710004890,356551364548203,,
99971000490,999019710004900,359169311109014,,
99971000491,999019710004910,354292155702273,,
99971000492,999019710004920,357752865313367,,
99971000493,999019710004930,353613621641994,,
99971000494,999019710004940,358211061754859,,
99971000495,999019710004950,355662906313189,,
99971000496,999019710004960,352369076592241,,
99971000497,999019710004970,352533256248458,,
99971000498,999019710004980,356053176575548,,
99971000499,999019710004990,353194210631593,,
99971000500,999019710005000,355512477534315,,
99971000501,999019710005010,354713713451447,,
99971000502,999019710005020,353244577435235,,
99971000503,999019710005030,352283343436552,,
99971000504,999019710005040,354245350196283,,
99971000505,999019710005050,359720032710441,,
99971000506,999019710005060,356612969433426,,
99971000507,999019710005070,359482618201634,,
99971000508,999019710005080,357370603046162,,
99971000509,999019710005090,351442478617228,,
99971000510,999019710005100,357312645457200,,
99971000511,999019710005110,354416731637166,,
99971000512,999019710005120,350328355555736,,
99971000513,999019710005130,357582273644754,,
99971000514,999019710005140,355153732939547,,
99971000515,999019710005150,350466664941542,,
99971000516,999019710005160,351651102595414,,
99971000517,999019710005170,354519653133171,,
99971000518,999019710005180,356624323722626,,
99971000519,999019710005190,356414001531513,,
99971000520,999019710005200,353292358235112,,
99971000521,999019710005210,353631486210023,,
99971000522,999019710005220,355270341152365,,
99971000523,999019710005230,357301576625135,,
99971000524,999019710005240,359125231672573,,
99971000525,999019710005250,353230094588542,,
99971000526,999019710005260,353363024931345,,
99971000527,999019710005270,353343331614822,,
99971000528,999019710005280,352630322965506,,
99971000529,999019710005290,353165062705426,,
99971000530,999019710005300,355310415029312,,
99971000531,999019710005310,353246114252435,,
99971000532,999019710005320,353642886465207,,
99971000533,999019710005330,354528645184557,,
99971000534,999019710005340,352424316926160,,
99971000535,999019710005350,351426528315058,,
99971000536,999019710005360,351380715511164,,
99971000537,999019710005370,354366424728625,,
99971000538,999019710005380,350792396692071,,
99971000539,999019710005390,353415008364371,,
99971000540,999019710005400,358411588014346,,
99971000541,999019710005410,353797492512636,,
99971000542,999019710005420,355539831611434,,
99971000543,999019710005430,357051790635516,,
99971000544,999019710005440,352426637116229,,
99971000545,999019710005450,353754520771122,,
99971000546,999019710005460,355963556536119,,
99971000547,999019710005470,352460566176296,,
99971000548,999019710005480,351251928613402,,
99971000549,999019710005490,356461147058404,,
99971000550,999019710005500,353615228214383,,
99971000551,999019710005510,354528970089257,,
99971000552,999019710005520,350908254044994,,
99971000553,999019710005530,354409462328505,,
99971000554,999019710005540,351552165242316,,
99971000555,999019710005550,352322228422245,,
99971000556,999019710005560,352574585312144,,
99971000557,999019710005570,351631512309831,,
99971000558,999019710005580,350310416313625,,
99971000559,999019710005590,355662569163921,,
99971000559,999019710005591,355662569163921,,2026-09-25 11:33:45
99971000560,999019710005600,352461215733728,,
99971000561,999019710005610,356510064239556,,
99971000562,999019710005620,356698501669626,,
99971000563,999019710005630,351486421140337,,
99971000564,999019710005640,356500161552148,,
99971000565,999019710005650,359025802124212,,
99971000566,999019710005660,356362904728141,,
99971000567,999019710005670,355116364935035,,
99971000568,999019710005680,352354253261140,,
99971000569,999019710005690,352642568281615,,
99971000570,999019710005700,357475234051602,,
99971000571,999019710005710,353475646437664,,
99971000572,999019710005720,354455310475918,,
99971000573,999019710005730,350455503932457,,
99971000573,999019710005731,350455503932457,,2026-09-23 18:38:42
99971000574,999019710005740,356390645126542,,
99971000575,999019710005750,350092214156446,,
99971000576,999019710005760,358786385201871,,
99971000577,999019710005770,351558787566127,,
99971000578,999019710005780,358831513410624,,
99971000579,999019710005790,351496173646909,,
99971000580,999019710005800,353593402232542,,
99971000581,999019710005810,355361008137312,,
99971000582,999019710005820,352144192738324,,
99971000583,999019710005830,353430531664922,,
99971000584,999019710005840,355358611162775,,
99971000585,999019710005850,350254019083962,,
99971000586,999019710005860,356541215423351,,
99971000587,999019710005870,359627677418205,,
99971000588,999019710005880,354054615268557,,
99971000589,999019710005890,352522360112918,,
99971000590,999019710005900,354117695362872,,
99971000591,999019710005910,359828356061556,,
99971000592,999019710005920,351833681973356,,
99971000593,999019710005930,357203745417968,,
99971000594,999019710005940,350622947396499,,
99971000595,999019710005950,357356816297813,,
99971000596,999019710005960,355751543457935,,
99971000597,999019710005970,355215101588900,,
99971000598,999019710005980,351779538688536,,
99971000599,999019710005990,351757065030455,,
99971000600,999019710006000,357328525136643,,
99971000601,999019710006010,352934506308427,,
99971000602,999019710006020,355121762440559,,
99971000603,999019710006030,357677662900325,,
99971000604,999019710006040,356186166313312,,
99971000604,999019710006042,356186166313312,99971000623,
99971000605,999019710006050,357633425199233,,
99971000606,999019710006060,359462053535011,,
99971000607,999019710006070,353392367933345,,
99971000608,999019710006080,353134655442148,,
99971000609,999019710006090,353065337458042,,
99971000610,999019710006100,355542300102616,,
99971000611,999019710006110,359436553922636,,
99971000612,999019710006120,351213588469163,,
99971000613,999019710006130,353592116429864,,
99971000614,999019710006140,354070531531166,,
99971000615,999019710006150,356646597668285,,
99971000616,999019710006160,351425722512041,,
99971000617,999019710006170,353235776381341,,
99971000618,999019710006180,352235581771751,,
99971000618,999019710006182,352235581771751,99971000614,
99971000619,999019710006190,356983211540245,,
99971000620,999019710006200,356438272212172,,
99971000621,999019710006210,354134226012346,,
99971000622,999019710006220,358248626962636,,
99971000623,999019710006230,359461428544104,,
99971000624,999019710006240,351126422220655,,
99971000625,999019710006250,353432359615455,,
99971000626,999019710006260,351934840733434,,
99971000627,999019710006270,356991745314325,,
99971000628,999019710006280,356620386259369,,
99971000629,999019710006290,353152320311302,,
99971000630,999019710006300,354158641981375,,
99971000631,999019710006310,354043115124886,,
99971000632,999019710006320,351512946972933,,
99971000633,999019710006330,353151264036883,,
99971000634,999019710006340,351737286123647,,
99971000635,999019710006350,353624123943222,,
99971000636,999019710006360,354222266803308,,
99971000637,999019710006370,352768633055488,,
99971000638,999019710006380,350186163196995,,
99971000639,999019710006390,359392237446201,,
99971000639,999019710006391,359392237446201,,2026-08-17 10:16:29
99971000640,999019710006400,355531310405017,,
99971000641,999019710006410,352800325056906,,
99971000642,999019710006420,351951591428913,,
99971000643,999019710006430,354415548106239,,
99971000644,999019710006440,351343135448432,,
99971000645,999019710006450,352228156372323,,
99971000646,999019710006460,358350635485658,,
99971000647,999019710006470,353808761659423,,
99971000648,999019710006480,353413152483462,,
99971000649,999019710006490,353765488316236,,
99971000650,999019710006500,353484620534634,,
99971000651,999019710006510,355478827608123,,
99971000652,999019710006520,352455251241011,,
99971000653,999019710006530,357695542242334,,
99971000654,999019710006540,352746961021413,,
99971000655,999019710006550,359264041325585,,
99971000656,999019710006560,356323254509021,,
99971000657,999019710006570,351564773724544,,
99971000658,999019710006580,352905325339415,,
99971000659,999019710006590,357643552353446,,
99971000660,999019710006600,350131551712541,,
99971000661,999019710006610,356935862603114,,
99971000662,999019710006620,354906581194566,,
99971000663,999019710006630,356977132536551,,
99971000664,999019710006640,351211471314944,,
99971000665,999019710006650,359345115386153,,
99971000666,999019710006660,354396324441999,,
99971000667,999019710006670,354221179503159,,
99971000668,999019710006680,352515763936322,,
99971000668,999019710006681,352515763936322,,2026-09-03 17:41:55
99971000669,999019710006690,355464432236149,,
99971000670,999019710006700,351193105456565,,
99971000671,999019710006710,352393012535763,,
99971000672,999019710006720,354241134641564,,
99971000673,999019710006730,351215129967585,,
99971000674,999019710006740,354218344034417,,
99971000675,999019710006750,355041137127167,,
99971000676,999019710006760,353234716468731,,
99971000677,999019710006770,353067848456715,,
99971000678,999019710006780,351537149390024,,
99971000679,999019710006790,359230122634583,,
99971000679,999019710006791,359230122634583,,2026-09-29 22:44:57
99971000680,999019710006800,356919891602664,,
99971000681,999019710006810,358588238925296,,
99971000682,999019710006820,354344947196921,,
99971000683,999019710006830,355146981322414,,
99971000684,999019710006840,353040831818445,,
99971000685,999019710006850,358492739653986,,
99971000685,999019710006851,358492739653986,,2026-09-19 09:55:45
99971000686,999019710006860,354961546525005,,
99971000687,999019710006870,352612232453051,,
99971000688,999019710006880,354301501756335,,
99971000689,999019710006890,354764444401458,,
99971000690,999019710006900,355101324138111,,
99971000691,999019710006910,355599614036621,,
99971000692,999019710006920,359310859453165,,
99971000693,999019710006930,354223227960231,,
99971000694,999019710006940,356321065267305,,
99971000695,999019710006950,352526905494538,,
99971000696,999019710006960,350446948705324,,
99971000697,999019710006970,359462561763568,,
99971000698,999019710006980,351702392632455,,
99971000699,999019710006990,357356443426406,,
99971000700,999019710007000,356752115357553,,
99971000701,999019710007010,352573443498269,,
99971000702,999019710007020,354559513768956,,
99971000703,999019710007030,350413554150397,,
99971000704,999019710007040,357749401054212,,
99971000705,999019710007050,354455842774339,,
99971000706,999019710007060,351452661195960,,
99971000707,999019710007070,359166506115214,,
99971000708,999019710007080,352965110650487,,
99971000709,999019710007090,354114160164328,,
99971000710,999019710007100,351664086521600,,
99971000711,999019710007110,355442238588691,,
99971000712,999019710007120,354053456152345,,
99971000713,999019710007130,354667706855616,,
99971000714,999019710007140,352463462273235,,
99971000714,999019710007141,352463462273235,,2026-09-05 07:18:23
99971000715,999019710007150,355264201163125,,
99971000716,999019710007160,352465245999291,,
99971000717,999019710007170,354793580319893,,
99971000718,999019710007180,352374006245795,,
99971000719,999019710007190,355331421964452,,
99971000720,999019710007200,354347210748131,,
99971000721,999019710007210,356136537141539,,
99971000722,999019710007220,352365446148610,,
99971000723,999019710007230,353834464013264,,
99971000724,999019710007240,357917473065733,,
99971000725,999019710007250,352551331406138,,
99971000726,999019710007260,356082236612123,,
99971000727,999019710007270,353527643843224,,
99971000728,999019710007280,352111211492916,,
99971000729,999019710007290,352222551535635,,
99971000730,999019710007300,351176496254710,,
99971000731,999019710007310,354654561666909,,
99971000732,999019710007320,354662611245754,,
99971000733,999019710007330,353756195856343,,
99971000734,999019710007340,359816659943454,,
99971000735,999019710007350,357420611798286,,
99971000736,999019710007360,351537372415259,,
99971000737,999019710007370,352544478435447,,
99971000738,999019710007380,350282347465251,,
99971000739,999019710007390,356396041540464,,
99971000740,999019710007400,352222819579365,,
99971000741,999019710007410,358732450817826,,
99971000742,999019710007420,351372213622254,,
99971000743,999019710007430,358762008149853,,
99971000744,999019710007440,356828352603664,,
99971000745,999019710007450,354524228976621,,
99971000746,999019710007460,356933325004395,,
99971000746,999019710007461,356933325004395,,2026-08-26 09:47:42
99971000747,999019710007470,355811169785651,,
99971000748,999019710007480,356611643556160,,
99971000749,999019710007490,353656892436645,,
99971000750,999019710007500,352393035654112,,
99971000751,999019710007510,356613933534936,,
99971000752,999019710007520,351315553252424,,
99971000753,999019710007530,353914862682122,,
99971000754,999019710007540,357543431676063,,
99971000755,999019710007550,355649461225527,,
99971000756,999019710007560,354826152574051,,
99971000757,999019710007570,351916112566868,,
99971000758,999019710007580,351347572516607,,
99971000759,999019710007590,359614985835264,,
99971000760,999019710007600,352266597442765,,
99971000761,999019710007610,357105407804561,,
99971000762,999019710007620,359605346241715,,
99971000763,999019710007630,355746476800507,,
99971000763,999019710007631,355746476800507,,2026-08-13 13:27:29
99971000764,999019710007640,350694081712761,,
99971000765,999019710007650,353355943733645,,
99971000766,999019710007660,350143176126563,,
99971000767,999019710007670,353204461206073,,
99971000768,999019710007680,353533223311126,,
99971000769,999019710007690,354381722963645,,
99971000769,999019710007691,354381722963645,,2026-08-10 11:19:27
99971000770,999019710007700,355016741755200,,
99971000771,999019710007710,351331621114512,,
99971000772,999019710007720,350456809333841,,
99971000773,999019710007730,356219149494150,,
99971000774,999019710007740,356722325516550,,
99971000775,999019710007750,356646376971327,,
99971000776,999019710007760,355611541678467,,
99971000777,999019710007770,352222887263457,,
99971000778,999019710007780,355657534106354,,
99971000779,999019710007790,350959175943215,,
99971000780,999019710007800,358601626135755,,
99971000781,999019710007810,359720415606546,,
99971000782,999019710007820,351664282647949,,
99971000783,999019710007830,357264034452559,,
99971000784,999019710007840,352687242343546,,
99971000785,999019710007850,356106636516779,,
99971000786,999019710007860,355051454562224,,
99971000787,999019710007870,354239442762783,,
99971000788,999019710007880,355850532384667,,
99971000789,999019710007890,354787432217206,,
99971000790,999019710007900,351528845779995,,
99971000791,999019710007910,359369167661974,,
99971000792,999019710007920,353433423989227,,
99971000793,999019710007930,351138309351176,,
99971000794,999019710007940,351607266315435,,
99971000795,999019710007950,353159284648953,,
99971000796,999019710007960,355537120843547,,
99971000797,999019710007970,354464442942874,,
99971000798,999019710007980,350656244079360,,
99971000799,999019710007990,351279809053027,,
99971000800,999019710008000,358313593828995,,
99971000801,999019710008010,351772663416848,,
99971000802,999019710008020,351106144366684,,
99971000803,999019710008030,355233175266922,,
99971000804,999019710008040,354921223164723,,
99971000805,999019710008050,355355458577032,,
99971000806,999019710008060,354421831362004,,
99971000807,999019710008070,350578415545226,,
99971000808,999019710008080,352965411140308,,
99971000809,999019710008090,352144493561131,,
99971000810,999019710008100,357510249385546,,
99971000810,999019710008101,357510249385546,,2026-09-27 00:37:42
99971000811,999019710008110,355251564936154,,
99971000812,999019710008120,351770232418256,,
99971000813,999019710008130,353541195748516,,
99971000814,999019710008140,358444887269548,,
99971000815,999019710008150,359343218595064,,
99971000816,999019710008160,359071643405163,,
99971000817,999019710008170,354196623395655,,
99971000818,999019710008180,353533641855432,,
99971000819,999019710008190,351983893590877,,
99971000820,999019710008200,359029469792224,,
99971000821,999019710008210,354439474439448,,
99971000822,999019710008220,357652442513452,,
99971000823,999019710008230,353646367473462,,
99971000824,999019710008240,355432156645137,,
99971000825,999019710008250,358254654413424,,
99971000826,999019710008260,351571102166791,,
99971000827,999019710008270,358641230914630,,
99971000827,999019710008271,358641230914630,,2026-09-10 15:57:18
99971000828,999019710008280,355632268346901,,
99971000829,999019710008290,352242739701143,,
99971000830,999019710008300,356859546762233,,
99971000830,999019710008301,356859546762233,,2026-09-21 15:17:14
99971000831,999019710008310,352615635041352,,
99971000832,999019710008320,354455645616228,,
99971000833,999019710008330,354166853868142,,
99971000834,999019710008340,353267586510296,,
99971000834,999019710008341,353267586510296,,2026-08-06 14:07:51
99971000835,999019710008350,355610822515340,,
99971000836,999019710008360,352562123914900,,
99971000837,999019710008370,358117640616229,,
99971000838,999019710008380,353367491245429,,
99971000839,999019710008390,353632426914020,,
99971000840,999019710008400,353864426781681,,
99971000841,999019710008410,357557226721103,,
99971000842,999019710008420,356595460911313,,
99971000843,999019710008430,355591335145947,,
99971000844,999019710008440,352934451665254,,
99971000845,999019710008450,354052593373015,,
99971000846,999019710008460,356226255896691,,
99971000847,999019710008470,351966023595549,,
99971000848,999019710008480,357030436795179,,
99971000849,999019710008490,358012325963151,,
99971000850,999019710008500,357645360261964,,
99971000851,999019710008510,351617765559348,,
99971000852,999019710008520,355300765538631,,
99971000853,999019710008530,357161256263437,,
99971000854,999019710008540,352541414239293,,
99971000855,999019710008550,359811605468225,,
99971000856,999019710008560,356952562076476,,
99971000857,999019710008570,355436065152116,,
99971000858,999019710008580,353171115723469,,
99971000859,999019710008590,350653436229217,,
99971000860,999019710008600,353324994591563,,
99971000861,999019710008610,351137225363061,,
99971000861,999019710008611,351137225363061,,2026-09-17 15:37:13
99971000862,999019710008620,351128417416159,,
99971000863,999019710008630,352436761675232,,
99971000863,999019710008631,352436761675232,,2026-08-02 12:29:06
99971000864,999019710008640,354981624461366,,
99971000865,999019710008650,353312123742154,,
99971000866,999019710008660,350361966276291,,
99971000867,999019710008670,350155632585164,,
99971000868,999019710008680,355234611144611,,
99971000869,999019710008690,352155317091506,,
99971000870,999019710008700,353450754124679,,
99971000871,999019710008710,350836760956948,,
99971000872,999019710008720,357252149214116,,
99971000873,999019710008730,352534621125125,,
99971000874,999019710008740,351191635267731,,
99971000875,999019710008750,352646691217003,,
99971000876,999019710008760,353271111570250,,
99971000877,999019710008770,351364506468408,,
99971000878,999019710008780,353941236141777,,
99971000879,999019710008790,350421587751366,,
99971000880,999019710008800,356533331131401,,
99971000881,999019710008810,351631765084132,,
99971000882,999019710008820,356431130024475,,
99971000883,999019710008830,359052625762362,,
99971000884,999019710008840,354781896415267,,
99971000885,999019710008850,354470361931767,,
99971000886,999019710008860,355260359527028,,
99971000887,999019710008870,355180204274523,,
99971000888,999019710008880,356483542064502,,
99971000889,999019710008890,356378161454236,,
99971000890,999019710008900,355023934726614,,
99971000891,999019710008910,359276128497477,,
99971000892,999019710008920,356380716524321,,
99971000893,999019710008930,350715643343676,,
99971000894,999019710008940,354617227018336,,
99971000895,999019710008950,354229551429254,,
99971000896,999019710008960,354390247645911,,
99971000897,999019710008970,354166771477633,,
99971000898,999019710008980,352162633351110,,
99971000899,999019710008990,351321497331247,,
99971000900,999019710009000,355424532710661,,
99971000901,999019710009010,358042411224359,,
99971000902,999019710009020,352836257236626,,
99971000903,999019710009030,353166331263216,,
99971000904,999019710009040,350144392438712,,
99971000905,999019710009050,353166603862635,,
99971000906,999019710009060,352620531420425,,
99971000907,999019710009070,351152124261874,,
99971000908,999019710009080,352821625002525,,
99971000909,999019710009090,355145435227135,,
99971000910,999019710009100,354631357103461,,
99971000911,999019710009110,351125383493921,,
99971000912,999019710009120,350322122045611,,
99971000913,999019710009130,352434193773852,,
99971000914,999019710009140,354343617060021,,
99971000915,999019710009150,351636616144153,,
99971000916,999019710009160,352254612808724,,
99971000917,999019710009170,358263622986632,,
99971000917,999019710009171,358263622986632,,2026-09-02 21:28:41
99971000918,999019710009180,351511466733153,,
99971000919,999019710009190,351062733143774,,
99971000920,999019710009200,356555283246246,,
99971000921,999019710009210,359138261111546,,
99971000922,999019710009220,354341321512146,,
99971000923,999019710009230,350419113250181,,
99971000924,999019710009240,353040210186141,,
99971000924,999019710009241,353040210186141,,2026-09-13 04:08:21
99971000925,999019710009250,351349460626266,,
99971000926,999019710009260,351218442191462,,
99971000927,999019710009270,358196938417032,,
99971000928,999019710009280,351326730094385,,
99971000929,999019710009290,357511546520620,,
99971000930,999019710009300,354382843665542,,
99971000931,999019710009310,353562481898294,,
99971000932,999019710009320,357578252105185,,
99971000933,999019710009330,351929742134353,,
99971000934,999019710009340,350532887217741,,
99971000935,999019710009350,352622052584304,,
99971000936,999019710009360,357271891652292,,
99971000937,999019710009370,354375172853148,,
99971000938,999019710009380,356342121245612,,
99971000939,999019710009390,354057882292513,,
99971000940,999019710009400,355634275262963,,
99971000941,999019710009410,355652599635503,,
99971000942,999019710009420,354865415268726,,
99971000943,999019710009430,351912133416129,,
99971000944,999019710009440,351741265712970,,
99971000945,999019710009450,358964269993622,,
99971000945,999019710009452,358964269993622,99971000940,
99971000946,999019710009460,351842830944557,,
99971000946,999019710009461,351842830944557,,2026-08-20 15:45:06
99971000947,999019710009470,356475037121662,,
99971000948,999019710009480,353405814241187,,
99971000949,999019710009490,359503844341334,,
99971000950,999019710009500,352060941346669,,
99971000951,999019710009510,353664424332552,,
99971000952,999019710009520,353528347204604,,
99971000953,999019710009530,358649991711092,,
99971000954,999019710009540,355912826513675,,
99971000955,999019710009550,357424670576876,,
99971000956,999019710009560,351442444545223,,
99971000957,999019710009570,354599661726621,,
99971000958,999019710009580,354299220327695,,
99971000959,999019710009590,353531524202345,,
99971000960,999019710009600,358465354155539,,
99971000961,999019710009610,354515656245223,,
99971000962,999019710009620,355985028313153,,
99971000963,999019710009630,359144546508502,,
99971000964,999019710009640,353606232386173,,
99971000965,999019710009650,355164223745246,,
99971000966,999019710009660,357292624259514,,
99971000967,999019710009670,358421267938361,,
99971000968,999019710009680,353235164645100,,
99971000969,999019710009690,351348455919373,,
99971000970,999019710009700,352469564133344,,
99971000971,999019710009710,359213963063014,,
99971000972,999019710009720,352515034185946,,
99971000973,999019710009730,353492161668427,,
99971000974,999019710009740,351343559279546,,
99971000975,999019710009750,355774314440744,,
99971000975,999019710009751,355774314440744,,2026-09-22 14:32:05
99971000976,999019710009760,350214959043536,,
99971000977,999019710009770,354562069343551,,
99971000978,999019710009780,357510624241122,,
99971000979,999019710009790,353562232719522,,
99971000980,999019710009800,359851262066116,,
99971000981,999019710009810,354955825429153,,
99971000982,999019710009820,356171856443527,,
99971000983,999019710009830,354303020838571,,
99971000983,999019710009832,354303020838571,99971000966,
99971000984,999019710009840,352316515432311,,
99971000985,999019710009850,355521441282644,,
99971000986,999019710009860,357362163971155,,
99971000987,999019710009870,351016913336967,,
99971000988,999019710009880,352641334516405,,
99971000989,999019710009890,352566609365388,,
99971000990,999019710009900,350614428641126,,
99971000991,999019710009910,350725622746624,,
99971000991,999019710009911,350725622746624,,2026-08-31 19:39:13
99971000992,999019710009920,351239338112408,,
99971000993,999019710009930,354128698550410,,
99971000994,999019710009940,351435326255353,,
99971000995,999019710009950,356913302245642,,
99971000996,999019710009960,355154436227181,,
99971000997,999019710009970,354795823352676,,
99971000998,999019710009980,357926951415213,,
99971000999,999019710009990,352626713819042,,
99971001000,999019710010000,353298298124468,,
99971001001,999019710010010,351735574731375,,
99971001002,999019710010020,351193144317804,,
99971001003,999019710010030,355112365644466,,
99971001004,999019710010040,351246624124606,,
99971001005,999019710010050,358167425522672,,
99971001006,999019710010060,356707566611431,,
99971001007,999019710010070,354579253412262,,
99971001008,999019710010080,357653566333371,,
99971001009,999019710010090,353621685965312,,
99971001010,999019710010100,351259116960342,,
99971001011,999019710010110,354822543502811,,
99971001012,999019710010120,359324414436125,,
99971001012,999019710010122,359324414436125,99971001020,
99971001013,999019710010130,352153255433291,,
99971001014,999019710010140,356092934673653,,
99971001015,999019710010150,358661552454534,,
99971001016,999019710010160,353151196306342,,
99971001017,999019710010170,356591154654222,,
99971001018,999019710010180,359134627641427,,
99971001019,999019710010190,352318840472414,,
99971001020,999019710010200,356540736104645,,
99971001021,999019710010210,352117510151506,,
99971001022,999019710010220,355873318056485,,
99971001023,999019710010230,351545322989898,,
99971001024,999019710010240,357873263580324,,
99971001025,999019710010250,354088533156656,,
99971001026,999019710010260,353890157514061,,
99971001027,999019710010270,352548215008643,,
99971001028,999019710010280,356024539261514,,
99971001029,999019710010290,356626494558439,,
99971001030,999019710010300,352445536708786,,
99971001031,999019710010310,351226324413076,,
99971001032,999019710010320,350680536465387,,
99971001033,999019710010330,355651886716256,,
99971001034,999019710010340,359798356312224,,
99971001035,999019710010350,351238357347706,,
99971001036,999019710010360,351274221106813,,
99971001037,999019710010370,355673142824562,,
99971001038,999019710010380,356133186467361,,
99971001039,999019710010390,355629062509629,,
99971001040,999019710010400,352362003024551,,
99971001041,999019710010410,358682694414435,,
99971001042,999019710010420,350645227386557,,
99971001043,999019710010430,356913536283296,,
99971001044,999019710010440,355325125513862,,
99971001045,999019710010450,356759684949455,,
99971001046,999019710010460,354236234659214,,
99971001047,999019710010470,352526043303985,,
99971001048,999019710010480,355245897683643,,
99971001049,999019710010490,354877979835025,,
99971001050,999019710010500,350932059616193,,
99971001051,999019710010510,359316351335460,,
99971001052,999019710010520,352174058572433,,
99971001053,999019710010530,352584631662596,,
99971001054,999019710010540,352521339261630,,
99971001055,999019710010550,352744225944316,,
99971001056,999019710010560,354895646193421,,
99971001057,999019710010570,353640363182065,,
99971001057,999019710010571,353640363182065,,2026-09-17 12:16:14
99971001058,999019710010580,357562675315740,,
99971001059,999019710010590,352516555542464,,
99971001060,999019710010600,353467557440102,,
99971001061,999019710010610,356459466756523,,
99971001062,999019710010620,354989534591155,,
99971001063,999019710010630,355559624545666,,
99971001064,999019710010640,353242595756225,,
99971001065,999019710010650,357162823903237,,
99971001066,999019710010660,358921446277133,,
99971001067,999019710010670,351271336152562,,
99971001068,999019710010680,355047836645146,,
99971001069,999019710010690,351954123684333,,
99971001070,999019710010700,356188912465482,,
99971001071,999019710010710,354663045305465,,
99971001072,999019710010720,351336432422001,,
99971001073,999019710010730,354026726138718,,
99971001073,999019710010731,354026726138718,,2026-08-09 10:17:25
99971001074,999019710010740,353258598036898,,
99971001075,999019710010750,354052430113743,,
99971001076,999019710010760,352991841620914,,
99971001077,999019710010770,352631177235513,,
99971001078,999019710010780,350994324332611,,
99971001079,999019710010790,353253645861268,,
99971001080,999019710010800,356922457303526,,
99971001081,999019710010810,350941204329520,,
99971001082,999019710010820,353452699683379,,
99971001083,999019710010830,351242293564681,,
99971001084,999019710010840,351575987342112,,
99971001085,999019710010850,356989366450313,,
99971001086,999019710010860,353349924496855,,
99971001087,999019710010870,353111451062336,,
99971001088,999019710010880,352935546146014,,
99971001089,999019710010890,353811965536362,,
99971001090,999019710010900,356536734294190,,
99971001091,999019710010910,352433318605520,,
99971001092,999019710010920,356582564418541,,
99971001093,999019710010930,355115412150592,,
99971001094,999019710010940,353564315558343,,
99971001095,999019710010950,354307175054330,,
99971001095,999019710010951,354307175054330,,2026-08-31 13:41:41
99971001096,999019710010960,353133405535481,,
99971001097,999019710010970,356189592172128,,
99971001098,999019710010980,357558512696403,,
99971001099,999019710010990,355432661227647,,
99971001100,999019710011000,357148464447424,,
99971001101,999019710011010,353355661334461,,
99971001102,999019710011020,354213922952526,,
99971001103,999019710011030,352150492115188,,
99971001104,999019710011040,358231823533356,,
99971001105,999019710011050,351542136153616,,
99971001106,999019710011060,359293835032905,,
99971001107,999019710011070,351496953457223,,
99971001108,999019710011080,354144262143462,,
99971001109,999019710011090,359586149452165,,
99971001110,999019710011100,357863436257153,,
99971001111,999019710011110,355018359602979,,
99971001112,999019710011120,352789344295555,,
99971001113,999019710011130,356192335306294,,
99971001113,999019710011132,356192335306294,99971001111,
99971001114,999019710011140,355822733376052,,
99971001115,999019710011150,351648986999272,,
99971001116,999019710011160,353761059354692,,
99971001117,999019710011170,355253353184400,,
99971001118,999019710011180,354534219631232,,
99971001119,999019710011190,350665611922967,,
99971001120,999019710011200,359622601555837,,
99971001121,999019710011210,352459863253663,,
99971001122,999019710011220,353444117556228,,
99971001123,999019710011230,352334172481521,,
99971001124,999019710011240,351134775191472,,
99971001125,999019710011250,354323248596302,,
99971001126,999019710011260,351835364747402,,
99971001127,999019710011270,359306063930631,,
99971001128,999019710011280,356859240985457,,
99971001129,999019710011290,350035601421709,,
99971001130,999019710011300,354334438346046,,
99971001131,999019710011310,357254002321241,,
99971001132,999019710011320,352354275913883,,
99971001133,999019710011330,353933355531080,,
99971001134,999019710011340,356953305497742,,
99971001135,999019710011350,351384572157533,,
99971001136,999019710011360,356825235882253,,
99971001137,999019710011370,353498066055426,,
99971001138,999019710011380,351444232051354,,
99971001139,999019710011390,356495112520182,,
99971001140,999019710011400,355336798196637,,
99971001141,999019710011410,351231672453242,,
99971001142,999019710011420,352555226824436,,
99971001143,999019710011430,354391765866235,,
99971001144,999019710011440,355342326500145,,
99971001144,999019710011441,355342326500145,,2026-09-26 09:34:39
99971001145,999019710011450,356147055422760,,
99971001145,999019710011451,356147055422760,,2026-08-07 12:29:19
99971001146,999019710011460,351234113673583,,
99971001147,999019710011470,355854995323453,,
99971001148,999019710011480,350159592055342,,
99971001149,999019710011490,359965328551251,,
99971001150,999019710011500,356926146458894,,
99971001151,999019710011510,352686623152324,,
99971001152,999019710011520,357040652822199,,
99971001153,999019710011530,350624906722248,,
99971001154,999019710011540,350113961718490,,
99971001155,999019710011550,356424320029644,,
99971001156,999019710011560,356505304493446,,
99971001157,999019710011570,352627407711274,,
99971001158,999019710011580,355303323342166,,
99971001159,999019710011590,358972143787488,,
99971001160,999019710011600,357261236342554,,
99971001161,999019710011610,355635435933334,,
99971001162,999019710011620,355366632196164,,
99971001163,999019710011630,357001984158445,,
99971001164,999019710011640,355325854136550,,
99971001165,999019710011650,354486618346435,,
99971001166,999019710011660,351702200661712,,
99971001167,999019710011670,357833704441269,,
99971001168,999019710011680,354468157638351,,
99971001169,999019710011690,353562432047452,,
99971001170,999019710011700,350032452157946,,
99971001171,999019710011710,353834682958063,,
99971001172,999019710011720,358230233632557,,
99971001173,999019710011730,351061707346431,,
99971001174,999019710011740,358134616258446,,
99971001175,999019710011750,353114119493614,,
99971001176,999019710011760,352662541056746,,
99971001177,999019710011770,359363859531620,,
99971001178,999019710011780,351551863624410,,
99971001179,999019710011790,350631940126527,,
99971001180,999019710011800,357452171434641,,
99971001181,999019710011810,359343663565543,,
99971001182,999019710011820,357150374696510,,
99971001183,999019710011830,358164611255365,,
99971001184,999019710011840,356615412510720,,
99971001185,999019710011850,355551026502324,,
99971001186,999019710011860,354423413974951,,
99971001187,999019710011870,356212111614156,,
99971001188,999019710011880,353167158662459,,
99971001189,999019710011890,355239934374314,,
99971001190,999019710011900,352244547637355,,
99971001191,999019710011910,356730915596745,,
99971001192,999019710011920,351344642112265,,
99971001192,999019710011921,351344642112265,,2026-09-24 16:54:08
99971001193,999019710011930,350863664988327,,
99971001194,999019710011940,358135118417933,,
99971001195,999019710011950,354229484816274,,
99971001196,999019710011960,353133682692643,,
99971001197,999019710011970,354766022363487,,
99971001197,999019710011972,354766022363487,99971001181,
99971001198,999019710011980,355405149982263,,
99971001199,999019710011990,353518121613541,,
99971001200,999019710012000,350375201146357,,
99971001201,999019710012010,353459502993125,,
99971001202,999019710012020,356801029424462,,
99971001203,999019710012030,357442622886126,,
99971001204,999019710012040,356222835936213,,
99971001205,999019710012050,354205541302921,,
99971001206,999019710012060,356016891786332,,
99971001207,999019710012070,353083121512433,,
99971001208,999019710012080,356144763182202,,
99971001209,999019710012090,355235422611482,,
99971001210,999019710012100,350841747516525,,
99971001211,999019710012110,353279748226031,,
99971001212,999019710012120,354698460649974,,
99971001213,999019710012130,352134617900623,,
99971001214,999019710012140,355111421649226,,
99971001215,999019710012150,358304227845685,,
99971001216,999019710012160,352582511199167,,
99971001217,999019710012170,355742156118335,,
99971001218,999019710012180,355552041333192,,
99971001219,999019710012190,359620513845253,,
99971001220,999019710012200,357065170188270,,
99971001221,999019710012210,358716111429431,,
99971001222,999019710012220,352221242164158,,
99971001223,999019710012230,350374450201432,,
99971001224,999019710012240,355313344732153,,
99971001225,999019710012250,357563232536110,,
99971001226,999019710012260,351147872671720,,
99971001227,999019710012270,357692046902890,,
99971001228,999019710012280,351526461555458,,
99971001229,999019710012290,350307776056452,,
99971001230,999019710012300,353132516729462,,
99971001231,999019710012310,353060600773184,,
99971001232,999019710012320,356300066362441,,
99971001233,999019710012330,354261315125310,,
99971001234,999019710012340,350334889622335,,
99971001235,999019710012350,351516433153412,,
99971001236,999019710012360,354314159363350,,
99971001237,999019710012370,351563711564895,,
99971001238,999019710012380,350776924603631,,
99971001239,999019710012390,352270334119432,,
99971001240,999019710012400,354222839633247,,
99971001241,999019710012410,358245815106350,,
99971001242,999019710012420,350144424521429,,
99971001243,999019710012430,353256992224284,,
99971001244,999019710012440,353323592040038,,
99971001245,999019710012450,359451283664065,,
99971001246,999019710012460,353404321838585,,
99971001247,999019710012470,355161225743522,,
99971001248,999019710012480,354774661566096,,
99971001249,999019710012490,356430859141342,,
99971001250,999019710012500,356225547477869,,
99971001251,999019710012510,355136936910536,,
99971001252,999019710012520,356576166612924,,
99971001253,999019710012530,354130541612351,,
99971001254,999019710012540,350832344255878,,
99971001255,999019710012550,350334231496028,,
99971001256,999019710012560,352073825418612,,
99971001257,999019710012570,351468510453419,,
99971001258,999019710012580,355103546682111,,
99971001259,999019710012590,351769551478834,,
99971001260,999019710012600,358497949137822,,
99971001261,999019710012610,359293826641232,,
99971001262,999019710012620,355464953434286,,
99971001263,999019710012630,354675319558384,,
99971001264,999019710012640,350663753366708,,
99971001265,999019710012650,355345141493623,,
99971001266,999019710012660,356159653246042,,
99971001267,999019710012670,354444955210013,,
99971001268,999019710012680,358417976444072,,
99971001269,999019710012690,351349151190649,,
99971001270,999019710012700,352932126632342,,
99971001271,999019710012710,357326006288516,,
99971001272,999019710012720,358877219860413,,
99971001273,999019710012730,356036055551032,,
99971001274,999019710012740,355230151631738,,
99971001274,999019710012741,355230151631738,,2026-08-30 20:25:53
99971001275,999019710012750,355190345768773,,
99971001276,999019710012760,355454367241345,,
99971001277,999019710012770,356557403616512,,
99971001278,999019710012780,358716439043253,,
99971001279,999019710012790,352555544537915,,
99971001280,999019710012800,356058140241189,,
99971001281,999019710012810,356331043021144,,
99971001282,999019710012820,355510651312562,,
99971001283,999019710012830,354611416527141,,
99971001284,999019710012840,352914686491314,,
99971001285,999019710012850,358769738492116,,
99971001286,999019710012860,352262117016777,,
99971001287,999019710012870,355765591645576,,
99971001288,999019710012880,358259118656185,,
99971001289,999019710012890,355921154934646,,
99971001290,999019710012900,357283294269961,,
99971001291,999019710012910,350204569223375,,
99971001292,999019710012920,354355671744344,,
99971001293,999019710012930,353659605298834,,
99971001294,999019710012940,355166404613621,,
99971001295,999019710012950,354457081557490,,
99971001296,999019710012960,351773929284156,,
99971001297,999019710012970,356252947630763,,
99971001298,999019710012980,355355649343238,,
99971001299,999019710012990,358397765656310,,
99971001299,999019710012991,358397765656310,,2026-09-22 06:16:01
99971001300,999019710013000,351479382881626,,
99971001301,999019710013010,351561615437289,,
99971001302,999019710013020,350381465236907,,
99971001303,999019710013030,353879122176373,,
99971001304,999019710013040,353644297622611,,
99971001305,999019710013050,355885734126341,,
99971001306,999019710013060,353778442307637,,
99971001307,999019710013070,352445866549325,,
99971001307,999019710013071,352445866549325,,2026-09-03 20:18:03
99971001308,999019710013080,354934413352266,,
99971001309,999019710013090,353934014523213,,
99971001310,999019710013100,354159082269155,,
99971001311,999019710013110,355066882220066,,
99971001312,999019710013120,350617421091451,,
99971001312,999019710013121,350617421091451,,2026-08-17 23:45:13
99971001313,999019710013130,350822502136696,,
99971001314,999019710013140,353138137196750,,
99971001315,999019710013150,353113457983560,,
99971001316,999019710013160,351358123551000,,
99971001317,999019710013170,352222594351534,,
99971001318,999019710013180,356072251128278,,
99971001319,999019710013190,355405572723231,,
99971001320,999019710013200,355811624524216,,
99971001320,999019710013201,355811624524216,,2026-08-18 13:46:43
99971001321,999019710013210,353293823912396,,
99971001322,999019710013220,351861532425896,,
99971001323,999019710013230,351565263656146,,
99971001324,999019710013240,355582154866865,,
99971001325,999019710013250,350089258218344,,
99971001326,999019710013260,355346118266329,,
99971001327,999019710013270,351911712457353,,
99971001328,999019710013280,359535111666214,,
99971001328,999019710013281,359535111666214,,2026-09-04 17:35:49
99971001329,999019710013290,354825311282944,,
99971001330,999019710013300,353449335493414,,
99971001331,999019710013310,358242292642205,,
99971001332,999019710013320,357593401235687,,
99971001333,999019710013330,353162123117332,,
99971001334,999019710013340,354834791666746,,
99971001335,999019710013350,350231459690247,,
99971001336,999019710013360,353868486113025,,
99971001337,999019710013370,351568514055673,,
99971001338,999019710013380,355255045535514,,
99971001339,999019710013390,357564032331847,,
99971001339,999019710013391,357564032331847,,2026-09-04 02:23:06
99971001340,999019710013400,352885365062367,,
99971001341,999019710013410,355441412267235,,
99971001342,999019710013420,355646679726252,,
99971001343,999019710013430,350761473244552,,
99971001344,999019710013440,356442058431436,,
99971001345,999019710013450,351939135851537,,
99971001346,999019710013460,352222558524484,,
99971001347,999019710013470,353154827642943,,
99971001347,999019710013471,353154827642943,,2026-09-27 10:14:02
99971001348,999019710013480,356285726344626,,
99971001349,999019710013490,352177655639603,,
99971001350,999019710013500,351468574451003,,
99971001351,999019710013510,352408659816665,,
99971001352,999019710013520,353102376364694,,
99971001353,999019710013530,352905967032677,,
99971001354,999019710013540,351178504192157,,
99971001354,999019710013542,351178504192157,99971001356,
99971001355,999019710013550,353521990615635,,
99971001356,999019710013560,354747403334614,,
99971001357,999019710013570,351840135229215,,
99971001358,999019710013580,356668518730124,,
99971001359,999019710013590,351614722924610,,
99971001360,999019710013600,358693711629392,,
99971001361,999019710013610,358693424294744,,
99971001362,999019710013620,350666251828361,,
99971001363,999019710013630,355116052303264,,
99971001364,999019710013640,357154765421852,,
99971001365,999019710013650,353963681193942,,
99971001366,999019710013660,358074214327414,,
99971001367,999019710013670,351246848344423,,
99971001368,999019710013680,350293103394407,,
99971001369,999019710013690,356127562261243,,
99971001370,999019710013700,355946595546540,,
99971001371,999019710013710,356385175136122,,
99971001372,999019710013720,351625358134946,,
99971001373,999019710013730,350421365114493,,
99971001374,999019710013740,351743996443156,,
99971001375,999019710013750,351391612584649,,
99971001376,999019710013760,359541125472014,,
99971001377,999019710013770,355353776382813,,
99971001378,999019710013780,351124456361178,,
99971001379,999019710013790,352837133231575,,
99971001380,999019710013800,357544135645407,,
99971001381,999019710013810,350386539403428,,
99971001382,999019710013820,353326749571214,,
99971001383,999019710013830,355273133010522,,
99971001384,999019710013840,351358182127042,,
99971001385,999019710013850,353147224736456,,
99971001386,999019710013860,357535693460861,,
99971001387,999019710013870,351311351862683,,
99971001388,999019710013880,357053211725311,,
99971001388,999019710013881,357053211725311,,2026-09-21 15:14:51
99971001389,999019710013890,352158526631364,,
99971001390,999019710013900,353055301552456,,
99971001391,999019710013910,354241533184663,,
99971001392,999019710013920,351416131646175,,
99971001393,999019710013930,356604566578644,,
99971001394,999019710013940,352673077331781,,
99971001395,999019710013950,352241390618443,,
99971001396,999019710013960,353332352636487,,
99971001397,999019710013970,353265426732449,,
99971001398,999019710013980,350636192124664,,
99971001399,999019710013990,355431313220304,,
99971001400,999019710014000,354164624616212,,
99971001401,999019710014010,358313898828124,,
99971001402,999019710014020,354398225496152,,
99971001403,999019710014030,354278415755765,,
99971001404,999019710014040,357466462668830,,
99971001405,999019710014050,356254865474762,,
99971001406,999019710014060,358547454554928,,
99971001407,999019710014070,354453795628682,,
99971001408,999019710014080,357264686225093,,
99971001409,999019710014090,358914986664412,,
99971001410,999019710014100,350738448938096,,
99971001411,999019710014110,355314192625064,,
99971001412,999019710014120,353195968960596,,
99971001413,999019710014130,353390869421254,,
99971001414,999019710014140,352963265030366,,
99971001415,999019710014150,353462645295603,,
99971001416,999019710014160,351232634925891,,
99971001417,999019710014170,353117012456963,,
99971001418,999019710014180,355251614923119,,
99971001419,999019710014190,359561053011473,,
99971001420,999019710014200,354465566392353,,
99971001421,999019710014210,350609053993692,,
99971001422,999019710014220,351824535152528,,
99971001422,999019710014221,351824535152528,,2026-09-06 00:31:41
99971001423,999019710014230,356267135453158,,
99971001424,999019710014240,356417316021812,,
99971001425,999019710014250,355998632968523,,
99971001426,999019710014260,355266389563595,,
99971001427,999019710014270,352374931449143,,
99971001428,999019710014280,354445166263636,,
99971001429,999019710014290,353938063844010,,
99971001430,999019710014300,354551734850635,,
99971001431,999019710014310,354647122613184,,
99971001432,999019710014320,354424013233111,,
99971001433,999019710014330,353922265305630,,
99971001434,999019710014340,350197753520196,,
99971001435,999019710014350,359843196240263,,
99971001435,999019710014352,359843196240263,99971001433,
99971001436,999019710014360,353912132281851,,
99971001437,999019710014370,355721567875849,,
99971001438,999019710014380,352689864464521,,
99971001439,999019710014390,355215397625123,,
99971001439,999019710014391,355215397625123,,2026-09-14 11:10:28
99971001440,999019710014400,354251311443510,,
99971001441,999019710014410,354114564952548,,
99971001442,999019710014420,354265164384256,,
99971001443,999019710014430,358232752585300,,
99971001444,999019710014440,355444186466866,,
99971001445,999019710014450,358512213535356,,
99971001446,999019710014460,355611563141355,,
99971001447,999019710014470,357242382082123,,
99971001448,999019710014480,351145953275116,,
99971001449,999019710014490,354518823314727,,
99971001450,999019710014500,355326521375100,,
99971001451,999019710014510,351116258676737,,
99971001452,999019710014520,355087033709624,,
99971001453,999019710014530,358363910173441,,
99971001454,999019710014540,352114605726905,,
99971001455,999019710014550,356534565457936,,
99971001456,999019710014560,357219554467915,,
99971001457,999019710014570,354795342601512,,
99971001458,999019710014580,358145305353493,,
99971001459,999019710014590,352426530324431,,
99971001460,999019710014600,355621534250167,,
99971001461,999019710014610,351056072495401,,
99971001462,999019710014620,351106135512051,,
99971001463,999019710014630,355813538316432,,
99971001464,999019710014640,351859415346580,,
99971001465,999019710014650,351843850709302,,
99971001466,999019710014660,350220191129461,,
99971001467,999019710014670,354521434411179,,
99971001467,999019710014671,354521434411179,,2026-08-02 10:30:07
99971001468,999019710014680,354843960208482,,
99971001469,999019710014690,356749038918358,,
99971001470,999019710014700,355912365653222,,
99971001471,999019710014710,352744134540205,,
99971001472,999019710014720,357444199322978,,
99971001473,999019710014730,355348360477624,,
99971001473,999019710014731,355348360477624,,2026-08-13 08:45:30
99971001474,999019710014740,354454229021876,,
99971001475,999019710014750,357247272694121,,
99971001476,999019710014760,351725015823885,,
99971001477,999019710014770,352564165443009,,
99971001478,999019710014780,357543683451252,,
99971001479,999019710014790,351348531231232,,
99971001480,999019710014800,353636114614263,,
99971001480,999019710014801,353636114614263,,2026-09-25 07:50:44
99971001481,999019710014810,354385614212083,,
99971001481,999019710014811,354385614212083,,2026-08-22 14:06:48
99971001482,999019710014820,352817535274264,,
99971001483,999019710014830,354547662463462,,
99971001484,999019710014840,353177463581955,,
99971001485,999019710014850,355116173788662,,
99971001486,999019710014860,351812654027452,,
99971001487,999019710014870,351244822375267,,
99971001488,999019710014880,351305491210438,,
99971001489,999019710014890,350534411781724,,
99971001490,999019710014900,355314356900136,,
99971001491,999019710014910,354467060468282,,
99971001492,999019710014920,356450345116985,,
99971001493,999019710014930,354230531603411,,
99971001494,999019710014940,356248452229252,,
99971001495,999019710014950,356922631440408,,
99971001496,999019710014960,350405564151786,,
99971001497,999019710014970,350963273146047,,
99971001498,999019710014980,351293442623057,,
99971001499,999019710014990,353972641244851,,
99971001500,999019710015000,354313246790977,,
99971001501,999019710015010,352712229903199,,
99971001502,999019710015020,356270431670689,,
99971001503,999019710015030,358508343300456,,
99971001504,999019710015040,354826691232961,,
99971001505,999019710015050,358163655336424,,
99971001506,999019710015060,359143276244465,,
99971001507,999019710015070,352025467544632,,
99971001508,999019710015080,357105351656415,,
99971001509,999019710015090,357591950536676,,
99971001510,999019710015100,356834035485333,,
99971001511,999019710015110,355122531264169,,
99971001512,999019710015120,351204035114210,,
99971001513,999019710015130,355311555066365,,
99971001514,999019710015140,355575861516831,,
99971001515,999019710015150,354145161388823,,
99971001516,999019710015160,356949616743656,,
99971001517,999019710015170,357625891396954,,
99971001518,999019710015180,352943191678305,,
99971001519,999019710015190,353554943544156,,
99971001520,999019710015200,352320637253652,,
99971001521,999019710015210,354021740664549,,
99971001522,999019710015220,352613522761769,,
99971001523,999019710015230,356428766614666,,
99971001524,999019710015240,358214260293431,,
99971001525,999019710015250,351353098490320,,
99971001526,999019710015260,359235304147384,,
99971001527,999019710015270,354688252643162,,
99971001528,999019710015280,352519675602276,,
99971001529,999019710015290,356292052924423,,
99971001530,999019710015300,359741615565550,,
99971001531,999019710015310,351527438148686,,
99971001532,999019710015320,351874543496111,,
99971001533,999019710015330,354334112750667,,
99971001534,999019710015340,352366325111464,,
99971001535,999019710015350,351155751231116,,
99971001536,999019710015360,352146439515413,,
99971001537,999019710015370,359624655337618,,
99971001538,999019710015380,357660313814800,,
99971001539,999019710015390,355057651312035,,
99971001540,999019710015400,351343464506396,,
99971001541,999019710015410,350254213479586,,
99971001542,999019710015420,356352912126974,,
99971001543,999019710015430,355365445145515,,
99971001544,999019710015440,355620643640768,,
99971001545,999019710015450,354821663407093,,
99971001546,999019710015460,359426336396202,,
99971001547,999019710015470,354423315539017,,
99971001548,999019710015480,356570221646105,,
99971001549,999019710015490,357202471521033,,
99971001550,999019710015500,352676324120231,,
99971001551,999019710015510,358425434676861,,
99971001552,999019710015520,359994667200895,,
99971001553,999019710015530,355635516223335,,
99971001554,999019710015540,354338313248415,,
99971001555,999019710015550,357346555016131,,
99971001556,999019710015560,351340481525425,,
99971001557,999019710015570,355615427250923,,
99971001557,999019710015572,355615427250923,99971001549,
99971001558,999019710015580,351473716812944,,
99971001559,999019710015590,358921831334381,,
99971001560,999019710015600,358628358528124,,
99971001561,999019710015610,353132855504211,,
99971001562,999019710015620,352759552656864,,
99971001563,999019710015630,350945835606253,,
99971001564,999019710015640,352591564922554,,
99971001565,999019710015650,354480181121105,,
99971001566,999019710015660,353245537639260,,
99971001566,999019710015661,353245537639260,,2026-08-02 00:07:13
99971001567,999019710015670,353301433764274,,
99971001568,999019710015680,356111599074245,,
99971001569,999019710015690,353313142629589,,
99971001570,999019710015700,359525775741594,,
99971001571,999019710015710,358860847629645,,
99971001572,999019710015720,352548922541286,,
99971001573,999019710015730,352812262347005,,
99971001574,999019710015740,351671574352425,,
99971001575,999019710015750,354261541122723,,
99971001576,999019710015760,356259551752227,,
99971001577,999019710015770,358167201329303,,
99971001577,999019710015771,358167201329303,,2026-09-02 07:20:56
99971001578,999019710015780,356636249638676,,
99971001579,999019710015790,351832356762375,,
99971001580,999019710015800,356336149772362,,
99971001581,999019710015810,353581977330146,,
99971001581,999019710015811,353581977330146,,2026-08-10 15:28:51
99971001582,999019710015820,351744262366114,,
99971001583,999019710015830,352810851294266,,
99971001584,999019710015840,358194368413566,,
99971001585,999019710015850,355356366813790,,
99971001586,999019710015860,354644592610226,,
99971001587,999019710015870,353671531363273,,
99971001588,999019710015880,351682145656442,,
99971001589,999019710015890,355559123213549,,
99971001590,999019710015900,354619356592681,,
99971001591,999019710015910,357727386542386,,
99971001592,999019710015920,351225524552046,,
99971001593,999019710015930,353244547785443,,
99971001594,999019710015940,353664434525256,,
99971001595,999019710015950,352850062444232,,
99971001596,999019710015960,352847044216589,,
99971001597,999019710015970,353154240416139,,
99971001598,999019710015980,350482298027119,,
99971001599,999019710015990,351255668862685,,
99971001600,999019710016000,356391037434811,,
99971001601,999019710016010,356305853155435,,
99971001602,999019710016020,354936057426665,,
99971001603,999019710016030,354342428107406,,
99971001604,999019710016040,358646559073606,,
99971001605,999019710016050,357632310374564,,
99971001606,999019710016060,352598938902122,,
99971001607,999019710016070,351252218260959,,
99971001608,999019710016080,358211645261586,,
99971001609,999019710016090,353629551447996,,
99971001610,999019710016100,355731264715049,,
99971001611,999019710016110,357401321161226,,
99971001612,999019710016120,355224561928411,,
99971001613,999019710016130,358918716325846,,
99971001614,999019710016140,357390590946964,,
99971001615,999019710016150,354210929445772,,
99971001616,999019710016160,352538156664537,,
99971001617,999019710016170,356134723473987,,
99971001618,999019710016180,355561386561222,,
99971001619,999019710016190,352116453211964,,
99971001620,999019710016200,350264311353361,,
99971001621,999019710016210,354911155314592,,
99971001622,999019710016220,353463690126290,,
99971001623,999019710016230,353731515626159,,
99971001624,999019710016240,351909426530321,,
99971001625,999019710016250,352831619442390,,
99971001626,999019710016260,353505465638613,,
99971001627,999019710016270,354391024443704,,
99971001628,999019710016280,356420665555589,,
99971001629,999019710016290,356240803995352,,
99971001630,999019710016300,351122853364348,,
99971001631,999019710016310,357124556376438,,
99971001632,999019710016320,352945833229918,,
99971001633,999019710016330,354452225118676,,
99971001634,999019710016340,351164425666889,,
99971001635,999019710016350,359646313118464,,
99971001636,999019710016360,351923556812651,,
99971001637,999019710016370,351550539225878,,
99971001638,999019710016380,356498964372226,,
99971001639,999019710016390,356220815403516,,
99971001640,999019710016400,354465163358343,,
99971001641,999019710016410,352186574914618,,
99971001642,999019710016420,354550986250255,,
99971001643,999019710016430,355775123311663,,
99971001644,999019710016440,358873166523089,,
99971001645,999019710016450,357334394830158,,
99971001646,999019710016460,353446072536403,,
99971001647,999019710016470,351658335484015,,
99971001648,999019710016480,352889564596413,,
99971001649,999019710016490,353675290321375,,
99971001650,999019710016500,358293616104725,,
99971001651,999019710016510,355521561371150,,
99971001652,999019710016520,350997532005878,,
99971001653,999019710016530,358205911741233,,
99971001654,999019710016540,357464565933339,,
99971001655,999019710016550,353253663306461,,
99971001656,999019710016560,353322455892414,,
99971001657,999019710016570,355554644728567,,
99971001658,999019710016580,351441135126142,,
99971001659,999019710016590,358340815212286,,
99971001660,999019710016600,357166023323197,,
99971001661,999019710016610,354409576601504,,
99971001662,999019710016620,350155189141401,,
99971001663,999019710016630,352415691114631,,
99971001664,999019710016640,354356947624820,,
99971001665,999019710016650,355549591479125,,
99971001666,999019710016660,356941635052605,,
99971001667,999019710016670,353802345356768,,
99971001668,999019710016680,355711544404646,,
99971001669,999019710016690,356143314292400,,
99971001670,999019710016700,354334354952396,,
99971001671,999019710016710,350884396110932,,
99971001672,999019710016720,352781663633455,,
99971001673,999019710016730,354244121164445,,
99971001674,999019710016740,352053287160447,,
99971001675,999019710016750,353025923223612,,
99971001676,999019710016760,352346326662221,,
99971001677,999019710016770,356485545269553,,
99971001678,999019710016780,355442546239514,,
99971001679,999019710016790,352394030745212,,
99971001680,999019710016800,350935555325144,,
99971001681,999019710016810,351104600892276,,
99971001682,999019710016820,356265392119765,,
99971001683,999019710016830,357936635409477,,
99971001684,999019710016840,359850154735763,,
99971001684,999019710016841,359850154735763,,2026-08-11 12:33:25
99971001684,999019710016842,359850154735763,99971001686,
99971001685,999019710016850,358154507313963,,
99971001686,999019710016860,356314141646686,,
99971001687,999019710016870,356621541391172,,
99971001688,999019710016880,352345058433199,,
99971001689,999019710016890,353591204696473,,
99971001690,999019710016900,355841405934263,,
99971001691,999019710016910,350256044035288,,
99971001692,999019710016920,351053621174067,,
99971001692,999019710016921,351053621174067,,2026-09-21 18:02:49
99971001693,999019710016930,355140054838982,,
99971001694,999019710016940,352833159609343,,
99971001695,999019710016950,354472806129324,,
99971001696,999019710016960,351631774124356,,
99971001697,999019710016970,350662125399116,,
99971001698,999019710016980,356195815687409,,
99971001699,999019710016990,356456448913714,,
99971001700,999019710017000,350204235291628,,
99971001701,999019710017010,357832526623664,,
99971001702,999019710017020,357112851478539,,
99971001703,999019710017030,359364551784029,,
99971001704,999019710017040,357655453407942,,
99971001705,999019710017050,359935263745511,,
99971001706,999019710017060,353144532211550,,
99971001707,999019710017070,355485473987681,,
99971001708,999019710017080,355695245716430,,
99971001709,999019710017090,352423636566354,,
99971001710,999019710017100,355530314288345,,
99971001711,999019710017110,354365235143828,,
99971001712,999019710017120,353362626158255,,
99971001713,999019710017130,353424252290312,,
99971001714,999019710017140,354012885268435,,
99971001715,999019710017150,351991114552516,,
99971001716,999019710017160,355723643092355,,
99971001717,999019710017170,350933528746611,,
99971001718,999019710017180,357068023461371,,
99971001719,999019710017190,352096440342604,,
99971001720,999019710017200,356869551134183,,
99971001721,999019710017210,354810993146906,,
99971001722,999019710017220,352597670151073,,
99971001723,999019710017230,356446227083216,,
99971001724,999019710017240,351010066132584,,
99971001725,999019710017250,352548216636366,,
99971001726,999019710017260,359814619236530,,
99971001727,999019710017270,357121292854068,,
99971001728,999019710017280,355477338212544,,
99971001729,999019710017290,352619669729253,,
99971001730,999019710017300,352657932366031,,
99971001731,999019710017310,357103311632552,,
99971001732,999019710017320,351229432692139,,
99971001733,999019710017330,354512263633336,,
99971001733,999019710017332,354512263633336,99971001740,
99971001734,999019710017340,353822461653154,,
99971001735,999019710017350,354191754782056,,
99971001736,999019710017360,355305254530307,,
99971001736,999019710017361,355305254530307,,2026-08-11 23:17:18
99971001737,999019710017370,359205834847324,,
99971001738,999019710017380,359016875126915,,
99971001739,999019710017390,356542721355382,,
99971001740,999019710017400,352841225852341,,
99971001741,999019710017410,355914571748906,,
99971001742,999019710017420,353234313289715,,
99971001743,999019710017430,359754042262853,,
99971001744,999019710017440,353001044771745,,
99971001745,999019710017450,353862541795335,,
99971001746,999019710017460,354519471474821,,
99971001747,999019710017470,356864500143415,,
99971001748,999019710017480,356442174152403,,
99971001749,999019710017490,358462348228185,,
99971001750,999019710017500,350396483115266,,
99971001751,999019710017510,353264523263952,,
99971001752,999019710017520,352451434562377,,
99971001753,999019710017530,354357129146204,,
99971001754,999019710017540,354504914334723,,
99971001755,999019710017550,354350124643712,,
99971001756,999019710017560,350382922267116,,
99971001757,999019710017570,351651172912220,,
99971001758,999019710017580,357382228976521,,
99971001759,999019710017590,352207091133934,,
99971001760,999019710017600,354366361414417,,
99971001761,999019710017610,355277957796179,,
99971001762,999019710017620,353542446453445,,
99971001763,999019710017630,359627151656440,,
99971001764,999019710017640,354663235144677,,
99971001765,999019710017650,351645191056144,,
99971001766,999019710017660,354145666546606,,
99971001767,999019710017670,353281723013566,,
99971001768,999019710017680,355642726857937,,
99971001769,999019710017690,356842553702199,,
99971001770,999019710017700,354104102516452,,
99971001771,999019710017710,355320924962386,,
99971001772,999019710017720,352452442552835,,
99971001773,999019710017730,357342367601231,,
99971001774,999019710017740,352552347766791,,
99971001775,999019710017750,350810841538221,,
99971001776,999019710017760,350246453275831,,
99971001777,999019710017770,356636244358494,,
99971001778,999019710017780,355967434266041,,
99971001779,999019710017790,352628944378551,,
99971001780,999019710017800,351161119464431,,
99971001781,999019710017810,353193256601351,,
99971001782,999019710017820,351143822324751,,
99971001783,999019710017830,357668438031062,,
99971001784,999019710017840,356138546413517,,
99971001785,999019710017850,359657317564136,,
99971001786,999019710017860,353573423403343,,
99971001787,999019710017870,352612560451522,,
99971001788,999019710017880,352161567319132,,
99971001789,999019710017890,355139344411659,,
99971001790,999019710017900,353773024472962,,
99971001791,999019710017910,350337441755232,,
99971001792,999019710017920,353694214861695,,
99971001793,999019710017930,354736564269138,,
99971001794,999019710017940,356464571538503,,
99971001795,999019710017950,353063887413274,,
99971001796,999019710017960,359554233754055,,
99971001797,999019710017970,355115311313740,,
99971001798,999019710017980,355244187143335,,
99971001799,999019710017990,357226315492523,,
99971001800,999019710018000,353164564326263,,
99971001801,999019710018010,359826135908360,,
99971001802,999019710018020,358489150103050,,
99971001803,999019710018030,355755283505585,,
99971001804,999019710018040,354042325323714,,
99971001805,999019710018050,351438445425161,,
99971001806,999019710018060,354255452719633,,
99971001807,999019710018070,357406719783249,,
99971001808,999019710018080,357586516619604,,
99971001809,999019710018090,352661605801592,,
99971001810,999019710018100,354803251650235,,
99971001811,999019710018110,351846641526464,,
99971001812,999019710018120,352389395558312,,
99971001813,999019710018130,356912122485171,,
99971001813,999019710018131,356912122485171,,2026-09-02 14:30:16
99971001814,999019710018140,354542356147249,,
99971001815,999019710018150,353688103955016,,
99971001816,999019710018160,351021033135572,,
99971001817,999019710018170,353264496324634,,
99971001818,999019710018180,354639353282410,,
99971001819,999019710018190,351136661228865,,
99971001820,999019710018200,355543358264123,,
99971001821,999019710018210,357315345221664,,
99971001822,999019710018220,354166839469353,,
99971001823,999019710018230,359659408116502,,
99971001824,999019710018240,351695951542251,,
99971001825,999019710018250,352153929273649,,
99971001826,999019710018260,357696235799044,,
99971001827,999019710018270,353532725125161,,
99971001828,999019710018280,351544274797204,,
99971001829,999019710018290,357235526653142,,
99971001830,999019710018300,351930335681510,,
99971001831,999019710018310,354591593419413,,
99971001832,999019710018320,354062173216368,,
99971001833,999019710018330,351591284561110,,
99971001834,999019710018340,359635807556355,,
99971001835,999019710018350,358444757666036,,
99971001836,999019710018360,350283618169242,,
99971001837,999019710018370,358487243256674,,
99971001838,999019710018380,359613647490682,,
99971001839,999019710018390,355573381520437,,
99971001840,999019710018400,352266387764243,,
99971001841,999019710018410,351455852959224,,
99971001841,999019710018412,351455852959224,99971001826,
99971001842,999019710018420,352560163005613,,
99971001843,999019710018430,359603331591502,,
99971001844,999019710018440,356397993616702,,
99971001844,999019710018441,356397993616702,,2026-09-29 23:08:13
99971001845,999019710018450,353603634627104,,
99971001846,999019710018460,358253276490434,,
99971001847,999019710018470,356340813944228,,
99971001848,999019710018480,354074983342239,,
99971001849,999019710018490,355942569170791,,
99971001850,999019710018500,353202473586261,,
99971001851,999019710018510,353253467514406,,
99971001852,999019710018520,351133735344867,,
99971001853,999019710018530,356332125256260,,
99971001854,999019710018540,352298023243293,,
99971001855,999019710018550,358219025316212,,
99971001856,999019710018560,353413544641346,,
99971001857,999019710018570,357709814837195,,
99971001858,999019710018580,354263744932355,,
99971001859,999019710018590,353121930333363,,
99971001860,999019710018600,355113584119365,,
99971001861,999019710018610,351732914520480,,
99971001862,999019710018620,353710487920740,,
99971001863,999019710018630,358448253806345,,
99971001864,999019710018640,355064114911747,,
99971001865,999019710018650,352612274204236,,
99971001866,999019710018660,352315411659362,,
99971001867,999019710018670,356243061328205,,
99971001868,999019710018680,357111254245019,,
99971001869,999019710018690,357855539106737,,
99971001870,999019710018700,355446279334136,,
99971001871,999019710018710,353308411389401,,
99971001872,999019710018720,352925316619865,,
99971001873,999019710018730,353251131537229,,
99971001874,999019710018740,353171789556835,,
99971001875,999019710018750,353035353844004,,
99971001876,999019710018760,354062594411300,,
99971001877,999019710018770,358502141518219,,
99971001878,999019710018780,351263365421495,,
99971001879,999019710018790,359361615826646,,
99971001880,999019710018800,352042268733320,,
99971001881,999019710018810,352868692616495,,
99971001882,999019710018820,358086241717525,,
99971001883,999019710018830,356733107131536,,
99971001884,999019710018840,352976733321483,,
99971001885,999019710018850,350128879167349,,
99971001886,999019710018860,353982662659494,,
99971001887,999019710018870,354415239427205,,
99971001888,999019710018880,359181514432056,,
99971001889,999019710018890,359458594146311,,
99971001890,999019710018900,350341075165664,,
99971001891,999019710018910,355581463191296,,
99971001892,999019710018920,351672561924525,,
99971001893,999019710018930,353434225244261,,
99971001894,999019710018940,353121329958236,,
99971001895,999019710018950,351667248334242,,
99971001896,999019710018960,352551199434217,,
99971001897,999019710018970,352191513340051,,
99971001898,999019710018980,351004541736632,,
99971001899,999019710018990,352361391821569,,
99971001900,999019710019000,358845546354582,,
99971001901,999019710019010,356001136166526,,
99971001902,999019710019020,355623564653363,,
99971001902,999019710019021,355623564653363,,2026-08-03 15:28:56
99971001903,999019710019030,352921854134232,,
99971001904,999019710019040,353533516665761,,
99971001905,999019710019050,351552664841268,,
99971001906,999019710019060,353839367501096,,
99971001907,999019710019070,353725012611434,,
99971001908,999019710019080,358951614221329,,
99971001909,999019710019090,354605652333748,,
99971001910,999019710019100,355454844927954,,
99971001911,999019710019110,351936600859465,,
99971001912,999019710019120,357396526862617,,
99971001913,999019710019130,354522622321649,,
99971001914,999019710019140,351615545651134,,
99971001914,999019710019141,351615545651134,,2026-09-16 23:01:24
99971001915,999019710019150,356535349057160,,
99971001915,999019710019151,356535349057160,,2026-08-29 21:45:41
99971001916,999019710019160,354555903255321,,
99971001917,999019710019170,352879036865695,,
99971001918,999019710019180,352536681611896,,
99971001919,999019710019190,355713032762132,,
99971001920,999019710019200,354466345843902,,
99971001921,999019710019210,353834765960532,,
99971001922,999019710019220,352433516200559,,
99971001923,999019710019230,351958253565644,,
99971001924,999019710019240,356675372667431,,
99971001925,999019710019250,354322128981215,,
99971001926,999019710019260,357324761043659,,
99971001927,999019710019270,350417669651641,,
99971001928,999019710019280,356548937684426,,
99971001929,999019710019290,351642248202160,,
99971001930,999019710019300,356100152161854,,
99971001931,999019710019310,354322406266286,,
99971001932,999019710019320,351502170152138,,
99971001933,999019710019330,354186281587621,,
99971001934,999019710019340,354664254160464,,
99971001935,999019710019350,357267240544394,,
99971001936,999019710019360,359661644432858,,
99971001937,999019710019370,357473872166229,,
99971001938,999019710019380,352486533248573,,
99971001939,999019710019390,353402557154549,,
99971001940,999019710019400,353666056422825,,
99971001941,999019710019410,350441335351833,,
99971001942,999019710019420,353485282347446,,
99971001943,999019710019430,356596588729644,,
99971001944,999019710019440,359744560366310,,
99971001945,999019710019450,353534642655532,,
99971001946,999019710019460,353923014164289,,
99971001947,999019710019470,359614055786552,,
99971001948,999019710019480,352332230333452,,
99971001949,999019710019490,354631222520503,,
99971001950,999019710019500,354054455198942,,
99971001951,999019710019510,355165342869523,,
99971001952,999019710019520,356742794535211,,
99971001953,999019710019530,358905460758521,,
99971001954,999019710019540,356476859466451,,
99971001954,999019710019541,356476859466451,,2026-08-07 23:52:00
99971001955,999019710019550,352241371408133,,
99971001956,999019710019560,357424263501373,,
99971001957,999019710019570,358191627281743,,
99971001958,999019710019580,357234256640568,,
99971001959,999019710019590,354648707877546,,
99971001960,999019710019600,352255313654265,,
99971001961,999019710019610,353403219456160,,
99971001962,999019710019620,357348629522014,,
99971001963,999019710019630,352616586794512,,
99971001964,999019710019640,353426740582394,,
99971001965,999019710019650,353151832455234,,
99971001965,999019710019651,353151832455234,,2026-08-15 22:11:00
99971001966,999019710019660,352253199114255,,
99971001967,999019710019670,354538504023395,,
99971001968,999019710019680,355905131727426,,
99971001969,999019710019690,358821417872533,,
99971001970,999019710019700,356457360650512,,
99971001971,999019710019710,354163269415033,,
99971001972,999019710019720,353555333517440,,
99971001973,999019710019730,359699012602530,,
99971001974,999019710019740,358512649513543,,
99971001975,999019710019750,356452823165531,,
99971001976,999019710019760,354112363665365,,
99971001977,999019710019770,356352149401321,,
99971001978,999019710019780,351796983573212,,
99971001979,999019710019790,356550510632155,,
99971001980,999019710019800,350074385577207,,
99971001981,999019710019810,356323946123440,,
99971001982,999019710019820,353684754491549,,
99971001983,999019710019830,354430685426440,,
99971001984,999019710019840,359757434449573,,
99971001984,999019710019841,359757434449573,,2026-08-24 21:45:53
99971001985,999019710019850,359578133656612,,
99971001986,999019710019860,356049685132488,,
99971001987,999019710019870,353248534746642,,
99971001988,999019710019880,355629262153328,,
99971001989,999019710019890,355163039452549,,
99971001990,999019710019900,355522871335620,,
99971001991,999019710019910,357410594130843,,
99971001992,999019710019920,350595103107888,,
99971001993,999019710019930,358414274506330,,
99971001994,999019710019940,356025143826887,,
99971001995,999019710019950,357988416100703,,
99971001996,999019710019960,350133231161482,,
99971001997,999019710019970,356857935064432,,
99971001998,999019710019980,353646625868756,,
99971001999,999019710019990,357301214651884,,
99971002000,999019710020000,353481793511086,,
99971002001,999019710020010,351005175317108,,
99971002002,999019710020020,353141433651284,,
99971002003,999019710020030,352442549161306,,
99971002004,999019710020040,351256194040861,,
99971002005,999019710020050,355624943514316,,
99971002006,999019710020060,357666535860651,,
99971002007,999019710020070,352396384625766,,
99971002008,999019710020080,353512236236342,,
99971002009,999019710020090,353261653409652,,
99971002010,999019710020100,355212763519584,,
99971002011,999019710020110,354502191565533,,
99971002012,999019710020120,354946118224138,,
99971002013,999019710020130,352054614424357,,
99971002014,999019710020140,353758793382714,,
99971002015,999019710020150,354602943175336,,
99971002016,999019710020160,352230666109265,,
99971002017,999019710020170,353323876115037,,
99971002018,999019710020180,357715350132672,,
99971002019,999019710020190,357354141335277,,
99971002020,999019710020200,357013641553171,,
99971002021,999019710020210,359742963367285,,
99971002022,999019710020220,354325896521628,,
99971002023,999019710020230,354382814672557,,
99971002024,999019710020240,350563585533356,,
99971002024,999019710020242,350563585533356,99971002020,
99971002025,999019710020250,351140926523220,,
99971002026,999019710020260,353173869237521,,
99971002027,999019710020270,353330943125138,,
99971002028,999019710020280,358603514432141,,
99971002029,999019710020290,359859461368927,,
99971002030,999019710020300,357537123863713,,
99971002030,999019710020301,357537123863713,,2026-09-27 11:52:38
99971002031,999019710020310,353340262251084,,
99971002032,999019710020320,353521836423494,,
99971002033,999019710020330,355821021765537,,
99971002034,999019710020340,358347414301492,,
99971002035,999019710020350,355212135946116,,
99971002036,999019710020360,351022120354473,,
99971002037,999019710020370,354062754216736,,
99971002038,999019710020380,355046701922577,,
99971002039,999019710020390,353344248654226,,
99971002040,999019710020400,352313208421386,,
99971002041,999019710020410,357526789355846,,
99971002042,999019710020420,351609917329373,,
99971002043,999019710020430,354556586728412,,
99971002044,999019710020440,355232693661081,,
99971002045,999019710020450,352663467450661,,
99971002046,999019710020460,354983554552651,,
99971002047,999019710020470,358481087641214,,
99971002048,999019710020480,356051211773614,,
99971002049,999019710020490,354610651544166,,
99971002050,999019710020500,357084344522563,,
99971002051,999019710020510,353645372913655,,
99971002052,999019710020520,355654308765793,,
99971002053,999019710020530,355642118721585,,
99971002053,999019710020531,355642118721585,,2026-08-03 10:43:01
99971002054,999019710020540,354631614740843,,
99971002055,999019710020550,353463348335653,,
99971002056,999019710020560,357451430241000,,
99971002057,999019710020570,352344228251240,,
99971002058,999019710020580,352912235432526,,
99971002059,999019710020590,356741611419936,,
99971002060,999019710020600,355723287603951,,
99971002061,999019710020610,355566563525011,,
99971002062,999019710020620,354078508236182,,
99971002063,999019710020630,354564454621781,,
99971002064,999019710020640,355800550747532,,
99971002065,999019710020650,354440885508855,,
99971002066,999019710020660,356693651471838,,
99971002067,999019710020670,351536878578265,,
99971002068,999019710020680,354215434252326,,
99971002069,999019710020690,359161493242541,,
99971002070,999019710020700,355341949158311,,
99971002071,999019710020710,358243346154849,,
99971002072,999019710020720,359045863269660,,
99971002073,999019710020730,355641332112431,,
99971002074,999019710020740,356635909232175,,
99971002075,999019710020750,353769429685649,,
99971002076,999019710020760,351664896695172,,
99971002077,999019710020770,352534417039656,,
99971002078,999019710020780,352712185831333,,
99971002079,999019710020790,350314354579233,,
99971002080,999019710020800,351156544919306,,
99971002081,999019710020810,352217468660032,,
99971002082,999019710020820,351928021157483,,
99971002083,999019710020830,357204931941792,,
99971002084,999019710020840,356625666445556,,
99971002085,999019710020850,353216983316146,,
99971002086,999019710020860,351155186124795,,
99971002087,999019710020870,359843560171934,,
99971002088,999019710020880,354116639245189,,
99971002089,999019710020890,354448478233525,,
99971002090,999019710020900,354414643072240,,
99971002091,999019710020910,350252432786178,,
99971002092,999019710020920,351393516151223,,
99971002093,999019710020930,357352533238735,,
99971002094,999019710020940,352495742273755,,
99971002095,999019710020950,359932705714142,,
99971002095,999019710020951,359932705714142,,2026-08-27 05:18:28
99971002096,999019710020960,356461633721939,,
99971002097,999019710020970,357529784563560,,
99971002098,999019710020980,355619120238433,,
99971002099,999019710020990,356933443122634,,
99971002100,999019710021000,356360988618437,,
99971002101,999019710021010,353661511616013,,
99971002102,999019710021020,354713325651573,,
99971002103,999019710021030,354864550097555,,
99971002104,999019710021040,351204385424257,,
99971002105,999019710021050,355243302543761,,
99971002106,999019710021060,358745553879454,,
99971002107,999019710021070,355406731185866,,
99971002108,999019710021080,358359528461433,,
99971002109,999019710021090,352233721659592,,
99971002110,999019710021100,354266373555258,,
99971002111,999019710021110,353559641525549,,
99971002112,999019710021120,354741402920636,,
99971002113,999019710021130,355440617565365,,
99971002114,999019710021140,359331456357936,,
99971002115,999019710021150,354563065423172,,
99971002116,999019710021160,357556949385130,,
99971002117,999019710021170,354022622629622,,
99971002118,999019710021180,359903310925372,,
99971002119,999019710021190,352314202565523,,
99971002120,999019710021200,352666684914561,,
99971002121,999019710021210,351411745323076,,
99971002121,999019710021211,351411745323076,,2026-09-01 05:06:01
99971002122,999019710021220,350338157161641,,
99971002123,999019710021230,358231346937424,,
99971002124,999019710021240,355157776445554,,
99971002124,999019710021241,355157776445554,,2026-09-04 02:27:53
99971002125,999019710021250,356779441455602,,
99971002126,999019710021260,353028326535320,,
99971002127,999019710021270,354444201345218,,
99971002128,999019710021280,350406830080262,,
99971002129,999019710021290,359815213516626,,
99971002130,999019710021300,351042323345533,,
99971002131,999019710021310,355917165353527,,
99971002132,999019710021320,357666932047056,,
99971002133,999019710021330,351526627356267,,
99971002134,999019710021340,351512172124216,,
99971002135,999019710021350,350018658214066,,
99971002136,999019710021360,356562373418136,,
99971002137,999019710021370,353449556469311,,
99971002138,999019710021380,354631663234814,,
99971002139,999019710021390,354206294633212,,
99971002140,999019710021400,354629240243686,,
99971002141,999019710021410,356599624915376,,
99971002142,999019710021420,354956289912926,,
99971002143,999019710021430,352855034123229,,
99971002144,999019710021440,354520500334661,,
99971002145,999019710021450,352889358806312,,
99971002146,999019710021460,354281143910387,,
99971002147,999019710021470,355431612883094,,
99971002148,999019710021480,351339232116117,,
99971002149,999019710021490,354875951063518,,
99971002150,999019710021500,351821032752301,,
99971002151,999019710021510,352834560182763,,
99971002152,999019710021520,355141248532893,,
99971002153,999019710021530,354444744553696,,
99971002154,999019710021540,351012492648651,,
99971002155,999019710021550,355437845896941,,
99971002156,999019710021560,356451126156931,,
99971002157,999019710021570,354366129523681,,
99971002158,999019710021580,357483777381458,,
99971002159,999019710021590,353216454196012,,
99971002160,999019710021600,355533364358026,,
99971002161,999019710021610,351383585326308,,
99971002162,999019710021620,352169954691203,,
99971002163,999019710021630,354251121030914,,
99971002164,999019710021640,356342664256111,,
99971002165,999019710021650,350307456714924,,
99971002166,999019710021660,359150861545146,,
99971002167,999019710021670,350608442233015,,
99971002168,999019710021680,352560653376445,,
99971002169,999019710021690,356311001642213,,
99971002170,999019710021700,353008311655555,,
99971002171,999019710021710,351654335075076,,
99971002172,999019710021720,351242928623626,,
99971002173,999019710021730,356576456531049,,
99971002174,999019710021740,355090165405949,,
99971002175,999019710021750,359080063926189,,
99971002176,999019710021760,356992655066402,,
99971002177,999019710021770,353951611396694,,
99971002178,999019710021780,351663111681673,,
99971002179,999019710021790,354253466775643,,
99971002180,999019710021800,358156963314442,,
99971002181,999019710021810,353451889948036,,
99971002182,999019710021820,351936763436524,,
99971002183,999019710021830,351124552337869,,
99971002184,999019710021840,358625625876553,,
99971002185,999019710021850,351284752602430,,
99971002186,999019710021860,350715541206262,,
99971002187,999019710021870,358391213112435,,
99971002188,999019710021880,359268106244944,,
99971002189,999019710021890,351234957415543,,
99971002190,999019710021900,353298897877589,,
99971002191,999019710021910,355181162719463,,
99971002192,999019710021920,353329135442953,,
99971002193,999019710021930,359327143233628,,
99971002194,999019710021940,355392872453835,,
99971002195,999019710021950,356250995914851,,
99971002196,999019710021960,352746554614346,,
99971002197,999019710021970,351818374875554,,
99971002198,999019710021980,354215352347101,,
99971002199,999019710021990,355636133447057,,
99971002200,999019710022000,352243334561365,,
99971002201,999019710022010,356910844938901,,
99971002202,999019710022020,356466176714632,,
99971002203,999019710022030,351867718125366,,
99971002204,999019710022040,356733677148521,,
99971002205,999019710022050,351483449230846,,
99971002206,999019710022060,355523385725244,,
99971002207,999019710022070,353210133585598,,
99971002208,999019710022080,353436592045588,,
99971002209,999019710022090,353301131253042,,
99971002210,999019710022100,350103362918435,,
99971002211,999019710022110,351626913052685,,
99971002212,999019710022120,353510563505764,,
99971002213,999019710022130,355230478720591,,
99971002214,999019710022140,354193167260745,,
99971002215,999019710022150,352116446928172,,
99971002216,999019710022160,356258467136011,,
99971002217,999019710022170,353855276811455,,
99971002218,999019710022180,355526219531846,,
99971002219,999019710022190,358453353831196,,
99971002220,999019710022200,358430422243269,,
99971002221,999019710022210,356354520012512,,
99971002222,999019710022220,353877263183632,,
99971002223,999019710022230,358134379592135,,
99971002224,999019710022240,353854518492316,,
99971002225,999019710022250,353404635636571,,
99971002226,999019710022260,352354611636632,,
99971002227,999019710022270,351456473382961,,
99971002228,999019710022280,354237487628449,,
99971002229,999019710022290,359698341113456,,
99971002229,999019710022291,359698341113456,,2026-08-22 00:50:41
99971002230,999019710022300,355423365713102,,
99971002231,999019710022310,350624625571681,,
99971002232,999019710022320,353723621297212,,
99971002233,999019710022330,352721433281195,,
99971002234,999019710022340,354411224342123,,
99971002235,999019710022350,353324133340755,,
99971002236,999019710022360,359156531580532,,
99971002237,999019710022370,352099085148852,,
99971002238,999019710022380,352564336605986,,
99971002239,999019710022390,358353622255453,,
99971002240,999019710022400,359659621202321,,
99971002241,999019710022410,357540013645310,,
99971002242,999019710022420,354515766100464,,
99971002243,999019710022430,356812604223298,,
99971002244,999019710022440,351615245624188,,
99971002245,999019710022450,358131763414654,,
99971002246,999019710022460,351244527651365,,
99971002247,999019710022470,352248180613153,,
99971002247,999019710022471,352248180613153,,2026-08-29 23:51:05
99971002248,999019710022480,356429097164833,,
99971002249,999019710022490,352044429426361,,
99971002250,999019710022500,352656344124290,,
99971002251,999019710022510,351514591915665,,
99971002252,999019710022520,351973536479221,,
99971002253,999019710022530,354200137133199,,
99971002254,999019710022540,357542733091534,,
99971002255,999019710022550,359629421496422,,
99971002256,999019710022560,354138154725245,,
99971002257,999019710022570,351193442136204,,
99971002258,999019710022580,351239394965340,,
99971002259,999019710022590,359954227445335,,
99971002260,999019710022600,353281111119483,,
99971002261,999019710022610,351515262562971,,
99971002262,999019710022620,352143582855456,,
99971002263,999019710022630,352584333750452,,
99971002263,999019710022631,352584333750452,,2026-08-30 00:38:15
99971002264,999019710022640,352941244951106,,
99971002265,999019710022650,356823224424942,,
99971002266,999019710022660,359840863012544,,
99971002267,999019710022670,354461475945050,,
99971002268,999019710022680,355381256927654,,
99971002269,999019710022690,355913462520567,,
99971002270,999019710022700,356212235263809,,
99971002271,999019710022710,356969550181579,,
99971002272,999019710022720,356446533622335,,
99971002273,999019710022730,359992266617170,,
99971002274,999019710022740,352805303372367,,
99971002275,999019710022750,359016681613797,,
99971002276,999019710022760,351526129096822,,
99971002277,999019710022770,353057114233647,,
99971002278,999019710022780,352468574412722,,
99971002279,999019710022790,352852450344441,,
99971002280,999019710022800,356900048918449,,
99971002281,999019710022810,359433655114274,,
99971002282,999019710022820,353312521796042,,
99971002283,999019710022830,358006297954601,,
99971002284,999019710022840,351225902433645,,
99971002285,999019710022850,356871406012684,,
99971002286,999019710022860,353523394894830,,
99971002287,999019710022870,353062532569256,,
99971002288,999019710022880,359205364557695,,
99971002289,999019710022890,351680245233654,,
99971002290,999019710022900,355737810513150,,
99971002291,999019710022910,355367465273424,,
99971002292,999019710022920,357563590762102,,
99971002293,999019710022930,352821541865164,,
99971002293,999019710022932,352821541865164,99971002283,
99971002294,999019710022940,355472467204741,,
99971002295,999019710022950,357813914974223,,
99971002296,999019710022960,354749475711922,,
99971002297,999019710022970,354496462298363,,
99971002298,999019710022980,353904058547167,,
99971002299,999019710022990,355343547113025,,
99971002300,999019710023000,355092176454521,,
99971002301,999019710023010,357046795142856,,
99971002302,999019710023020,352523743574763,,
99971002303,999019710023030,353233592830502,,
99971002304,999019710023040,357643241448743,,
99971002305,999019710023050,352872588514665,,
99971002306,999019710023060,356511304205911,,
99971002307,999019710023070,352039505166161,,
99971002308,999019710023080,353503872352513,,
99971002309,999019710023090,354768946036108,,
99971002310,999019710023100,352425793386835,,
99971002311,999019710023110,355146313241375,,
99971002312,999019710023120,352821349172255,,
99971002313,999019710023130,359252941719113,,
99971002314,999019710023140,354151139143643,,
99971002315,999019710023150,351202155975061,,
99971002316,999019710023160,356321241726346,,
99971002317,999019710023170,356514793197646,,
99971002318,999019710023180,359476655735127,,
99971002319,999019710023190,351486859406339,,
99971002320,999019710023200,351329548155289,,
99971002321,999019710023210,354735862664434,,
99971002322,999019710023220,355200265116724,,
99971002322,999019710023222,355200265116724,99971002327,
99971002323,999019710023230,351515851215934,,
99971002324,999019710023240,355160751455952,,
99971002325,999019710023250,352121014860724,,
99971002326,999019710023260,354443440484322,,
99971002327,999019710023270,353917072897664,,
99971002328,999019710023280,356580242827658,,
99971002329,999019710023290,352308503751266,,
99971002330,999019710023300,354012011210233,,
99971002331,999019710023310,353898985366607,,
99971002332,999019710023320,351355669449766,,
99971002333,999019710023330,352970607971032,,
99971002334,999019710023340,350637954463525,,
99971002335,999019710023350,355454525641757,,
99971002336,999019710023360,355134566051136,,
99971002337,999019710023370,355911677663574,,
99971002338,999019710023380,356631946996798,,
99971002339,999019710023390,358236633364163,,
99971002340,999019710023400,359924886487448,,
99971002341,999019710023410,355836048839368,,
99971002342,999019710023420,354814407251666,,
99971002343,999019710023430,352029822718707,,
99971002344,999019710023440,354721722076129,,
99971002345,999019710023450,356435953513277,,
99971002346,999019710023460,353666345105123,,
99971002347,999019710023470,352351645506523,,
99971002348,999019710023480,354777751551149,,
99971002349,999019710023490,357634584634779,,
99971002350,999019710023500,350211130212726,,
99971002351,999019710023510,355480518013679,,
99971002352,999019710023520,352030126405929,,
99971002353,999019710023530,357665189539662,,
99971002354,999019710023540,354720240162554,,
99971002355,999019710023550,357165250131465,,
99971002356,999019710023560,354436882565755,,
99971002357,999019710023570,352268322526452,,
99971002358,999019710023580,354228336716304,,
99971002359,999019710023590,353115150130551,,
99971002360,999019710023600,352445750144055,,
99971002361,999019710023610,350761562193926,,
99971002362,999019710023620,352076342286331,,
99971002363,999019710023630,351247492400561,,
99971002364,999019710023640,353436986012514,,
99971002365,999019710023650,359279555316813,,
99971002366,999019710023660,356945611149389,,
99971002367,999019710023670,352181580415031,,
99971002368,999019710023680,358457111507462,,
99971002369,999019710023690,357335441442429,,
99971002370,999019710023700,351752968823144,,
99971002371,999019710023710,356940422264377,,
99971002372,999019710023720,352118763863774,,
99971002373,999019710023730,356582014761558,,
99971002374,999019710023740,351355616214239,,
99971002375,999019710023750,357691837234400,,
99971002376,999019710023760,357514761112434,,
99971002377,999019710023770,355902381487453,,
99971002378,999019710023780,359230131643444,,
99971002379,999019710023790,356665486534831,,
99971002380,999019710023800,351295574350143,,
99971002381,999019710023810,354342635713504,,
99971002382,999019710023820,350742151511810,,
99971002383,999019710023830,358183154543428,,
99971002384,999019710023840,358530499205583,,
99971002385,999019710023850,352675168393823,,
99971002386,999019710023860,358022164999675,,
99971002387,999019710023870,357625415775913,,
99971002388,999019710023880,356816529897625,,
99971002389,999019710023890,356242637556322,,
99971002390,999019710023900,350228356137011,,
99971002391,999019710023910,357650545311641,,
99971002392,999019710023920,357633485343575,,
99971002393,999019710023930,359226570434429,,
99971002394,999019710023940,353012161393181,,
99971002395,999019710023950,355711157246665,,
99971002396,999019710023960,353332777219612,,
99971002397,999019710023970,350142453141133,,
99971002398,999019710023980,355143742683063,,
99971002399,999019710023990,352588526224915,,
99971002400,999019710024000,352684418864517,,
99979100001,999019791000010,356686383466816,99891000001,
99979100002,999019791000020,356686383466816,99891000001,
99979200001,999019792000010,351546518562124,,
99979200002,999019792000020,354106334022283,,
99979200003,999019792000030,353126040113322,,
99979200004,999019792000040,351216821524153,,
99979300001,999019793000010,353457011718477,,
99979300002,999019793000020,351422541433624,,
99979300003,999019793000030,351426496664461,,
99979300004,999019793000040,353717156221251,,
99979300005,999019793000050,355048320636763,,
99979400001,999019794000010,354625534257493,,
99979400001,999019794000011,352223386621864,,2026-08-23 00:00:00
99979400001,999019794000012,350114184414125,,2026-09-04 00:00:00
99979400001,999019794000013,354193228638654,,2026-09-16 00:00:00
99979400002,999019794000020,352223386621864,,
99979400002,999019794000021,350114184414125,,2026-08-23 01:00:00
99979400002,999019794000022,354193228638654,,2026-09-04 01:00:00
99979400002,999019794000023,359279583564361,,2026-09-16 01:00:00
99979400003,999019794000030,350114184414125,,
99979400003,999019794000031,354193228638654,,2026-08-23 02:00:00
99979400003,999019794000032,359279583564361,,2026-09-04 02:00:00
99979400003,999019794000033,351147466452641,,2026-09-16 02:00:00
99979400004,999019794000040,354193228638654,,
99979400004,999019794000041,359279583564361,,2026-08-23 03:00:00
99979400004,999019794000042,351147466452641,,2026-09-04 03:00:00
99979400004,999019794000043,354130650356731,,2026-09-16 03:00:00
99979400005,999019794000050,359279583564361,,
99979400005,999019794000051,351147466452641,,2026-08-23 04:00:00
99979400005,999019794000052,354130650356731,,2026-09-04 04:00:00
99979400005,999019794000053,353351172582956,,2026-09-16 04:00:00
99979400006,999019794000060,351147466452641,,
99979400006,999019794000061,354130650356731,,2026-08-23 05:00:00
99979400006,999019794000062,353351172582956,,2026-09-04 05:00:00
99979400006,999019794000063,354625534257493,,2026-09-16 05:00:00
99979500001,999019795000010,355640894955593,99979500002,
99979500002,999019795000020,353854322926553,99979500003,
99979500003,999019795000030,353182362364115,,
99979500004,999019795000040,355825396652419,,
99979500005,999019795000050,350028258802301,,
