orig_msisdn,term_msisdn,ts,message_type
99971001130,99971001152,2026-08-01 00:23:10,text
99971000324,99971000322,2026-08-01 00:26:27,text
99971001616,99971001631,2026-08-01 00:35:06,text
99971000372,99971000365,2026-08-01 00:55:04,text
99971000747,99971000745,2026-08-01 00:57:21,text
99971000281,99971000273,2026-08-01 01:00:59,text
99971000486,99971000484,2026-08-01 01:20:10,text
99971002280,99971002260,2026-08-01 01:23:16,text
99971001409,99971001408,2026-08-01 01:27:43,text
99971002372,99971002374,2026-08-01 01:37:16,text
99971001378,99971001369,2026-08-01 01:48:59,text
99971002295,99971002285,2026-08-01 01:57:57,text
99971002363,99971002373,2026-08-01 02:18:25,text
99971001807,99971001801,2026-08-01 02:38:44,text
99971001457,99971001445,2026-08-01 02:47:19,text
99971001904,99971001907,2026-08-01 02:50:31,text
99971002122,99971002120,2026-08-01 03:07:28,text
99971000754,99971000757,2026-08-01 03:09:38,text
99971001703,99971001697,2026-08-01 03:26:06,text
99971000573,99971000556,2026-08-01 03:31:55,text
99971001198,99971001187,2026-08-01 03:33:39,text
99971000827,99971000818,2026-08-01 03:46:56,text
99971001851,99971001857,2026-08-01 04:00:27,text
99971000504,99971000494,2026-08-01 04:13:50,text
99971001398,99971001405,2026-08-01 04:26:54,text
99971002361,99971002356,2026-08-01 04:28:02,text
99971001359,99971001348,2026-08-01 04:38:23,text
99971000955,99971000939,2026-08-01 04:38:29,text
99971002363,99971002355,2026-08-01 05:02:22,text
99971002201,99971002191,2026-08-01 05:42:25,text
99971000527,99971000523,2026-08-01 05:54:57,text
99971000406,99971000393,2026-08-01 06:06:27,text
99971002298,99971002290,2026-08-01 06:23:21,text
99971001242,99971001235,2026-08-01 06:23:45,text
99971001286,99971001281,2026-08-01 06:42:26,text
99971000292,99971000306,2026-08-01 06:42:48,text
99971001223,99971001214,2026-08-01 06:45:27,text
99971000321,99971000327,2026-08-01 06:46:35,text
99971000984,99971000983,2026-08-01 06:47:09,text
99971000300,99971000293,2026-08-01 07:43:35,text
99971000094,99971000095,2026-08-01 07:53:18,text
99971001184,99971001200,2026-08-01 07:55:32,text
99971000382,99971000364,2026-08-01 08:10:03,text
99971001512,99971001505,2026-08-01 08:17:37,text
99971001882,99971001896,2026-08-01 08:29:37,text
99971001606,99971001604,2026-08-01 08:40:10,text
99971000692,99971000685,2026-08-01 08:40:56,text
99971001351,99971001360,2026-08-01 08:50:00,text
99971000607,99971000605,2026-08-01 08:52:56,text
99971000525,99971000512,2026-08-01 09:02:29,text
99971000955,99971000939,2026-08-01 09:11:06,text
99971001920,99971001901,2026-08-01 09:13:53,text
99971000138,99971000136,2026-08-01 09:25:42,text
99971001024,99971001019,2026-08-01 09:54:09,text
99971001621,99971001609,2026-08-01 09:56:02,text
99971001726,99971001724,2026-08-01 10:25:40,text
99971001298,99971001320,2026-08-01 10:35:47,text
99971001426,99971001430,2026-08-01 11:02:48,text
99971001689,99971001695,2026-08-01 11:07:23,text
99971001286,99971001283,2026-08-01 11:47:09,text
99971000286,99971000283,2026-08-01 12:16:56,text
99971002332,99971002350,2026-08-01 12:24:18,text
99971000043,99971000033,2026-08-01 12:30:12,text
99971002050,99971002062,2026-08-01 12:39:24,text
99971000330,99971000318,2026-08-01 12:45:34,text
99971002384,99971002395,2026-08-01 12:48:29,text
99971000373,99971000381,2026-08-01 12:57:20,text
99971000031,99971000026,2026-08-01 13:00:55,text
99971001908,99971001920,2026-08-01 13:17:42,text
99971000072,99971000067,2026-08-01 13:47:33,text
99971001894,99971001892,2026-08-01 13:49:07,text
99971001243,99971001226,2026-08-01 14:13:22,text
99971001429,99971001423,2026-08-01 14:16:09,text
99971001643,99971001653,2026-08-01 14:17:47,text
99971000362,99971000375,2026-08-01 14:57:44,text
99971000328,99971000323,2026-08-01 15:00:30,text
99971001970,99971001982,2026-08-01 15:10:42,text
99971002208,99971002188,2026-08-01 15:11:53,text
99971000200,99971000209,2026-08-01 15:26:00,text
99971000250,99971000241,2026-08-01 15:39:55,text
99971002226,99971002224,2026-08-01 15:49:42,text
99971000841,99971000854,2026-08-01 15:54:23,text
99971000821,99971000838,2026-08-01 15:57:56,text
99971001601,99971001607,2026-08-01 16:01:55,text
99971001785,99971001796,2026-08-01 16:21:28,text
99971000247,99971000260,2026-08-01 16:27:37,text
99971001584,99971001578,2026-08-01 16:40:57,text
99971000057,99971000063,2026-08-01 16:59:05,text
99971000346,99971000343,2026-08-01 17:10:58,text
99971000849,99971000857,2026-08-01 17:25:57,text
99971001776,99971001758,2026-08-01 17:27:17,text
99971001686,99971001701,2026-08-01 17:29:48,text
99971001316,99971001306,2026-08-01 17:43:17,text
99971001273,99971001282,2026-08-01 17:59:38,text
99971001868,99971001861,2026-08-01 18:26:42,text
99971000430,99971000409,2026-08-01 18:38:55,text
99971001727,99971001711,2026-08-01 18:43:06,text
99971001887,99971001888,2026-08-01 18:45:34,text
99971000095,99971000090,2026-08-01 18:46:34,text
99971001322,99971001323,2026-08-01 19:05:09,text
99971002328,99971002322,2026-08-01 19:06:26,text
99971001975,99971001990,2026-08-01 19:09:10,text
99971002136,99971002129,2026-08-01 19:12:39,text
99971000657,99971000664,2026-08-01 19:21:12,text
99971001128,99971001121,2026-08-01 19:31:08,text
99971000113,99971000112,2026-08-01 19:50:05,text
99971002029,99971002038,2026-08-01 20:10:11,text
99971000615,99971000623,2026-08-01 20:19:33,text
99971000733,99971000741,2026-08-01 20:38:56,text
99971000145,99971000157,2026-08-01 20:50:59,text
99971001131,99971001147,2026-08-01 20:53:08,text
99971001990,99971001975,2026-08-01 20:55:22,text
99971000105,99971000101,2026-08-01 21:02:10,text
99971000855,99971000842,2026-08-01 21:25:01,text
99971002319,99971002312,2026-08-01 21:31:29,text
99971002376,99971002372,2026-08-01 22:23:35,text
99971000021,99971000015,2026-08-01 22:37:40,text
99971000064,99971000067,2026-08-01 22:57:42,text
99971000754,99971000758,2026-08-01 23:06:15,text
99971001170,99971001171,2026-08-01 23:25:07,text
99971000166,99971000157,2026-08-01 23:28:53,text
99971001771,99971001758,2026-08-01 23:30:36,text
99971000323,99971000320,2026-08-01 23:30:56,text
99971001651,99971001656,2026-08-01 23:47:40,text
99971001210,99971001217,2026-08-01 23:50:11,text
99971001499,99971001493,2026-08-02 00:26:28,text
99971000450,99971000440,2026-08-02 00:28:58,text
99971001243,99971001229,2026-08-02 00:46:39,text
99971001463,99971001450,2026-08-02 01:11:07,text
99971001479,99971001477,2026-08-02 01:14:39,text
99971000693,99971000679,2026-08-02 01:20:05,text
99971000555,99971000571,2026-08-02 01:20:19,text
99971000680,99971000688,2026-08-02 01:29:33,text
99971000267,99971000273,2026-08-02 01:31:49,text
99971001470,99971001484,2026-08-02 01:36:39,text
99971001797,99971001779,2026-08-02 01:37:06,text
99971001475,99971001466,2026-08-02 01:37:40,text
99971002105,99971002109,2026-08-02 01:54:02,text
99971001365,99971001360,2026-08-02 02:02:03,text
99971002138,99971002142,2026-08-02 02:06:50,text
99971001031,99971001014,2026-08-02 02:15:10,text
99971000719,99971000716,2026-08-02 02:30:15,text
99971000115,99971000111,2026-08-02 02:50:14,text
99971000539,99971000535,2026-08-02 02:58:41,text
99971000150,99971000145,2026-08-02 03:05:59,text
99971001637,99971001653,2026-08-02 03:16:01,text
99971000092,99971000090,2026-08-02 03:23:22,text
99971001876,99971001896,2026-08-02 03:39:40,text
99971001105,99971001121,2026-08-02 03:53:19,text
99971001504,99971001495,2026-08-02 03:55:45,text
99971001303,99971001314,2026-08-02 04:07:45,text
99971000078,99971000087,2026-08-02 04:11:17,text
99971001203,99971001210,2026-08-02 04:29:03,text
99971000785,99971000779,2026-08-02 04:42:21,text
99971000705,99971000716,2026-08-02 04:50:22,text
99971001794,99971001780,2026-08-02 05:09:04,text
99971001749,99971001739,2026-08-02 05:11:13,text
99971000513,99971000512,2026-08-02 05:25:19,text
99971000378,99971000384,2026-08-02 05:36:47,text
99971002320,99971002316,2026-08-02 05:37:50,text
99971000888,99971000867,2026-08-02 05:51:24,text
99971002312,99971002319,2026-08-02 05:52:29,text
99971001552,99971001540,2026-08-02 06:07:39,text
99971000262,99971000247,2026-08-02 06:26:41,text
99971002241,99971002240,2026-08-02 06:29:49,text
99971000654,99971000650,2026-08-02 06:41:18,text
99971001889,99971001884,2026-08-02 06:49:53,text
99971002277,99971002272,2026-08-02 06:57:01,text
99971002093,99971002095,2026-08-02 07:08:53,text
99971000338,99971000351,2026-08-02 07:21:42,text
99971001383,99971001370,2026-08-02 07:30:50,text
99971002260,99971002280,2026-08-02 07:40:41,text
99971000223,99971000217,2026-08-02 07:56:41,text
99971002019,99971002034,2026-08-02 08:02:40,text
99971001129,99971001145,2026-08-02 08:10:44,text
99971000259,99971000257,2026-08-02 08:11:12,text
99971000996,99971000988,2026-08-02 08:28:40,text
99971001475,99971001476,2026-08-02 08:34:08,text
99971000755,99971000748,2026-08-02 09:03:27,text
99971000376,99971000379,2026-08-02 09:06:53,text
99971001138,99971001129,2026-08-02 09:16:06,text
99971001587,99971001608,2026-08-02 09:18:14,text
99971002208,99971002205,2026-08-02 09:42:31,text
99971000378,99971000384,2026-08-02 09:57:36,text
99971002018,99971002017,2026-08-02 10:24:20,text
99971001670,99971001673,2026-08-02 10:28:29,text
99971001193,99971001190,2026-08-02 10:28:52,text
99971000283,99971000276,2026-08-02 10:43:09,text
99971000264,99971000262,2026-08-02 11:27:29,text
99971001180,99971001193,2026-08-02 11:52:39,text
99971000459,99971000474,2026-08-02 12:14:57,text
99971002095,99971002110,2026-08-02 12:23:59,text
99971000845,99971000860,2026-08-02 13:21:35,text
99971000101,99971000099,2026-08-02 13:31:06,text
99971000733,99971000741,2026-08-02 13:42:31,text
99971000265,99971000268,2026-08-02 13:44:01,text
99971001988,99971001978,2026-08-02 13:46:37,text
99971001414,99971001415,2026-08-02 13:48:06,text
99971001931,99971001936,2026-08-02 14:01:58,text
99971000142,99971000129,2026-08-02 14:02:12,text
99971002145,99971002143,2026-08-02 14:23:35,text
99971000718,99971000710,2026-08-02 14:26:59,text
99971000857,99971000844,2026-08-02 14:32:27,text
99971000865,99971000879,2026-08-02 14:41:53,text
99971001257,99971001264,2026-08-02 14:54:16,text
99971001476,99971001475,2026-08-02 15:17:52,text
99971000397,99971000400,2026-08-02 15:21:48,text
99971000982,99971000963,2026-08-02 15:38:04,text
99971001406,99971001407,2026-08-02 15:43:35,text
99971001573,99971001581,2026-08-02 15:48:26,text
99971001175,99971001169,2026-08-02 15:56:24,text
99971001386,99971001369,2026-08-02 16:14:47,text
99971001887,99971001883,2026-08-02 16:15:51,text
99971000937,99971000947,2026-08-02 16:16:12,text
99971000711,99971000704,2026-08-02 16:18:56,text
99971000832,99971000837,2026-08-02 16:21:28,text
99971001450,99971001441,2026-08-02 16:22:38,text
99971000819,99971000824,2026-08-02 16:27:00,text
99971001422,99971001439,2026-08-02 16:30:12,text
99971001599,99971001590,2026-08-02 16:47:31,text
99971001847,99971001830,2026-08-02 16:54:30,text
99971001634,99971001639,2026-08-02 17:08:12,text
99971000934,99971000930,2026-08-02 17:12:32,text
99971000546,99971000534,2026-08-02 17:25:46,text
99971002161,99971002181,2026-08-02 17:45:54,text
99971000616,99971000606,2026-08-02 17:56:27,text
99971001230,99971001227,2026-08-02 18:00:45,text
99971000605,99971000607,2026-08-02 18:02:26,text
99971001477,99971001473,2026-08-02 18:10:59,text
99971000707,99971000720,2026-08-02 18:14:40,text
99971001276,99971001296,2026-08-02 18:22:36,text
99971001531,99971001518,2026-08-02 18:27:53,text
99971001661,99971001667,2026-08-02 18:31:31,text
99971002397,99971002379,2026-08-02 18:32:35,text
99971000859,99971000863,2026-08-02 18:38:15,text
99971000555,99971000554,2026-08-02 18:55:21,text
99971000019,99971000015,2026-08-02 19:36:09,text
99971002159,99971002153,2026-08-02 19:38:01,text
99971001958,99971001949,2026-08-02 20:01:19,text
99971001057,99971001067,2026-08-02 20:09:44,text
99971001064,99971001079,2026-08-02 20:17:38,text
99971001541,99971001539,2026-08-02 20:28:13,text
99971001776,99971001758,2026-08-02 20:28:43,text
99971000367,99971000366,2026-08-02 20:43:11,text
99971001253,99971001251,2026-08-02 20:53:09,text
99971000153,99971000150,2026-08-02 21:04:32,text
99971001250,99971001252,2026-08-02 21:20:35,text
99971001174,99971001155,2026-08-02 21:23:56,text
99971000531,99971000552,2026-08-02 21:24:33,text
99971000346,99971000348,2026-08-02 21:27:58,text
99971000986,99971001004,2026-08-02 21:33:06,text
99971000649,99971000661,2026-08-02 21:36:40,text
99971001913,99971001907,2026-08-02 21:56:43,text
99971000760,99971000758,2026-08-02 22:21:26,text
99971001852,99971001863,2026-08-02 22:27:09,text
99971001544,99971001557,2026-08-02 22:28:02,text
99971001477,99971001479,2026-08-02 22:38:22,text
99971002050,99971002042,2026-08-02 23:03:51,text
99971001728,99971001722,2026-08-02 23:06:18,text
99971000068,99971000063,2026-08-02 23:10:34,text
99971001410,99971001406,2026-08-02 23:26:38,text
99971001470,99971001482,2026-08-02 23:40:17,text
99971001692,99971001683,2026-08-03 00:24:17,text
99971001473,99971001477,2026-08-03 00:36:14,text
99971000804,99971000816,2026-08-03 00:41:15,text
99971001898,99971001910,2026-08-03 00:50:49,text
99971001463,99971001451,2026-08-03 01:00:23,text
99971001222,99971001215,2026-08-03 01:01:24,text
99971002108,99971002107,2026-08-03 01:44:03,text
99971000052,99971000050,2026-08-03 01:49:06,text
99971001446,99971001458,2026-08-03 02:13:42,text
99971001323,99971001335,2026-08-03 02:15:36,text
99971002149,99971002142,2026-08-03 02:22:47,text
99971000522,99971000525,2026-08-03 02:33:36,text
99971002208,99971002207,2026-08-03 02:35:37,text
99971000504,99971000498,2026-08-03 02:39:36,text
99971000128,99971000137,2026-08-03 03:26:52,text
99971002300,99971002291,2026-08-03 03:30:18,text
99971000544,99971000542,2026-08-03 03:36:26,text
99971000112,99971000104,2026-08-03 03:38:20,text
99971001582,99971001566,2026-08-03 03:44:05,text
99971000404,99971000406,2026-08-03 03:47:48,text
99971000505,99971000510,2026-08-03 03:55:35,text
99971002249,99971002251,2026-08-03 04:06:27,text
99971001537,99971001555,2026-08-03 04:26:26,text
99971000189,99971000175,2026-08-03 04:54:55,text
99971001339,99971001326,2026-08-03 04:56:49,text
99971002035,99971002029,2026-08-03 05:02:30,text
99971002218,99971002221,2026-08-03 05:15:40,text
99971000967,99971000976,2026-08-03 05:20:03,text
99971000698,99971000712,2026-08-03 05:22:24,text
99971001789,99971001800,2026-08-03 05:27:23,text
99971001944,99971001934,2026-08-03 05:30:29,text
99971000127,99971000142,2026-08-03 05:53:23,text
99971002065,99971002088,2026-08-03 05:57:27,text
99971002010,99971002011,2026-08-03 06:09:58,text
99971002077,99971002073,2026-08-03 06:11:20,text
99971001475,99971001484,2026-08-03 06:46:07,text
99971000517,99971000519,2026-08-03 07:42:06,text
99971000129,99971000123,2026-08-03 07:47:13,text
99971000706,99971000718,2026-08-03 07:50:17,text
99971000480,99971000459,2026-08-03 07:54:59,text
99971001660,99971001667,2026-08-03 08:21:11,text
99971001984,99971001991,2026-08-03 08:27:12,text
99971002105,99971002098,2026-08-03 08:43:27,text
99971000086,99971000092,2026-08-03 08:55:46,text
99971001418,99971001427,2026-08-03 08:58:35,text
99971002217,99971002209,2026-08-03 09:13:04,text
99971001785,99971001795,2026-08-03 09:15:27,text
99971000467,99971000466,2026-08-03 09:17:36,text
99971001224,99971001209,2026-08-03 09:24:47,text
99971002231,99971002211,2026-08-03 09:33:01,text
99971001386,99971001382,2026-08-03 09:51:08,text
99971000485,99971000486,2026-08-03 09:58:44,text
99971001732,99971001741,2026-08-03 10:19:41,text
99971001511,99971001501,2026-08-03 10:24:25,text
99971001282,99971001292,2026-08-03 10:33:25,text
99971001282,99971001288,2026-08-03 10:41:31,text
99971000459,99971000476,2026-08-03 10:44:07,text
99971001094,99971001082,2026-08-03 10:45:36,text
99971000606,99971000616,2026-08-03 10:51:13,text
99971001846,99971001847,2026-08-03 11:00:16,text
99971000505,99971000527,2026-08-03 11:03:00,text
99971000866,99971000871,2026-08-03 11:14:06,text
99971001397,99971001398,2026-08-03 11:58:57,text
99971001640,99971001652,2026-08-03 12:07:57,text
99971001701,99971001691,2026-08-03 12:08:35,text
99971001229,99971001238,2026-08-03 12:42:38,text
99971001924,99971001931,2026-08-03 12:55:47,text
99971002384,99971002382,2026-08-03 13:08:14,text
99971001444,99971001456,2026-08-03 14:02:32,text
99971000826,99971000825,2026-08-03 14:20:48,text
99971001558,99971001542,2026-08-03 14:53:55,text
99971000567,99971000559,2026-08-03 14:54:35,text
99971000303,99971000300,2026-08-03 15:16:57,text
99971001125,99971001116,2026-08-03 15:24:33,text
99971000840,99971000829,2026-08-03 15:25:20,text
99971002152,99971002143,2026-08-03 15:27:56,text
99971001202,99971001209,2026-08-03 15:28:49,text
99971000803,99971000810,2026-08-03 15:32:26,text
99971001353,99971001357,2026-08-03 15:46:28,text
99971001867,99971001869,2026-08-03 15:50:01,text
99971001603,99971001604,2026-08-03 15:58:00,text
99971000745,99971000747,2026-08-03 15:58:32,text
99971001341,99971001333,2026-08-03 16:08:26,text
99971001581,99971001577,2026-08-03 16:32:30,text
99971000397,99971000405,2026-08-03 16:37:34,text
99971001094,99971001089,2026-08-03 16:43:21,text
99971000732,99971000729,2026-08-03 16:46:12,text
99971000601,99971000623,2026-08-03 17:05:06,text
99971000972,99971000964,2026-08-03 17:24:47,text
99971000786,99971000774,2026-08-03 17:27:45,text
99971000035,99971000026,2026-08-03 17:32:23,text
99971000406,99971000404,2026-08-03 17:33:16,text
99971001787,99971001779,2026-08-03 17:46:15,text
99971000669,99971000650,2026-08-03 18:04:14,text
99971002311,99971002309,2026-08-03 18:05:01,text
99971002297,99971002290,2026-08-03 18:15:31,text
99971000490,99971000491,2026-08-03 18:21:05,text
99971000697,99971000700,2026-08-03 18:23:40,text
99971000813,99971000804,2026-08-03 18:24:24,text
99971001172,99971001170,2026-08-03 18:39:04,text
99971001019,99971001016,2026-08-03 19:10:35,text
99971002179,99971002166,2026-08-03 19:24:56,text
99971000676,99971000687,2026-08-03 19:31:23,text
99971001318,99971001319,2026-08-03 19:47:30,text
99971001027,99971001014,2026-08-03 19:52:42,text
99971002043,99971002064,2026-08-03 20:10:44,text
99971000814,99971000815,2026-08-03 20:23:37,text
99971000630,99971000631,2026-08-03 20:28:54,text
99971002191,99971002196,2026-08-03 21:15:11,text
99971000730,99971000738,2026-08-03 21:15:45,text
99971001948,99971001957,2026-08-03 22:08:42,text
99971002095,99971002110,2026-08-03 22:13:17,text
99971000176,99971000180,2026-08-03 22:23:59,text
99971000066,99971000062,2026-08-03 22:28:58,text
99971002383,99971002378,2026-08-03 22:47:14,text
99971000871,99971000865,2026-08-03 23:21:06,text
99971002382,99971002392,2026-08-03 23:25:25,text
99971002167,99971002184,2026-08-03 23:32:00,text
99971000450,99971000441,2026-08-03 23:37:10,text
99971001682,99971001684,2026-08-03 23:53:39,text
99971002223,99971002215,2026-08-03 23:59:09,text
99971000134,99971000122,2026-08-04 00:07:01,text
99971000491,99971000489,2026-08-04 00:43:27,text
99971000710,99971000712,2026-08-04 00:45:38,text
99971001334,99971001343,2026-08-04 00:56:21,text
99971000203,99971000214,2026-08-04 01:09:33,text
99971001559,99971001539,2026-08-04 01:26:01,text
99971000233,99971000221,2026-08-04 01:28:40,text
99971000601,99971000624,2026-08-04 01:30:16,text
99971001840,99971001841,2026-08-04 01:46:26,text
99971002298,99971002289,2026-08-04 01:51:35,text
99971000145,99971000150,2026-08-04 01:51:50,text
99971000006,99971000004,2026-08-04 02:03:22,text
99971002060,99971002063,2026-08-04 02:08:13,text
99971000053,99971000068,2026-08-04 02:09:29,text
99971000072,99971000065,2026-08-04 02:18:02,text
99971001664,99971001672,2026-08-04 02:24:49,text
99971000683,99971000685,2026-08-04 02:32:01,text
99971002338,99971002336,2026-08-04 02:43:40,text
99971000058,99971000067,2026-08-04 03:12:59,text
99971000709,99971000713,2026-08-04 03:33:09,text
99971000761,99971000763,2026-08-04 03:35:33,text
99971000368,99971000379,2026-08-04 03:46:02,text
99971002352,99971002341,2026-08-04 04:52:47,text
99971001075,99971001067,2026-08-04 05:28:54,text
99971001603,99971001596,2026-08-04 05:36:54,text
99971002257,99971002269,2026-08-04 05:45:41,text
99971001813,99971001808,2026-08-04 05:58:34,text
99971000577,99971000581,2026-08-04 05:58:45,text
99971001675,99971001673,2026-08-04 05:59:40,text
99971001956,99971001958,2026-08-04 06:06:21,text
99971001663,99971001672,2026-08-04 06:21:42,text
99971002318,99971002324,2026-08-04 06:25:58,text
99971001160,99971001155,2026-08-04 06:52:58,text
99971001804,99971001801,2026-08-04 07:00:36,text
99971002256,99971002254,2026-08-04 07:03:48,text
99971000576,99971000564,2026-08-04 07:33:16,text
99971001198,99971001187,2026-08-04 07:46:01,text
99971000634,99971000641,2026-08-04 07:51:31,text
99971000056,99971000063,2026-08-04 08:17:00,text
99971001268,99971001251,2026-08-04 08:23:42,text
99971000633,99971000632,2026-08-04 08:26:10,text
99971000412,99971000413,2026-08-04 08:30:39,text
99971002390,99971002388,2026-08-04 08:36:30,text
99971001036,99971001050,2026-08-04 08:36:41,text
99971001040,99971001054,2026-08-04 08:39:08,text
99971000741,99971000744,2026-08-04 08:40:38,text
99971001335,99971001323,2026-08-04 08:44:53,text
99971000238,99971000236,2026-08-04 08:56:47,text
99971001664,99971001672,2026-08-04 09:39:54,text
99971000613,99971000614,2026-08-04 09:41:13,text
99971001851,99971001867,2026-08-04 09:46:12,text
99971002050,99971002062,2026-08-04 09:59:24,text
99971001471,99971001466,2026-08-04 10:13:52,text
99971001765,99971001754,2026-08-04 10:17:38,text
99971002092,99971002093,2026-08-04 10:47:05,text
99971001724,99971001726,2026-08-04 11:10:48,text
99971001643,99971001653,2026-08-04 11:26:42,text
99971001052,99971001049,2026-08-04 11:32:49,text
99971000161,99971000164,2026-08-04 11:42:34,text
99971000053,99971000065,2026-08-04 11:42:49,text
99971001332,99971001325,2026-08-04 11:55:35,text
99971000375,99971000377,2026-08-04 12:14:47,text
99971001290,99971001283,2026-08-04 12:15:37,text
99971001057,99971001064,2026-08-04 12:57:06,text
99971001700,99971001695,2026-08-04 13:31:08,text
99971001995,99971002000,2026-08-04 13:41:24,text
99971002393,99971002389,2026-08-04 14:07:54,text
99971001647,99971001636,2026-08-04 14:15:08,text
99971001738,99971001746,2026-08-04 14:21:41,text
99971000944,99971000937,2026-08-04 14:31:01,text
99971000333,99971000324,2026-08-04 14:33:02,text
99971000753,99971000761,2026-08-04 14:34:07,text
99971002205,99971002193,2026-08-04 14:34:20,text
99971000750,99971000766,2026-08-04 14:43:29,text
99971000662,99971000660,2026-08-04 15:18:18,text
99971001416,99971001411,2026-08-04 15:20:51,text
99971000706,99971000713,2026-08-04 16:46:04,text
99971000375,99971000376,2026-08-04 16:53:41,text
99971000987,99971001003,2026-08-04 16:54:51,text
99971000560,99971000567,2026-08-04 17:30:11,text
99971000625,99971000639,2026-08-04 17:51:38,text
99971001478,99971001474,2026-08-04 17:51:44,text
99971001363,99971001367,2026-08-04 18:01:35,text
99971001757,99971001775,2026-08-04 18:03:16,text
99971000980,99971000982,2026-08-04 18:07:50,text
99971001607,99971001588,2026-08-04 18:12:10,text
99971001401,99971001409,2026-08-04 18:19:56,text
99971002073,99971002085,2026-08-04 18:22:18,text
99971002203,99971002201,2026-08-04 18:52:06,text
99971002175,99971002164,2026-08-04 19:02:12,text
99971000250,99971000253,2026-08-04 19:04:12,text
99971000461,99971000480,2026-08-04 19:04:52,text
99971001727,99971001711,2026-08-04 19:22:09,text
99971001377,99971001386,2026-08-04 19:24:34,text
99971000341,99971000354,2026-08-04 19:41:35,text
99971001296,99971001290,2026-08-04 19:42:28,text
99971000492,99971000495,2026-08-04 19:53:00,text
99971000492,99971000484,2026-08-04 19:54:01,text
99971001839,99971001844,2026-08-04 19:55:43,text
99971001452,99971001449,2026-08-04 19:55:56,text
99971001094,99971001085,2026-08-04 20:05:29,text
99971001018,99971001022,2026-08-04 20:24:38,text
99971002028,99971002020,2026-08-04 20:25:03,text
99971001299,99971001302,2026-08-04 20:28:19,text
99971001718,99971001722,2026-08-04 20:53:42,text
99971001845,99971001832,2026-08-04 20:56:28,text
99971002103,99971002089,2026-08-04 20:58:04,text
99971001643,99971001634,2026-08-04 21:08:58,text
99971000744,99971000729,2026-08-04 21:25:12,text
99971001144,99971001142,2026-08-04 21:25:20,text
99971000676,99971000692,2026-08-04 21:30:17,text
99971000807,99971000799,2026-08-04 21:35:42,text
99971000871,99971000879,2026-08-04 21:38:02,text
99971000991,99971001006,2026-08-04 21:44:33,text
99971000004,99971000021,2026-08-04 21:46:43,text
99971001158,99971001165,2026-08-04 22:18:02,text
99971002123,99971002120,2026-08-04 22:46:40,text
99971001511,99971001508,2026-08-04 23:23:16,text
99971000620,99971000621,2026-08-04 23:26:00,text
99971001856,99971001860,2026-08-04 23:50:42,text
99971001114,99971001119,2026-08-05 00:15:32,text
99971001863,99971001859,2026-08-05 00:23:41,text
99971002060,99971002056,2026-08-05 00:31:28,text
99971002161,99971002181,2026-08-05 00:50:51,text
99971001827,99971001832,2026-08-05 00:51:21,text
99971000270,99971000288,2026-08-05 00:54:38,text
99971001939,99971001932,2026-08-05 01:01:29,text
99971001306,99971001297,2026-08-05 01:09:01,text
99971000364,99971000382,2026-08-05 01:15:21,text
99971002234,99971002249,2026-08-05 01:22:11,text
99971002005,99971001996,2026-08-05 01:34:10,text
99971000937,99971000944,2026-08-05 01:48:25,text
99971000361,99971000373,2026-08-05 01:55:00,text
99971001803,99971001805,2026-08-05 02:01:28,text
99971001297,99971001302,2026-08-05 02:15:00,text
99971000006,99971000023,2026-08-05 02:28:03,text
99971002079,99971002082,2026-08-05 02:35:22,text
99971001511,99971001512,2026-08-05 02:35:29,text
99971002133,99971002118,2026-08-05 02:53:02,text
99971001981,99971001992,2026-08-05 03:07:17,text
99971000244,99971000251,2026-08-05 03:08:04,text
99971000542,99971000544,2026-08-05 03:19:35,text
99971001252,99971001261,2026-08-05 03:26:21,text
99971001660,99971001668,2026-08-05 03:34:54,text
99971000819,99971000824,2026-08-05 04:15:21,text
99971002069,99971002087,2026-08-05 04:15:46,text
99971001850,99971001852,2026-08-05 04:55:36,text
99971002214,99971002228,2026-08-05 04:58:19,text
99971002123,99971002121,2026-08-05 05:02:15,text
99971000523,99971000513,2026-08-05 05:03:21,text
99971000527,99971000526,2026-08-05 05:04:55,text
99971000612,99971000606,2026-08-05 05:13:35,text
99971000534,99971000537,2026-08-05 05:16:25,text
99971002003,99971002005,2026-08-05 05:20:46,text
99971000766,99971000745,2026-08-05 05:22:21,text
99971001236,99971001248,2026-08-05 05:25:22,text
99971000260,99971000242,2026-08-05 05:30:42,text
99971002365,99971002376,2026-08-05 05:35:25,text
99971000652,99971000657,2026-08-05 06:03:23,text
99971002028,99971002017,2026-08-05 06:19:09,text
99971000774,99971000775,2026-08-05 06:22:50,text
99971001652,99971001656,2026-08-05 06:41:58,text
99971001831,99971001825,2026-08-05 07:06:32,text
99971001851,99971001852,2026-08-05 07:32:58,text
99971000336,99971000313,2026-08-05 07:42:25,text
99971002000,99971001995,2026-08-05 07:53:24,text
99971000884,99971000885,2026-08-05 08:28:27,text
99971000287,99971000288,2026-08-05 08:40:32,text
99971000788,99971000771,2026-08-05 08:44:02,text
99971001184,99971001200,2026-08-05 08:44:32,text
99971001738,99971001734,2026-08-05 08:49:32,text
99971000243,99971000253,2026-08-05 08:55:28,text
99971002085,99971002077,2026-08-05 09:08:07,text
99971001528,99971001526,2026-08-05 09:16:57,text
99971001738,99971001734,2026-08-05 09:28:27,text
99971000310,99971000289,2026-08-05 09:38:18,text
99971000363,99971000372,2026-08-05 09:43:01,text
99971001651,99971001634,2026-08-05 10:02:26,text
99971000021,99971000023,2026-08-05 10:02:40,text
99971002385,99971002380,2026-08-05 10:07:35,text
99971000546,99971000536,2026-08-05 10:14:00,text
99971001932,99971001939,2026-08-05 10:24:22,text
99971001948,99971001957,2026-08-05 10:35:07,text
99971002248,99971002244,2026-08-05 11:00:07,text
99971001927,99971001926,2026-08-05 11:23:22,text
99971002004,99971002013,2026-08-05 11:25:23,text
99971000699,99971000711,2026-08-05 11:26:05,text
99971000534,99971000537,2026-08-05 11:30:30,text
99971002175,99971002169,2026-08-05 11:39:31,text
99971001949,99971001963,2026-08-05 12:09:03,text
99971001401,99971001409,2026-08-05 12:16:47,text
99971000445,99971000440,2026-08-05 12:31:45,text
99971000067,99971000059,2026-08-05 12:41:10,text
99971002087,99971002070,2026-08-05 12:45:14,text
99971001738,99971001734,2026-08-05 12:56:24,text
99971001892,99971001879,2026-08-05 13:04:40,text
99971002161,99971002181,2026-08-05 13:05:24,text
99971001149,99971001143,2026-08-05 13:13:35,text
99971001170,99971001171,2026-08-05 13:21:38,text
99971001527,99971001523,2026-08-05 13:33:51,text
99971001653,99971001651,2026-08-05 13:42:02,text
99971000499,99971000496,2026-08-05 13:44:48,text
99971001886,99971001889,2026-08-05 13:59:15,text
99971001187,99971001185,2026-08-05 14:19:58,text
99971000080,99971000086,2026-08-05 14:28:28,text
99971000580,99971000583,2026-08-05 14:28:32,text
99971000734,99971000738,2026-08-05 14:42:13,text
99971000773,99971000771,2026-08-05 14:45:31,text
99971000126,99971000124,2026-08-05 14:45:36,text
99971000846,99971000858,2026-08-05 14:51:30,text
99971001893,99971001874,2026-08-05 14:52:34,text
99971001451,99971001462,2026-08-05 15:22:46,text
99971000715,99971000704,2026-08-05 15:29:21,text
99971000794,99971000804,2026-08-05 15:29:47,text
99971000890,99971000902,2026-08-05 15:32:51,text
99971000768,99971000752,2026-08-05 15:41:34,text
99971001718,99971001711,2026-08-05 15:41:49,text
99971001560,99971001543,2026-08-05 15:45:38,text
99971001460,99971001464,2026-08-05 15:53:31,text
99971001966,99971001953,2026-08-05 16:17:27,text
99971001775,99971001772,2026-08-05 16:31:53,text
99971000110,99971000102,2026-08-05 16:32:16,text
99971000448,99971000455,2026-08-05 16:50:12,text
99971001379,99971001386,2026-08-05 17:05:08,text
99971000894,99971000908,2026-08-05 17:11:17,text
99971000168,99971000162,2026-08-05 17:11:51,text
99971002238,99971002245,2026-08-05 17:16:10,text
99971000511,99971000506,2026-08-05 17:28:00,text
99971001275,99971001291,2026-08-05 17:31:13,text
99971001009,99971001020,2026-08-05 17:36:56,text
99971001814,99971001824,2026-08-05 18:10:18,text
99971001274,99971001287,2026-08-05 18:15:20,text
99971002252,99971002241,2026-08-05 18:15:48,text
99971001035,99971001038,2026-08-05 18:21:49,text
99971001711,99971001718,2026-08-05 18:28:48,text
99971001602,99971001606,2026-08-05 18:37:36,text
99971002254,99971002256,2026-08-05 18:39:09,text
99971001144,99971001138,2026-08-05 18:44:42,text
99971002325,99971002306,2026-08-05 18:45:10,text
99971001984,99971001982,2026-08-05 18:57:32,text
99971002352,99971002343,2026-08-05 19:03:48,text
99971000946,99971000955,2026-08-05 19:07:44,text
99971001892,99971001894,2026-08-05 19:09:05,text
99971001576,99971001567,2026-08-05 19:44:58,text
99971000890,99971000902,2026-08-05 20:05:28,text
99971001715,99971001723,2026-08-05 20:11:36,text
99971002132,99971002126,2026-08-05 20:49:55,text
99971001225,99971001228,2026-08-05 21:08:32,text
99971000279,99971000268,2026-08-05 21:10:02,text
99971002159,99971002158,2026-08-05 21:13:16,text
99971002278,99971002265,2026-08-05 21:18:46,text
99971000401,99971000395,2026-08-05 21:25:11,text
99971001788,99971001789,2026-08-05 21:27:26,text
99971002328,99971002322,2026-08-05 21:49:14,text
99971002212,99971002217,2026-08-05 22:14:33,text
99971001989,99971001984,2026-08-05 22:19:20,text
99971000412,99971000413,2026-08-05 22:33:06,text
99971000496,99971000492,2026-08-05 22:42:50,text
99971000361,99971000373,2026-08-05 23:00:25,text
99971000915,99971000916,2026-08-05 23:31:16,text
99971000626,99971000647,2026-08-05 23:37:52,text
99971001940,99971001922,2026-08-05 23:40:54,text
99971000592,99971000579,2026-08-05 23:54:42,text
99971002093,99971002091,2026-08-06 00:08:15,text
99971001684,99971001686,2026-08-06 00:27:16,text
99971001835,99971001825,2026-08-06 00:38:56,text
99971000167,99971000165,2026-08-06 00:56:37,text
99971000652,99971000657,2026-08-06 01:15:31,text
99971001387,99971001374,2026-08-06 01:24:04,text
99971002083,99971002075,2026-08-06 01:36:00,text
99971000662,99971000669,2026-08-06 01:58:18,text
99971002270,99971002262,2026-08-06 02:08:28,text
99971001249,99971001272,2026-08-06 02:08:47,text
99971001465,99971001481,2026-08-06 02:23:28,text
99971001853,99971001855,2026-08-06 02:33:34,text
99971000727,99971000740,2026-08-06 02:38:07,text
99971001357,99971001353,2026-08-06 02:39:25,text
99971000104,99971000102,2026-08-06 02:59:53,text
99971002329,99971002345,2026-08-06 03:10:22,text
99971000433,99971000452,2026-08-06 03:11:16,text
99971002377,99971002382,2026-08-06 03:12:27,text
99971002098,99971002089,2026-08-06 03:13:39,text
99971000773,99971000770,2026-08-06 03:26:27,text
99971001649,99971001643,2026-08-06 03:34:27,text
99971001815,99971001820,2026-08-06 03:34:33,text
99971001206,99971001211,2026-08-06 03:58:49,text
99971000550,99971000546,2026-08-06 04:01:13,text
99971000999,99971001008,2026-08-06 04:16:50,text
99971000633,99971000641,2026-08-06 05:19:00,text
99971000421,99971000419,2026-08-06 05:50:47,text
99971000449,99971000450,2026-08-06 05:51:24,text
99971001191,99971001187,2026-08-06 06:23:26,text
99971001794,99971001780,2026-08-06 06:30:31,text
99971001242,99971001246,2026-08-06 06:42:58,text
99971000994,99971000990,2026-08-06 07:41:35,text
99971001470,99971001473,2026-08-06 07:50:28,text
99971000263,99971000252,2026-08-06 08:01:14,text
99971000324,99971000333,2026-08-06 08:05:07,text
99971002092,99971002106,2026-08-06 08:14:39,text
99971000454,99971000446,2026-08-06 08:15:05,text
99971000163,99971000151,2026-08-06 08:37:04,text
99971001723,99971001715,2026-08-06 09:06:46,text
99971000265,99971000268,2026-08-06 09:07:32,text
99971001678,99971001679,2026-08-06 09:16:16,text
99971001210,99971001203,2026-08-06 09:36:15,text
99971000884,99971000882,2026-08-06 09:37:34,text
99971001234,99971001239,2026-08-06 09:44:06,text
99971002292,99971002289,2026-08-06 10:12:47,text
99971000308,99971000309,2026-08-06 10:13:31,text
99971001982,99971001984,2026-08-06 10:16:06,text
99971001137,99971001140,2026-08-06 10:17:01,text
99971001309,99971001312,2026-08-06 10:30:04,text
99971002133,99971002116,2026-08-06 10:40:38,text
99971000902,99971000895,2026-08-06 10:44:44,text
99971001744,99971001739,2026-08-06 10:54:11,text
99971001519,99971001513,2026-08-06 10:54:42,text
99971000786,99971000792,2026-08-06 11:42:09,text
99971001144,99971001147,2026-08-06 11:44:08,text
99971002286,99971002300,2026-08-06 11:44:24,text
99971000401,99971000406,2026-08-06 12:09:33,text
99971001734,99971001744,2026-08-06 12:20:11,text
99971002263,99971002274,2026-08-06 13:04:59,text
99971000136,99971000121,2026-08-06 13:07:56,text
99971000779,99971000785,2026-08-06 13:14:21,text
99971000996,99971001007,2026-08-06 13:37:08,text
99971002150,99971002143,2026-08-06 13:41:24,text
99971001601,99971001586,2026-08-06 13:50:22,text
99971001752,99971001743,2026-08-06 14:13:49,text
99971000224,99971000233,2026-08-06 14:23:38,text
99971001669,99971001680,2026-08-06 14:24:15,text
99971001761,99971001769,2026-08-06 14:48:56,text
99971000277,99971000281,2026-08-06 14:53:00,text
99971001344,99971001321,2026-08-06 15:01:42,text
99971000382,99971000379,2026-08-06 15:03:39,text
99971002368,99971002367,2026-08-06 15:13:03,text
99971000219,99971000232,2026-08-06 15:18:52,text
99971000533,99971000550,2026-08-06 15:43:19,text
99971001342,99971001333,2026-08-06 15:53:24,text
99971002263,99971002259,2026-08-06 15:56:07,text
99971000081,99971000091,2026-08-06 16:05:57,text
99971000637,99971000645,2026-08-06 16:09:52,text
99971002365,99971002353,2026-08-06 16:52:16,text
99971000127,99971000137,2026-08-06 16:55:46,text
99971000523,99971000527,2026-08-06 17:15:18,text
99971000060,99971000051,2026-08-06 17:21:02,text
99971002109,99971002105,2026-08-06 17:26:02,text
99971001680,99971001672,2026-08-06 17:26:54,text
99971000566,99971000554,2026-08-06 17:28:42,text
99971000814,99971000806,2026-08-06 17:48:40,text
99971000520,99971000516,2026-08-06 17:57:14,text
99971000963,99971000970,2026-08-06 17:59:06,text
99971002165,99971002161,2026-08-06 18:05:09,text
99971002187,99971002198,2026-08-06 18:24:27,text
99971001872,99971001859,2026-08-06 18:28:03,text
99971001773,99971001767,2026-08-06 18:34:12,text
99971002145,99971002157,2026-08-06 18:41:52,text
99971001847,99971001843,2026-08-06 18:50:40,text
99971002127,99971002117,2026-08-06 18:50:55,text
99971000314,99971000328,2026-08-06 19:02:45,text
99971002072,99971002074,2026-08-06 19:30:46,text
99971000828,99971000836,2026-08-06 19:36:44,text
99971001050,99971001036,2026-08-06 19:45:05,text
99971002012,99971002013,2026-08-06 20:04:04,text
99971001158,99971001165,2026-08-06 20:37:39,text
99971001929,99971001937,2026-08-06 21:10:21,text
99971000559,99971000575,2026-08-06 21:26:33,text
99971001504,99971001508,2026-08-06 21:46:09,text
99971000601,99971000610,2026-08-06 21:48:06,text
99971000121,99971000130,2026-08-06 21:53:14,text
99971000749,99971000766,2026-08-06 22:00:19,text
99971000625,99971000644,2026-08-06 22:00:38,text
99971001373,99971001376,2026-08-06 22:24:21,text
99971001166,99971001167,2026-08-06 22:27:48,text
99971000026,99971000028,2026-08-06 22:50:20,text
99971002362,99971002367,2026-08-06 22:56:53,text
99971000059,99971000057,2026-08-06 23:23:39,text
99971000901,99971000889,2026-08-06 23:35:30,text
99971000928,99971000933,2026-08-07 00:11:28,text
99971001205,99971001206,2026-08-07 00:25:31,text
99971002226,99971002219,2026-08-07 00:36:28,text
99971001494,99971001504,2026-08-07 00:45:08,text
99971000786,99971000774,2026-08-07 00:59:42,text
99971002216,99971002230,2026-08-07 01:04:38,text
99971001192,99971001182,2026-08-07 01:13:24,text
99971000599,99971000583,2026-08-07 01:19:44,text
99971001144,99971001132,2026-08-07 01:22:07,text
99971000459,99971000476,2026-08-07 01:45:49,text
99971001016,99971001013,2026-08-07 01:54:37,text
99971001022,99971001014,2026-08-07 01:59:43,text
99971000576,99971000564,2026-08-07 02:18:21,text
99971001114,99971001110,2026-08-07 02:26:18,text
99971001219,99971001223,2026-08-07 02:29:51,text
99971000838,99971000821,2026-08-07 02:36:20,text
99971001144,99971001147,2026-08-07 03:23:42,text
99971000062,99971000054,2026-08-07 03:30:42,text
99971000236,99971000228,2026-08-07 03:32:25,text
99971001827,99971001829,2026-08-07 03:35:58,text
99971002217,99971002231,2026-08-07 04:02:51,text
99971000342,99971000344,2026-08-07 04:04:09,text
99971001635,99971001654,2026-08-07 04:12:19,text
99971001797,99971001782,2026-08-07 04:16:30,text
99971002259,99971002269,2026-08-07 04:36:29,text
99971001686,99971001688,2026-08-07 04:58:35,text
99971002180,99971002173,2026-08-07 05:05:29,text
99971001711,99971001722,2026-08-07 05:10:46,text
99971000929,99971000922,2026-08-07 05:15:52,text
99971000019,99971000015,2026-08-07 05:23:33,text
99971001069,99971001078,2026-08-07 05:24:31,text
99971001014,99971001031,2026-08-07 05:29:55,text
99971000322,99971000318,2026-08-07 05:47:09,text
99971002328,99971002317,2026-08-07 05:56:00,text
99971001212,99971001216,2026-08-07 05:57:09,text
99971002106,99971002107,2026-08-07 05:59:45,text
99971000681,99971000675,2026-08-07 06:08:43,text
99971002049,99971002061,2026-08-07 06:29:31,text
99971001673,99971001670,2026-08-07 06:36:44,text
99971001629,99971001610,2026-08-07 06:45:50,text
99971000362,99971000384,2026-08-07 06:46:25,text
99971001827,99971001835,2026-08-07 06:46:49,text
99971000456,99971000435,2026-08-07 06:51:10,text
99971001732,99971001748,2026-08-07 06:52:08,text
99971000221,99971000234,2026-08-07 07:01:06,text
99971002086,99971002085,2026-08-07 07:24:26,text
99971000149,99971000152,2026-08-07 07:28:42,text
99971002095,99971002112,2026-08-07 07:51:28,text
99971001025,99971001024,2026-08-07 08:00:21,text
99971002117,99971002134,2026-08-07 08:27:36,text
99971001132,99971001147,2026-08-07 08:34:43,text
99971000420,99971000429,2026-08-07 08:50:45,text
99971001308,99971001320,2026-08-07 08:56:16,text
99971000519,99971000517,2026-08-07 09:11:41,text
99971000268,99971000276,2026-08-07 09:36:05,text
99971002297,99971002287,2026-08-07 10:04:11,text
99971002067,99971002079,2026-08-07 10:05:08,text
99971001074,99971001071,2026-08-07 10:05:48,text
99971000824,99971000819,2026-08-07 10:09:59,text
99971000613,99971000612,2026-08-07 10:10:49,text
99971001147,99971001131,2026-08-07 10:12:38,text
99971000414,99971000423,2026-08-07 10:16:22,text
99971002029,99971002038,2026-08-07 10:31:28,text
99971001004,99971000986,2026-08-07 11:10:12,text
99971002379,99971002400,2026-08-07 11:17:38,text
99971001328,99971001342,2026-08-07 12:03:38,text
99971001272,99971001249,2026-08-07 12:24:19,text
99971001210,99971001203,2026-08-07 12:34:06,text
99971002254,99971002248,2026-08-07 12:38:35,text
99971000386,99971000391,2026-08-07 13:01:31,text
99971001835,99971001845,2026-08-07 13:01:47,text
99971000450,99971000443,2026-08-07 13:06:19,text
99971001356,99971001354,2026-08-07 13:10:53,text
99971000380,99971000375,2026-08-07 13:30:38,text
99971000215,99971000210,2026-08-07 13:31:47,text
99971001641,99971001650,2026-08-07 13:34:49,text
99971000726,99971000727,2026-08-07 13:39:52,text
99971002399,99971002398,2026-08-07 13:46:46,text
99971001787,99971001798,2026-08-07 13:53:02,text
99971000647,99971000626,2026-08-07 14:14:29,text
99971001813,99971001811,2026-08-07 14:15:00,text
99971000512,99971000513,2026-08-07 14:23:10,text
99971001313,99971001312,2026-08-07 14:42:24,text
99971001753,99971001763,2026-08-07 14:53:26,text
99971001619,99971001629,2026-08-07 14:58:07,text
99971001301,99971001320,2026-08-07 15:06:32,text
99971000979,99971000966,2026-08-07 15:15:44,text
99971001453,99971001455,2026-08-07 15:20:22,text
99971000775,99971000774,2026-08-07 15:43:36,text
99971000601,99971000619,2026-08-07 15:45:55,text
99971000569,99971000568,2026-08-07 16:03:57,text
99971001087,99971001084,2026-08-07 16:31:11,text
99971000720,99971000702,2026-08-07 16:50:56,text
99971000102,99971000113,2026-08-07 16:54:02,text
99971001130,99971001152,2026-08-07 17:00:00,text
99971002164,99971002182,2026-08-07 17:03:34,text
99971000111,99971000103,2026-08-07 17:07:19,text
99971002284,99971002291,2026-08-07 17:29:45,text
99971001773,99971001753,2026-08-07 17:34:25,text
99971002009,99971002006,2026-08-07 17:39:31,text
99971001858,99971001867,2026-08-07 18:28:27,text
99971000792,99971000786,2026-08-07 18:34:08,text
99971000766,99971000745,2026-08-07 18:34:11,text
99971000352,99971000344,2026-08-07 18:34:53,text
99971001845,99971001835,2026-08-07 18:44:34,text
99971000266,99971000270,2026-08-07 18:46:31,text
99971001672,99971001664,2026-08-07 18:47:36,text
99971000502,99971000500,2026-08-07 19:13:59,text
99971000370,99971000372,2026-08-07 19:19:07,text
99971001155,99971001174,2026-08-07 19:40:46,text
99971000906,99971000901,2026-08-07 19:53:16,text
99971002265,99971002273,2026-08-07 19:53:55,text
99971001452,99971001464,2026-08-07 20:10:38,text
99971001156,99971001163,2026-08-07 20:12:23,text
99971000325,99971000322,2026-08-07 20:13:57,text
99971002031,99971002027,2026-08-07 20:27:59,text
99971001511,99971001490,2026-08-07 20:29:00,text
99971001931,99971001926,2026-08-07 20:32:36,text
99971002053,99971002042,2026-08-07 20:38:40,text
99971001034,99971001042,2026-08-07 20:47:54,text
99971000109,99971000098,2026-08-07 21:03:35,text
99971001152,99971001146,2026-08-07 21:14:33,text
99971001872,99971001859,2026-08-07 21:21:02,text
99971000917,99971000934,2026-08-07 21:21:52,text
99971000788,99971000789,2026-08-07 21:27:27,text
99971001022,99971001029,2026-08-07 21:27:28,text
99971000094,99971000085,2026-08-07 21:45:02,text
99971000568,99971000569,2026-08-07 21:49:21,text
99971000688,99971000678,2026-08-07 21:51:02,text
99971001771,99971001757,2026-08-07 21:56:38,text
99971001094,99971001085,2026-08-07 22:00:03,text
99971001938,99971001939,2026-08-07 22:20:22,text
99971001642,99971001648,2026-08-07 22:26:00,text
99971000772,99971000789,2026-08-07 22:29:54,text
99971001613,99971001625,2026-08-07 22:48:38,text
99971001969,99971001986,2026-08-07 22:55:40,text
99971000814,99971000806,2026-08-07 23:01:16,text
99971002241,99971002245,2026-08-07 23:23:58,text
99971001622,99971001632,2026-08-07 23:27:19,text
99971000690,99971000693,2026-08-07 23:29:01,text
99971000856,99971000859,2026-08-07 23:31:04,text
99971002279,99971002266,2026-08-07 23:54:07,text
99971001226,99971001228,2026-08-07 23:58:08,text
99971000838,99971000823,2026-08-08 00:12:19,text
99971002083,99971002078,2026-08-08 00:17:15,text
99971000085,99971000090,2026-08-08 00:18:55,text
99971001360,99971001351,2026-08-08 00:21:45,text
99971001210,99971001209,2026-08-08 00:49:41,text
99971000467,99971000466,2026-08-08 01:10:29,text
99971002382,99971002384,2026-08-08 01:27:27,text
99971000469,99971000465,2026-08-08 01:28:51,text
99971001989,99971001971,2026-08-08 01:32:51,text
99971001607,99971001599,2026-08-08 01:48:58,text
99971000009,99971000013,2026-08-08 02:17:06,text
99971002284,99971002301,2026-08-08 02:27:52,text
99971001451,99971001463,2026-08-08 02:37:29,text
99971001330,99971001335,2026-08-08 02:42:46,text
99971001272,99971001264,2026-08-08 02:46:05,text
99971000103,99971000111,2026-08-08 03:39:44,text
99971001593,99971001589,2026-08-08 03:54:15,text
99971001477,99971001473,2026-08-08 04:02:49,text
99971000061,99971000063,2026-08-08 04:33:53,text
99971001370,99971001378,2026-08-08 04:58:03,text
99971001430,99971001418,2026-08-08 04:58:34,text
99971001185,99971001187,2026-08-08 05:03:56,text
99971000992,99971001000,2026-08-08 05:30:01,text
99971002383,99971002395,2026-08-08 05:48:23,text
99971000938,99971000955,2026-08-08 06:04:54,text
99971000255,99971000262,2026-08-08 06:22:45,text
99971001815,99971001822,2026-08-08 06:26:36,text
99971001960,99971001945,2026-08-08 06:41:39,text
99971000647,99971000636,2026-08-08 06:55:12,text
99971000361,99971000373,2026-08-08 08:04:14,text
99971002237,99971002244,2026-08-08 08:16:20,text
99971000885,99971000884,2026-08-08 08:30:43,text
99971000670,99971000671,2026-08-08 08:32:58,text
99971002375,99971002364,2026-08-08 08:36:25,text
99971000248,99971000261,2026-08-08 08:52:27,text
99971000421,99971000424,2026-08-08 08:58:11,text
99971001287,99971001274,2026-08-08 09:18:10,text
99971001302,99971001299,2026-08-08 09:21:24,text
99971002026,99971002035,2026-08-08 09:34:40,text
99971001030,99971001029,2026-08-08 09:52:55,text
99971001328,99971001342,2026-08-08 09:53:47,text
99971001730,99971001741,2026-08-08 09:58:52,text
99971000868,99971000881,2026-08-08 10:09:28,text
99971002218,99971002229,2026-08-08 10:17:45,text
99971000013,99971000009,2026-08-08 10:18:02,text
99971000949,99971000943,2026-08-08 10:33:20,text
99971000267,99971000273,2026-08-08 10:33:23,text
99971001738,99971001742,2026-08-08 10:54:22,text
99971001767,99971001773,2026-08-08 10:57:56,text
99971000959,99971000937,2026-08-08 10:59:09,text
99971000993,99971000992,2026-08-08 11:21:00,text
99971000299,99971000300,2026-08-08 11:23:48,text
99971001526,99971001515,2026-08-08 11:26:56,text
99971001287,99971001273,2026-08-08 11:33:58,text
99971000660,99971000667,2026-08-08 11:36:15,text
99971000710,99971000712,2026-08-08 12:13:26,text
99971001715,99971001718,2026-08-08 12:49:06,text
99971000458,99971000472,2026-08-08 12:58:51,text
99971001223,99971001201,2026-08-08 13:04:00,text
99971001888,99971001890,2026-08-08 13:07:19,text
99971000790,99971000775,2026-08-08 13:49:51,text
99971001706,99971001707,2026-08-08 13:55:39,text
99971000176,99971000178,2026-08-08 13:55:44,text
99971001302,99971001304,2026-08-08 13:59:26,text
99971000991,99971000994,2026-08-08 14:13:22,text
99971000643,99971000648,2026-08-08 14:14:31,text
99971000293,99971000309,2026-08-08 14:32:01,text
99971000663,99971000651,2026-08-08 14:35:40,text
99971000664,99971000667,2026-08-08 14:40:41,text
99971001242,99971001239,2026-08-08 14:43:03,text
99971001567,99971001576,2026-08-08 14:43:16,text
99971001031,99971001024,2026-08-08 15:06:02,text
99971002154,99971002140,2026-08-08 15:13:10,text
99971002105,99971002096,2026-08-08 15:26:22,text
99971002118,99971002119,2026-08-08 15:27:06,text
99971001155,99971001160,2026-08-08 15:30:10,text
99971001765,99971001755,2026-08-08 15:34:57,text
99971001379,99971001378,2026-08-08 16:15:40,text
99971001861,99971001868,2026-08-08 16:16:52,text
99971001242,99971001235,2026-08-08 16:43:55,text
99971001439,99971001431,2026-08-08 17:21:47,text
99971000979,99971000974,2026-08-08 17:38:06,text
99971000668,99971000652,2026-08-08 17:57:30,text
99971001706,99971001712,2026-08-08 18:29:49,text
99971000616,99971000613,2026-08-08 18:34:30,text
99971000547,99971000539,2026-08-08 18:51:25,text
99971001023,99971001021,2026-08-08 19:10:18,text
99971000010,99971000023,2026-08-08 19:15:42,text
99971002030,99971002018,2026-08-08 19:18:22,text
99971001270,99971001262,2026-08-08 19:27:53,text
99971000534,99971000541,2026-08-08 19:29:39,text
99971000534,99971000546,2026-08-08 19:37:18,text
99971000258,99971000241,2026-08-08 19:48:26,text
99971002378,99971002383,2026-08-08 19:49:21,text
99971001958,99971001964,2026-08-08 20:04:40,text
99971000800,99971000812,2026-08-08 20:10:13,text
99971001457,99971001445,2026-08-08 20:21:18,text
99971001651,99971001656,2026-08-08 20:24:50,text
99971001899,99971001915,2026-08-08 20:44:51,text
99971000820,99971000819,2026-08-08 21:03:44,text
99971002065,99971002085,2026-08-08 21:17:36,text
99971000183,99971000170,2026-08-08 21:20:31,text
99971002308,99971002309,2026-08-08 21:25:24,text
99971001019,99971001024,2026-08-08 21:41:44,text
99971001779,99971001797,2026-08-08 21:55:48,text
99971002306,99971002312,2026-08-08 22:15:12,text
99971001978,99971001988,2026-08-08 22:34:53,text
99971000508,99971000521,2026-08-08 22:40:19,text
99971000209,99971000200,2026-08-08 22:56:59,text
99971001367,99971001363,2026-08-08 22:59:15,text
99971002007,99971002014,2026-08-08 23:09:38,text
99971000067,99971000072,2026-08-08 23:16:40,text
99971000964,99971000965,2026-08-08 23:20:20,text
99971000616,99971000613,2026-08-09 00:04:52,text
99971000117,99971000114,2026-08-09 00:17:37,text
99971001760,99971001764,2026-08-09 00:17:43,text
99971001408,99971001409,2026-08-09 00:20:27,text
99971001475,99971001466,2026-08-09 00:34:06,text
99971001370,99971001376,2026-08-09 00:58:25,text
99971002395,99971002384,2026-08-09 01:03:49,text
99971000712,99971000709,2026-08-09 01:06:13,text
99971001248,99971001247,2026-08-09 01:20:04,text
99971000600,99971000586,2026-08-09 01:51:48,text
99971002078,99971002083,2026-08-09 02:43:51,text
99971000332,99971000327,2026-08-09 02:45:20,text
99971000608,99971000624,2026-08-09 02:45:48,text
99971000406,99971000401,2026-08-09 03:02:41,text
99971002012,99971001996,2026-08-09 03:15:50,text
99971001830,99971001847,2026-08-09 03:22:01,text
99971002359,99971002373,2026-08-09 03:25:21,text
99971001418,99971001430,2026-08-09 03:32:09,text
99971000086,99971000075,2026-08-09 03:45:47,text
99971002212,99971002217,2026-08-09 03:57:21,text
99971001752,99971001743,2026-08-09 04:18:06,text
99971001421,99971001436,2026-08-09 04:19:04,text
99971001419,99971001434,2026-08-09 04:28:35,text
99971000845,99971000862,2026-08-09 04:39:11,text
99971000199,99971000201,2026-08-09 04:39:16,text
99971001741,99971001748,2026-08-09 04:51:48,text
99971000327,99971000332,2026-08-09 04:54:16,text
99971001405,99971001393,2026-08-09 05:24:41,text
99971001404,99971001414,2026-08-09 06:00:14,text
99971002396,99971002387,2026-08-09 06:08:21,text
99971000336,99971000333,2026-08-09 06:16:09,text
99971002009,99971001993,2026-08-09 06:23:20,text
99971000286,99971000283,2026-08-09 06:25:14,text
99971000823,99971000820,2026-08-09 06:29:11,text
99971001077,99971001059,2026-08-09 06:31:26,text
99971002309,99971002327,2026-08-09 06:35:41,text
99971001302,99971001297,2026-08-09 06:42:09,text
99971000608,99971000609,2026-08-09 06:56:52,text
99971000555,99971000562,2026-08-09 06:56:55,text
99971002343,99971002352,2026-08-09 07:03:04,text
99971001703,99971001686,2026-08-09 07:08:39,text
99971001567,99971001576,2026-08-09 07:12:00,text
99971000380,99971000375,2026-08-09 07:17:26,text
99971000132,99971000123,2026-08-09 07:25:20,text
99971000751,99971000752,2026-08-09 07:34:28,text
99971000420,99971000414,2026-08-09 07:42:45,text
99971000331,99971000319,2026-08-09 07:53:30,text
99971001988,99971001978,2026-08-09 08:09:17,text
99971001093,99971001081,2026-08-09 08:12:14,text
99971001826,99971001832,2026-08-09 08:58:32,text
99971002304,99971002292,2026-08-09 09:00:48,text
99971001057,99971001064,2026-08-09 09:00:57,text
99971000741,99971000739,2026-08-09 09:03:38,text
99971001895,99971001877,2026-08-09 09:05:54,text
99971000903,99971000898,2026-08-09 09:28:49,text
99971000494,99971000501,2026-08-09 09:53:12,text
99971001328,99971001331,2026-08-09 10:21:40,text
99971002321,99971002323,2026-08-09 10:29:07,text
99971000967,99971000973,2026-08-09 10:48:18,text
99971001495,99971001504,2026-08-09 11:44:20,text
99971001986,99971001988,2026-08-09 12:18:12,text
99971001830,99971001835,2026-08-09 12:44:32,text
99971002189,99971002195,2026-08-09 12:48:31,text
99971001486,99971001471,2026-08-09 12:48:43,text
99971002380,99971002386,2026-08-09 12:50:30,text
99971000497,99971000502,2026-08-09 13:12:32,text
99971000107,99971000099,2026-08-09 13:26:53,text
99971001392,99971001382,2026-08-09 13:46:08,text
99971000604,99971000603,2026-08-09 14:05:50,text
99971002079,99971002086,2026-08-09 14:13:07,text
99971002366,99971002358,2026-08-09 14:18:01,text
99971000022,99971000009,2026-08-09 14:21:30,text
99971001496,99971001505,2026-08-09 14:27:38,text
99971000561,99971000557,2026-08-09 14:34:16,text
99971001894,99971001882,2026-08-09 14:40:47,text
99971000564,99971000569,2026-08-09 15:17:54,text
99971000421,99971000427,2026-08-09 15:24:28,text
99971000318,99971000332,2026-08-09 15:32:05,text
99971002382,99971002384,2026-08-09 15:43:02,text
99971000239,99971000220,2026-08-09 15:57:11,text
99971002094,99971002111,2026-08-09 16:17:59,text
99971000423,99971000417,2026-08-09 16:22:23,text
99971000614,99971000613,2026-08-09 16:23:58,text
99971001578,99971001584,2026-08-09 16:45:51,text
99971001474,99971001488,2026-08-09 16:47:05,text
99971000038,99971000032,2026-08-09 16:54:55,text
99971000253,99971000243,2026-08-09 16:58:13,text
99971001501,99971001498,2026-08-09 16:58:38,text
99971001594,99971001589,2026-08-09 17:14:12,text
99971001383,99971001369,2026-08-09 17:19:08,text
99971002268,99971002262,2026-08-09 17:25:48,text
99971000484,99971000490,2026-08-09 17:40:27,text
99971001195,99971001177,2026-08-09 17:48:52,text
99971000111,99971000115,2026-08-09 18:14:11,text
99971001191,99971001183,2026-08-09 18:38:10,text
99971002311,99971002309,2026-08-09 18:43:16,text
99971001685,99971001702,2026-08-09 18:44:57,text
99971000793,99971000795,2026-08-09 19:00:47,text
99971002337,99971002333,2026-08-09 19:10:14,text
99971001170,99971001171,2026-08-09 19:26:53,text
99971002019,99971002034,2026-08-09 19:35:57,text
99971002136,99971002120,2026-08-09 19:38:00,text
99971000820,99971000819,2026-08-09 19:49:54,text
99971001859,99971001872,2026-08-09 19:52:02,text
99971001708,99971001713,2026-08-09 19:59:05,text
99971001213,99971001220,2026-08-09 20:22:20,text
99971000690,99971000689,2026-08-09 20:59:28,text
99971001229,99971001225,2026-08-09 21:03:30,text
99971000007,99971000005,2026-08-09 21:14:54,text
99971000724,99971000725,2026-08-09 21:42:11,text
99971000723,99971000733,2026-08-09 21:46:05,text
99971001289,99971001295,2026-08-09 21:48:19,text
99971000583,99971000599,2026-08-09 21:50:20,text
99971001091,99971001103,2026-08-09 21:56:07,text
99971000763,99971000761,2026-08-09 22:17:11,text
99971002216,99971002222,2026-08-09 22:20:34,text
99971001737,99971001739,2026-08-09 22:36:08,text
99971001374,99971001376,2026-08-09 22:42:00,text
99971001042,99971001053,2026-08-09 22:56:57,text
99971001053,99971001034,2026-08-09 23:10:27,text
99971001767,99971001771,2026-08-09 23:11:22,text
99971002180,99971002171,2026-08-09 23:17:13,text
99971001852,99971001849,2026-08-09 23:17:55,text
99971000691,99971000681,2026-08-09 23:25:05,text
99971000739,99971000722,2026-08-09 23:25:29,text
99971001609,99971001621,2026-08-09 23:33:13,text
99971000101,99971000097,2026-08-09 23:34:58,text
99971002078,99971002068,2026-08-09 23:50:59,text
99971000521,99971000513,2026-08-09 23:59:14,text
99971000613,99971000616,2026-08-10 00:01:39,text
99971002086,99971002081,2026-08-10 00:07:00,text
99971001818,99971001815,2026-08-10 00:14:41,text
99971001606,99971001604,2026-08-10 00:18:08,text
99971000203,99971000198,2026-08-10 00:30:43,text
99971000150,99971000156,2026-08-10 00:37:04,text
99971000177,99971000176,2026-08-10 00:53:02,text
99971000690,99971000673,2026-08-10 00:55:10,text
99971001519,99971001526,2026-08-10 01:04:00,text
99971000534,99971000541,2026-08-10 01:04:22,text
99971001033,99971001035,2026-08-10 01:06:24,text
99971001324,99971001321,2026-08-10 01:16:15,text
99971000461,99971000470,2026-08-10 01:17:56,text
99971002273,99971002267,2026-08-10 01:24:22,text
99971000176,99971000180,2026-08-10 01:29:42,text
99971000564,99971000563,2026-08-10 01:41:41,text
99971001957,99971001962,2026-08-10 01:41:55,text
99971001421,99971001436,2026-08-10 02:06:53,text
99971001285,99971001291,2026-08-10 02:08:37,text
99971001974,99971001976,2026-08-10 02:09:51,text
99971001529,99971001515,2026-08-10 02:15:59,text
99971001826,99971001844,2026-08-10 03:13:02,text
99971001400,99971001399,2026-08-10 03:47:54,text
99971000463,99971000470,2026-08-10 03:51:57,text
99971001772,99971001760,2026-08-10 04:10:38,text
99971000438,99971000434,2026-08-10 04:21:16,text
99971001773,99971001772,2026-08-10 04:34:30,text
99971000860,99971000864,2026-08-10 04:39:40,text
99971000699,99971000702,2026-08-10 04:42:12,text
99971000004,99971000022,2026-08-10 04:44:34,text
99971000115,99971000109,2026-08-10 04:52:27,text
99971000498,99971000503,2026-08-10 04:57:47,text
99971001863,99971001861,2026-08-10 05:42:42,text
99971001575,99971001573,2026-08-10 05:54:15,text
99971001989,99971001981,2026-08-10 05:54:36,text
99971001390,99971001372,2026-08-10 06:06:50,text
99971002304,99971002295,2026-08-10 06:24:46,text
99971002007,99971002014,2026-08-10 06:42:42,text
99971002310,99971002305,2026-08-10 06:48:01,text
99971001716,99971001724,2026-08-10 06:48:54,text
99971001309,99971001312,2026-08-10 07:23:01,text
99971000252,99971000263,2026-08-10 07:37:59,text
99971001438,99971001418,2026-08-10 07:44:29,text
99971001128,99971001123,2026-08-10 07:53:48,text
99971002086,99971002085,2026-08-10 08:07:03,text
99971000371,99971000365,2026-08-10 08:18:32,text
99971000055,99971000069,2026-08-10 08:23:35,text
99971000609,99971000601,2026-08-10 08:53:31,text
99971001576,99971001574,2026-08-10 09:20:28,text
99971000579,99971000594,2026-08-10 09:23:08,text
99971001163,99971001156,2026-08-10 09:29:02,text
99971000623,99971000605,2026-08-10 09:51:42,text
99971002208,99971002205,2026-08-10 09:54:36,text
99971000411,99971000412,2026-08-10 10:28:50,text
99971000993,99971000995,2026-08-10 10:29:22,text
99971001690,99971001687,2026-08-10 10:31:00,text
99971002346,99971002350,2026-08-10 10:50:48,text
99971000640,99971000635,2026-08-10 10:52:49,text
99971002128,99971002119,2026-08-10 10:55:25,text
99971001449,99971001452,2026-08-10 11:02:53,text
99971000653,99971000665,2026-08-10 11:03:17,text
99971000688,99971000686,2026-08-10 11:11:10,text
99971001989,99971001985,2026-08-10 11:17:58,text
99971001609,99971001612,2026-08-10 11:19:25,text
99971001707,99971001726,2026-08-10 11:35:03,text
99971001251,99971001268,2026-08-10 11:48:30,text
99971000392,99971000407,2026-08-10 11:53:04,text
99971001592,99971001586,2026-08-10 11:53:44,text
99971001172,99971001159,2026-08-10 11:55:15,text
99971000345,99971000358,2026-08-10 12:03:39,text
99971000062,99971000066,2026-08-10 12:09:04,text
99971002070,99971002069,2026-08-10 12:12:09,text
99971001277,99971001274,2026-08-10 12:24:24,text
99971001442,99971001447,2026-08-10 12:44:39,text
99971001550,99971001552,2026-08-10 12:57:30,text
99971000449,99971000450,2026-08-10 13:08:08,text
99971001854,99971001852,2026-08-10 13:11:17,text
99971001360,99971001358,2026-08-10 13:12:17,text
99971002157,99971002150,2026-08-10 13:43:21,text
99971001393,99971001411,2026-08-10 13:53:33,text
99971001645,99971001652,2026-08-10 13:55:49,text
99971002276,99971002268,2026-08-10 14:15:40,text
99971001393,99971001411,2026-08-10 14:36:08,text
99971001195,99971001181,2026-08-10 14:59:27,text
99971000923,99971000913,2026-08-10 15:01:52,text
99971000066,99971000062,2026-08-10 15:04:57,text
99971000499,99971000498,2026-08-10 15:27:44,text
99971000075,99971000086,2026-08-10 15:29:49,text
99971002197,99971002199,2026-08-10 15:31:46,text
99971000667,99971000664,2026-08-10 15:33:06,text
99971002161,99971002175,2026-08-10 16:03:40,text
99971000458,99971000463,2026-08-10 16:04:07,text
99971001574,99971001575,2026-08-10 16:05:37,text
99971001609,99971001615,2026-08-10 16:05:56,text
99971002362,99971002374,2026-08-10 16:06:34,text
99971000668,99971000658,2026-08-10 16:34:01,text
99971000587,99971000584,2026-08-10 16:42:58,text
99971000033,99971000038,2026-08-10 16:46:27,text
99971002292,99971002289,2026-08-10 16:53:34,text
99971000777,99971000776,2026-08-10 16:54:22,text
99971000466,99971000460,2026-08-10 17:12:40,text
99971002245,99971002238,2026-08-10 17:22:11,text
99971002209,99971002219,2026-08-10 17:22:25,text
99971000649,99971000661,2026-08-10 17:25:45,text
99971000720,99971000707,2026-08-10 17:48:19,text
99971000916,99971000915,2026-08-10 18:03:51,text
99971002390,99971002388,2026-08-10 18:05:37,text
99971000089,99971000080,2026-08-10 18:08:02,text
99971001516,99971001528,2026-08-10 18:36:12,text
99971001136,99971001148,2026-08-10 18:37:53,text
99971000125,99971000139,2026-08-10 18:55:06,text
99971001785,99971001781,2026-08-10 19:20:05,text
99971002188,99971002186,2026-08-10 19:27:45,text
99971001677,99971001657,2026-08-10 19:35:28,text
99971002183,99971002182,2026-08-10 19:55:48,text
99971000987,99971000994,2026-08-10 20:05:20,text
99971000203,99971000214,2026-08-10 20:06:17,text
99971001762,99971001766,2026-08-10 20:17:15,text
99971000573,99971000555,2026-08-10 20:19:43,text
99971001277,99971001293,2026-08-10 20:40:43,text
99971001630,99971001614,2026-08-10 20:53:01,text
99971000551,99971000548,2026-08-10 20:56:43,text
99971001461,99971001442,2026-08-10 21:06:34,text
99971001798,99971001800,2026-08-10 21:08:59,text
99971001502,99971001491,2026-08-10 21:10:39,text
99971000022,99971000004,2026-08-10 21:12:22,text
99971002186,99971002198,2026-08-10 21:23:42,text
99971001580,99971001576,2026-08-10 21:29:14,text
99971000490,99971000491,2026-08-10 21:51:04,text
99971000354,99971000342,2026-08-10 21:59:08,text
99971001844,99971001826,2026-08-10 22:03:18,text
99971001527,99971001523,2026-08-10 22:26:46,text
99971000300,99971000299,2026-08-10 22:32:07,text
99971001961,99971001953,2026-08-10 22:34:11,text
99971001328,99971001329,2026-08-10 22:35:14,text
99971002231,99971002217,2026-08-10 22:45:07,text
99971000704,99971000712,2026-08-10 23:02:33,text
99971002248,99971002255,2026-08-10 23:10:15,text
99971000239,99971000235,2026-08-10 23:13:21,text
99971001064,99971001057,2026-08-10 23:37:05,text
99971000276,99971000288,2026-08-10 23:59:59,text
99971001141,99971001151,2026-08-11 00:33:25,text
99971000242,99971000243,2026-08-11 00:33:34,text
99971002307,99971002313,2026-08-11 00:41:16,text
99971001828,99971001841,2026-08-11 00:57:23,text
99971001594,99971001608,2026-08-11 00:57:29,text
99971000394,99971000398,2026-08-11 01:11:28,text
99971001228,99971001234,2026-08-11 01:13:49,text
99971000362,99971000367,2026-08-11 01:23:13,text
99971000355,99971000342,2026-08-11 01:24:30,text
99971000708,99971000714,2026-08-11 01:28:53,text
99971001508,99971001511,2026-08-11 01:34:28,text
99971001463,99971001452,2026-08-11 01:35:20,text
99971002132,99971002113,2026-08-11 01:36:54,text
99971002031,99971002030,2026-08-11 01:49:05,text
99971002398,99971002399,2026-08-11 01:54:43,text
99971002067,99971002087,2026-08-11 01:55:23,text
99971001656,99971001640,2026-08-11 02:08:35,text
99971001691,99971001682,2026-08-11 02:09:52,text
99971001010,99971001024,2026-08-11 02:14:04,text
99971001095,99971001086,2026-08-11 02:39:39,text
99971000159,99971000157,2026-08-11 02:43:19,text
99971001847,99971001832,2026-08-11 02:47:32,text
99971001784,99971001777,2026-08-11 02:47:46,text
99971001820,99971001801,2026-08-11 03:08:45,text
99971001670,99971001669,2026-08-11 03:19:37,text
99971002160,99971002137,2026-08-11 03:20:11,text
99971002273,99971002260,2026-08-11 03:33:27,text
99971001079,99971001080,2026-08-11 04:05:44,text
99971001083,99971001091,2026-08-11 04:08:15,text
99971000804,99971000815,2026-08-11 04:35:52,text
99971000841,99971000859,2026-08-11 04:39:08,text
99971002083,99971002075,2026-08-11 04:41:24,text
99971000362,99971000364,2026-08-11 05:02:01,text
99971000539,99971000534,2026-08-11 05:03:52,text
99971000029,99971000038,2026-08-11 05:04:25,text
99971002301,99971002293,2026-08-11 05:13:01,text
99971001465,99971001481,2026-08-11 05:22:11,text
99971002224,99971002219,2026-08-11 05:30:27,text
99971001965,99971001948,2026-08-11 05:40:27,text
99971000440,99971000435,2026-08-11 05:44:26,text
99971002025,99971002019,2026-08-11 05:48:05,text
99971000529,99971000548,2026-08-11 06:31:11,text
99971001580,99971001579,2026-08-11 06:44:22,text
99971001969,99971001986,2026-08-11 06:59:23,text
99971000774,99971000780,2026-08-11 07:18:10,text
99971001467,99971001486,2026-08-11 07:28:07,text
99971001911,99971001912,2026-08-11 07:52:27,text
99971001777,99971001793,2026-08-11 08:14:55,text
99971000459,99971000471,2026-08-11 08:15:10,text
99971000415,99971000428,2026-08-11 08:51:51,text
99971000525,99971000512,2026-08-11 09:06:12,text
99971000961,99971000974,2026-08-11 09:12:03,text
99971000271,99971000287,2026-08-11 09:16:03,text
99971000364,99971000380,2026-08-11 09:24:59,text
99971000049,99971000064,2026-08-11 09:29:48,text
99971000654,99971000666,2026-08-11 10:03:29,text
99971001013,99971001016,2026-08-11 10:14:32,text
99971001724,99971001718,2026-08-11 10:55:24,text
99971002326,99971002314,2026-08-11 10:57:12,text
99971001213,99971001216,2026-08-11 10:57:39,text
99971000192,99971000185,2026-08-11 11:40:21,text
99971000773,99971000770,2026-08-11 11:55:24,text
99971002383,99971002381,2026-08-11 11:57:22,text
99971001991,99971001981,2026-08-11 12:29:36,text
99971000369,99971000365,2026-08-11 12:35:25,text
99971000075,99971000094,2026-08-11 13:19:55,text
99971001261,99971001264,2026-08-11 13:34:59,text
99971001864,99971001855,2026-08-11 13:40:49,text
99971000348,99971000357,2026-08-11 13:49:32,text
99971000187,99971000183,2026-08-11 13:51:19,text
99971000840,99971000837,2026-08-11 13:57:40,text
99971002065,99971002088,2026-08-11 14:22:47,text
99971000798,99971000805,2026-08-11 14:23:15,text
99971002184,99971002176,2026-08-11 14:37:13,text
99971000855,99971000843,2026-08-11 14:41:03,text
99971001128,99971001121,2026-08-11 15:16:21,text
99971001824,99971001802,2026-08-11 15:17:42,text
99971001640,99971001652,2026-08-11 15:36:52,text
99971001598,99971001591,2026-08-11 15:46:47,text
99971001341,99971001342,2026-08-11 15:48:10,text
99971001992,99971001985,2026-08-11 15:49:36,text
99971000003,99971000024,2026-08-11 15:59:48,text
99971001533,99971001529,2026-08-11 16:17:10,text
99971000848,99971000843,2026-08-11 17:18:19,text
99971001763,99971001771,2026-08-11 17:21:50,text
99971002034,99971002037,2026-08-11 17:22:50,text
99971002176,99971002171,2026-08-11 17:52:52,text
99971001377,99971001386,2026-08-11 18:00:09,text
99971001175,99971001158,2026-08-11 18:10:25,text
99971000989,99971000990,2026-08-11 18:13:59,text
99971000309,99971000308,2026-08-11 18:39:15,text
99971002343,99971002330,2026-08-11 18:51:00,text
99971002127,99971002117,2026-08-11 19:03:17,text
99971000141,99971000133,2026-08-11 19:16:05,text
99971001233,99971001227,2026-08-11 19:23:34,text
99971000798,99971000797,2026-08-11 19:27:27,text
99971000797,99971000798,2026-08-11 19:30:08,text
99971001042,99971001034,2026-08-11 19:30:24,text
99971001520,99971001531,2026-08-11 19:33:58,text
99971000859,99971000864,2026-08-11 19:56:13,text
99971002050,99971002042,2026-08-11 19:58:13,text
99971001548,99971001545,2026-08-11 19:59:55,text
99971000183,99971000173,2026-08-11 20:03:22,text
99971001175,99971001176,2026-08-11 20:08:48,text
99971001898,99971001910,2026-08-11 20:13:08,text
99971000677,99971000687,2026-08-11 20:16:39,text
99971001812,99971001802,2026-08-11 20:21:25,text
99971000636,99971000630,2026-08-11 20:25:34,text
99971000758,99971000765,2026-08-11 21:14:06,text
99971000323,99971000335,2026-08-11 21:14:20,text
99971002190,99971002200,2026-08-11 21:24:27,text
99971001299,99971001316,2026-08-11 21:32:35,text
99971002277,99971002272,2026-08-11 21:43:32,text
99971000423,99971000417,2026-08-11 21:46:00,text
99971000187,99971000177,2026-08-11 22:04:48,text
99971002388,99971002390,2026-08-11 22:27:49,text
99971002350,99971002336,2026-08-11 22:51:49,text
99971001985,99971001989,2026-08-11 22:55:47,text
99971000073,99971000087,2026-08-11 23:03:40,text
99971001219,99971001207,2026-08-11 23:11:12,text
99971002080,99971002071,2026-08-12 00:10:16,text
99971000691,99971000678,2026-08-12 00:16:46,text
99971000256,99971000262,2026-08-12 00:21:09,text
99971000534,99971000536,2026-08-12 00:39:41,text
99971001206,99971001209,2026-08-12 00:57:30,text
99971000600,99971000578,2026-08-12 01:12:27,text
99971000407,99971000404,2026-08-12 02:00:26,text
99971002057,99971002060,2026-08-12 02:04:01,text
99971000160,99971000152,2026-08-12 02:11:59,text
99971001133,99971001135,2026-08-12 02:20:00,text
99971002384,99971002395,2026-08-12 02:24:07,text
99971001831,99971001825,2026-08-12 02:27:07,text
99971001160,99971001156,2026-08-12 02:27:54,text
99971001343,99971001327,2026-08-12 02:47:41,text
99971001681,99971001685,2026-08-12 03:14:59,text
99971000384,99971000378,2026-08-12 03:28:25,text
99971000750,99971000766,2026-08-12 03:35:38,text
99971000421,99971000427,2026-08-12 03:40:05,text
99971002135,99971002115,2026-08-12 03:44:57,text
99971001958,99971001955,2026-08-12 03:54:56,text
99971000862,99971000858,2026-08-12 04:09:56,text
99971000038,99971000029,2026-08-12 04:10:27,text
99971001513,99971001528,2026-08-12 04:11:38,text
99971002218,99971002221,2026-08-12 04:21:48,text
99971000626,99971000640,2026-08-12 04:29:22,text
99971001083,99971001100,2026-08-12 04:40:37,text
99971000393,99971000394,2026-08-12 04:47:08,text
99971001898,99971001914,2026-08-12 05:38:02,text
99971000980,99971000977,2026-08-12 05:51:47,text
99971000914,99971000931,2026-08-12 05:52:58,text
99971001931,99971001943,2026-08-12 05:55:12,text
99971001173,99971001170,2026-08-12 06:00:05,text
99971001450,99971001441,2026-08-12 06:09:07,text
99971001190,99971001194,2026-08-12 06:09:47,text
99971000175,99971000177,2026-08-12 06:21:39,text
99971001300,99971001304,2026-08-12 06:22:00,text
99971001377,99971001380,2026-08-12 06:31:27,text
99971000533,99971000542,2026-08-12 06:41:59,text
99971000153,99971000163,2026-08-12 06:53:02,text
99971001314,99971001307,2026-08-12 06:56:19,text
99971000402,99971000407,2026-08-12 07:09:21,text
99971000339,99971000352,2026-08-12 07:25:45,text
99971002030,99971002040,2026-08-12 07:36:18,text
99971000117,99971000108,2026-08-12 07:50:58,text
99971002057,99971002060,2026-08-12 08:04:24,text
99971000356,99971000359,2026-08-12 08:21:37,text
99971000343,99971000351,2026-08-12 08:23:48,text
99971000349,99971000352,2026-08-12 08:23:54,text
99971001515,99971001526,2026-08-12 08:24:54,text
99971000769,99971000776,2026-08-12 08:35:37,text
99971000754,99971000758,2026-08-12 08:40:31,text
99971002020,99971002028,2026-08-12 08:43:27,text
99971000482,99971000497,2026-08-12 09:06:35,text
99971002324,99971002318,2026-08-12 09:11:46,text
99971002120,99971002135,2026-08-12 09:21:49,text
99971001841,99971001840,2026-08-12 09:22:45,text
99971000456,99971000446,2026-08-12 09:23:17,text
99971001100,99971001083,2026-08-12 09:35:43,text
99971000238,99971000239,2026-08-12 09:44:51,text
99971000815,99971000814,2026-08-12 09:56:03,text
99971001664,99971001677,2026-08-12 10:12:00,text
99971000875,99971000885,2026-08-12 10:27:11,text
99971001244,99971001239,2026-08-12 10:35:05,text
99971001534,99971001518,2026-08-12 10:54:26,text
99971000929,99971000916,2026-08-12 10:56:47,text
99971001180,99971001184,2026-08-12 11:03:09,text
99971001031,99971001026,2026-08-12 11:07:58,text
99971002346,99971002350,2026-08-12 11:49:59,text
99971002265,99971002271,2026-08-12 12:47:37,text
99971001057,99971001068,2026-08-12 12:48:28,text
99971001120,99971001115,2026-08-12 13:11:07,text
99971002160,99971002147,2026-08-12 13:11:18,text
99971002167,99971002183,2026-08-12 13:14:10,text
99971001242,99971001232,2026-08-12 13:20:47,text
99971000695,99971000674,2026-08-12 13:33:23,text
99971000092,99971000090,2026-08-12 13:49:16,text
99971000619,99971000612,2026-08-12 14:14:14,text
99971000270,99971000266,2026-08-12 14:17:21,text
99971000322,99971000318,2026-08-12 14:33:06,text
99971000472,99971000467,2026-08-12 14:43:24,text
99971001158,99971001157,2026-08-12 14:48:30,text
99971000914,99971000918,2026-08-12 14:51:08,text
99971001127,99971001114,2026-08-12 14:53:39,text
99971001349,99971001348,2026-08-12 15:03:24,text
99971002038,99971002029,2026-08-12 15:05:03,text
99971002387,99971002386,2026-08-12 15:40:38,text
99971002184,99971002176,2026-08-12 16:04:00,text
99971001251,99971001253,2026-08-12 16:20:57,text
99971001457,99971001441,2026-08-12 16:34:47,text
99971000609,99971000623,2026-08-12 17:06:54,text
99971001372,99971001384,2026-08-12 17:24:35,text
99971001411,99971001416,2026-08-12 17:46:48,text
99971001497,99971001495,2026-08-12 18:04:53,text
99971000700,99971000697,2026-08-12 18:10:53,text
99971000461,99971000470,2026-08-12 18:48:52,text
99971001177,99971001197,2026-08-12 18:53:19,text
99971000947,99971000954,2026-08-12 18:56:32,text
99971000373,99971000372,2026-08-12 18:57:09,text
99971000410,99971000415,2026-08-12 19:00:20,text
99971000495,99971000487,2026-08-12 19:27:43,text
99971001519,99971001535,2026-08-12 19:29:10,text
99971000274,99971000272,2026-08-12 19:45:14,text
99971000699,99971000713,2026-08-12 20:04:32,text
99971000923,99971000935,2026-08-12 20:05:05,text
99971000894,99971000905,2026-08-12 20:18:04,text
99971002252,99971002250,2026-08-12 20:45:38,text
99971001466,99971001478,2026-08-12 21:06:50,text
99971001045,99971001052,2026-08-12 21:08:13,text
99971001507,99971001511,2026-08-12 21:30:17,text
99971000260,99971000256,2026-08-12 21:39:27,text
99971000514,99971000526,2026-08-12 21:44:59,text
99971001021,99971001016,2026-08-12 21:50:34,text
99971000014,99971000005,2026-08-12 21:55:41,text
99971000132,99971000138,2026-08-12 22:13:52,text
99971001190,99971001178,2026-08-12 22:23:47,text
99971002268,99971002278,2026-08-12 22:37:25,text
99971001167,99971001159,2026-08-12 22:37:46,text
99971000222,99971000239,2026-08-12 22:46:26,text
99971000249,99971000251,2026-08-12 22:54:03,text
99971001700,99971001695,2026-08-12 23:09:15,text
99971000688,99971000694,2026-08-12 23:24:45,text
99971002122,99971002130,2026-08-12 23:31:09,text
99971000460,99971000467,2026-08-12 23:43:41,text
99971002360,99971002362,2026-08-13 00:13:02,text
99971002151,99971002156,2026-08-13 00:32:03,text
99971000573,99971000555,2026-08-13 00:33:03,text
99971000690,99971000693,2026-08-13 00:39:12,text
99971000450,99971000449,2026-08-13 00:40:34,text
99971001302,99971001305,2026-08-13 00:51:26,text
99971001255,99971001252,2026-08-13 01:00:00,text
99971000645,99971000637,2026-08-13 01:28:56,text
99971001933,99971001939,2026-08-13 01:44:32,text
99971002214,99971002209,2026-08-13 01:55:37,text
99971000564,99971000576,2026-08-13 02:06:33,text
99971002005,99971002015,2026-08-13 02:08:10,text
99971000795,99971000793,2026-08-13 02:11:59,text
99971000195,99971000201,2026-08-13 02:21:43,text
99971000976,99971000973,2026-08-13 02:53:37,text
99971002051,99971002055,2026-08-13 02:54:35,text
99971001909,99971001916,2026-08-13 03:04:30,text
99971002306,99971002324,2026-08-13 03:23:56,text
99971001400,99971001399,2026-08-13 03:25:59,text
99971001322,99971001338,2026-08-13 03:33:51,text
99971000416,99971000419,2026-08-13 03:42:53,text
99971001571,99971001568,2026-08-13 03:50:48,text
99971001435,99971001426,2026-08-13 03:52:12,text
99971000334,99971000336,2026-08-13 03:56:52,text
99971001105,99971001115,2026-08-13 03:59:21,text
99971000054,99971000052,2026-08-13 04:18:57,text
99971000544,99971000533,2026-08-13 05:11:43,text
99971002252,99971002253,2026-08-13 05:14:27,text
99971000372,99971000371,2026-08-13 05:21:23,text
99971001533,99971001527,2026-08-13 05:21:43,text
99971000711,99971000701,2026-08-13 05:24:43,text
99971002157,99971002147,2026-08-13 05:33:54,text
99971001773,99971001767,2026-08-13 06:01:20,text
99971000964,99971000970,2026-08-13 06:08:21,text
99971001040,99971001039,2026-08-13 06:28:58,text
99971000840,99971000827,2026-08-13 06:33:40,text
99971001677,99971001671,2026-08-13 06:38:11,text
99971001511,99971001507,2026-08-13 06:43:18,text
99971001773,99971001768,2026-08-13 06:49:05,text
99971001390,99971001372,2026-08-13 06:58:10,text
99971001785,99971001777,2026-08-13 07:01:51,text
99971001646,99971001648,2026-08-13 07:15:56,text
99971001547,99971001559,2026-08-13 07:17:20,text
99971000470,99971000461,2026-08-13 07:45:32,text
99971000140,99971000128,2026-08-13 07:53:02,text
99971001518,99971001527,2026-08-13 08:09:42,text
99971000262,99971000255,2026-08-13 08:35:18,text
99971001090,99971001081,2026-08-13 08:38:32,text
99971000847,99971000860,2026-08-13 08:54:07,text
99971002301,99971002298,2026-08-13 08:58:25,text
99971000597,99971000581,2026-08-13 09:06:41,text
99971001098,99971001104,2026-08-13 09:14:48,text
99971000416,99971000431,2026-08-13 09:27:36,text
99971001467,99971001477,2026-08-13 09:48:56,text
99971000867,99971000887,2026-08-13 10:28:24,text
99971000951,99971000940,2026-08-13 10:39:34,text
99971001612,99971001609,2026-08-13 10:43:52,text
99971001250,99971001263,2026-08-13 10:46:58,text
99971000741,99971000739,2026-08-13 10:49:57,text
99971001379,99971001386,2026-08-13 10:55:33,text
99971000501,99971000482,2026-08-13 11:03:53,text
99971001252,99971001258,2026-08-13 11:12:41,text
99971001898,99971001900,2026-08-13 11:33:06,text
99971001338,99971001325,2026-08-13 11:34:49,text
99971000993,99971000992,2026-08-13 11:37:06,text
99971001009,99971001020,2026-08-13 12:09:00,text
99971002202,99971002197,2026-08-13 12:21:18,text
99971000250,99971000253,2026-08-13 12:35:44,text
99971002364,99971002361,2026-08-13 12:37:15,text
99971000128,99971000144,2026-08-13 12:56:35,text
99971001315,99971001319,2026-08-13 13:09:30,text
99971002268,99971002278,2026-08-13 13:25:35,text
99971001249,99971001256,2026-08-13 13:42:24,text
99971002333,99971002335,2026-08-13 13:43:59,text
99971001629,99971001618,2026-08-13 13:51:59,text
99971000545,99971000546,2026-08-13 13:54:13,text
99971001681,99971001685,2026-08-13 14:08:29,text
99971002386,99971002387,2026-08-13 14:26:49,text
99971001374,99971001390,2026-08-13 14:38:20,text
99971000451,99971000433,2026-08-13 14:58:33,text
99971001822,99971001823,2026-08-13 15:09:51,text
99971000652,99971000665,2026-08-13 15:15:34,text
99971000351,99971000347,2026-08-13 15:28:23,text
99971000447,99971000444,2026-08-13 15:32:13,text
99971001490,99971001511,2026-08-13 15:34:40,text
99971000190,99971000185,2026-08-13 15:36:23,text
99971001769,99971001776,2026-08-13 15:37:42,text
99971002157,99971002147,2026-08-13 15:38:00,text
99971001338,99971001325,2026-08-13 15:57:42,text
99971001353,99971001357,2026-08-13 16:01:06,text
99971000775,99971000779,2026-08-13 16:08:28,text
99971001081,99971001093,2026-08-13 16:47:13,text
99971000528,99971000524,2026-08-13 16:49:58,text
99971001171,99971001166,2026-08-13 16:59:42,text
99971001576,99971001567,2026-08-13 17:30:23,text
99971000612,99971000613,2026-08-13 17:47:52,text
99971000619,99971000612,2026-08-13 17:48:39,text
99971000963,99971000964,2026-08-13 18:37:52,text
99971001558,99971001549,2026-08-13 18:55:22,text
99971000559,99971000567,2026-08-13 18:58:53,text
99971000221,99971000234,2026-08-13 19:07:35,text
99971002208,99971002189,2026-08-13 19:09:31,text
99971001476,99971001465,2026-08-13 19:52:48,text
99971001513,99971001534,2026-08-13 19:58:15,text
99971001583,99971001570,2026-08-13 20:02:39,text
99971000683,99971000685,2026-08-13 20:08:23,text
99971001547,99971001539,2026-08-13 20:10:42,text
99971000647,99971000636,2026-08-13 20:35:10,text
99971001416,99971001412,2026-08-13 20:36:05,text
99971000725,99971000724,2026-08-13 21:08:12,text
99971000111,99971000097,2026-08-13 21:11:50,text
99971002252,99971002238,2026-08-13 21:20:02,text
99971000498,99971000503,2026-08-13 21:36:23,text
99971000877,99971000887,2026-08-13 21:39:08,text
99971001483,99971001474,2026-08-13 21:39:20,text
99971001875,99971001874,2026-08-13 21:52:41,text
99971001544,99971001557,2026-08-13 21:54:52,text
99971002359,99971002372,2026-08-13 21:59:26,text
99971001304,99971001302,2026-08-13 22:11:28,text
99971000496,99971000499,2026-08-13 22:41:05,text
99971002353,99971002370,2026-08-13 23:30:48,text
99971000218,99971000234,2026-08-13 23:35:20,text
99971001534,99971001525,2026-08-13 23:57:45,text
99971000787,99971000792,2026-08-13 23:57:54,text
99971001781,99971001785,2026-08-14 00:11:57,text
99971001544,99971001545,2026-08-14 00:13:38,text
99971001010,99971001024,2026-08-14 00:16:29,text
99971001086,99971001100,2026-08-14 00:30:01,text
99971001390,99971001382,2026-08-14 01:01:07,text
99971001228,99971001234,2026-08-14 01:11:47,text
99971000502,99971000497,2026-08-14 01:16:55,text
99971000713,99971000698,2026-08-14 01:29:00,text
99971002387,99971002396,2026-08-14 01:34:18,text
99971002212,99971002215,2026-08-14 01:37:54,text
99971000741,99971000739,2026-08-14 02:16:15,text
99971001924,99971001931,2026-08-14 02:21:42,text
99971001175,99971001156,2026-08-14 02:24:25,text
99971001968,99971001962,2026-08-14 03:03:30,text
99971001927,99971001944,2026-08-14 03:03:31,text
99971001526,99971001515,2026-08-14 03:03:59,text
99971001893,99971001891,2026-08-14 03:27:58,text
99971001493,99971001502,2026-08-14 03:46:11,text
99971002338,99971002336,2026-08-14 03:46:29,text
99971000080,99971000096,2026-08-14 03:55:17,text
99971001220,99971001223,2026-08-14 04:06:55,text
99971000067,99971000052,2026-08-14 04:07:41,text
99971002385,99971002398,2026-08-14 04:12:58,text
99971000952,99971000943,2026-08-14 04:20:17,text
99971000201,99971000195,2026-08-14 04:37:00,text
99971002024,99971002039,2026-08-14 04:39:03,text
99971001815,99971001801,2026-08-14 04:56:09,text
99971000875,99971000885,2026-08-14 05:04:25,text
99971000755,99971000762,2026-08-14 05:31:21,text
99971000410,99971000412,2026-08-14 05:32:45,text
99971000899,99971000911,2026-08-14 05:40:00,text
99971002231,99971002216,2026-08-14 05:48:49,text
99971001691,99971001701,2026-08-14 05:52:38,text
99971000833,99971000818,2026-08-14 05:57:05,text
99971002388,99971002389,2026-08-14 06:11:46,text
99971002281,99971002300,2026-08-14 06:23:51,text
99971000867,99971000888,2026-08-14 06:33:23,text
99971000606,99971000612,2026-08-14 07:01:58,text
99971001834,99971001843,2026-08-14 07:10:41,text
99971001806,99971001822,2026-08-14 07:29:04,text
99971000150,99971000146,2026-08-14 07:30:44,text
99971000505,99971000509,2026-08-14 07:38:21,text
99971002381,99971002383,2026-08-14 07:46:56,text
99971001967,99971001954,2026-08-14 07:52:38,text
99971002385,99971002398,2026-08-14 07:59:41,text
99971000127,99971000137,2026-08-14 08:04:15,text
99971000239,99971000235,2026-08-14 08:32:00,text
99971001948,99971001965,2026-08-14 08:40:23,text
99971002072,99971002080,2026-08-14 08:52:58,text
99971002073,99971002074,2026-08-14 09:00:15,text
99971001631,99971001616,2026-08-14 09:05:15,text
99971002050,99971002042,2026-08-14 09:06:46,text
99971001702,99971001700,2026-08-14 09:40:14,text
99971002205,99971002208,2026-08-14 09:42:25,text
99971002212,99971002215,2026-08-14 10:27:19,text
99971002136,99971002132,2026-08-14 10:33:37,text
99971001718,99971001724,2026-08-14 10:35:48,text
99971002310,99971002305,2026-08-14 10:36:26,text
99971001662,99971001679,2026-08-14 10:56:39,text
99971000921,99971000913,2026-08-14 10:57:54,text
99971002252,99971002235,2026-08-14 11:44:36,text
99971001368,99971001355,2026-08-14 12:00:07,text
99971000982,99971000975,2026-08-14 12:09:11,text
99971001579,99971001580,2026-08-14 12:11:56,text
99971001518,99971001534,2026-08-14 12:38:09,text
99971000892,99971000908,2026-08-14 12:52:02,text
99971001753,99971001763,2026-08-14 13:10:17,text
99971001254,99971001249,2026-08-14 13:26:44,text
99971002304,99971002288,2026-08-14 13:28:05,text
99971000172,99971000184,2026-08-14 13:36:05,text
99971000097,99971000111,2026-08-14 14:15:53,text
99971000756,99971000752,2026-08-14 14:35:40,text
99971000540,99971000547,2026-08-14 14:39:21,text
99971001694,99971001681,2026-08-14 14:39:42,text
99971001469,99971001486,2026-08-14 14:45:28,text
99971002133,99971002121,2026-08-14 14:56:33,text
99971000014,99971000011,2026-08-14 15:03:56,text
99971002095,99971002112,2026-08-14 15:36:50,text
99971001641,99971001645,2026-08-14 15:40:17,text
99971000636,99971000630,2026-08-14 15:53:11,text
99971002106,99971002097,2026-08-14 15:53:30,text
99971001053,99971001048,2026-08-14 15:56:16,text
99971001045,99971001052,2026-08-14 16:13:29,text
99971001167,99971001166,2026-08-14 16:17:53,text
99971001613,99971001620,2026-08-14 16:43:31,text
99971000252,99971000263,2026-08-14 17:01:21,text
99971000617,99971000601,2026-08-14 17:02:25,text
99971001539,99971001541,2026-08-14 17:54:41,text
99971001852,99971001849,2026-08-14 18:05:35,text
99971000782,99971000788,2026-08-14 18:08:19,text
99971001577,99971001581,2026-08-14 18:32:10,text
99971001977,99971001982,2026-08-14 18:37:18,text
99971002188,99971002193,2026-08-14 18:40:46,text
99971000843,99971000855,2026-08-14 18:40:52,text
99971000766,99971000749,2026-08-14 18:58:30,text
99971000723,99971000735,2026-08-14 19:03:20,text
99971001426,99971001435,2026-08-14 19:10:24,text
99971000209,99971000201,2026-08-14 19:24:00,text
99971001797,99971001784,2026-08-14 19:54:18,text
99971001855,99971001871,2026-08-14 20:03:58,text
99971001457,99971001452,2026-08-14 20:12:57,text
99971000113,99971000114,2026-08-14 20:16:31,text
99971001010,99971001027,2026-08-14 20:27:39,text
99971001032,99971001016,2026-08-14 20:30:15,text
99971000715,99971000717,2026-08-14 20:34:40,text
99971000129,99971000123,2026-08-14 20:37:57,text
99971002294,99971002285,2026-08-14 20:50:06,text
99971000658,99971000653,2026-08-14 20:51:36,text
99971002369,99971002367,2026-08-14 20:52:06,text
99971001015,99971001023,2026-08-14 21:04:56,text
99971001566,99971001574,2026-08-14 21:21:34,text
99971002141,99971002142,2026-08-14 21:25:22,text
99971000841,99971000850,2026-08-14 21:54:50,text
99971000538,99971000531,2026-08-14 22:04:39,text
99971000553,99971000567,2026-08-14 22:19:04,text
99971001091,99971001104,2026-08-14 22:26:22,text
99971001764,99971001760,2026-08-14 22:29:35,text
99971000804,99971000794,2026-08-14 22:38:40,text
99971000623,99971000605,2026-08-14 22:44:31,text
99971001498,99971001502,2026-08-14 22:53:53,text
99971000287,99971000288,2026-08-14 22:59:31,text
99971001666,99971001663,2026-08-14 23:03:11,text
99971001483,99971001468,2026-08-14 23:10:11,text
99971001192,99971001199,2026-08-14 23:11:08,text
99971001089,99971001094,2026-08-14 23:14:58,text
99971000085,99971000077,2026-08-14 23:16:50,text
99971002215,99971002214,2026-08-14 23:37:06,text
99971001705,99971001722,2026-08-14 23:46:25,text
99971000769,99971000778,2026-08-14 23:47:30,text
99971002227,99971002217,2026-08-14 23:53:41,text
99971001150,99971001139,2026-08-14 23:54:54,text
99971000010,99971000020,2026-08-14 23:58:53,text
99971002100,99971002089,2026-08-15 00:16:30,text
99971001363,99971001359,2026-08-15 00:27:10,text
99971001610,99971001611,2026-08-15 00:31:11,text
99971001747,99971001729,2026-08-15 00:33:45,text
99971002008,99971002002,2026-08-15 00:58:58,text
99971001521,99971001516,2026-08-15 01:09:43,text
99971000159,99971000167,2026-08-15 01:10:52,text
99971001080,99971001071,2026-08-15 01:26:02,text
99971001186,99971001177,2026-08-15 01:42:52,text
99971002398,99971002385,2026-08-15 01:44:03,text
99971001979,99971001972,2026-08-15 01:53:51,text
99971000770,99971000784,2026-08-15 02:05:58,text
99971000609,99971000601,2026-08-15 02:07:24,text
99971000641,99971000633,2026-08-15 02:22:30,text
99971000049,99971000060,2026-08-15 02:23:10,text
99971001319,99971001314,2026-08-15 02:23:23,text
99971001922,99971001940,2026-08-15 02:31:09,text
99971000804,99971000815,2026-08-15 02:36:28,text
99971000127,99971000142,2026-08-15 02:37:06,text
99971002169,99971002184,2026-08-15 02:58:27,text
99971002175,99971002161,2026-08-15 02:59:07,text
99971001734,99971001730,2026-08-15 03:00:09,text
99971000905,99971000910,2026-08-15 03:16:36,text
99971001960,99971001945,2026-08-15 03:25:25,text
99971000302,99971000311,2026-08-15 03:27:38,text
99971000727,99971000726,2026-08-15 03:49:53,text
99971000472,99971000467,2026-08-15 03:54:18,text
99971001951,99971001968,2026-08-15 03:55:30,text
99971000216,99971000208,2026-08-15 04:12:20,text
99971002121,99971002129,2026-08-15 04:17:52,text
99971001620,99971001619,2026-08-15 04:37:13,text
99971002111,99971002106,2026-08-15 04:56:37,text
99971001408,99971001396,2026-08-15 05:01:30,text
99971001365,99971001364,2026-08-15 05:11:04,text
99971000932,99971000929,2026-08-15 05:19:57,text
99971001974,99971001973,2026-08-15 05:41:52,text
99971001161,99971001154,2026-08-15 05:43:10,text
99971000294,99971000306,2026-08-15 06:02:05,text
99971001947,99971001955,2026-08-15 06:03:28,text
99971001104,99971001099,2026-08-15 06:10:45,text
99971001943,99971001924,2026-08-15 06:36:03,text
99971000167,99971000158,2026-08-15 06:47:41,text
99971000176,99971000178,2026-08-15 07:01:24,text
99971002275,99971002264,2026-08-15 07:05:22,text
99971001327,99971001343,2026-08-15 07:05:38,text
99971000663,99971000661,2026-08-15 07:07:10,text
99971001418,99971001427,2026-08-15 07:07:46,text
99971000285,99971000271,2026-08-15 07:09:04,text
99971001409,99971001413,2026-08-15 07:18:50,text
99971001531,99971001520,2026-08-15 07:23:09,text
99971000711,99971000697,2026-08-15 07:36:05,text
99971001101,99971001089,2026-08-15 07:37:40,text
99971000024,99971000003,2026-08-15 07:50:59,text
99971000774,99971000780,2026-08-15 07:55:55,text
99971000246,99971000257,2026-08-15 08:10:18,text
99971002327,99971002323,2026-08-15 08:11:20,text
99971002022,99971002039,2026-08-15 08:13:48,text
99971000698,99971000716,2026-08-15 08:27:15,text
99971001996,99971002012,2026-08-15 08:38:47,text
99971000204,99971000212,2026-08-15 08:48:54,text
99971000179,99971000169,2026-08-15 09:10:41,text
99971002075,99971002068,2026-08-15 09:15:46,text
99971001521,99971001523,2026-08-15 09:31:52,text
99971002187,99971002206,2026-08-15 09:43:46,text
99971001529,99971001532,2026-08-15 09:52:30,text
99971000160,99971000152,2026-08-15 09:59:20,text
99971000243,99971000242,2026-08-15 10:07:02,text
99971000744,99971000729,2026-08-15 10:35:59,text
99971001229,99971001238,2026-08-15 10:41:37,text
99971000985,99971000998,2026-08-15 10:42:50,text
99971001091,99971001103,2026-08-15 11:00:25,text
99971000040,99971000038,2026-08-15 11:07:31,text
99971002108,99971002107,2026-08-15 11:19:33,text
99971002400,99971002379,2026-08-15 11:24:39,text
99971001063,99971001073,2026-08-15 11:55:05,text
99971000735,99971000724,2026-08-15 12:08:04,text
99971001762,99971001759,2026-08-15 12:18:29,text
99971002055,99971002044,2026-08-15 12:32:13,text
99971000542,99971000533,2026-08-15 12:42:57,text
99971002193,99971002207,2026-08-15 12:50:53,text
99971000015,99971000012,2026-08-15 13:41:38,text
99971001894,99971001882,2026-08-15 14:17:12,text
99971001538,99971001551,2026-08-15 14:37:13,text
99971000469,99971000463,2026-08-15 15:04:33,text
99971001588,99971001602,2026-08-15 15:08:56,text
99971001809,99971001821,2026-08-15 15:09:37,text
99971000152,99971000160,2026-08-15 15:09:54,text
99971001402,99971001399,2026-08-15 15:33:34,text
99971000857,99971000863,2026-08-15 15:37:50,text
99971002216,99971002225,2026-08-15 16:15:59,text
99971001114,99971001122,2026-08-15 16:18:04,text
99971000305,99971000301,2026-08-15 16:21:21,text
99971000961,99971000975,2026-08-15 16:23:14,text
99971000090,99971000085,2026-08-15 16:25:59,text
99971001023,99971001027,2026-08-15 16:29:39,text
99971001709,99971001717,2026-08-15 17:00:22,text
99971000188,99971000180,2026-08-15 17:00:48,text
99971000416,99971000422,2026-08-15 17:07:22,text
99971002024,99971002028,2026-08-15 17:09:33,text
99971001772,99971001759,2026-08-15 17:14:01,text
99971001549,99971001559,2026-08-15 17:35:13,text
99971001926,99971001933,2026-08-15 18:36:51,text
99971000670,99971000656,2026-08-15 18:43:47,text
99971002330,99971002346,2026-08-15 18:56:11,text
99971002323,99971002319,2026-08-15 19:02:05,text
99971000596,99971000586,2026-08-15 19:16:07,text
99971000657,99971000664,2026-08-15 19:20:04,text
99971001053,99971001049,2026-08-15 19:26:42,text
99971001398,99971001405,2026-08-15 20:00:59,text
99971001413,99971001407,2026-08-15 20:04:54,text
99971002048,99971002064,2026-08-15 20:12:54,text
99971000475,99971000478,2026-08-15 20:13:17,text
99971000903,99971000892,2026-08-15 20:15:17,text
99971001226,99971001228,2026-08-15 20:16:49,text
99971000187,99971000177,2026-08-15 20:21:35,text
99971001688,99971001703,2026-08-15 20:24:24,text
99971002216,99971002230,2026-08-15 20:45:38,text
99971001269,99971001271,2026-08-15 21:00:37,text
99971000584,99971000577,2026-08-15 21:02:15,text
99971000415,99971000427,2026-08-15 21:06:04,text
99971000225,99971000220,2026-08-15 21:39:34,text
99971000961,99971000974,2026-08-15 21:40:14,text
99971002026,99971002040,2026-08-15 22:05:12,text
99971002372,99971002376,2026-08-15 22:10:50,text
99971000958,99971000959,2026-08-15 22:10:54,text
99971001984,99971001989,2026-08-15 22:27:29,text
99971000151,99971000160,2026-08-15 22:37:06,text
99971002272,99971002265,2026-08-15 22:49:32,text
99971001233,99971001248,2026-08-15 23:09:14,text
99971000713,99971000698,2026-08-15 23:16:14,text
99971000309,99971000310,2026-08-16 00:01:13,text
99971000601,99971000624,2026-08-16 00:10:29,text
99971000036,99971000046,2026-08-16 00:11:20,text
99971000180,99971000175,2026-08-16 00:13:01,text
99971000503,99971000483,2026-08-16 00:46:43,text
99971000848,99971000843,2026-08-16 00:52:31,text
99971000379,99971000368,2026-08-16 00:54:51,text
99971001871,99971001862,2026-08-16 01:07:43,text
99971002291,99971002300,2026-08-16 01:12:07,text
99971000631,99971000630,2026-08-16 01:27:15,text
99971000223,99971000232,2026-08-16 01:34:11,text
99971001383,99971001379,2026-08-16 01:40:51,text
99971001471,99971001477,2026-08-16 01:58:36,text
99971001227,99971001242,2026-08-16 02:02:20,text
99971000162,99971000158,2026-08-16 02:07:43,text
99971000323,99971000326,2026-08-16 02:26:16,text
99971001586,99971001601,2026-08-16 02:35:14,text
99971000571,99971000555,2026-08-16 02:57:17,text
99971000143,99971000125,2026-08-16 03:16:25,text
99971001965,99971001948,2026-08-16 03:18:37,text
99971001984,99971001991,2026-08-16 03:33:46,text
99971000397,99971000402,2026-08-16 03:41:36,text
99971001257,99971001262,2026-08-16 03:47:46,text
99971000943,99971000949,2026-08-16 03:53:48,text
99971002169,99971002161,2026-08-16 03:53:51,text
99971001406,99971001410,2026-08-16 04:01:44,text
99971002080,99971002072,2026-08-16 04:33:27,text
99971001836,99971001837,2026-08-16 05:10:18,text
99971000731,99971000737,2026-08-16 05:11:54,text
99971001061,99971001076,2026-08-16 05:24:32,text
99971000385,99971000391,2026-08-16 05:57:35,text
99971001424,99971001426,2026-08-16 06:10:19,text
99971001863,99971001850,2026-08-16 06:16:54,text
99971000412,99971000427,2026-08-16 06:29:43,text
99971002105,99971002102,2026-08-16 06:36:17,text
99971001779,99971001781,2026-08-16 06:39:09,text
99971000061,99971000062,2026-08-16 06:43:18,text
99971000415,99971000414,2026-08-16 06:47:53,text
99971000514,99971000526,2026-08-16 06:57:04,text
99971001052,99971001050,2026-08-16 07:02:06,text
99971002344,99971002343,2026-08-16 07:25:47,text
99971002252,99971002245,2026-08-16 07:30:56,text
99971001043,99971001051,2026-08-16 07:45:41,text
99971000387,99971000407,2026-08-16 08:40:41,text
99971000459,99971000474,2026-08-16 08:41:32,text
99971001292,99971001282,2026-08-16 08:44:24,text
99971000839,99971000827,2026-08-16 08:56:43,text
99971001123,99971001128,2026-08-16 08:58:13,text
99971001435,99971001431,2026-08-16 08:58:22,text
99971000233,99971000224,2026-08-16 09:04:21,text
99971001231,99971001248,2026-08-16 09:21:58,text
99971000156,99971000155,2026-08-16 09:24:35,text
99971001007,99971000997,2026-08-16 09:45:00,text
99971000340,99971000355,2026-08-16 09:47:50,text
99971002132,99971002115,2026-08-16 10:19:20,text
99971001427,99971001435,2026-08-16 10:24:05,text
99971001989,99971001984,2026-08-16 10:24:53,text
99971002100,99971002093,2026-08-16 10:29:17,text
99971000192,99971000184,2026-08-16 11:27:38,text
99971000561,99971000563,2026-08-16 11:48:23,text
99971002141,99971002138,2026-08-16 12:00:11,text
99971002047,99971002045,2026-08-16 12:20:36,text
99971001054,99971001056,2026-08-16 12:23:48,text
99971001395,99971001403,2026-08-16 12:28:49,text
99971000976,99971000973,2026-08-16 12:39:51,text
99971001152,99971001142,2026-08-16 12:55:03,text
99971001569,99971001573,2026-08-16 12:58:43,text
99971001824,99971001818,2026-08-16 13:13:58,text
99971000124,99971000134,2026-08-16 13:54:25,text
99971001461,99971001460,2026-08-16 13:55:08,text
99971002256,99971002250,2026-08-16 14:00:20,text
99971001720,99971001710,2026-08-16 14:00:54,text
99971002013,99971002011,2026-08-16 14:24:03,text
99971001663,99971001678,2026-08-16 14:52:43,text
99971002306,99971002324,2026-08-16 15:13:31,text
99971002119,99971002120,2026-08-16 15:15:04,text
99971002340,99971002336,2026-08-16 15:15:20,text
99971001296,99971001276,2026-08-16 15:17:07,text
99971002339,99971002335,2026-08-16 15:30:59,text
99971000391,99971000386,2026-08-16 15:42:55,text
99971000505,99971000519,2026-08-16 15:43:43,text
99971002222,99971002224,2026-08-16 16:01:46,text
99971001627,99971001631,2026-08-16 16:02:09,text
99971001847,99971001832,2026-08-16 16:23:27,text
99971001388,99971001373,2026-08-16 16:26:37,text
99971000863,99971000859,2026-08-16 16:26:41,text
99971000197,99971000206,2026-08-16 17:32:11,text
99971001177,99971001195,2026-08-16 17:32:36,text
99971000104,99971000117,2026-08-16 17:35:53,text
99971000407,99971000392,2026-08-16 17:49:47,text
99971000786,99971000791,2026-08-16 17:50:43,text
99971000914,99971000917,2026-08-16 18:24:10,text
99971001654,99971001651,2026-08-16 18:33:05,text
99971001129,99971001143,2026-08-16 19:13:17,text
99971001078,99971001065,2026-08-16 19:26:23,text
99971001599,99971001590,2026-08-16 19:28:43,text
99971000011,99971000019,2026-08-16 19:40:56,text
99971000787,99971000792,2026-08-16 19:49:05,text
99971000454,99971000446,2026-08-16 19:59:06,text
99971002156,99971002146,2026-08-16 20:39:26,text
99971001240,99971001228,2026-08-16 20:49:57,text
99971000938,99971000949,2026-08-16 20:53:15,text
99971000019,99971000011,2026-08-16 21:30:14,text
99971001944,99971001927,2026-08-16 21:40:04,text
99971000943,99971000954,2026-08-16 21:48:13,text
99971001275,99971001289,2026-08-16 22:00:45,text
99971001886,99971001891,2026-08-16 22:10:23,text
99971000885,99971000884,2026-08-16 22:16:16,text
99971001330,99971001335,2026-08-16 22:16:51,text
99971000746,99971000764,2026-08-16 22:31:43,text
99971001620,99971001613,2026-08-16 22:36:15,text
99971002167,99971002174,2026-08-16 22:40:10,text
99971001943,99971001931,2026-08-16 22:45:28,text
99971002005,99971002003,2026-08-16 22:49:23,text
99971002231,99971002216,2026-08-16 23:30:28,text
99971002007,99971002000,2026-08-16 23:32:51,text
99971001545,99971001544,2026-08-16 23:51:04,text
99971000803,99971000807,2026-08-17 00:25:27,text
99971001827,99971001833,2026-08-17 00:36:23,text
99971000620,99971000615,2026-08-17 00:42:53,text
99971001552,99971001556,2026-08-17 00:44:58,text
99971001444,99971001442,2026-08-17 00:50:06,text
99971001498,99971001499,2026-08-17 01:12:05,text
99971001209,99971001220,2026-08-17 01:29:17,text
99971000063,99971000052,2026-08-17 02:06:50,text
99971001914,99971001906,2026-08-17 02:14:39,text
99971000432,99971000430,2026-08-17 02:14:56,text
99971001372,99971001384,2026-08-17 04:00:57,text
99971001928,99971001924,2026-08-17 06:10:07,text
99971001043,99971001051,2026-08-17 06:15:00,text
99971001510,99971001499,2026-08-17 06:39:15,text
99971000695,99971000696,2026-08-17 06:43:58,text
99971000698,99971000704,2026-08-17 06:44:46,text
99971000101,99971000118,2026-08-17 06:47:14,text
99971001417,99971001431,2026-08-17 06:49:14,text
99971001809,99971001810,2026-08-17 07:51:56,text
99971001759,99971001762,2026-08-17 08:03:08,text
99971000342,99971000341,2026-08-17 08:03:34,text
99971001623,99971001629,2026-08-17 08:11:32,text
99971001827,99971001845,2026-08-17 08:22:57,text
99971001800,99971001784,2026-08-17 08:23:51,text
99971002051,99971002050,2026-08-17 08:51:19,text
99971001325,99971001337,2026-08-17 09:29:26,text
99971002366,99971002364,2026-08-17 09:45:41,text
99971001069,99971001078,2026-08-17 10:16:17,text
99971002204,99971002193,2026-08-17 10:20:58,text
99971000090,99971000084,2026-08-17 10:32:47,text
99971002314,99971002307,2026-08-17 10:37:54,text
99971001306,99971001302,2026-08-17 10:45:27,text
99971000327,99971000326,2026-08-17 11:02:54,text
99971001023,99971001021,2026-08-17 11:24:55,text
99971001896,99971001876,2026-08-17 11:32:57,text
99971001910,99971001915,2026-08-17 11:36:33,text
99971001476,99971001465,2026-08-17 11:53:59,text
99971000488,99971000494,2026-08-17 12:06:45,text
99971002168,99971002161,2026-08-17 12:12:06,text
99971000207,99971000213,2026-08-17 12:15:59,text
99971002130,99971002122,2026-08-17 12:30:03,text
99971001163,99971001171,2026-08-17 12:33:32,text
99971000701,99971000710,2026-08-17 12:34:17,text
99971002061,99971002056,2026-08-17 12:51:33,text
99971002026,99971002036,2026-08-17 13:11:57,text
99971000374,99971000381,2026-08-17 13:28:41,text
99971001231,99971001248,2026-08-17 13:30:02,text
99971001712,99971001706,2026-08-17 13:47:24,text
99971001197,99971001195,2026-08-17 13:47:35,text
99971001732,99971001741,2026-08-17 13:57:42,text
99971001051,99971001049,2026-08-17 14:08:16,text
99971001030,99971001028,2026-08-17 14:46:39,text
99971000903,99971000893,2026-08-17 14:48:17,text
99971000306,99971000292,2026-08-17 14:48:30,text
99971001089,99971001101,2026-08-17 15:07:58,text
99971001637,99971001646,2026-08-17 15:46:12,text
99971002148,99971002155,2026-08-17 15:48:39,text
99971000068,99971000063,2026-08-17 16:22:10,text
99971001193,99971001180,2026-08-17 17:03:43,text
99971001850,99971001863,2026-08-17 17:26:12,text
99971001785,99971001795,2026-08-17 17:28:35,text
99971000934,99971000915,2026-08-17 17:29:04,text
99971001472,99971001466,2026-08-17 17:40:12,text
99971000326,99971000317,2026-08-17 17:43:00,text
99971001166,99971001176,2026-08-17 17:49:24,text
99971000534,99971000532,2026-08-17 17:59:44,text
99971001639,99971001637,2026-08-17 18:03:48,text
99971000894,99971000889,2026-08-17 18:06:42,text
99971000989,99971000990,2026-08-17 18:09:05,text
99971000429,99971000426,2026-08-17 18:23:44,text
99971000893,99971000903,2026-08-17 18:24:33,text
99971001277,99971001282,2026-08-17 18:26:47,text
99971002062,99971002048,2026-08-17 18:37:09,text
99971002265,99971002271,2026-08-17 18:42:24,text
99971001007,99971000996,2026-08-17 18:45:48,text
99971001717,99971001709,2026-08-17 19:19:01,text
99971000272,99971000276,2026-08-17 19:27:43,text
99971000373,99971000381,2026-08-17 19:39:07,text
99971002327,99971002318,2026-08-17 19:47:08,text
99971002212,99971002231,2026-08-17 20:00:32,text
99971000804,99971000794,2026-08-17 20:12:03,text
99971002288,99971002287,2026-08-17 20:12:09,text
99971001787,99971001798,2026-08-17 20:23:31,text
99971000064,99971000067,2026-08-17 20:44:30,text
99971000187,99971000183,2026-08-17 20:47:10,text
99971001724,99971001717,2026-08-17 21:09:04,text
99971001374,99971001378,2026-08-17 21:19:43,text
99971000774,99971000780,2026-08-17 21:39:47,text
99971001513,99971001527,2026-08-17 21:46:19,text
99971000679,99971000682,2026-08-17 21:51:18,text
99971000337,99971000348,2026-08-17 21:58:30,text
99971001048,99971001053,2026-08-17 22:27:21,text
99971001545,99971001548,2026-08-17 22:34:30,text
99971000198,99971000203,2026-08-17 22:37:54,text
99971000356,99971000360,2026-08-17 23:09:05,text
99971000752,99971000751,2026-08-17 23:14:34,text
99971000718,99971000706,2026-08-17 23:30:18,text
99971001739,99971001737,2026-08-17 23:31:26,text
99971001275,99971001286,2026-08-17 23:52:08,text
99971001270,99971001267,2026-08-18 00:03:27,text
99971000948,99971000945,2026-08-18 00:16:18,text
99971001598,99971001591,2026-08-18 00:16:33,text
99971002066,99971002069,2026-08-18 00:22:06,text
99971000058,99971000067,2026-08-18 00:30:42,text
99971001114,99971001127,2026-08-18 00:36:29,text
99971002316,99971002320,2026-08-18 00:51:27,text
99971001870,99971001868,2026-08-18 00:54:47,text
99971000980,99971000982,2026-08-18 00:56:06,text
99971002240,99971002253,2026-08-18 01:31:44,text
99971000056,99971000068,2026-08-18 01:36:38,text
99971000578,99971000591,2026-08-18 01:44:49,text
99971000440,99971000435,2026-08-18 01:46:03,text
99971000754,99971000757,2026-08-18 02:17:49,text
99971001474,99971001488,2026-08-18 02:36:22,text
99971000732,99971000733,2026-08-18 02:47:06,text
99971000193,99971000203,2026-08-18 02:51:15,text
99971000781,99971000775,2026-08-18 03:08:39,text
99971001105,99971001115,2026-08-18 03:11:44,text
99971000234,99971000218,2026-08-18 03:39:44,text
99971001402,99971001399,2026-08-18 03:52:25,text
99971000029,99971000027,2026-08-18 04:19:08,text
99971000438,99971000441,2026-08-18 04:30:56,text
99971002094,99971002111,2026-08-18 04:58:28,text
99971000894,99971000907,2026-08-18 05:05:23,text
99971001182,99971001188,2026-08-18 05:11:27,text
99971001369,99971001381,2026-08-18 05:22:43,text
99971000288,99971000270,2026-08-18 05:36:29,text
99971000165,99971000150,2026-08-18 05:42:47,text
99971001344,99971001321,2026-08-18 06:07:33,text
99971000198,99971000206,2026-08-18 06:12:09,text
99971002062,99971002048,2026-08-18 06:34:49,text
99971001785,99971001796,2026-08-18 06:47:31,text
99971001031,99971001026,2026-08-18 07:00:03,text
99971000191,99971000181,2026-08-18 07:16:14,text
99971001271,99971001251,2026-08-18 07:18:35,text
99971000128,99971000137,2026-08-18 07:22:48,text
99971001557,99971001556,2026-08-18 07:27:36,text
99971000102,99971000104,2026-08-18 07:30:46,text
99971001771,99971001774,2026-08-18 07:42:31,text
99971000301,99971000305,2026-08-18 07:57:07,text
99971000411,99971000412,2026-08-18 08:07:16,text
99971000643,99971000648,2026-08-18 08:18:52,text
99971000354,99971000344,2026-08-18 08:52:24,text
99971000045,99971000041,2026-08-18 09:09:16,text
99971000933,99971000921,2026-08-18 09:33:38,text
99971002222,99971002213,2026-08-18 10:47:52,text
99971001587,99971001608,2026-08-18 10:57:08,text
99971000342,99971000353,2026-08-18 11:42:58,text
99971002195,99971002189,2026-08-18 11:43:05,text
99971000133,99971000131,2026-08-18 12:11:32,text
99971002157,99971002158,2026-08-18 12:36:44,text
99971000687,99971000675,2026-08-18 12:43:20,text
99971000434,99971000433,2026-08-18 13:09:10,text
99971001369,99971001383,2026-08-18 13:26:45,text
99971002003,99971001996,2026-08-18 13:30:55,text
99971002088,99971002065,2026-08-18 13:59:23,text
99971002276,99971002268,2026-08-18 14:15:33,text
99971001868,99971001865,2026-08-18 14:26:51,text
99971001631,99971001628,2026-08-18 14:27:35,text
99971000640,99971000626,2026-08-18 14:29:37,text
99971000603,99971000604,2026-08-18 14:36:54,text
99971002222,99971002228,2026-08-18 14:59:07,text
99971000899,99971000907,2026-08-18 15:12:43,text
99971001010,99971001020,2026-08-18 15:17:59,text
99971000869,99971000874,2026-08-18 15:31:17,text
99971001661,99971001667,2026-08-18 15:42:00,text
99971000268,99971000276,2026-08-18 15:48:09,text
99971001444,99971001442,2026-08-18 15:56:09,text
99971001863,99971001861,2026-08-18 15:59:52,text
99971001349,99971001348,2026-08-18 17:11:04,text
99971001411,99971001403,2026-08-18 17:18:47,text
99971000345,99971000358,2026-08-18 18:00:52,text
99971001016,99971001019,2026-08-18 18:01:58,text
99971000211,99971000201,2026-08-18 18:02:36,text
99971001655,99971001642,2026-08-18 18:04:22,text
99971000342,99971000341,2026-08-18 18:17:15,text
99971001210,99971001214,2026-08-18 18:53:27,text
99971000185,99971000190,2026-08-18 19:22:45,text
99971001905,99971001911,2026-08-18 19:43:20,text
99971000302,99971000311,2026-08-18 20:10:06,text
99971001732,99971001746,2026-08-18 20:48:35,text
99971001439,99971001422,2026-08-18 21:16:12,text
99971000966,99971000978,2026-08-18 21:22:04,text
99971001953,99971001966,2026-08-18 21:39:40,text
99971001698,99971001701,2026-08-18 21:52:31,text
99971001097,99971001094,2026-08-18 22:02:37,text
99971000250,99971000253,2026-08-18 22:02:54,text
99971001421,99971001420,2026-08-18 22:29:04,text
99971001976,99971001974,2026-08-18 22:39:52,text
99971000652,99971000665,2026-08-18 22:47:10,text
99971002342,99971002329,2026-08-18 22:49:56,text
99971000879,99971000871,2026-08-18 22:58:05,text
99971002351,99971002346,2026-08-18 23:03:14,text
99971000792,99971000786,2026-08-18 23:43:53,text
99971001931,99971001937,2026-08-19 00:07:22,text
99971001536,99971001523,2026-08-19 00:13:06,text
99971001492,99971001511,2026-08-19 01:21:17,text
99971002069,99971002070,2026-08-19 01:29:17,text
99971001620,99971001612,2026-08-19 01:30:47,text
99971000809,99971000812,2026-08-19 01:33:34,text
99971000135,99971000129,2026-08-19 01:36:41,text
99971000014,99971000017,2026-08-19 01:39:27,text
99971000116,99971000111,2026-08-19 02:09:39,text
99971000216,99971000200,2026-08-19 02:20:26,text
99971001269,99971001253,2026-08-19 02:26:09,text
99971001200,99971001186,2026-08-19 02:31:05,text
99971001904,99971001906,2026-08-19 02:53:30,text
99971000768,99971000759,2026-08-19 02:55:28,text
99971000413,99971000410,2026-08-19 03:00:09,text
99971000310,99971000291,2026-08-19 03:05:36,text
99971001173,99971001156,2026-08-19 03:11:56,text
99971000498,99971000503,2026-08-19 03:22:14,text
99971000126,99971000124,2026-08-19 03:36:27,text
99971000223,99971000232,2026-08-19 03:58:34,text
99971000680,99971000686,2026-08-19 04:05:29,text
99971001795,99971001799,2026-08-19 04:30:21,text
99971001535,99971001530,2026-08-19 04:31:39,text
99971000189,99971000175,2026-08-19 04:34:11,text
99971001726,99971001716,2026-08-19 04:36:53,text
99971000624,99971000607,2026-08-19 04:44:13,text
99971002026,99971002035,2026-08-19 04:51:47,text
99971001802,99971001810,2026-08-19 05:08:08,text
99971001448,99971001464,2026-08-19 05:16:37,text
99971001899,99971001915,2026-08-19 05:24:05,text
99971000508,99971000518,2026-08-19 05:58:09,text
99971000163,99971000152,2026-08-19 06:33:45,text
99971000636,99971000642,2026-08-19 06:37:43,text
99971000902,99971000890,2026-08-19 06:57:55,text
99971000166,99971000165,2026-08-19 07:01:32,text
99971001319,99971001303,2026-08-19 07:06:08,text
99971001828,99971001846,2026-08-19 07:10:28,text
99971000540,99971000544,2026-08-19 07:12:37,text
99971002241,99971002252,2026-08-19 07:26:13,text
99971001516,99971001528,2026-08-19 07:36:47,text
99971000563,99971000561,2026-08-19 08:27:51,text
99971001708,99971001705,2026-08-19 08:54:07,text
99971001493,99971001499,2026-08-19 08:57:54,text
99971001250,99971001263,2026-08-19 09:06:07,text
99971000711,99971000704,2026-08-19 09:07:34,text
99971000976,99971000961,2026-08-19 09:13:12,text
99971000698,99971000704,2026-08-19 09:14:18,text
99971001887,99971001881,2026-08-19 09:46:07,text
99971001232,99971001242,2026-08-19 09:46:51,text
99971001583,99971001570,2026-08-19 09:50:59,text
99971001586,99971001599,2026-08-19 09:58:05,text
99971000536,99971000546,2026-08-19 10:06:54,text
99971001213,99971001220,2026-08-19 11:28:14,text
99971001869,99971001867,2026-08-19 11:33:04,text
99971000005,99971000021,2026-08-19 11:57:32,text
99971000314,99971000324,2026-08-19 12:07:56,text
99971000177,99971000176,2026-08-19 12:17:17,text
99971000270,99971000288,2026-08-19 12:34:32,text
99971001963,99971001947,2026-08-19 12:35:44,text
99971000328,99971000324,2026-08-19 12:54:46,text
99971001257,99971001264,2026-08-19 13:04:19,text
99971000009,99971000013,2026-08-19 13:29:34,text
99971000692,99971000676,2026-08-19 13:40:36,text
99971001161,99971001154,2026-08-19 14:00:36,text
99971001294,99971001280,2026-08-19 14:15:33,text
99971001874,99971001893,2026-08-19 14:24:35,text
99971001023,99971001019,2026-08-19 14:50:54,text
99971001208,99971001222,2026-08-19 15:09:19,text
99971000099,99971000119,2026-08-19 15:21:34,text
99971000822,99971000833,2026-08-19 15:53:10,text
99971000735,99971000723,2026-08-19 15:54:34,text
99971000151,99971000161,2026-08-19 15:54:42,text
99971002209,99971002217,2026-08-19 15:55:52,text
99971001820,99971001801,2026-08-19 15:56:52,text
99971001843,99971001840,2026-08-19 16:28:27,text
99971000355,99971000347,2026-08-19 16:56:45,text
99971002194,99971002199,2026-08-19 17:41:19,text
99971002078,99971002068,2026-08-19 17:52:21,text
99971002308,99971002309,2026-08-19 18:05:16,text
99971001518,99971001533,2026-08-19 18:16:50,text
99971001005,99971000994,2026-08-19 18:33:16,text
99971001007,99971000996,2026-08-19 18:50:44,text
99971001175,99971001169,2026-08-19 18:52:40,text
99971000763,99971000761,2026-08-19 19:16:43,text
99971001399,99971001402,2026-08-19 19:33:28,text
99971001864,99971001872,2026-08-19 19:42:59,text
99971000645,99971000626,2026-08-19 20:00:08,text
99971000539,99971000535,2026-08-19 20:10:22,text
99971000009,99971000003,2026-08-19 20:25:49,text
99971000805,99971000810,2026-08-19 20:47:12,text
99971002300,99971002291,2026-08-19 21:08:19,text
99971000281,99971000273,2026-08-19 21:18:46,text
99971001686,99971001684,2026-08-19 21:29:01,text
99971002211,99971002221,2026-08-19 21:29:02,text
99971001611,99971001632,2026-08-19 21:39:36,text
99971000291,99971000298,2026-08-19 22:08:05,text
99971001062,99971001059,2026-08-19 22:17:30,text
99971001006,99971001003,2026-08-19 22:48:58,text
99971001603,99971001604,2026-08-19 22:50:35,text
99971001011,99971001030,2026-08-19 23:11:55,text
99971000435,99971000456,2026-08-19 23:11:57,text
99971001716,99971001715,2026-08-19 23:49:32,text
99971002075,99971002084,2026-08-20 00:15:22,text
99971002145,99971002143,2026-08-20 00:23:20,text
99971000969,99971000979,2026-08-20 00:32:31,text
99971001198,99971001197,2026-08-20 00:38:15,text
99971001704,99971001690,2026-08-20 01:23:43,text
99971000662,99971000660,2026-08-20 01:34:04,text
99971001666,99971001663,2026-08-20 01:45:28,text
99971000878,99971000881,2026-08-20 01:53:59,text
99971000285,99971000266,2026-08-20 02:07:49,text
99971000314,99971000325,2026-08-20 02:29:45,text
99971001762,99971001766,2026-08-20 02:32:39,text
99971001432,99971001422,2026-08-20 03:04:58,text
99971000150,99971000165,2026-08-20 03:21:22,text
99971000378,99971000370,2026-08-20 03:21:30,text
99971000485,99971000487,2026-08-20 03:27:13,text
99971001587,99971001595,2026-08-20 03:27:54,text
99971000914,99971000931,2026-08-20 03:47:09,text
99971001235,99971001232,2026-08-20 03:57:20,text
99971000184,99971000172,2026-08-20 04:15:14,text
99971001967,99971001945,2026-08-20 04:21:12,text
99971000691,99971000681,2026-08-20 04:24:11,text
99971000336,99971000334,2026-08-20 04:32:03,text
99971000182,99971000191,2026-08-20 04:33:46,text
99971000907,99971000894,2026-08-20 04:49:18,text
99971001884,99971001885,2026-08-20 04:50:28,text
99971001581,99971001583,2026-08-20 05:29:05,text
99971001232,99971001235,2026-08-20 05:51:22,text
99971001019,99971001024,2026-08-20 05:53:23,text
99971002335,99971002349,2026-08-20 06:42:10,text
99971000867,99971000886,2026-08-20 06:50:20,text
99971000811,99971000815,2026-08-20 06:50:31,text
99971002024,99971002028,2026-08-20 07:11:43,text
99971000587,99971000584,2026-08-20 07:14:03,text
99971001709,99971001707,2026-08-20 07:37:39,text
99971000657,99971000654,2026-08-20 07:53:12,text
99971000900,99971000899,2026-08-20 08:17:11,text
99971000431,99971000432,2026-08-20 08:25:48,text
99971001675,99971001673,2026-08-20 08:33:25,text
99971001089,99971001101,2026-08-20 08:39:26,text
99971000129,99971000131,2026-08-20 09:15:53,text
99971000503,99971000500,2026-08-20 10:08:43,text
99971001403,99971001405,2026-08-20 10:17:30,text
99971000265,99971000282,2026-08-20 10:23:54,text
99971000562,99971000563,2026-08-20 10:42:48,text
99971001192,99971001184,2026-08-20 10:52:48,text
99971000248,99971000253,2026-08-20 11:03:18,text
99971001498,99971001496,2026-08-20 11:10:52,text
99971000063,99971000052,2026-08-20 11:19:06,text
99971001492,99971001511,2026-08-20 11:23:30,text
99971000038,99971000043,2026-08-20 11:35:50,text
99971000003,99971000009,2026-08-20 11:47:14,text
99971000141,99971000133,2026-08-20 11:58:16,text
99971001243,99971001229,2026-08-20 12:07:29,text
99971002373,99971002359,2026-08-20 12:09:27,text
99971001962,99971001949,2026-08-20 12:24:14,text
99971001515,99971001528,2026-08-20 12:26:02,text
99971001386,99971001379,2026-08-20 12:28:04,text
99971000013,99971000011,2026-08-20 12:42:18,text
99971001939,99971001938,2026-08-20 13:09:23,text
99971001778,99971001779,2026-08-20 13:10:47,text
99971002090,99971002095,2026-08-20 13:16:30,text
99971001013,99971001018,2026-08-20 13:25:09,text
99971000338,99971000340,2026-08-20 13:26:09,text
99971002310,99971002321,2026-08-20 13:34:37,text
99971000794,99971000803,2026-08-20 13:48:51,text
99971001132,99971001135,2026-08-20 14:22:09,text
99971002251,99971002249,2026-08-20 14:47:22,text
99971000957,99971000953,2026-08-20 15:04:12,text
99971000054,99971000058,2026-08-20 15:27:17,text
99971002346,99971002340,2026-08-20 16:19:00,text
99971000262,99971000247,2026-08-20 16:23:12,text
99971000456,99971000435,2026-08-20 16:24:11,text
99971000131,99971000137,2026-08-20 16:30:01,text
99971002123,99971002118,2026-08-20 16:33:51,text
99971001601,99971001586,2026-08-20 17:07:39,text
99971001182,99971001188,2026-08-20 17:15:11,text
99971000920,99971000921,2026-08-20 17:25:13,text
99971001969,99971001977,2026-08-20 17:26:53,text
99971001963,99971001953,2026-08-20 17:42:25,text
99971001574,99971001569,2026-08-20 17:48:29,text
99971001509,99971001492,2026-08-20 18:09:24,text
99971000675,99971000674,2026-08-20 18:13:45,text
99971001446,99971001452,2026-08-20 18:33:51,text
99971002034,99971002039,2026-08-20 18:38:53,text
99971000230,99971000221,2026-08-20 18:54:00,text
99971000249,99971000244,2026-08-20 19:19:03,text
99971001140,99971001137,2026-08-20 19:27:48,text
99971001334,99971001343,2026-08-20 19:30:33,text
99971002304,99971002295,2026-08-20 20:08:39,text
99971000626,99971000640,2026-08-20 20:20:34,text
99971001271,99971001253,2026-08-20 20:25:15,text
99971000058,99971000054,2026-08-20 20:43:41,text
99971001790,99971001787,2026-08-20 21:02:34,text
99971002285,99971002294,2026-08-20 21:21:49,text
99971001266,99971001270,2026-08-20 21:24:46,text
99971001439,99971001422,2026-08-20 21:36:32,text
99971002288,99971002287,2026-08-20 22:01:48,text
99971001164,99971001175,2026-08-20 22:08:01,text
99971000579,99971000585,2026-08-20 22:09:11,text
99971001525,99971001534,2026-08-20 22:38:39,text
99971002248,99971002244,2026-08-20 22:43:53,text
99971000003,99971000009,2026-08-20 23:20:34,text
99971002093,99971002100,2026-08-20 23:24:18,text
99971001519,99971001530,2026-08-20 23:29:45,text
99971002298,99971002294,2026-08-20 23:51:44,text
99971001912,99971001908,2026-08-21 00:05:29,text
99971002309,99971002305,2026-08-21 00:08:54,text
99971000309,99971000293,2026-08-21 00:13:54,text
99971001929,99971001931,2026-08-21 00:35:01,text
99971001535,99971001528,2026-08-21 00:49:13,text
99971000054,99971000062,2026-08-21 00:50:15,text
99971000716,99971000711,2026-08-21 00:59:23,text
99971001040,99971001054,2026-08-21 01:00:14,text
99971001475,99971001484,2026-08-21 01:00:20,text
99971001241,99971001231,2026-08-21 01:04:39,text
99971000104,99971000102,2026-08-21 01:11:55,text
99971000812,99971000800,2026-08-21 01:12:08,text
99971002187,99971002185,2026-08-21 01:29:18,text
99971001638,99971001656,2026-08-21 01:34:03,text
99971000755,99971000748,2026-08-21 01:37:48,text
99971002246,99971002250,2026-08-21 02:13:37,text
99971000702,99971000699,2026-08-21 02:15:25,text
99971000176,99971000180,2026-08-21 02:17:30,text
99971000361,99971000374,2026-08-21 02:23:23,text
99971001633,99971001654,2026-08-21 02:27:03,text
99971000021,99971000015,2026-08-21 02:40:04,text
99971002139,99971002144,2026-08-21 02:50:29,text
99971000027,99971000032,2026-08-21 02:58:03,text
99971001739,99971001737,2026-08-21 03:01:18,text
99971000848,99971000847,2026-08-21 03:21:27,text
99971000202,99971000193,2026-08-21 03:40:25,text
99971001863,99971001852,2026-08-21 03:54:59,text
99971000461,99971000462,2026-08-21 04:08:57,text
99971000899,99971000911,2026-08-21 04:16:05,text
99971001915,99971001916,2026-08-21 04:22:46,text
99971001244,99971001238,2026-08-21 04:28:17,text
99971000877,99971000876,2026-08-21 04:30:37,text
99971000303,99971000311,2026-08-21 04:34:23,text
99971002109,99971002107,2026-08-21 04:34:59,text
99971001675,99971001679,2026-08-21 04:46:07,text
99971000264,99971000258,2026-08-21 04:54:53,text
99971002140,99971002152,2026-08-21 04:55:54,text
99971000812,99971000809,2026-08-21 05:07:16,text
99971000707,99971000720,2026-08-21 05:21:18,text
99971001185,99971001191,2026-08-21 05:22:26,text
99971001120,99971001115,2026-08-21 05:26:39,text
99971001246,99971001242,2026-08-21 05:28:24,text
99971001728,99971001723,2026-08-21 05:28:33,text
99971001486,99971001471,2026-08-21 05:28:36,text
99971001751,99971001739,2026-08-21 05:29:29,text
99971002343,99971002344,2026-08-21 05:33:32,text
99971001894,99971001882,2026-08-21 05:35:13,text
99971002136,99971002116,2026-08-21 05:49:08,text
99971000212,99971000204,2026-08-21 05:53:30,text
99971000172,99971000171,2026-08-21 05:57:52,text
99971001699,99971001693,2026-08-21 06:13:02,text
99971000337,99971000340,2026-08-21 06:32:18,text
99971002096,99971002103,2026-08-21 06:37:59,text
99971001889,99971001886,2026-08-21 06:46:38,text
99971001342,99971001328,2026-08-21 06:52:09,text
99971000200,99971000216,2026-08-21 06:53:00,text
99971001281,99971001286,2026-08-21 07:15:00,text
99971001535,99971001519,2026-08-21 07:21:10,text
99971001634,99971001651,2026-08-21 07:22:54,text
99971001230,99971001234,2026-08-21 07:34:24,text
99971000344,99971000352,2026-08-21 07:35:40,text
99971002074,99971002073,2026-08-21 07:43:37,text
99971000013,99971000019,2026-08-21 07:46:57,text
99971002011,99971002004,2026-08-21 08:03:10,text
99971002266,99971002265,2026-08-21 08:12:06,text
99971000278,99971000279,2026-08-21 08:12:34,text
99971001031,99971001014,2026-08-21 08:18:05,text
99971000240,99971000223,2026-08-21 08:24:37,text
99971002346,99971002335,2026-08-21 08:40:57,text
99971000243,99971000264,2026-08-21 09:56:49,text
99971002306,99971002312,2026-08-21 10:11:30,text
99971000775,99971000790,2026-08-21 10:32:35,text
99971000114,99971000113,2026-08-21 11:22:15,text
99971000246,99971000245,2026-08-21 11:30:11,text
99971000989,99971000995,2026-08-21 11:39:52,text
99971001279,99971001296,2026-08-21 12:07:13,text
99971000374,99971000364,2026-08-21 12:28:53,text
99971001200,99971001196,2026-08-21 12:35:10,text
99971001317,99971001318,2026-08-21 12:55:07,text
99971001324,99971001344,2026-08-21 13:15:06,text
99971001065,99971001076,2026-08-21 13:25:17,text
99971000191,99971000182,2026-08-21 13:34:04,text
99971000039,99971000047,2026-08-21 13:46:36,text
99971000536,99971000534,2026-08-21 14:00:46,text
99971001472,99971001471,2026-08-21 14:30:25,text
99971000144,99971000136,2026-08-21 14:53:11,text
99971001520,99971001535,2026-08-21 15:04:20,text
99971000955,99971000956,2026-08-21 15:08:33,text
99971001108,99971001116,2026-08-21 15:55:58,text
99971001247,99971001234,2026-08-21 16:06:00,text
99971000269,99971000271,2026-08-21 16:39:04,text
99971000264,99971000243,2026-08-21 16:40:57,text
99971000842,99971000848,2026-08-21 16:42:56,text
99971000356,99971000343,2026-08-21 16:44:26,text
99971000801,99971000795,2026-08-21 16:47:52,text
99971002138,99971002160,2026-08-21 16:47:55,text
99971000460,99971000461,2026-08-21 16:57:35,text
99971001243,99971001226,2026-08-21 17:04:08,text
99971000076,99971000088,2026-08-21 17:08:59,text
99971002312,99971002316,2026-08-21 17:11:30,text
99971001733,99971001740,2026-08-21 17:25:18,text
99971000063,99971000052,2026-08-21 17:36:29,text
99971001659,99971001676,2026-08-21 17:52:32,text
99971000336,99971000334,2026-08-21 17:54:59,text
99971001009,99971001029,2026-08-21 17:59:27,text
99971000866,99971000874,2026-08-21 18:09:04,text
99971001312,99971001309,2026-08-21 18:11:15,text
99971000152,99971000149,2026-08-21 18:15:43,text
99971000946,99971000954,2026-08-21 18:33:52,text
99971001605,99971001599,2026-08-21 18:36:21,text
99971000384,99971000380,2026-08-21 18:39:47,text
99971002241,99971002252,2026-08-21 18:44:14,text
99971001566,99971001577,2026-08-21 19:40:25,text
99971001586,99971001592,2026-08-21 19:48:19,text
99971001601,99971001607,2026-08-21 19:51:12,text
99971000518,99971000521,2026-08-21 20:15:03,text
99971001838,99971001825,2026-08-21 20:16:13,text
99971000136,99971000134,2026-08-21 20:43:23,text
99971002226,99971002221,2026-08-21 20:59:26,text
99971001229,99971001233,2026-08-21 21:04:56,text
99971002346,99971002351,2026-08-21 21:25:45,text
99971000479,99971000473,2026-08-21 21:52:38,text
99971001518,99971001517,2026-08-21 22:15:13,text
99971000674,99971000692,2026-08-21 22:15:25,text
99971000711,99971000716,2026-08-21 22:31:08,text
99971000692,99971000685,2026-08-21 22:32:58,text
99971002344,99971002348,2026-08-21 22:54:09,text
99971000420,99971000425,2026-08-21 23:28:29,text
99971000267,99971000288,2026-08-21 23:43:14,text
99971001121,99971001114,2026-08-21 23:52:22,text
99971000107,99971000102,2026-08-21 23:55:13,text
99971001478,99971001474,2026-08-22 00:02:17,text
99971001814,99971001817,2026-08-22 00:06:45,text
99971000441,99971000444,2026-08-22 00:21:56,text
99971000025,99971000044,2026-08-22 00:35:21,text
99971002230,99971002232,2026-08-22 01:15:18,text
99971001305,99971001301,2026-08-22 01:22:06,text
99971002047,99971002052,2026-08-22 01:23:43,text
99971001874,99971001893,2026-08-22 01:44:20,text
99971002087,99971002067,2026-08-22 01:49:28,text
99971000139,99971000127,2026-08-22 01:52:52,text
99971001351,99971001360,2026-08-22 01:58:51,text
99971000880,99971000866,2026-08-22 02:21:17,text
99971002235,99971002237,2026-08-22 02:27:33,text
99971002152,99971002137,2026-08-22 02:34:16,text
99971000889,99971000894,2026-08-22 02:49:29,text
99971001660,99971001667,2026-08-22 02:52:22,text
99971002385,99971002399,2026-08-22 02:59:29,text
99971001898,99971001900,2026-08-22 03:17:43,text
99971000185,99971000183,2026-08-22 03:35:47,text
99971001807,99971001803,2026-08-22 03:47:47,text
99971000539,99971000535,2026-08-22 03:59:13,text
99971001303,99971001319,2026-08-22 04:10:40,text
99971001110,99971001114,2026-08-22 04:12:19,text
99971000578,99971000591,2026-08-22 04:37:30,text
99971000294,99971000301,2026-08-22 05:13:30,text
99971001612,99971001620,2026-08-22 05:15:17,text
99971000053,99971000071,2026-08-22 05:17:09,text
99971001907,99971001913,2026-08-22 05:31:39,text
99971001432,99971001422,2026-08-22 05:34:20,text
99971000247,99971000241,2026-08-22 05:35:43,text
99971000061,99971000072,2026-08-22 06:10:22,text
99971000603,99971000604,2026-08-22 06:24:43,text
99971000285,99971000279,2026-08-22 06:24:59,text
99971000157,99971000166,2026-08-22 06:35:34,text
99971001755,99971001775,2026-08-22 06:43:20,text
99971002215,99971002214,2026-08-22 06:47:29,text
99971001664,99971001665,2026-08-22 06:48:54,text
99971000336,99971000333,2026-08-22 06:52:15,text
99971001940,99971001922,2026-08-22 06:54:07,text
99971002318,99971002325,2026-08-22 07:10:50,text
99971000349,99971000352,2026-08-22 07:34:13,text
99971001151,99971001141,2026-08-22 07:34:13,text
99971001068,99971001057,2026-08-22 07:34:19,text
99971001221,99971001215,2026-08-22 07:46:16,text
99971001985,99971001992,2026-08-22 07:57:28,text
99971001021,99971001016,2026-08-22 08:16:20,text
99971000337,99971000360,2026-08-22 08:18:23,text
99971001655,99971001642,2026-08-22 08:48:40,text
99971001474,99971001483,2026-08-22 09:10:15,text
99971000768,99971000759,2026-08-22 09:10:35,text
99971000494,99971000496,2026-08-22 09:29:08,text
99971002195,99971002189,2026-08-22 09:31:00,text
99971000053,99971000065,2026-08-22 09:50:36,text
99971000339,99971000342,2026-08-22 10:01:09,text
99971000635,99971000640,2026-08-22 10:12:12,text
99971001422,99971001439,2026-08-22 10:15:25,text
99971001796,99971001794,2026-08-22 10:24:47,text
99971001369,99971001383,2026-08-22 10:35:28,text
99971000662,99971000664,2026-08-22 10:42:29,text
99971000947,99971000954,2026-08-22 10:57:39,text
99971000899,99971000894,2026-08-22 11:14:33,text
99971002179,99971002166,2026-08-22 11:23:29,text
99971001542,99971001558,2026-08-22 11:41:31,text
99971001207,99971001220,2026-08-22 11:56:33,text
99971001871,99971001866,2026-08-22 11:57:00,text
99971000709,99971000700,2026-08-22 12:04:11,text
99971001887,99971001891,2026-08-22 12:17:44,text
99971000348,99971000346,2026-08-22 12:26:18,text
99971001596,99971001603,2026-08-22 12:29:23,text
99971000119,99971000117,2026-08-22 12:32:26,text
99971001156,99971001161,2026-08-22 12:34:04,text
99971000028,99971000042,2026-08-22 13:06:01,text
99971000422,99971000416,2026-08-22 13:13:09,text
99971002032,99971002035,2026-08-22 13:23:08,text
99971000567,99971000560,2026-08-22 13:45:08,text
99971000902,99971000890,2026-08-22 13:55:03,text
99971001509,99971001492,2026-08-22 13:58:14,text
99971001887,99971001881,2026-08-22 14:06:31,text
99971002205,99971002208,2026-08-22 14:31:16,text
99971000260,99971000247,2026-08-22 14:41:31,text
99971002221,99971002211,2026-08-22 14:43:00,text
99971000367,99971000366,2026-08-22 14:49:25,text
99971001647,99971001652,2026-08-22 15:03:23,text
99971000535,99971000545,2026-08-22 15:12:14,text
99971001634,99971001639,2026-08-22 15:16:23,text
99971001988,99971001983,2026-08-22 15:22:13,text
99971001428,99971001426,2026-08-22 15:24:06,text
99971002241,99971002243,2026-08-22 15:52:47,text
99971002168,99971002165,2026-08-22 16:15:37,text
99971000584,99971000598,2026-08-22 16:21:27,text
99971001172,99971001169,2026-08-22 16:29:39,text
99971002131,99971002114,2026-08-22 16:35:15,text
99971002114,99971002129,2026-08-22 16:45:50,text
99971000394,99971000398,2026-08-22 16:48:12,text
99971000257,99971000259,2026-08-22 16:59:09,text
99971001949,99971001962,2026-08-22 17:10:58,text
99971001187,99971001185,2026-08-22 17:22:30,text
99971000419,99971000416,2026-08-22 17:55:55,text
99971002222,99971002213,2026-08-22 18:00:05,text
99971001200,99971001184,2026-08-22 18:57:58,text
99971001247,99971001231,2026-08-22 19:04:29,text
99971000028,99971000026,2026-08-22 19:05:47,text
99971000996,99971001007,2026-08-22 19:35:34,text
99971001887,99971001881,2026-08-22 19:44:06,text
99971001536,99971001513,2026-08-22 19:49:17,text
99971001437,99971001434,2026-08-22 20:07:27,text
99971000088,99971000081,2026-08-22 20:10:24,text
99971001653,99971001637,2026-08-22 20:16:01,text
99971001940,99971001928,2026-08-22 20:26:25,text
99971000240,99971000220,2026-08-22 20:29:45,text
99971000201,99971000211,2026-08-22 20:32:14,text
99971000680,99971000682,2026-08-22 20:37:49,text
99971000654,99971000657,2026-08-22 20:40:00,text
99971000528,99971000524,2026-08-22 21:58:07,text
99971000628,99971000645,2026-08-22 22:10:10,text
99971000235,99971000229,2026-08-22 22:19:53,text
99971001300,99971001307,2026-08-22 22:32:19,text
99971001753,99971001763,2026-08-22 23:00:08,text
99971001182,99971001183,2026-08-22 23:18:33,text
99971000002,99971000007,2026-08-22 23:23:20,text
99971001521,99971001517,2026-08-22 23:25:14,text
99971001167,99971001166,2026-08-22 23:26:40,text
99971000505,99971000506,2026-08-22 23:34:43,text
99971000138,99971000131,2026-08-22 23:43:44,text
99971000641,99971000625,2026-08-22 23:47:57,text
99971002247,99971002234,2026-08-22 23:52:28,text
99971000410,99971000413,2026-08-22 23:53:56,text
99971002355,99971002363,2026-08-23 00:02:05,text
99971000583,99971000599,2026-08-23 00:09:56,text
99971000094,99971000075,2026-08-23 00:10:18,text
99971001413,99971001409,2026-08-23 00:12:18,text
99971002279,99971002278,2026-08-23 00:37:23,text
99971002104,99971002097,2026-08-23 00:57:34,text
99971000067,99971000058,2026-08-23 00:57:56,text
99971000658,99971000668,2026-08-23 01:14:20,text
99971001695,99971001688,2026-08-23 01:26:30,text
99971000984,99971000983,2026-08-23 01:54:28,text
99971002198,99971002186,2026-08-23 02:32:13,text
99971000578,99971000587,2026-08-23 03:07:49,text
99971000971,99971000964,2026-08-23 03:16:04,text
99971000923,99971000927,2026-08-23 03:22:25,text
99971000578,99971000587,2026-08-23 03:27:01,text
99971000205,99971000208,2026-08-23 03:27:16,text
99971000910,99971000898,2026-08-23 03:29:01,text
99971000381,99971000374,2026-08-23 03:40:14,text
99971001215,99971001217,2026-08-23 03:45:30,text
99971001549,99971001558,2026-08-23 03:45:44,text
99971001047,99971001038,2026-08-23 03:56:50,text
99971000377,99971000375,2026-08-23 04:09:47,text
99971001347,99971001364,2026-08-23 04:13:31,text
99971000245,99971000246,2026-08-23 04:21:19,text
99971000480,99971000459,2026-08-23 04:23:10,text
99971001908,99971001920,2026-08-23 04:25:17,text
99971000073,99971000082,2026-08-23 04:27:02,text
99971001917,99971001902,2026-08-23 04:38:15,text
99971000108,99971000106,2026-08-23 04:47:48,text
99971001496,99971001497,2026-08-23 04:54:24,text
99971002184,99971002169,2026-08-23 04:55:34,text
99971001432,99971001428,2026-08-23 04:57:49,text
99971002321,99971002310,2026-08-23 04:57:55,text
99971001939,99971001933,2026-08-23 05:00:15,text
99971000434,99971000439,2026-08-23 05:32:53,text
99971001827,99971001832,2026-08-23 05:54:45,text
99971001273,99971001287,2026-08-23 06:06:01,text
99971000318,99971000330,2026-08-23 06:17:50,text
99971001411,99971001416,2026-08-23 06:22:06,text
99971001648,99971001639,2026-08-23 06:28:53,text
99971000304,99971000311,2026-08-23 06:37:02,text
99971001164,99971001154,2026-08-23 06:42:54,text
99971001474,99971001469,2026-08-23 07:11:10,text
99971001552,99971001550,2026-08-23 07:17:17,text
99971002248,99971002247,2026-08-23 07:35:42,text
99971001574,99971001576,2026-08-23 07:51:14,text
99971000427,99971000412,2026-08-23 07:54:41,text
99971000467,99971000472,2026-08-23 08:32:37,text
99971000151,99971000161,2026-08-23 09:12:16,text
99971002189,99971002205,2026-08-23 09:26:17,text
99971000580,99971000583,2026-08-23 09:32:19,text
99971002257,99971002269,2026-08-23 09:52:56,text
99971000518,99971000508,2026-08-23 10:01:54,text
99971001399,99971001400,2026-08-23 10:46:15,text
99971001281,99971001286,2026-08-23 10:49:47,text
99971000650,99971000669,2026-08-23 11:15:25,text
99971002277,99971002272,2026-08-23 11:27:02,text
99971001606,99971001601,2026-08-23 11:37:50,text
99971002251,99971002249,2026-08-23 11:37:53,text
99971002032,99971002035,2026-08-23 11:57:20,text
99971001293,99971001277,2026-08-23 12:16:28,text
99971000638,99971000631,2026-08-23 12:20:43,text
99971000994,99971001005,2026-08-23 12:36:23,text
99971000830,99971000823,2026-08-23 12:59:03,text
99971001857,99971001851,2026-08-23 13:06:32,text
99971001785,99971001792,2026-08-23 13:12:45,text
99971000306,99971000294,2026-08-23 13:16:06,text
99971001196,99971001191,2026-08-23 13:24:19,text
99971002231,99971002216,2026-08-23 13:42:15,text
99971000677,99971000683,2026-08-23 13:42:28,text
99971000282,99971000279,2026-08-23 13:50:58,text
99971000644,99971000625,2026-08-23 14:15:46,text
99971000368,99971000366,2026-08-23 14:19:35,text
99971001374,99971001378,2026-08-23 14:19:42,text
99971000402,99971000407,2026-08-23 14:23:11,text
99971001949,99971001963,2026-08-23 14:38:29,text
99971002206,99971002192,2026-08-23 15:10:11,text
99971001535,99971001530,2026-08-23 15:41:36,text
99971001733,99971001740,2026-08-23 15:47:30,text
99971001939,99971001935,2026-08-23 15:57:39,text
99971000499,99971000502,2026-08-23 16:14:43,text
99971000055,99971000072,2026-08-23 16:19:37,text
99971001557,99971001556,2026-08-23 16:56:55,text
99971000636,99971000630,2026-08-23 17:02:06,text
99971001559,99971001550,2026-08-23 17:04:22,text
99971001075,99971001066,2026-08-23 17:59:30,text
99971001087,99971001084,2026-08-23 18:01:11,text
99971002093,99971002091,2026-08-23 18:10:47,text
99971000574,99971000560,2026-08-23 18:13:44,text
99971000726,99971000740,2026-08-23 18:39:02,text
99971001393,99971001411,2026-08-23 19:21:41,text
99971002029,99971002035,2026-08-23 19:32:51,text
99971001147,99971001131,2026-08-23 19:53:11,text
99971001909,99971001916,2026-08-23 20:16:25,text
99971000531,99971000529,2026-08-23 20:21:34,text
99971002234,99971002247,2026-08-23 20:35:30,text
99971002114,99971002126,2026-08-23 20:51:39,text
99971001734,99971001730,2026-08-23 20:55:16,text
99971001732,99971001735,2026-08-23 21:00:57,text
99971001473,99971001470,2026-08-23 21:09:31,text
99971001933,99971001926,2026-08-23 21:10:25,text
99971001398,99971001397,2026-08-23 21:14:45,text
99971000776,99971000792,2026-08-23 21:33:07,text
99971002276,99971002268,2026-08-23 21:41:32,text
99971002151,99971002156,2026-08-23 21:48:47,text
99971002354,99971002375,2026-08-23 21:52:08,text
99971001407,99971001406,2026-08-23 21:52:18,text
99971002368,99971002362,2026-08-23 22:00:28,text
99971002095,99971002100,2026-08-23 22:04:46,text
99971001863,99971001866,2026-08-23 22:16:03,text
99971000623,99971000602,2026-08-23 22:23:44,text
99971001745,99971001746,2026-08-23 22:26:08,text
99971001932,99971001939,2026-08-23 22:28:19,text
99971001100,99971001083,2026-08-23 22:30:03,text
99971000736,99971000723,2026-08-23 22:30:06,text
99971001102,99971001098,2026-08-23 22:55:00,text
99971001864,99971001860,2026-08-23 22:56:53,text
99971002304,99971002288,2026-08-23 23:06:18,text
99971001175,99971001169,2026-08-23 23:12:29,text
99971000276,99971000272,2026-08-23 23:31:19,text
99971001156,99971001160,2026-08-23 23:51:32,text
99971001413,99971001409,2026-08-24 00:05:01,text
99971000977,99971000980,2026-08-24 00:40:09,text
99971001936,99971001935,2026-08-24 01:20:03,text
99971000372,99971000371,2026-08-24 01:37:51,text
99971002107,99971002106,2026-08-24 01:53:04,text
99971001831,99971001826,2026-08-24 02:13:41,text
99971001235,99971001232,2026-08-24 02:17:05,text
99971001241,99971001231,2026-08-24 02:30:02,text
99971001547,99971001559,2026-08-24 02:33:29,text
99971000775,99971000781,2026-08-24 02:40:57,text
99971001795,99971001785,2026-08-24 02:50:59,text
99971002068,99971002087,2026-08-24 02:53:48,text
99971000806,99971000814,2026-08-24 02:56:36,text
99971001386,99971001377,2026-08-24 03:33:35,text
99971000754,99971000749,2026-08-24 03:34:29,text
99971000810,99971000803,2026-08-24 03:36:41,text
99971000291,99971000302,2026-08-24 04:21:51,text
99971001511,99971001508,2026-08-24 04:28:13,text
99971000860,99971000845,2026-08-24 04:32:13,text
99971000115,99971000111,2026-08-24 05:20:57,text
99971001170,99971001174,2026-08-24 05:37:24,text
99971000921,99971000913,2026-08-24 05:43:45,text
99971001343,99971001321,2026-08-24 05:49:07,text
99971002172,99971002166,2026-08-24 06:01:05,text
99971001732,99971001746,2026-08-24 06:05:48,text
99971002287,99971002296,2026-08-24 06:06:35,text
99971000199,99971000201,2026-08-24 06:06:57,text
99971000148,99971000153,2026-08-24 06:07:41,text
99971001598,99971001589,2026-08-24 06:16:08,text
99971000231,99971000220,2026-08-24 06:20:13,text
99971000710,99971000701,2026-08-24 06:23:02,text
99971001582,99971001568,2026-08-24 06:53:40,text
99971001599,99971001590,2026-08-24 07:20:25,text
99971001718,99971001712,2026-08-24 07:31:50,text
99971001701,99971001698,2026-08-24 07:33:29,text
99971001504,99971001494,2026-08-24 07:47:12,text
99971001253,99971001271,2026-08-24 07:48:16,text
99971000561,99971000558,2026-08-24 07:49:48,text
99971001501,99971001511,2026-08-24 08:05:10,text
99971001435,99971001437,2026-08-24 08:05:28,text
99971002016,99971002015,2026-08-24 08:24:19,text
99971000467,99971000466,2026-08-24 08:40:08,text
99971001560,99971001543,2026-08-24 09:13:06,text
99971000836,99971000817,2026-08-24 09:24:13,text
99971001720,99971001719,2026-08-24 09:47:25,text
99971002134,99971002135,2026-08-24 09:55:10,text
99971000756,99971000752,2026-08-24 10:09:44,text
99971001694,99971001689,2026-08-24 10:26:57,text
99971001746,99971001731,2026-08-24 10:34:42,text
99971001021,99971001023,2026-08-24 10:36:51,text
99971001398,99971001405,2026-08-24 10:48:30,text
99971002253,99971002252,2026-08-24 10:54:48,text
99971000403,99971000385,2026-08-24 10:55:39,text
99971000955,99971000939,2026-08-24 11:02:18,text
99971001904,99971001905,2026-08-24 11:14:52,text
99971002119,99971002117,2026-08-24 11:24:43,text
99971001238,99971001246,2026-08-24 11:27:24,text
99971002169,99971002175,2026-08-24 11:45:39,text
99971001331,99971001339,2026-08-24 11:48:21,text
99971001267,99971001250,2026-08-24 11:57:25,text
99971002327,99971002323,2026-08-24 12:19:13,text
99971001284,99971001291,2026-08-24 12:24:16,text
99971000575,99971000574,2026-08-24 12:24:47,text
99971000599,99971000588,2026-08-24 12:35:38,text
99971001042,99971001047,2026-08-24 12:53:38,text
99971001052,99971001034,2026-08-24 13:05:12,text
99971000357,99971000345,2026-08-24 13:28:23,text
99971001792,99971001789,2026-08-24 13:31:16,text
99971002072,99971002071,2026-08-24 14:00:12,text
99971001877,99971001895,2026-08-24 14:07:01,text
99971001114,99971001110,2026-08-24 14:13:02,text
99971000122,99971000134,2026-08-24 14:40:57,text
99971000714,99971000708,2026-08-24 14:51:14,text
99971001624,99971001626,2026-08-24 14:55:19,text
99971000872,99971000875,2026-08-24 15:01:00,text
99971001457,99971001441,2026-08-24 15:22:04,text
99971001358,99971001359,2026-08-24 15:28:25,text
99971000137,99971000131,2026-08-24 15:34:32,text
99971000971,99971000962,2026-08-24 15:51:47,text
99971001156,99971001161,2026-08-24 16:06:08,text
99971000668,99971000658,2026-08-24 16:43:41,text
99971001818,99971001810,2026-08-24 17:06:10,text
99971001343,99971001321,2026-08-24 17:19:17,text
99971002080,99971002072,2026-08-24 17:22:12,text
99971000835,99971000836,2026-08-24 17:30:50,text
99971000480,99971000459,2026-08-24 17:35:36,text
99971001232,99971001235,2026-08-24 17:41:36,text
99971002321,99971002310,2026-08-24 17:43:57,text
99971000469,99971000463,2026-08-24 18:18:04,text
99971000164,99971000161,2026-08-24 18:24:32,text
99971001871,99971001850,2026-08-24 18:27:40,text
99971002136,99971002129,2026-08-24 18:32:38,text
99971001504,99971001508,2026-08-24 18:41:39,text
99971001128,99971001121,2026-08-24 18:54:27,text
99971002245,99971002241,2026-08-24 19:50:15,text
99971001645,99971001652,2026-08-24 19:51:06,text
99971002026,99971002032,2026-08-24 20:05:38,text
99971000835,99971000829,2026-08-24 20:25:01,text
99971000481,99971000494,2026-08-24 20:25:29,text
99971000778,99971000790,2026-08-24 20:36:40,text
99971001539,99971001559,2026-08-24 20:41:37,text
99971001352,99971001364,2026-08-24 20:48:04,text
99971001530,99971001519,2026-08-24 21:07:32,text
99971001852,99971001863,2026-08-24 21:12:37,text
99971000995,99971001005,2026-08-24 21:23:48,text
99971001294,99971001280,2026-08-24 21:24:32,text
99971001271,99971001252,2026-08-24 21:30:35,text
99971000640,99971000645,2026-08-24 21:58:02,text
99971000891,99971000890,2026-08-24 22:03:32,text
99971002224,99971002227,2026-08-24 22:09:57,text
99971000892,99971000908,2026-08-24 22:48:20,text
99971002005,99971001996,2026-08-24 22:49:54,text
99971000062,99971000054,2026-08-24 23:27:55,text
99971002271,99971002278,2026-08-24 23:36:26,text
99971001225,99971001245,2026-08-24 23:37:07,text
99971001693,99971001690,2026-08-24 23:40:27,text
99971000139,99971000127,2026-08-25 00:06:35,text
99971000432,99971000414,2026-08-25 00:17:33,text
99971000582,99971000577,2026-08-25 00:18:06,text
99971000105,99971000120,2026-08-25 00:18:07,text
99971001821,99971001813,2026-08-25 00:26:45,text
99971001270,99971001267,2026-08-25 00:30:51,text
99971001348,99971001361,2026-08-25 00:44:22,text
99971002271,99971002272,2026-08-25 00:48:27,text
99971001023,99971001020,2026-08-25 01:04:56,text
99971000709,99971000712,2026-08-25 01:16:55,text
99971000920,99971000919,2026-08-25 01:17:41,text
99971001827,99971001829,2026-08-25 01:45:17,text
99971001568,99971001564,2026-08-25 01:47:46,text
99971002254,99971002239,2026-08-25 02:09:24,text
99971001648,99971001639,2026-08-25 02:11:04,text
99971000111,99971000116,2026-08-25 02:17:28,text
99971001428,99971001426,2026-08-25 02:24:46,text
99971000426,99971000428,2026-08-25 02:24:58,text
99971002209,99971002213,2026-08-25 02:32:57,text
99971000599,99971000589,2026-08-25 03:02:59,text
99971002011,99971002010,2026-08-25 03:57:32,text
99971000922,99971000928,2026-08-25 04:25:14,text
99971001006,99971000994,2026-08-25 04:40:51,text
99971001183,99971001191,2026-08-25 04:45:54,text
99971001440,99971001423,2026-08-25 04:55:49,text
99971000542,99971000530,2026-08-25 04:57:47,text
99971002366,99971002358,2026-08-25 05:04:13,text
99971000410,99971000412,2026-08-25 05:05:40,text
99971000221,99971000218,2026-08-25 05:19:16,text
99971000101,99971000099,2026-08-25 05:25:36,text
99971001161,99971001156,2026-08-25 05:29:26,text
99971000989,99971000990,2026-08-25 05:44:46,text
99971000138,99971000132,2026-08-25 06:13:07,text
99971000390,99971000404,2026-08-25 06:25:14,text
99971000734,99971000730,2026-08-25 06:44:57,text
99971001886,99971001889,2026-08-25 06:47:14,text
99971002054,99971002053,2026-08-25 06:51:52,text
99971001054,99971001036,2026-08-25 06:51:59,text
99971001478,99971001466,2026-08-25 06:59:03,text
99971001536,99971001522,2026-08-25 06:59:19,text
99971001953,99971001959,2026-08-25 07:02:56,text
99971001464,99971001462,2026-08-25 07:11:26,text
99971001317,99971001301,2026-08-25 07:21:08,text
99971002156,99971002160,2026-08-25 07:30:47,text
99971002244,99971002248,2026-08-25 07:30:48,text
99971000911,99971000895,2026-08-25 07:34:46,text
99971001757,99971001773,2026-08-25 07:40:06,text
99971001656,99971001652,2026-08-25 07:44:59,text
99971001583,99971001567,2026-08-25 07:58:19,text
99971000239,99971000238,2026-08-25 08:08:18,text
99971002155,99971002148,2026-08-25 08:10:44,text
99971000321,99971000327,2026-08-25 08:42:48,text
99971002041,99971002063,2026-08-25 09:17:46,text
99971002320,99971002313,2026-08-25 09:50:41,text
99971001520,99971001531,2026-08-25 10:01:07,text
99971001656,99971001652,2026-08-25 10:23:36,text
99971001080,99971001071,2026-08-25 10:45:26,text
99971001971,99971001977,2026-08-25 10:46:51,text
99971000724,99971000735,2026-08-25 10:50:22,text
99971001248,99971001231,2026-08-25 11:11:15,text
99971000074,99971000076,2026-08-25 11:13:02,text
99971000364,99971000374,2026-08-25 11:17:58,text
99971001934,99971001925,2026-08-25 11:28:13,text
99971001686,99971001684,2026-08-25 12:00:08,text
99971001546,99971001549,2026-08-25 12:10:48,text
99971000002,99971000003,2026-08-25 12:15:44,text
99971000406,99971000397,2026-08-25 12:21:37,text
99971001061,99971001076,2026-08-25 12:24:02,text
99971000826,99971000821,2026-08-25 12:59:26,text
99971000413,99971000410,2026-08-25 13:02:39,text
99971000475,99971000478,2026-08-25 13:32:20,text
99971001143,99971001138,2026-08-25 13:38:56,text
99971000431,99971000432,2026-08-25 14:20:45,text
99971000319,99971000334,2026-08-25 15:08:11,text
99971000907,99971000903,2026-08-25 15:20:00,text
99971001564,99971001584,2026-08-25 15:20:26,text
99971001153,99971001168,2026-08-25 15:32:59,text
99971002376,99971002365,2026-08-25 15:48:20,text
99971000050,99971000057,2026-08-25 16:03:32,text
99971001980,99971001972,2026-08-25 16:17:32,text
99971000161,99971000156,2026-08-25 16:25:15,text
99971000323,99971000335,2026-08-25 16:34:22,text
99971001437,99971001434,2026-08-25 16:38:29,text
99971000949,99971000959,2026-08-25 16:55:41,text
99971000090,99971000092,2026-08-25 17:07:56,text
99971000087,99971000073,2026-08-25 17:11:42,text
99971002273,99971002277,2026-08-25 17:22:25,text
99971002183,99971002167,2026-08-25 17:25:59,text
99971002121,99971002129,2026-08-25 17:43:08,text
99971001731,99971001744,2026-08-25 17:49:41,text
99971002263,99971002280,2026-08-25 17:53:42,text
99971001722,99971001725,2026-08-25 18:01:55,text
99971002063,99971002060,2026-08-25 18:02:30,text
99971000134,99971000124,2026-08-25 18:20:08,text
99971001321,99971001324,2026-08-25 18:32:53,text
99971001031,99971001029,2026-08-25 19:05:25,text
99971001695,99971001687,2026-08-25 19:09:29,text
99971001170,99971001174,2026-08-25 19:09:51,text
99971001819,99971001822,2026-08-25 19:17:04,text
99971001097,99971001094,2026-08-25 19:26:12,text
99971001370,99971001383,2026-08-25 19:34:36,text
99971001680,99971001661,2026-08-25 19:48:41,text
99971001184,99971001180,2026-08-25 19:57:35,text
99971001522,99971001516,2026-08-25 20:04:09,text
99971002274,99971002263,2026-08-25 20:04:30,text
99971001798,99971001782,2026-08-25 20:17:00,text
99971002307,99971002313,2026-08-25 20:33:54,text
99971002363,99971002376,2026-08-25 20:45:05,text
99971000376,99971000383,2026-08-25 20:47:05,text
99971000134,99971000140,2026-08-25 21:04:58,text
99971001628,99971001631,2026-08-25 21:06:28,text
99971000678,99971000688,2026-08-25 21:13:40,text
99971002204,99971002193,2026-08-25 21:37:57,text
99971000042,99971000028,2026-08-25 21:38:11,text
99971001752,99971001738,2026-08-25 21:42:25,text
99971000401,99971000396,2026-08-25 21:55:46,text
99971001842,99971001844,2026-08-25 22:17:05,text
99971001061,99971001076,2026-08-25 22:17:12,text
99971000090,99971000095,2026-08-25 22:20:01,text
99971000781,99971000782,2026-08-25 22:21:47,text
99971000436,99971000445,2026-08-25 22:32:39,text
99971000137,99971000127,2026-08-25 22:45:38,text
99971001738,99971001743,2026-08-25 22:48:05,text
99971001988,99971001977,2026-08-25 23:04:43,text
99971000662,99971000660,2026-08-25 23:08:13,text
99971000501,99971000482,2026-08-25 23:09:00,text
99971002383,99971002378,2026-08-25 23:31:38,text
99971002012,99971002013,2026-08-26 00:08:51,text
99971000766,99971000750,2026-08-26 00:58:50,text
99971000085,99971000087,2026-08-26 01:21:12,text
99971000359,99971000350,2026-08-26 01:46:50,text
99971000029,99971000027,2026-08-26 01:51:41,text
99971001234,99971001247,2026-08-26 01:54:09,text
99971002155,99971002148,2026-08-26 02:10:09,text
99971002265,99971002267,2026-08-26 02:17:18,text
99971002104,99971002097,2026-08-26 02:23:43,text
99971001836,99971001837,2026-08-26 03:04:50,text
99971002008,99971002004,2026-08-26 03:08:12,text
99971001680,99971001661,2026-08-26 03:22:05,text
99971002198,99971002186,2026-08-26 04:00:23,text
99971001738,99971001743,2026-08-26 04:56:48,text
99971002205,99971002189,2026-08-26 05:08:11,text
99971000193,99971000208,2026-08-26 05:10:58,text
99971001957,99971001962,2026-08-26 05:21:43,text
99971002065,99971002075,2026-08-26 05:28:57,text
99971001040,99971001055,2026-08-26 05:32:52,text
99971000682,99971000694,2026-08-26 05:55:51,text
99971000498,99971000504,2026-08-26 05:58:12,text
99971002380,99971002385,2026-08-26 06:09:04,text
99971000489,99971000503,2026-08-26 06:11:42,text
99971000496,99971000492,2026-08-26 06:14:04,text
99971001282,99971001277,2026-08-26 06:38:58,text
99971000481,99971000485,2026-08-26 06:43:23,text
99971001172,99971001168,2026-08-26 07:02:41,text
99971001894,99971001888,2026-08-26 07:05:07,text
99971000967,99971000984,2026-08-26 07:25:58,text
99971001910,99971001903,2026-08-26 07:53:32,text
99971001356,99971001355,2026-08-26 08:08:08,text
99971000459,99971000471,2026-08-26 08:08:29,text
99971000357,99971000340,2026-08-26 08:14:58,text
99971001827,99971001833,2026-08-26 08:20:08,text
99971002123,99971002122,2026-08-26 08:37:50,text
99971001739,99971001740,2026-08-26 08:41:19,text
99971002168,99971002174,2026-08-26 08:45:44,text
99971001426,99971001425,2026-08-26 08:51:53,text
99971001079,99971001058,2026-08-26 09:01:30,text
99971001271,99971001269,2026-08-26 09:38:07,text
99971002252,99971002250,2026-08-26 09:40:19,text
99971001365,99971001364,2026-08-26 10:01:06,text
99971001566,99971001574,2026-08-26 10:07:03,text
99971000505,99971000512,2026-08-26 10:10:36,text
99971001832,99971001847,2026-08-26 10:20:58,text
99971001042,99971001053,2026-08-26 10:24:39,text
99971000719,99971000716,2026-08-26 10:28:33,text
99971000987,99971000988,2026-08-26 10:30:58,text
99971001437,99971001435,2026-08-26 10:36:41,text
99971001797,99971001782,2026-08-26 10:39:43,text
99971001342,99971001333,2026-08-26 10:50:34,text
99971000489,99971000484,2026-08-26 11:05:33,text
99971000265,99971000288,2026-08-26 11:19:25,text
99971001280,99971001294,2026-08-26 11:23:38,text
99971000201,99971000209,2026-08-26 11:44:50,text
99971000058,99971000066,2026-08-26 11:49:21,text
99971000262,99971000255,2026-08-26 11:57:17,text
99971001382,99971001390,2026-08-26 11:57:38,text
99971000579,99971000592,2026-08-26 12:01:55,text
99971001475,99971001465,2026-08-26 12:06:45,text
99971001188,99971001177,2026-08-26 12:17:08,text
99971001188,99971001189,2026-08-26 12:28:16,text
99971000037,99971000032,2026-08-26 12:36:47,text
99971001287,99971001288,2026-08-26 12:40:23,text
99971001182,99971001181,2026-08-26 12:49:04,text
99971001022,99971001016,2026-08-26 12:54:19,text
99971001777,99971001794,2026-08-26 13:00:31,text
99971000534,99971000539,2026-08-26 13:10:58,text
99971001267,99971001272,2026-08-26 13:16:28,text
99971002152,99971002140,2026-08-26 13:18:03,text
99971002143,99971002145,2026-08-26 13:23:42,text
99971001191,99971001183,2026-08-26 13:29:15,text
99971000835,99971000829,2026-08-26 13:50:56,text
99971000198,99971000206,2026-08-26 13:53:59,text
99971001460,99971001444,2026-08-26 13:59:38,text
99971001924,99971001925,2026-08-26 14:15:39,text
99971000046,99971000036,2026-08-26 14:16:29,text
99971001235,99971001236,2026-08-26 14:42:11,text
99971000853,99971000844,2026-08-26 14:48:50,text
99971002053,99971002042,2026-08-26 15:01:38,text
99971002047,99971002052,2026-08-26 15:08:37,text
99971001941,99971001936,2026-08-26 15:08:59,text
99971002396,99971002394,2026-08-26 15:11:47,text
99971002287,99971002296,2026-08-26 15:18:41,text
99971001284,99971001273,2026-08-26 15:30:48,text
99971000802,99971000803,2026-08-26 15:46:54,text
99971000072,99971000065,2026-08-26 15:48:24,text
99971000038,99971000043,2026-08-26 15:55:45,text
99971001538,99971001558,2026-08-26 16:16:17,text
99971000153,99971000148,2026-08-26 16:33:16,text
99971001789,99971001792,2026-08-26 16:35:20,text
99971002157,99971002158,2026-08-26 16:35:45,text
99971002287,99971002296,2026-08-26 16:42:02,text
99971000608,99971000611,2026-08-26 16:59:38,text
99971000114,99971000112,2026-08-26 17:14:33,text
99971000378,99971000376,2026-08-26 17:23:07,text
99971001686,99971001684,2026-08-26 17:37:54,text
99971000423,99971000414,2026-08-26 17:45:33,text
99971001811,99971001816,2026-08-26 17:47:10,text
99971002155,99971002156,2026-08-26 17:56:07,text
99971000899,99971000890,2026-08-26 18:04:25,text
99971002075,99971002083,2026-08-26 18:16:52,text
99971001419,99971001434,2026-08-26 18:31:00,text
99971001349,99971001352,2026-08-26 18:42:50,text
99971002135,99971002120,2026-08-26 18:48:15,text
99971002017,99971002029,2026-08-26 19:07:50,text
99971001690,99971001687,2026-08-26 19:23:40,text
99971001564,99971001562,2026-08-26 19:49:20,text
99971000086,99971000075,2026-08-26 19:55:53,text
99971000372,99971000371,2026-08-26 19:57:17,text
99971001190,99971001179,2026-08-26 20:22:51,text
99971000521,99971000513,2026-08-26 20:43:26,text
99971002114,99971002129,2026-08-26 21:49:25,text
99971001235,99971001229,2026-08-26 22:02:46,text
99971000645,99971000626,2026-08-26 22:03:59,text
99971000442,99971000437,2026-08-26 22:36:04,text
99971001677,99971001664,2026-08-26 22:45:55,text
99971001888,99971001894,2026-08-26 23:17:29,text
99971002219,99971002226,2026-08-26 23:24:05,text
99971002132,99971002126,2026-08-26 23:24:44,text
99971000483,99971000503,2026-08-26 23:32:05,text
99971002324,99971002306,2026-08-26 23:57:00,text
99971000945,99971000953,2026-08-26 23:57:23,text
99971000258,99971000260,2026-08-27 00:13:43,text
99971000598,99971000584,2026-08-27 00:15:57,text
99971000582,99971000577,2026-08-27 00:25:37,text
99971000683,99971000685,2026-08-27 00:40:14,text
99971002009,99971002003,2026-08-27 00:40:33,text
99971001289,99971001275,2026-08-27 00:48:06,text
99971002191,99971002201,2026-08-27 00:56:10,text
99971001060,99971001057,2026-08-27 01:12:13,text
99971001365,99971001364,2026-08-27 01:39:00,text
99971001871,99971001857,2026-08-27 01:54:56,text
99971000973,99971000967,2026-08-27 01:57:38,text
99971000535,99971000543,2026-08-27 02:30:55,text
99971002144,99971002142,2026-08-27 02:34:45,text
99971000061,99971000063,2026-08-27 02:44:23,text
99971001261,99971001264,2026-08-27 02:56:59,text
99971001361,99971001367,2026-08-27 03:19:46,text
99971001871,99971001857,2026-08-27 03:32:51,text
99971002200,99971002187,2026-08-27 03:41:45,text
99971000682,99971000680,2026-08-27 03:59:59,text
99971001693,99971001699,2026-08-27 04:12:54,text
99971002013,99971002012,2026-08-27 04:14:19,text
99971001211,99971001205,2026-08-27 04:15:16,text
99971000865,99971000886,2026-08-27 04:16:52,text
99971001855,99971001859,2026-08-27 04:22:13,text
99971000382,99971000366,2026-08-27 05:02:51,text
99971001053,99971001042,2026-08-27 05:12:45,text
99971000519,99971000506,2026-08-27 05:18:18,text
99971000400,99971000401,2026-08-27 05:35:39,text
99971001421,99971001431,2026-08-27 05:51:44,text
99971001627,99971001613,2026-08-27 05:54:39,text
99971000340,99971000338,2026-08-27 06:03:35,text
99971001321,99971001343,2026-08-27 06:17:39,text
99971001868,99971001870,2026-08-27 06:17:59,text
99971002071,99971002078,2026-08-27 06:23:15,text
99971000670,99971000656,2026-08-27 06:30:02,text
99971001056,99971001054,2026-08-27 06:30:55,text
99971000473,99971000460,2026-08-27 07:06:14,text
99971002262,99971002268,2026-08-27 07:12:46,text
99971002298,99971002301,2026-08-27 07:25:10,text
99971000115,99971000109,2026-08-27 07:39:51,text
99971001308,99971001320,2026-08-27 07:41:37,text
99971001702,99971001690,2026-08-27 07:52:58,text
99971000127,99971000139,2026-08-27 08:06:37,text
99971002086,99971002079,2026-08-27 08:45:11,text
99971000630,99971000642,2026-08-27 08:49:54,text
99971002203,99971002186,2026-08-27 08:59:17,text
99971002391,99971002383,2026-08-27 09:10:33,text
99971000903,99971000896,2026-08-27 09:25:02,text
99971001974,99971001976,2026-08-27 09:25:40,text
99971001474,99971001483,2026-08-27 09:29:02,text
99971000861,99971000851,2026-08-27 09:51:07,text
99971001372,99971001390,2026-08-27 10:04:50,text
99971000257,99971000242,2026-08-27 10:38:16,text
99971000964,99971000972,2026-08-27 10:52:11,text
99971001486,99971001467,2026-08-27 11:07:19,text
99971000956,99971000941,2026-08-27 11:12:35,text
99971000761,99971000753,2026-08-27 11:22:10,text
99971002319,99971002305,2026-08-27 11:27:33,text
99971000132,99971000138,2026-08-27 11:42:58,text
99971001695,99971001688,2026-08-27 11:56:23,text
99971000358,99971000343,2026-08-27 11:59:43,text
99971000891,99971000890,2026-08-27 12:08:15,text
99971000128,99971000144,2026-08-27 12:10:37,text
99971002173,99971002180,2026-08-27 12:21:08,text
99971000985,99971000998,2026-08-27 12:41:44,text
99971000534,99971000537,2026-08-27 12:54:26,text
99971001632,99971001622,2026-08-27 13:19:02,text
99971000695,99971000696,2026-08-27 13:27:13,text
99971002226,99971002224,2026-08-27 13:33:26,text
99971000955,99971000938,2026-08-27 13:34:23,text
99971001382,99971001375,2026-08-27 13:34:32,text
99971000961,99971000974,2026-08-27 13:43:18,text
99971001055,99971001048,2026-08-27 14:12:49,text
99971000352,99971000349,2026-08-27 14:15:38,text
99971000825,99971000819,2026-08-27 14:21:43,text
99971000414,99971000423,2026-08-27 14:37:56,text
99971000338,99971000343,2026-08-27 14:52:56,text
99971002092,99971002093,2026-08-27 14:59:53,text
99971000880,99971000872,2026-08-27 15:10:04,text
99971001376,99971001370,2026-08-27 15:15:21,text
99971001850,99971001863,2026-08-27 15:25:00,text
99971002042,99971002053,2026-08-27 15:33:12,text
99971000995,99971000989,2026-08-27 15:54:30,text
99971000841,99971000859,2026-08-27 16:00:49,text
99971001186,99971001177,2026-08-27 16:11:27,text
99971000178,99971000186,2026-08-27 16:26:59,text
99971002006,99971002009,2026-08-27 16:37:18,text
99971002344,99971002349,2026-08-27 17:47:07,text
99971001486,99971001467,2026-08-27 17:51:10,text
99971001600,99971001593,2026-08-27 17:57:02,text
99971000299,99971000298,2026-08-27 18:19:18,text
99971002055,99971002051,2026-08-27 18:25:28,text
99971001923,99971001925,2026-08-27 18:29:32,text
99971002206,99971002191,2026-08-27 18:46:33,text
99971001269,99971001253,2026-08-27 18:46:34,text
99971000680,99971000688,2026-08-27 18:58:09,text
99971001189,99971001197,2026-08-27 19:14:33,text
99971001744,99971001734,2026-08-27 19:19:22,text
99971001325,99971001332,2026-08-27 19:49:03,text
99971001125,99971001113,2026-08-27 19:59:36,text
99971000815,99971000804,2026-08-27 20:04:17,text
99971000161,99971000168,2026-08-27 20:09:46,text
99971001118,99971001117,2026-08-27 20:28:38,text
99971001447,99971001442,2026-08-27 20:29:33,text
99971001412,99971001416,2026-08-27 21:06:59,text
99971001089,99971001097,2026-08-27 21:37:35,text
99971000275,99971000274,2026-08-27 21:40:57,text
99971000221,99971000218,2026-08-27 21:46:59,text
99971000932,99971000930,2026-08-27 21:55:51,text
99971001586,99971001585,2026-08-27 22:10:27,text
99971000730,99971000734,2026-08-27 22:24:47,text
99971001216,99971001213,2026-08-27 22:34:36,text
99971001774,99971001771,2026-08-27 22:36:18,text
99971001495,99971001505,2026-08-27 22:42:26,text
99971002359,99971002367,2026-08-27 22:55:36,text
99971000036,99971000046,2026-08-27 23:06:09,text
99971002382,99971002377,2026-08-27 23:33:15,text
99971000244,99971000263,2026-08-27 23:53:27,text
99971001254,99971001251,2026-08-27 23:56:17,text
99971001379,99971001383,2026-08-28 00:18:43,text
99971001742,99971001749,2026-08-28 00:33:05,text
99971002208,99971002204,2026-08-28 00:38:03,text
99971001305,99971001302,2026-08-28 01:26:33,text
99971000277,99971000281,2026-08-28 01:37:42,text
99971000151,99971000163,2026-08-28 01:48:32,text
99971000111,99971000110,2026-08-28 01:50:24,text
99971000011,99971000013,2026-08-28 02:01:14,text
99971002381,99971002400,2026-08-28 02:33:37,text
99971000710,99971000706,2026-08-28 02:45:18,text
99971000682,99971000694,2026-08-28 02:51:00,text
99971001477,99971001468,2026-08-28 03:03:00,text
99971000233,99971000221,2026-08-28 03:19:49,text
99971002121,99971002123,2026-08-28 03:32:53,text
99971000307,99971000306,2026-08-28 03:33:16,text
99971001692,99971001687,2026-08-28 04:20:45,text
99971000515,99971000511,2026-08-28 04:41:05,text
99971000600,99971000578,2026-08-28 04:48:08,text
99971001147,99971001132,2026-08-28 04:52:24,text
99971002325,99971002321,2026-08-28 04:57:26,text
99971002082,99971002072,2026-08-28 05:04:46,text
99971001296,99971001288,2026-08-28 05:19:23,text
99971000706,99971000713,2026-08-28 05:29:58,text
99971001201,99971001214,2026-08-28 05:39:05,text
99971000011,99971000008,2026-08-28 05:46:52,text
99971001798,99971001787,2026-08-28 05:51:59,text
99971000343,99971000356,2026-08-28 05:54:23,text
99971000481,99971000483,2026-08-28 05:59:07,text
99971001757,99971001771,2026-08-28 06:07:01,text
99971000418,99971000423,2026-08-28 06:12:21,text
99971001068,99971001074,2026-08-28 06:28:10,text
99971002103,99971002097,2026-08-28 06:34:27,text
99971001585,99971001591,2026-08-28 06:37:39,text
99971001957,99971001962,2026-08-28 06:54:48,text
99971000865,99971000886,2026-08-28 06:59:30,text
99971001477,99971001467,2026-08-28 07:00:29,text
99971001902,99971001917,2026-08-28 07:10:00,text
99971001554,99971001548,2026-08-28 07:34:58,text
99971002231,99971002214,2026-08-28 07:54:04,text
99971000897,99971000889,2026-08-28 07:57:09,text
99971001290,99971001286,2026-08-28 08:31:32,text
99971000461,99971000462,2026-08-28 08:47:28,text
99971000399,99971000389,2026-08-28 08:54:08,text
99971002295,99971002285,2026-08-28 09:00:29,text
99971000899,99971000900,2026-08-28 09:05:01,text
99971000895,99971000911,2026-08-28 09:12:02,text
99971000273,99971000269,2026-08-28 09:19:25,text
99971001084,99971001085,2026-08-28 09:34:45,text
99971002038,99971002021,2026-08-28 09:59:53,text
99971001973,99971001985,2026-08-28 10:04:49,text
99971001549,99971001559,2026-08-28 10:11:05,text
99971001477,99971001474,2026-08-28 10:22:27,text
99971001052,99971001050,2026-08-28 10:24:46,text
99971000379,99971000361,2026-08-28 10:32:17,text
99971002215,99971002212,2026-08-28 10:44:39,text
99971002258,99971002280,2026-08-28 11:07:56,text
99971001183,99971001196,2026-08-28 11:28:48,text
99971000587,99971000578,2026-08-28 11:33:25,text
99971000612,99971000606,2026-08-28 11:35:27,text
99971001552,99971001556,2026-08-28 11:58:44,text
99971002291,99971002297,2026-08-28 12:00:00,text
99971000629,99971000633,2026-08-28 12:00:16,text
99971001499,99971001498,2026-08-28 12:06:51,text
99971000385,99971000391,2026-08-28 12:10:38,text
99971001900,99971001908,2026-08-28 12:20:39,text
99971000599,99971000588,2026-08-28 12:34:14,text
99971000205,99971000208,2026-08-28 12:43:17,text
99971002126,99971002132,2026-08-28 12:50:29,text
99971001594,99971001590,2026-08-28 12:56:45,text
99971000567,99971000561,2026-08-28 12:57:37,text
99971002304,99971002295,2026-08-28 13:18:43,text
99971000490,99971000491,2026-08-28 13:31:33,text
99971000433,99971000452,2026-08-28 13:41:20,text
99971001777,99971001785,2026-08-28 13:53:25,text
99971001563,99971001578,2026-08-28 14:08:23,text
99971001193,99971001190,2026-08-28 14:27:02,text
99971001677,99971001671,2026-08-28 14:31:59,text
99971000913,99971000923,2026-08-28 15:26:43,text
99971001821,99971001817,2026-08-28 15:44:05,text
99971002245,99971002241,2026-08-28 15:55:33,text
99971000712,99971000704,2026-08-28 15:57:12,text
99971002080,99971002084,2026-08-28 15:59:02,text
99971000201,99971000211,2026-08-28 16:46:16,text
99971000188,99971000174,2026-08-28 17:31:52,text
99971000984,99971000967,2026-08-28 17:56:56,text
99971002020,99971002027,2026-08-28 18:06:26,text
99971001786,99971001797,2026-08-28 18:16:23,text
99971000271,99971000285,2026-08-28 18:30:05,text
99971001194,99971001191,2026-08-28 18:51:48,text
99971000839,99971000833,2026-08-28 19:18:47,text
99971000419,99971000421,2026-08-28 19:39:47,text
99971000753,99971000761,2026-08-28 19:50:40,text
99971001091,99971001103,2026-08-28 19:53:25,text
99971000627,99971000646,2026-08-28 19:58:29,text
99971002103,99971002094,2026-08-28 20:06:34,text
99971001079,99971001058,2026-08-28 20:17:55,text
99971000739,99971000722,2026-08-28 20:31:53,text
99971001509,99971001505,2026-08-28 20:32:37,text
99971002003,99971001995,2026-08-28 20:47:23,text
99971000161,99971000151,2026-08-28 21:02:22,text
99971000865,99971000879,2026-08-28 21:13:23,text
99971000513,99971000525,2026-08-28 21:31:36,text
99971001243,99971001226,2026-08-28 22:02:32,text
99971000675,99971000681,2026-08-28 22:04:59,text
99971000155,99971000156,2026-08-28 22:07:56,text
99971001528,99971001532,2026-08-28 22:36:20,text
99971001580,99971001584,2026-08-28 23:26:13,text
99971000661,99971000655,2026-08-28 23:33:28,text
99971002225,99971002216,2026-08-28 23:35:49,text
99971001620,99971001613,2026-08-28 23:44:10,text
99971001576,99971001574,2026-08-28 23:45:09,text
99971000013,99971000018,2026-08-29 00:04:51,text
99971001867,99971001856,2026-08-29 00:12:43,text
99971000010,99971000023,2026-08-29 00:13:57,text
99971000169,99971000189,2026-08-29 00:14:06,text
99971001425,99971001426,2026-08-29 00:22:27,text
99971001282,99971001280,2026-08-29 00:37:27,text
99971001660,99971001675,2026-08-29 00:45:51,text
99971001313,99971001300,2026-08-29 00:50:02,text
99971002043,99971002063,2026-08-29 00:51:50,text
99971001120,99971001124,2026-08-29 00:52:04,text
99971001139,99971001137,2026-08-29 00:54:34,text
99971001485,99971001474,2026-08-29 01:02:46,text
99971001135,99971001148,2026-08-29 01:31:57,text
99971001019,99971001026,2026-08-29 01:35:08,text
99971002336,99971002348,2026-08-29 01:45:46,text
99971002170,99971002182,2026-08-29 01:48:06,text
99971000679,99971000682,2026-08-29 01:55:11,text
99971002116,99971002136,2026-08-29 02:18:14,text
99971001396,99971001408,2026-08-29 02:24:09,text
99971000328,99971000314,2026-08-29 02:38:51,text
99971001142,99971001133,2026-08-29 03:04:59,text
99971001178,99971001188,2026-08-29 03:15:05,text
99971001281,99971001296,2026-08-29 03:18:36,text
99971001264,99971001257,2026-08-29 03:24:40,text
99971000243,99971000264,2026-08-29 03:37:40,text
99971001685,99971001681,2026-08-29 03:42:32,text
99971000104,99971000112,2026-08-29 04:00:13,text
99971001679,99971001662,2026-08-29 04:04:46,text
99971001470,99971001484,2026-08-29 04:05:36,text
99971000729,99971000743,2026-08-29 04:13:11,text
99971000972,99971000962,2026-08-29 04:20:32,text
99971001565,99971001566,2026-08-29 04:20:46,text
99971001303,99971001319,2026-08-29 04:23:14,text
99971000293,99971000299,2026-08-29 05:11:17,text
99971000574,99971000558,2026-08-29 05:25:58,text
99971001030,99971001029,2026-08-29 05:30:44,text
99971002309,99971002305,2026-08-29 05:46:18,text
99971000081,99971000079,2026-08-29 06:10:01,text
99971001934,99971001944,2026-08-29 06:12:49,text
99971002268,99971002262,2026-08-29 06:13:36,text
99971001296,99971001288,2026-08-29 06:26:07,text
99971002020,99971002025,2026-08-29 06:40:40,text
99971000292,99971000306,2026-08-29 06:53:34,text
99971000455,99971000436,2026-08-29 06:54:05,text
99971000150,99971000165,2026-08-29 07:00:33,text
99971000761,99971000750,2026-08-29 07:01:35,text
99971001543,99971001548,2026-08-29 07:15:37,text
99971002300,99971002286,2026-08-29 07:32:54,text
99971000446,99971000456,2026-08-29 07:44:53,text
99971001712,99971001706,2026-08-29 07:45:18,text
99971000119,99971000117,2026-08-29 08:36:01,text
99971001446,99971001456,2026-08-29 08:49:52,text
99971001816,99971001815,2026-08-29 08:50:34,text
99971002367,99971002362,2026-08-29 09:05:52,text
99971001121,99971001105,2026-08-29 09:20:15,text
99971001350,99971001361,2026-08-29 09:42:31,text
99971000618,99971000619,2026-08-29 10:45:25,text
99971002221,99971002232,2026-08-29 10:49:07,text
99971001444,99971001460,2026-08-29 11:00:06,text
99971000535,99971000537,2026-08-29 11:03:29,text
99971001844,99971001841,2026-08-29 11:41:08,text
99971001120,99971001115,2026-08-29 11:55:37,text
99971000913,99971000914,2026-08-29 12:09:39,text
99971001374,99971001378,2026-08-29 12:14:56,text
99971000097,99971000111,2026-08-29 12:29:10,text
99971002289,99971002292,2026-08-29 12:29:49,text
99971001680,99971001672,2026-08-29 12:29:58,text
99971001971,99971001989,2026-08-29 12:47:17,text
99971001956,99971001958,2026-08-29 13:04:38,text
99971001244,99971001231,2026-08-29 13:12:38,text
99971000128,99971000144,2026-08-29 13:12:52,text
99971002119,99971002117,2026-08-29 13:50:48,text
99971001920,99971001913,2026-08-29 13:52:37,text
99971001792,99971001785,2026-08-29 13:54:32,text
99971002039,99971002036,2026-08-29 14:01:50,text
99971001316,99971001306,2026-08-29 14:03:02,text
99971001935,99971001936,2026-08-29 14:12:09,text
99971000993,99971000988,2026-08-29 14:12:20,text
99971001306,99971001316,2026-08-29 14:26:19,text
99971001789,99971001800,2026-08-29 14:39:21,text
99971002244,99971002241,2026-08-29 15:16:10,text
99971001004,99971001002,2026-08-29 15:25:13,text
99971000177,99971000182,2026-08-29 15:25:33,text
99971001503,99971001491,2026-08-29 15:26:34,text
99971001655,99971001650,2026-08-29 15:34:47,text
99971000060,99971000051,2026-08-29 15:37:46,text
99971000157,99971000161,2026-08-29 16:28:28,text
99971001434,99971001436,2026-08-29 16:42:45,text
99971001852,99971001865,2026-08-29 16:48:45,text
99971000501,99971000504,2026-08-29 16:51:20,text
99971002077,99971002085,2026-08-29 17:06:14,text
99971001730,99971001734,2026-08-29 17:12:18,text
99971001686,99971001688,2026-08-29 17:25:02,text
99971000419,99971000421,2026-08-29 17:50:19,text
99971002363,99971002373,2026-08-29 18:14:46,text
99971000138,99971000136,2026-08-29 18:21:31,text
99971001325,99971001332,2026-08-29 18:27:16,text
99971001895,99971001889,2026-08-29 18:43:59,text
99971000364,99971000374,2026-08-29 18:50:58,text
99971000911,99971000895,2026-08-29 18:55:30,text
99971002337,99971002350,2026-08-29 19:05:25,text
99971001586,99971001601,2026-08-29 19:18:54,text
99971001728,99971001722,2026-08-29 19:28:11,text
99971000292,99971000309,2026-08-29 19:56:17,text
99971001369,99971001375,2026-08-29 19:57:46,text
99971000052,99971000054,2026-08-29 20:02:50,text
99971000742,99971000723,2026-08-29 20:12:32,text
99971000862,99971000842,2026-08-29 20:27:52,text
99971000633,99971000641,2026-08-29 20:33:47,text
99971002309,99971002324,2026-08-29 20:47:51,text
99971000752,99971000768,2026-08-29 20:57:27,text
99971001177,99971001195,2026-08-29 20:58:13,text
99971000390,99971000404,2026-08-29 21:00:02,text
99971000105,99971000101,2026-08-29 21:00:18,text
99971000980,99971000977,2026-08-29 21:12:29,text
99971000376,99971000378,2026-08-29 21:52:01,text
99971000770,99971000788,2026-08-29 22:03:54,text
99971001392,99971001384,2026-08-29 22:10:52,text
99971000778,99971000769,2026-08-29 22:15:55,text
99971000483,99971000481,2026-08-29 22:27:42,text
99971000259,99971000257,2026-08-29 22:43:41,text
99971001352,99971001345,2026-08-29 22:46:05,text
99971001687,99971001692,2026-08-29 22:50:02,text
99971000645,99971000637,2026-08-29 23:06:06,text
99971001268,99971001259,2026-08-29 23:07:18,text
99971001769,99971001761,2026-08-29 23:11:51,text
99971001593,99971001596,2026-08-29 23:36:32,text
99971001039,99971001040,2026-08-29 23:58:14,text
99971000670,99971000672,2026-08-29 23:59:37,text
99971000120,99971000102,2026-08-30 00:15:41,text
99971001788,99971001789,2026-08-30 00:38:30,text
99971001041,99971001043,2026-08-30 00:55:47,text
99971000047,99971000031,2026-08-30 01:09:58,text
99971000850,99971000849,2026-08-30 01:12:04,text
99971001018,99971001022,2026-08-30 01:24:14,text
99971000091,99971000086,2026-08-30 01:46:51,text
99971001635,99971001654,2026-08-30 01:52:26,text
99971000830,99971000835,2026-08-30 02:30:07,text
99971000083,99971000074,2026-08-30 02:33:41,text
99971001149,99971001134,2026-08-30 02:35:18,text
99971002151,99971002160,2026-08-30 02:38:02,text
99971002373,99971002363,2026-08-30 02:46:39,text
99971001053,99971001048,2026-08-30 02:46:56,text
99971000874,99971000866,2026-08-30 02:49:02,text
99971001985,99971001976,2026-08-30 03:14:51,text
99971001541,99971001552,2026-08-30 03:16:38,text
99971001698,99971001696,2026-08-30 03:35:54,text
99971000372,99971000365,2026-08-30 03:51:23,text
99971001133,99971001135,2026-08-30 04:15:32,text
99971002019,99971002034,2026-08-30 05:11:10,text
99971001407,99971001401,2026-08-30 05:17:09,text
99971000933,99971000921,2026-08-30 05:20:46,text
99971000995,99971001005,2026-08-30 05:25:54,text
99971001144,99971001138,2026-08-30 05:27:21,text
99971000379,99971000364,2026-08-30 05:52:05,text
99971000779,99971000780,2026-08-30 06:20:06,text
99971001698,99971001682,2026-08-30 06:47:47,text
99971000872,99971000874,2026-08-30 06:53:44,text
99971002118,99971002119,2026-08-30 06:54:23,text
99971000506,99971000511,2026-08-30 07:16:16,text
99971000068,99971000063,2026-08-30 07:19:46,text
99971001799,99971001795,2026-08-30 07:32:51,text
99971002374,99971002372,2026-08-30 07:44:42,text
99971002280,99971002257,2026-08-30 07:58:46,text
99971001171,99971001166,2026-08-30 07:59:18,text
99971001746,99971001738,2026-08-30 08:05:15,text
99971001476,99971001468,2026-08-30 08:36:43,text
99971001648,99971001646,2026-08-30 08:42:05,text
99971001629,99971001619,2026-08-30 09:13:37,text
99971000234,99971000221,2026-08-30 09:20:25,text
99971001237,99971001226,2026-08-30 09:32:51,text
99971002273,99971002277,2026-08-30 10:16:40,text
99971001332,99971001322,2026-08-30 10:20:15,text
99971000106,99971000100,2026-08-30 10:31:57,text
99971001484,99971001475,2026-08-30 10:37:44,text
99971001068,99971001077,2026-08-30 10:57:59,text
99971002274,99971002271,2026-08-30 10:59:37,text
99971002229,99971002218,2026-08-30 11:08:26,text
99971000458,99971000478,2026-08-30 11:14:15,text
99971000979,99971000969,2026-08-30 11:17:07,text
99971001585,99971001586,2026-08-30 11:38:14,text
99971002045,99971002047,2026-08-30 12:06:42,text
99971001703,99971001688,2026-08-30 12:20:15,text
99971001861,99971001863,2026-08-30 12:23:07,text
99971001987,99971001973,2026-08-30 13:03:18,text
99971000670,99971000651,2026-08-30 14:03:42,text
99971000670,99971000672,2026-08-30 14:04:28,text
99971000410,99971000415,2026-08-30 14:09:41,text
99971000640,99971000645,2026-08-30 14:13:02,text
99971001586,99971001598,2026-08-30 14:13:21,text
99971000085,99971000094,2026-08-30 14:19:25,text
99971000931,99971000928,2026-08-30 14:32:33,text
99971002286,99971002285,2026-08-30 14:55:01,text
99971000771,99971000774,2026-08-30 14:59:01,text
99971001849,99971001851,2026-08-30 15:00:22,text
99971002232,99971002221,2026-08-30 15:04:45,text
99971001715,99971001716,2026-08-30 15:07:06,text
99971001293,99971001277,2026-08-30 15:07:22,text
99971001037,99971001038,2026-08-30 15:07:46,text
99971000403,99971000385,2026-08-30 15:09:27,text
99971000423,99971000417,2026-08-30 15:16:23,text
99971002057,99971002060,2026-08-30 15:25:26,text
99971000596,99971000577,2026-08-30 15:45:22,text
99971001772,99971001775,2026-08-30 15:49:52,text
99971000320,99971000331,2026-08-30 16:04:56,text
99971000154,99971000146,2026-08-30 16:07:46,text
99971000116,99971000115,2026-08-30 16:08:16,text
99971002134,99971002135,2026-08-30 16:15:33,text
99971001020,99971001023,2026-08-30 16:15:36,text
99971001314,99971001303,2026-08-30 16:29:18,text
99971000260,99971000242,2026-08-30 16:38:22,text
99971002335,99971002340,2026-08-30 17:00:05,text
99971000625,99971000637,2026-08-30 17:08:24,text
99971001877,99971001896,2026-08-30 17:34:49,text
99971001205,99971001206,2026-08-30 18:39:01,text
99971001629,99971001619,2026-08-30 18:54:30,text
99971001260,99971001269,2026-08-30 19:00:32,text
99971000532,99971000534,2026-08-30 19:21:11,text
99971002061,99971002046,2026-08-30 19:36:46,text
99971000597,99971000585,2026-08-30 19:41:22,text
99971002244,99971002241,2026-08-30 20:09:54,text
99971001875,99971001874,2026-08-30 20:19:48,text
99971002031,99971002021,2026-08-30 20:20:33,text
99971000740,99971000726,2026-08-30 20:20:53,text
99971000823,99971000838,2026-08-30 20:26:18,text
99971001047,99971001038,2026-08-30 20:27:44,text
99971000176,99971000170,2026-08-30 20:36:57,text
99971000448,99971000455,2026-08-30 20:49:28,text
99971002179,99971002164,2026-08-30 20:53:02,text
99971002151,99971002160,2026-08-30 21:06:09,text
99971002004,99971002008,2026-08-30 22:08:05,text
99971001026,99971001031,2026-08-30 22:10:59,text
99971000365,99971000371,2026-08-30 22:19:32,text
99971001116,99971001108,2026-08-30 22:36:23,text
99971001844,99971001841,2026-08-30 22:47:38,text
99971000665,99971000667,2026-08-30 23:01:29,text
99971001332,99971001329,2026-08-30 23:22:53,text
99971000590,99971000587,2026-08-30 23:34:36,text
99971001716,99971001724,2026-08-31 00:00:35,text
99971000375,99971000380,2026-08-31 00:17:00,text
99971002290,99971002296,2026-08-31 00:19:30,text
99971000982,99971000975,2026-08-31 00:43:32,text
99971000396,99971000405,2026-08-31 00:48:49,text
99971001995,99971002016,2026-08-31 00:50:27,text
99971000711,99971000716,2026-08-31 00:57:54,text
99971000956,99971000955,2026-08-31 01:09:37,text
99971002289,99971002283,2026-08-31 01:10:03,text
99971000033,99971000042,2026-08-31 01:14:47,text
99971000218,99971000234,2026-08-31 01:22:17,text
99971000245,99971000251,2026-08-31 01:36:59,text
99971000337,99971000340,2026-08-31 02:15:10,text
99971000095,99971000082,2026-08-31 02:17:06,text
99971001675,99971001673,2026-08-31 02:43:09,text
99971000364,99971000362,2026-08-31 02:43:59,text
99971001457,99971001441,2026-08-31 03:04:08,text
99971000657,99971000652,2026-08-31 03:19:48,text
99971001838,99971001848,2026-08-31 03:37:04,text
99971000251,99971000263,2026-08-31 03:56:07,text
99971001486,99971001471,2026-08-31 04:20:36,text
99971001927,99971001926,2026-08-31 04:28:57,text
99971001617,99971001630,2026-08-31 04:55:26,text
99971002395,99971002383,2026-08-31 04:56:35,text
99971000604,99971000605,2026-08-31 05:01:39,text
99971000859,99971000864,2026-08-31 05:08:30,text
99971000625,99971000637,2026-08-31 05:31:22,text
99971000182,99971000177,2026-08-31 05:34:31,text
99971001488,99971001472,2026-08-31 05:47:46,text
99971001869,99971001866,2026-08-31 05:50:34,text
99971001339,99971001323,2026-08-31 05:55:29,text
99971001922,99971001943,2026-08-31 06:08:54,text
99971000328,99971000314,2026-08-31 06:33:54,text
99971000690,99971000691,2026-08-31 06:55:04,text
99971000267,99971000288,2026-08-31 07:08:41,text
99971000206,99971000195,2026-08-31 07:23:56,text
99971001732,99971001748,2026-08-31 07:35:02,text
99971000824,99971000839,2026-08-31 07:49:05,text
99971000820,99971000828,2026-08-31 07:55:24,text
99971000849,99971000851,2026-08-31 07:57:39,text
99971000936,99971000928,2026-08-31 08:16:01,text
99971001823,99971001822,2026-08-31 08:26:27,text
99971001427,99971001439,2026-08-31 08:43:45,text
99971000547,99971000534,2026-08-31 08:46:50,text
99971000301,99971000294,2026-08-31 08:51:30,text
99971000796,99971000804,2026-08-31 08:55:45,text
99971001576,99971001563,2026-08-31 09:08:37,text
99971000469,99971000464,2026-08-31 09:13:05,text
99971001784,99971001786,2026-08-31 09:25:12,text
99971000747,99971000745,2026-08-31 09:32:53,text
99971000820,99971000828,2026-08-31 09:39:16,text
99971001761,99971001768,2026-08-31 09:57:46,text
99971001807,99971001803,2026-08-31 10:07:39,text
99971001138,99971001129,2026-08-31 10:16:40,text
99971001330,99971001331,2026-08-31 10:44:39,text
99971002151,99971002156,2026-08-31 10:49:05,text
99971000206,99971000210,2026-08-31 11:11:43,text
99971000842,99971000852,2026-08-31 11:25:28,text
99971001794,99971001780,2026-08-31 11:32:35,text
99971001769,99971001757,2026-08-31 11:35:02,text
99971000349,99971000359,2026-08-31 11:43:01,text
99971001981,99971001980,2026-08-31 11:43:51,text
99971000971,99971000962,2026-08-31 11:59:37,text
99971000206,99971000195,2026-08-31 12:05:26,text
99971001638,99971001636,2026-08-31 12:05:36,text
99971002100,99971002093,2026-08-31 12:09:25,text
99971000909,99971000892,2026-08-31 12:34:32,text
99971001609,99971001615,2026-08-31 12:37:42,text
99971000281,99971000273,2026-08-31 13:37:15,text
99971001671,99971001677,2026-08-31 14:07:39,text
99971001988,99971001977,2026-08-31 14:12:39,text
99971001550,99971001559,2026-08-31 14:27:36,text
99971001694,99971001681,2026-08-31 14:45:46,text
99971000004,99971000021,2026-08-31 14:53:46,text
99971002301,99971002298,2026-08-31 14:57:17,text
99971000721,99971000726,2026-08-31 14:57:25,text
99971000176,99971000170,2026-08-31 15:12:17,text
99971001460,99971001461,2026-08-31 15:12:49,text
99971000847,99971000848,2026-08-31 15:16:45,text
99971002051,99971002055,2026-08-31 15:48:22,text
99971000337,99971000348,2026-08-31 15:50:43,text
99971002105,99971002112,2026-08-31 16:05:22,text
99971001699,99971001682,2026-08-31 16:12:15,text
99971001772,99971001775,2026-08-31 16:13:58,text
99971002386,99971002380,2026-08-31 16:37:36,text
99971001537,99971001555,2026-08-31 16:41:04,text
99971000303,99971000304,2026-08-31 17:00:18,text
99971001716,99971001715,2026-08-31 17:13:00,text
99971000840,99971000827,2026-08-31 17:15:13,text
99971001333,99971001332,2026-08-31 17:40:21,text
99971002025,99971002023,2026-08-31 17:42:43,text
99971001962,99971001968,2026-08-31 17:52:57,text
99971001827,99971001842,2026-08-31 17:57:08,text
99971000908,99971000897,2026-08-31 18:04:26,text
99971002052,99971002045,2026-08-31 18:13:26,text
99971000054,99971000060,2026-08-31 18:20:42,text
99971000047,99971000040,2026-08-31 18:35:48,text
99971000153,99971000155,2026-08-31 18:39:17,text
99971001916,99971001920,2026-08-31 18:48:37,text
99971001864,99971001861,2026-08-31 19:25:20,text
99971002380,99971002388,2026-08-31 19:39:57,text
99971000076,99971000078,2026-08-31 20:04:26,text
99971001863,99971001857,2026-08-31 20:13:59,text
99971000413,99971000416,2026-08-31 20:17:55,text
99971001725,99971001720,2026-08-31 20:50:39,text
99971001255,99971001252,2026-08-31 21:17:53,text
99971001805,99971001803,2026-08-31 21:18:10,text
99971001277,99971001293,2026-08-31 21:19:34,text
99971001151,99971001133,2026-08-31 21:26:22,text
99971000556,99971000565,2026-08-31 21:36:43,text
99971001369,99971001381,2026-08-31 21:39:56,text
99971002376,99971002358,2026-08-31 21:55:50,text
99971000459,99971000466,2026-08-31 22:08:32,text
99971000158,99971000146,2026-08-31 22:55:54,text
99971001587,99971001600,2026-08-31 23:11:41,text
99971000823,99971000836,2026-08-31 23:21:58,text
99971002382,99971002400,2026-08-31 23:56:41,text
99971001798,99971001782,2026-08-31 23:57:30,text
99971000546,99971000550,2026-09-01 00:22:10,text
99971000489,99971000484,2026-09-01 00:42:28,text
99971002145,99971002157,2026-09-01 01:06:14,text
99971001559,99971001549,2026-09-01 01:15:07,text
99971000154,99971000146,2026-09-01 01:21:39,text
99971002261,99971002280,2026-09-01 01:21:50,text
99971001094,99971001082,2026-09-01 01:40:30,text
99971000769,99971000790,2026-09-01 01:56:15,text
99971001198,99971001186,2026-09-01 02:11:45,text
99971000060,99971000051,2026-09-01 02:27:21,text
99971001991,99971001981,2026-09-01 02:33:22,text
99971000879,99971000871,2026-09-01 03:23:25,text
99971002290,99971002296,2026-09-01 03:26:22,text
99971000929,99971000916,2026-09-01 03:30:03,text
99971001498,99971001502,2026-09-01 03:45:00,text
99971001245,99971001232,2026-09-01 03:45:13,text
99971000847,99971000860,2026-09-01 03:49:30,text
99971000601,99971000624,2026-09-01 04:06:22,text
99971002198,99971002187,2026-09-01 04:20:33,text
99971000239,99971000235,2026-09-01 05:20:56,text
99971001563,99971001568,2026-09-01 05:46:34,text
99971001000,99971000992,2026-09-01 06:15:45,text
99971001548,99971001554,2026-09-01 06:32:21,text
99971001452,99971001449,2026-09-01 06:43:03,text
99971002383,99971002378,2026-09-01 06:44:37,text
99971000852,99971000842,2026-09-01 06:52:55,text
99971002288,99971002304,2026-09-01 07:20:22,text
99971001497,99971001496,2026-09-01 07:46:36,text
99971001324,99971001344,2026-09-01 08:09:37,text
99971000767,99971000752,2026-09-01 08:16:08,text
99971001196,99971001200,2026-09-01 08:31:44,text
99971000405,99971000404,2026-09-01 08:41:55,text
99971001278,99971001292,2026-09-01 09:01:17,text
99971000615,99971000622,2026-09-01 09:08:06,text
99971000157,99971000161,2026-09-01 09:28:10,text
99971000966,99971000979,2026-09-01 09:31:51,text
99971000169,99971000176,2026-09-01 09:39:05,text
99971000177,99971000179,2026-09-01 09:42:19,text
99971001488,99971001472,2026-09-01 09:57:45,text
99971000726,99971000734,2026-09-01 10:16:34,text
99971001850,99971001852,2026-09-01 10:51:01,text
99971001206,99971001211,2026-09-01 11:10:57,text
99971000285,99971000271,2026-09-01 11:15:21,text
99971000020,99971000019,2026-09-01 11:20:54,text
99971000513,99971000523,2026-09-01 11:37:12,text
99971001181,99971001189,2026-09-01 11:57:50,text
99971001456,99971001459,2026-09-01 12:37:02,text
99971002061,99971002041,2026-09-01 12:44:49,text
99971000491,99971000489,2026-09-01 13:32:00,text
99971002347,99971002345,2026-09-01 13:34:13,text
99971000475,99971000471,2026-09-01 13:49:07,text
99971000682,99971000679,2026-09-01 14:36:30,text
99971000108,99971000117,2026-09-01 14:58:20,text
99971001034,99971001052,2026-09-01 15:02:55,text
99971002252,99971002238,2026-09-01 15:29:48,text
99971002042,99971002055,2026-09-01 15:36:48,text
99971000340,99971000350,2026-09-01 15:45:28,text
99971002142,99971002138,2026-09-01 16:12:32,text
99971001726,99971001724,2026-09-01 16:45:46,text
99971000210,99971000215,2026-09-01 16:50:57,text
99971002328,99971002322,2026-09-01 16:58:37,text
99971001585,99971001593,2026-09-01 17:03:06,text
99971000750,99971000754,2026-09-01 17:07:57,text
99971001870,99971001868,2026-09-01 17:27:48,text
99971001725,99971001724,2026-09-01 17:32:49,text
99971000184,99971000172,2026-09-01 17:36:19,text
99971001180,99971001200,2026-09-01 17:40:19,text
99971000750,99971000754,2026-09-01 17:42:06,text
99971001173,99971001166,2026-09-01 17:44:58,text
99971001785,99971001777,2026-09-01 17:51:39,text
99971001611,99971001617,2026-09-01 17:58:46,text
99971000154,99971000160,2026-09-01 18:02:20,text
99971002161,99971002175,2026-09-01 18:06:02,text
99971001080,99971001076,2026-09-01 18:06:21,text
99971001090,99971001086,2026-09-01 18:21:29,text
99971000711,99971000699,2026-09-01 18:31:02,text
99971000510,99971000525,2026-09-01 18:42:44,text
99971002072,99971002078,2026-09-01 18:49:08,text
99971001343,99971001333,2026-09-01 18:51:23,text
99971001096,99971001095,2026-09-01 19:20:07,text
99971000083,99971000077,2026-09-01 19:22:08,text
99971000182,99971000177,2026-09-01 19:24:07,text
99971002098,99971002105,2026-09-01 19:40:25,text
99971002318,99971002310,2026-09-01 19:49:25,text
99971000811,99971000815,2026-09-01 20:01:50,text
99971002218,99971002223,2026-09-01 20:03:05,text
99971001063,99971001073,2026-09-01 20:28:01,text
99971000552,99971000550,2026-09-01 20:28:49,text
99971001531,99971001518,2026-09-01 20:52:35,text
99971001866,99971001863,2026-09-01 21:03:54,text
99971002222,99971002228,2026-09-01 21:10:09,text
99971001975,99971001978,2026-09-01 21:15:15,text
99971002280,99971002257,2026-09-01 21:28:03,text
99971002273,99971002277,2026-09-01 21:44:04,text
99971001172,99971001155,2026-09-01 21:48:14,text
99971000266,99971000285,2026-09-01 21:59:24,text
99971002084,99971002085,2026-09-01 22:05:15,text
99971001723,99971001708,2026-09-01 22:27:53,text
99971001544,99971001557,2026-09-01 22:28:14,text
99971000870,99971000873,2026-09-01 23:02:37,text
99971001069,99971001078,2026-09-01 23:08:00,text
99971000965,99971000974,2026-09-01 23:24:46,text
99971000531,99971000530,2026-09-01 23:31:43,text
99971000987,99971000999,2026-09-01 23:35:47,text
99971002032,99971002030,2026-09-02 00:09:55,text
99971002289,99971002298,2026-09-02 00:21:15,text
99971000617,99971000610,2026-09-02 00:51:16,text
99971000306,99971000307,2026-09-02 01:01:25,text
99971001442,99971001447,2026-09-02 01:02:50,text
99971002250,99971002239,2026-09-02 01:21:06,text
99971000304,99971000311,2026-09-02 01:42:45,text
99971001193,99971001190,2026-09-02 02:06:42,text
99971000297,99971000300,2026-09-02 02:21:05,text
99971000031,99971000026,2026-09-02 02:40:31,text
99971000475,99971000471,2026-09-02 03:01:42,text
99971001467,99971001486,2026-09-02 03:02:01,text
99971000733,99971000723,2026-09-02 03:37:09,text
99971001558,99971001543,2026-09-02 03:44:13,text
99971001382,99971001390,2026-09-02 04:35:15,text
99971002239,99971002242,2026-09-02 04:38:30,text
99971000568,99971000560,2026-09-02 04:54:56,text
99971001068,99971001074,2026-09-02 05:13:55,text
99971002205,99971002204,2026-09-02 05:26:40,text
99971001612,99971001616,2026-09-02 05:29:27,text
99971002337,99971002350,2026-09-02 05:52:48,text
99971002345,99971002329,2026-09-02 05:55:42,text
99971002133,99971002116,2026-09-02 06:15:56,text
99971002364,99971002361,2026-09-02 06:26:10,text
99971000717,99971000705,2026-09-02 06:48:27,text
99971002184,99971002183,2026-09-02 07:10:34,text
99971001495,99971001504,2026-09-02 07:16:08,text
99971000418,99971000419,2026-09-02 07:18:21,text
99971000542,99971000529,2026-09-02 07:26:12,text
99971000859,99971000863,2026-09-02 07:38:47,text
99971000326,99971000329,2026-09-02 07:42:14,text
99971000978,99971000977,2026-09-02 08:02:45,text
99971002257,99971002267,2026-09-02 08:09:34,text
99971000264,99971000262,2026-09-02 08:17:39,text
99971000461,99971000462,2026-09-02 08:24:38,text
99971001636,99971001647,2026-09-02 08:25:09,text
99971001428,99971001426,2026-09-02 08:40:16,text
99971000261,99971000244,2026-09-02 08:43:09,text
99971000093,99971000086,2026-09-02 09:04:58,text
99971001830,99971001847,2026-09-02 09:21:41,text
99971001138,99971001143,2026-09-02 09:32:03,text
99971001911,99971001905,2026-09-02 09:39:30,text
99971000090,99971000084,2026-09-02 09:54:20,text
99971000910,99971000905,2026-09-02 09:56:30,text
99971000005,99971000021,2026-09-02 10:18:55,text
99971000286,99971000276,2026-09-02 10:20:23,text
99971001683,99971001692,2026-09-02 10:43:03,text
99971000365,99971000369,2026-09-02 11:26:45,text
99971002346,99971002350,2026-09-02 11:30:19,text
99971001573,99971001578,2026-09-02 11:40:11,text
99971002213,99971002210,2026-09-02 11:43:46,text
99971001654,99971001635,2026-09-02 11:48:33,text
99971000140,99971000134,2026-09-02 12:12:26,text
99971000576,99971000568,2026-09-02 12:20:20,text
99971000918,99971000922,2026-09-02 12:41:18,text
99971000398,99971000403,2026-09-02 13:00:19,text
99971000925,99971000929,2026-09-02 13:04:36,text
99971001352,99971001349,2026-09-02 13:06:09,text
99971001270,99971001272,2026-09-02 13:14:37,text
99971000704,99971000711,2026-09-02 13:18:12,text
99971002102,99971002100,2026-09-02 13:23:13,text
99971001381,99971001369,2026-09-02 13:45:41,text
99971001299,99971001314,2026-09-02 14:27:42,text
99971002316,99971002317,2026-09-02 14:42:40,text
99971001517,99971001518,2026-09-02 14:51:04,text
99971000264,99971000258,2026-09-02 14:54:01,text
99971000901,99971000889,2026-09-02 14:56:05,text
99971001462,99971001464,2026-09-02 14:59:28,text
99971002121,99971002135,2026-09-02 15:05:52,text
99971001120,99971001124,2026-09-02 15:05:54,text
99971000651,99971000670,2026-09-02 15:16:04,text
99971001568,99971001563,2026-09-02 15:23:48,text
99971002112,99971002096,2026-09-02 15:29:24,text
99971001249,99971001254,2026-09-02 15:52:41,text
99971000907,99971000899,2026-09-02 15:54:44,text
99971001959,99971001950,2026-09-02 15:57:33,text
99971002191,99971002206,2026-09-02 16:08:25,text
99971000323,99971000326,2026-09-02 16:55:28,text
99971000608,99971000621,2026-09-02 16:57:58,text
99971002059,99971002051,2026-09-02 16:58:21,text
99971002316,99971002312,2026-09-02 17:11:30,text
99971001850,99971001852,2026-09-02 17:59:25,text
99971000236,99971000228,2026-09-02 18:01:16,text
99971000588,99971000599,2026-09-02 18:01:41,text
99971000467,99971000460,2026-09-02 18:17:23,text
99971002034,99971002039,2026-09-02 18:20:58,text
99971000123,99971000129,2026-09-02 19:22:44,text
99971000858,99971000862,2026-09-02 19:24:18,text
99971001552,99971001556,2026-09-02 19:38:36,text
99971002217,99971002227,2026-09-02 19:42:13,text
99971001337,99971001340,2026-09-02 19:56:53,text
99971000267,99971000273,2026-09-02 19:57:38,text
99971000407,99971000399,2026-09-02 19:57:56,text
99971002362,99971002355,2026-09-02 20:02:41,text
99971000136,99971000138,2026-09-02 20:04:52,text
99971000950,99971000945,2026-09-02 20:11:58,text
99971000911,99971000899,2026-09-02 20:15:55,text
99971000017,99971000014,2026-09-02 20:19:07,text
99971000978,99971000983,2026-09-02 20:39:08,text
99971000435,99971000453,2026-09-02 20:59:06,text
99971000489,99971000503,2026-09-02 21:47:51,text
99971001442,99971001444,2026-09-02 21:48:48,text
99971000026,99971000044,2026-09-02 21:52:24,text
99971001328,99971001329,2026-09-02 22:33:22,text
99971000774,99971000771,2026-09-02 22:36:58,text
99971001797,99971001786,2026-09-02 22:38:31,text
99971000394,99971000387,2026-09-02 23:11:21,text
99971001684,99971001686,2026-09-02 23:16:05,text
99971001297,99971001302,2026-09-02 23:34:53,text
99971000713,99971000706,2026-09-02 23:49:53,text
99971000703,99971000702,2026-09-02 23:54:54,text
99971002297,99971002287,2026-09-03 00:25:13,text
99971000721,99971000722,2026-09-03 00:26:53,text
99971001695,99971001700,2026-09-03 00:45:29,text
99971000925,99971000929,2026-09-03 00:47:34,text
99971002003,99971001996,2026-09-03 00:51:28,text
99971001691,99971001688,2026-09-03 00:59:26,text
99971000559,99971000567,2026-09-03 01:01:25,text
99971000677,99971000687,2026-09-03 01:01:33,text
99971000009,99971000022,2026-09-03 01:12:24,text
99971001317,99971001301,2026-09-03 01:37:29,text
99971000827,99971000818,2026-09-03 01:47:53,text
99971001369,99971001375,2026-09-03 01:57:41,text
99971000301,99971000305,2026-09-03 02:00:17,text
99971000805,99971000810,2026-09-03 02:01:36,text
99971000084,99971000096,2026-09-03 02:29:05,text
99971000186,99971000188,2026-09-03 02:33:34,text
99971000800,99971000812,2026-09-03 02:35:01,text
99971002271,99971002274,2026-09-03 03:14:56,text
99971000843,99971000848,2026-09-03 03:16:24,text
99971000194,99971000206,2026-09-03 03:27:34,text
99971000124,99971000126,2026-09-03 03:36:55,text
99971002279,99971002278,2026-09-03 03:44:12,text
99971002121,99971002133,2026-09-03 04:02:54,text
99971001158,99971001175,2026-09-03 04:09:52,text
99971001166,99971001173,2026-09-03 04:15:10,text
99971001796,99971001794,2026-09-03 04:17:08,text
99971000526,99971000514,2026-09-03 04:22:58,text
99971001963,99971001954,2026-09-03 04:50:25,text
99971001963,99971001954,2026-09-03 05:02:37,text
99971001574,99971001569,2026-09-03 05:32:15,text
99971001528,99971001532,2026-09-03 05:33:18,text
99971002372,99971002376,2026-09-03 05:42:15,text
99971002365,99971002353,2026-09-03 06:06:24,text
99971001736,99971001735,2026-09-03 06:32:47,text
99971000497,99971000482,2026-09-03 06:41:07,text
99971000835,99971000836,2026-09-03 06:54:28,text
99971000074,99971000076,2026-09-03 07:05:15,text
99971001513,99971001535,2026-09-03 07:12:51,text
99971002218,99971002221,2026-09-03 07:26:43,text
99971001420,99971001421,2026-09-03 07:53:18,text
99971000595,99971000597,2026-09-03 08:01:06,text
99971002091,99971002093,2026-09-03 08:05:57,text
99971001711,99971001705,2026-09-03 08:25:32,text
99971001029,99971001009,2026-09-03 08:30:22,text
99971000509,99971000523,2026-09-03 08:53:03,text
99971000432,99971000429,2026-09-03 09:18:31,text
99971000747,99971000750,2026-09-03 09:34:35,text
99971000229,99971000224,2026-09-03 09:40:25,text
99971000217,99971000223,2026-09-03 09:40:45,text
99971001513,99971001524,2026-09-03 09:41:01,text
99971002085,99971002073,2026-09-03 09:46:51,text
99971002190,99971002194,2026-09-03 09:51:38,text
99971001396,99971001408,2026-09-03 09:52:58,text
99971000399,99971000389,2026-09-03 10:06:33,text
99971001426,99971001429,2026-09-03 10:07:24,text
99971000131,99971000137,2026-09-03 10:39:11,text
99971000299,99971000305,2026-09-03 10:55:45,text
99971002265,99971002278,2026-09-03 10:56:13,text
99971002260,99971002273,2026-09-03 10:59:26,text
99971001333,99971001341,2026-09-03 11:12:57,text
99971000995,99971001002,2026-09-03 11:25:06,text
99971000197,99971000204,2026-09-03 11:40:24,text
99971000213,99971000201,2026-09-03 12:20:16,text
99971001841,99971001828,2026-09-03 12:37:55,text
99971001891,99971001886,2026-09-03 13:02:12,text
99971001932,99971001942,2026-09-03 13:15:38,text
99971001597,99971001600,2026-09-03 13:23:57,text
99971001282,99971001292,2026-09-03 13:24:39,text
99971001198,99971001197,2026-09-03 13:26:35,text
99971000991,99971001006,2026-09-03 13:48:19,text
99971000683,99971000677,2026-09-03 13:50:34,text
99971001738,99971001742,2026-09-03 14:21:56,text
99971001160,99971001156,2026-09-03 14:24:19,text
99971000736,99971000733,2026-09-03 14:30:02,text
99971001640,99971001652,2026-09-03 14:31:24,text
99971001511,99971001507,2026-09-03 14:37:26,text
99971002326,99971002314,2026-09-03 14:52:10,text
99971001774,99971001771,2026-09-03 15:23:52,text
99971001605,99971001599,2026-09-03 15:30:59,text
99971000994,99971001005,2026-09-03 15:34:27,text
99971000881,99971000866,2026-09-03 16:17:53,text
99971001285,99971001293,2026-09-03 16:21:16,text
99971000922,99971000931,2026-09-03 16:32:16,text
99971001686,99971001688,2026-09-03 16:42:11,text
99971001679,99971001675,2026-09-03 16:49:40,text
99971000415,99971000419,2026-09-03 16:53:51,text
99971001293,99971001277,2026-09-03 16:57:19,text
99971001154,99971001164,2026-09-03 17:11:43,text
99971002055,99971002044,2026-09-03 17:27:03,text
99971000972,99971000962,2026-09-03 17:36:39,text
99971000251,99971000244,2026-09-03 18:02:02,text
99971001320,99971001298,2026-09-03 18:06:44,text
99971001728,99971001723,2026-09-03 18:08:03,text
99971000386,99971000406,2026-09-03 18:20:25,text
99971001400,99971001407,2026-09-03 18:34:47,text
99971002011,99971002010,2026-09-03 19:02:16,text
99971000008,99971000014,2026-09-03 19:09:39,text
99971002249,99971002234,2026-09-03 19:14:00,text
99971000510,99971000525,2026-09-03 19:20:00,text
99971002345,99971002347,2026-09-03 19:22:55,text
99971000516,99971000514,2026-09-03 19:33:52,text
99971001232,99971001231,2026-09-03 19:40:32,text
99971002372,99971002354,2026-09-03 19:54:06,text
99971000935,99971000923,2026-09-03 20:09:54,text
99971002264,99971002275,2026-09-03 20:23:44,text
99971001902,99971001899,2026-09-03 20:30:00,text
99971001239,99971001234,2026-09-03 20:46:19,text
99971000711,99971000697,2026-09-03 20:48:13,text
99971001611,99971001610,2026-09-03 20:53:33,text
99971001871,99971001862,2026-09-03 20:55:24,text
99971000424,99971000422,2026-09-03 21:17:03,text
99971001474,99971001473,2026-09-03 21:19:44,text
99971001397,99971001398,2026-09-03 21:50:52,text
99971001029,99971001013,2026-09-03 21:57:51,text
99971000024,99971000003,2026-09-03 22:12:02,text
99971001718,99971001711,2026-09-03 22:26:56,text
99971000619,99971000612,2026-09-03 22:43:52,text
99971000500,99971000503,2026-09-03 22:48:14,text
99971000374,99971000361,2026-09-03 23:08:05,text
99971001756,99971001761,2026-09-03 23:14:50,text
99971002086,99971002076,2026-09-03 23:29:34,text
99971002248,99971002246,2026-09-03 23:46:44,text
99971000837,99971000840,2026-09-03 23:58:43,text
99971001822,99971001815,2026-09-04 00:23:03,text
99971001010,99971001027,2026-09-04 00:28:54,text
99971000246,99971000254,2026-09-04 00:37:17,text
99971000658,99971000653,2026-09-04 00:57:42,text
99971001225,99971001229,2026-09-04 00:59:36,text
99971001829,99971001837,2026-09-04 01:24:13,text
99971001414,99971001415,2026-09-04 01:28:13,text
99971001836,99971001829,2026-09-04 01:39:58,text
99971001197,99971001189,2026-09-04 01:53:20,text
99971001430,99971001424,2026-09-04 02:01:26,text
99971001815,99971001818,2026-09-04 02:02:26,text
99971001834,99971001845,2026-09-04 02:06:11,text
99971001422,99971001432,2026-09-04 02:13:16,text
99971000364,99971000379,2026-09-04 02:19:07,text
99971000255,99971000254,2026-09-04 02:29:30,text
99971001785,99971001795,2026-09-04 02:30:46,text
99971000294,99971000301,2026-09-04 02:45:50,text
99971001834,99971001845,2026-09-04 02:48:15,text
99971002365,99971002376,2026-09-04 02:56:31,text
99971000237,99971000229,2026-09-04 03:09:06,text
99971000432,99971000414,2026-09-04 03:19:23,text
99971000803,99971000802,2026-09-04 04:03:48,text
99971001444,99971001449,2026-09-04 04:05:40,text
99971000014,99971000011,2026-09-04 04:29:43,text
99971001010,99971001020,2026-09-04 04:33:57,text
99971002386,99971002387,2026-09-04 05:11:20,text
99971001835,99971001845,2026-09-04 05:54:00,text
99971000906,99971000900,2026-09-04 05:54:18,text
99971001651,99971001653,2026-09-04 06:16:54,text
99971001254,99971001249,2026-09-04 06:29:47,text
99971001051,99971001039,2026-09-04 06:38:04,text
99971000060,99971000068,2026-09-04 06:53:02,text
99971000861,99971000851,2026-09-04 07:05:58,text
99971002009,99971001993,2026-09-04 07:28:36,text
99971000949,99971000940,2026-09-04 07:38:10,text
99971001370,99971001376,2026-09-04 07:47:39,text
99971001521,99971001522,2026-09-04 08:13:34,text
99971000599,99971000593,2026-09-04 08:14:58,text
99971002105,99971002102,2026-09-04 08:19:35,text
99971002247,99971002234,2026-09-04 08:36:51,text
99971001992,99971001981,2026-09-04 08:38:22,text
99971000721,99971000722,2026-09-04 08:38:48,text
99971000019,99971000013,2026-09-04 09:22:55,text
99971001973,99971001985,2026-09-04 09:28:17,text
99971002109,99971002107,2026-09-04 09:41:13,text
99971002052,99971002045,2026-09-04 09:50:14,text
99971000032,99971000038,2026-09-04 10:00:52,text
99971001944,99971001942,2026-09-04 10:02:56,text
99971000956,99971000942,2026-09-04 10:04:59,text
99971000990,99971000999,2026-09-04 10:19:55,text
99971000242,99971000256,2026-09-04 10:27:30,text
99971000082,99971000095,2026-09-04 10:40:31,text
99971001702,99971001690,2026-09-04 10:57:54,text
99971000612,99971000611,2026-09-04 11:03:31,text
99971000873,99971000870,2026-09-04 11:05:24,text
99971000295,99971000289,2026-09-04 11:22:26,text
99971001188,99971001177,2026-09-04 11:23:42,text
99971002103,99971002096,2026-09-04 11:26:47,text
99971001342,99971001341,2026-09-04 11:29:29,text
99971000012,99971000015,2026-09-04 11:33:05,text
99971000440,99971000435,2026-09-04 11:38:20,text
99971000563,99971000561,2026-09-04 11:57:04,text
99971000865,99971000886,2026-09-04 12:00:13,text
99971001555,99971001556,2026-09-04 12:03:57,text
99971001729,99971001744,2026-09-04 12:12:55,text
99971002105,99971002112,2026-09-04 12:13:36,text
99971001187,99971001179,2026-09-04 12:21:56,text
99971001784,99971001786,2026-09-04 12:30:01,text
99971000274,99971000272,2026-09-04 12:36:57,text
99971000535,99971000545,2026-09-04 12:39:31,text
99971001437,99971001423,2026-09-04 12:44:50,text
99971000767,99971000745,2026-09-04 14:34:32,text
99971000835,99971000829,2026-09-04 14:34:46,text
99971001569,99971001573,2026-09-04 14:46:48,text
99971000395,99971000401,2026-09-04 14:56:36,text
99971001891,99971001893,2026-09-04 14:56:55,text
99971000530,99971000531,2026-09-04 14:58:49,text
99971000226,99971000221,2026-09-04 15:01:03,text
99971002200,99971002187,2026-09-04 15:21:12,text
99971001592,99971001586,2026-09-04 15:30:27,text
99971001889,99971001877,2026-09-04 15:36:59,text
99971001173,99971001156,2026-09-04 15:39:04,text
99971000402,99971000407,2026-09-04 16:12:55,text
99971001537,99971001555,2026-09-04 16:17:09,text
99971001018,99971001013,2026-09-04 16:20:24,text
99971001538,99971001555,2026-09-04 16:26:38,text
99971001188,99971001189,2026-09-04 16:44:38,text
99971000677,99971000696,2026-09-04 16:49:43,text
99971001097,99971001083,2026-09-04 16:56:38,text
99971000752,99971000767,2026-09-04 17:18:24,text
99971001448,99971001464,2026-09-04 17:21:37,text
99971002188,99971002186,2026-09-04 17:27:24,text
99971000914,99971000925,2026-09-04 17:28:46,text
99971000284,99971000277,2026-09-04 18:19:13,text
99971002305,99971002319,2026-09-04 18:28:11,text
99971001820,99971001801,2026-09-04 18:38:19,text
99971000922,99971000918,2026-09-04 18:48:16,text
99971001733,99971001736,2026-09-04 18:53:23,text
99971001569,99971001573,2026-09-04 19:37:02,text
99971000745,99971000766,2026-09-04 19:41:54,text
99971002214,99971002215,2026-09-04 19:55:58,text
99971002350,99971002332,2026-09-04 20:06:18,text
99971001435,99971001431,2026-09-04 20:13:43,text
99971001929,99971001937,2026-09-04 20:13:49,text
99971001105,99971001114,2026-09-04 20:13:50,text
99971001442,99971001453,2026-09-04 20:56:39,text
99971000446,99971000451,2026-09-04 21:33:21,text
99971001206,99971001205,2026-09-04 21:37:18,text
99971000414,99971000420,2026-09-04 21:47:18,text
99971001407,99971001411,2026-09-04 21:49:02,text
99971002030,99971002018,2026-09-04 21:50:26,text
99971001889,99971001895,2026-09-04 21:55:54,text
99971000085,99971000087,2026-09-04 22:10:28,text
99971000573,99971000561,2026-09-04 22:16:10,text
99971001667,99971001660,2026-09-04 22:40:18,text
99971000513,99971000524,2026-09-04 22:49:12,text
99971001773,99971001757,2026-09-04 23:22:55,text
99971000283,99971000276,2026-09-04 23:24:36,text
99971001993,99971002002,2026-09-04 23:31:51,text
99971001101,99971001088,2026-09-04 23:43:38,text
99971002217,99971002209,2026-09-04 23:59:26,text
99971001619,99971001618,2026-09-05 00:05:08,text
99971000466,99971000459,2026-09-05 00:05:28,text
99971000667,99971000660,2026-09-05 00:51:27,text
99971000581,99971000584,2026-09-05 00:57:04,text
99971001594,99971001604,2026-09-05 00:59:06,text
99971000333,99971000336,2026-09-05 01:01:40,text
99971002203,99971002186,2026-09-05 01:13:54,text
99971000972,99971000964,2026-09-05 01:15:30,text
99971001397,99971001402,2026-09-05 01:25:12,text
99971002085,99971002086,2026-09-05 01:37:08,text
99971000592,99971000599,2026-09-05 01:46:49,text
99971001449,99971001443,2026-09-05 01:56:32,text
99971002123,99971002118,2026-09-05 02:06:59,text
99971000311,99971000291,2026-09-05 02:07:20,text
99971001174,99971001155,2026-09-05 02:07:40,text
99971000703,99971000714,2026-09-05 02:13:01,text
99971001665,99971001673,2026-09-05 02:16:05,text
99971000483,99971000493,2026-09-05 02:50:51,text
99971001916,99971001920,2026-09-05 02:53:32,text
99971000835,99971000830,2026-09-05 02:59:12,text
99971001149,99971001140,2026-09-05 03:13:43,text
99971002393,99971002394,2026-09-05 03:23:05,text
99971000930,99971000932,2026-09-05 03:25:02,text
99971000957,99971000953,2026-09-05 03:37:53,text
99971000844,99971000857,2026-09-05 03:38:05,text
99971001220,99971001223,2026-09-05 03:40:47,text
99971002400,99971002379,2026-09-05 03:49:48,text
99971000011,99971000008,2026-09-05 03:52:33,text
99971002397,99971002379,2026-09-05 04:03:29,text
99971000204,99971000193,2026-09-05 04:33:32,text
99971001111,99971001126,2026-09-05 04:38:24,text
99971002252,99971002250,2026-09-05 04:42:18,text
99971000529,99971000541,2026-09-05 05:01:24,text
99971001364,99971001362,2026-09-05 05:07:01,text
99971000023,99971000006,2026-09-05 05:20:20,text
99971000878,99971000881,2026-09-05 05:48:28,text
99971000392,99971000407,2026-09-05 05:54:16,text
99971001377,99971001378,2026-09-05 05:56:32,text
99971001278,99971001279,2026-09-05 06:05:16,text
99971002226,99971002221,2026-09-05 06:08:33,text
99971002350,99971002337,2026-09-05 06:18:45,text
99971000142,99971000131,2026-09-05 06:39:51,text
99971002115,99971002132,2026-09-05 07:02:08,text
99971001288,99971001296,2026-09-05 07:21:28,text
99971001006,99971000994,2026-09-05 07:48:35,text
99971000091,99971000083,2026-09-05 08:28:19,text
99971001293,99971001292,2026-09-05 08:51:42,text
99971001526,99971001528,2026-09-05 08:52:15,text
99971001779,99971001781,2026-09-05 09:17:11,text
99971000879,99971000881,2026-09-05 09:23:16,text
99971001988,99971001983,2026-09-05 09:39:33,text
99971001691,99971001689,2026-09-05 09:50:55,text
99971001142,99971001144,2026-09-05 10:14:17,text
99971002027,99971002017,2026-09-05 10:18:31,text
99971000545,99971000535,2026-09-05 10:26:47,text
99971000216,99971000212,2026-09-05 10:27:33,text
99971001314,99971001306,2026-09-05 10:30:34,text
99971000509,99971000516,2026-09-05 11:08:24,text
99971000824,99971000837,2026-09-05 11:20:04,text
99971000892,99971000900,2026-09-05 11:28:07,text
99971001935,99971001939,2026-09-05 11:31:42,text
99971001946,99971001945,2026-09-05 11:35:29,text
99971001948,99971001957,2026-09-05 11:35:33,text
99971000866,99971000880,2026-09-05 12:27:59,text
99971001632,99971001614,2026-09-05 12:33:41,text
99971002347,99971002342,2026-09-05 12:41:14,text
99971000220,99971000239,2026-09-05 13:02:34,text
99971001573,99971001570,2026-09-05 13:13:29,text
99971001613,99971001627,2026-09-05 13:35:30,text
99971000401,99971000406,2026-09-05 13:40:06,text
99971002060,99971002056,2026-09-05 14:00:54,text
99971000342,99971000344,2026-09-05 14:22:44,text
99971002182,99971002183,2026-09-05 14:51:17,text
99971002204,99971002202,2026-09-05 15:10:56,text
99971001764,99971001763,2026-09-05 15:22:41,text
99971001184,99971001192,2026-09-05 15:23:10,text
99971000976,99971000973,2026-09-05 15:42:15,text
99971000973,99971000981,2026-09-05 15:56:30,text
99971002195,99971002196,2026-09-05 16:01:54,text
99971002368,99971002362,2026-09-05 16:02:59,text
99971002331,99971002334,2026-09-05 16:16:12,text
99971001428,99971001432,2026-09-05 16:25:23,text
99971000016,99971000018,2026-09-05 16:29:36,text
99971000223,99971000236,2026-09-05 16:55:14,text
99971001926,99971001939,2026-09-05 16:57:09,text
99971001415,99971001404,2026-09-05 17:08:36,text
99971000184,99971000192,2026-09-05 17:11:49,text
99971000223,99971000228,2026-09-05 17:28:13,text
99971000104,99971000117,2026-09-05 17:39:39,text
99971000011,99971000008,2026-09-05 17:45:34,text
99971001544,99971001545,2026-09-05 17:53:14,text
99971000852,99971000849,2026-09-05 18:04:16,text
99971002365,99971002353,2026-09-05 18:23:46,text
99971000118,99971000097,2026-09-05 18:28:40,text
99971002360,99971002362,2026-09-05 18:39:42,text
99971001562,99971001561,2026-09-05 19:09:10,text
99971002085,99971002077,2026-09-05 19:16:47,text
99971000504,99971000494,2026-09-05 19:17:19,text
99971000809,99971000811,2026-09-05 19:20:17,text
99971001079,99971001064,2026-09-05 19:32:02,text
99971001902,99971001917,2026-09-05 20:03:06,text
99971000253,99971000243,2026-09-05 20:11:23,text
99971000199,99971000216,2026-09-05 20:36:11,text
99971001826,99971001844,2026-09-05 20:49:43,text
99971001488,99971001474,2026-09-05 21:07:56,text
99971001616,99971001623,2026-09-05 21:53:36,text
99971000477,99971000468,2026-09-05 22:35:14,text
99971001288,99971001282,2026-09-05 22:44:36,text
99971000351,99971000347,2026-09-05 22:49:19,text
99971001176,99971001175,2026-09-05 22:56:37,text
99971000864,99971000857,2026-09-05 23:24:50,text
99971001322,99971001334,2026-09-05 23:24:53,text
99971000713,99971000699,2026-09-05 23:43:54,text
99971002124,99971002131,2026-09-05 23:49:55,text
99971001912,99971001900,2026-09-05 23:53:10,text
99971000983,99971000971,2026-09-05 23:55:07,text
99971001172,99971001169,2026-09-06 00:00:08,text
99971001880,99971001886,2026-09-06 00:19:23,text
99971000742,99971000734,2026-09-06 00:37:37,text
99971000448,99971000455,2026-09-06 00:38:27,text
99971001507,99971001511,2026-09-06 00:43:52,text
99971001915,99971001910,2026-09-06 00:59:57,text
99971000327,99971000323,2026-09-06 01:05:57,text
99971000366,99971000367,2026-09-06 02:08:13,text
99971000347,99971000355,2026-09-06 02:08:30,text
99971000714,99971000703,2026-09-06 02:55:09,text
99971001064,99971001079,2026-09-06 02:58:10,text
99971002039,99971002036,2026-09-06 03:04:33,text
99971000176,99971000170,2026-09-06 03:04:50,text
99971000383,99971000377,2026-09-06 03:07:20,text
99971002319,99971002312,2026-09-06 03:11:47,text
99971002061,99971002049,2026-09-06 03:13:00,text
99971000453,99971000446,2026-09-06 03:27:29,text
99971001911,99971001913,2026-09-06 03:28:39,text
99971002208,99971002204,2026-09-06 03:51:59,text
99971002194,99971002198,2026-09-06 04:02:07,text
99971001103,99971001096,2026-09-06 04:22:58,text
99971001112,99971001108,2026-09-06 04:39:24,text
99971002165,99971002162,2026-09-06 04:54:51,text
99971002021,99971002032,2026-09-06 05:02:49,text
99971001311,99971001297,2026-09-06 05:35:36,text
99971001682,99971001684,2026-09-06 05:44:47,text
99971002086,99971002083,2026-09-06 05:48:48,text
99971002140,99971002145,2026-09-06 06:09:16,text
99971001785,99971001781,2026-09-06 07:06:43,text
99971001073,99971001063,2026-09-06 07:35:18,text
99971000188,99971000180,2026-09-06 07:45:56,text
99971000923,99971000927,2026-09-06 07:47:38,text
99971000601,99971000621,2026-09-06 08:07:28,text
99971000703,99971000714,2026-09-06 08:17:59,text
99971001796,99971001791,2026-09-06 08:54:59,text
99971000101,99971000099,2026-09-06 09:04:38,text
99971002112,99971002095,2026-09-06 09:38:14,text
99971000145,99971000150,2026-09-06 09:40:11,text
99971001278,99971001292,2026-09-06 10:13:11,text
99971002005,99971001994,2026-09-06 10:13:59,text
99971000502,99971000496,2026-09-06 10:22:36,text
99971000277,99971000281,2026-09-06 10:33:45,text
99971001894,99971001888,2026-09-06 10:48:06,text
99971001719,99971001721,2026-09-06 11:04:24,text
99971000088,99971000081,2026-09-06 11:48:50,text
99971001955,99971001966,2026-09-06 11:53:06,text
99971001528,99971001515,2026-09-06 11:53:20,text
99971000494,99971000504,2026-09-06 11:55:00,text
99971000893,99971000911,2026-09-06 12:06:27,text
99971001686,99971001695,2026-09-06 12:20:55,text
99971001225,99971001245,2026-09-06 12:25:27,text
99971002194,99971002190,2026-09-06 12:35:35,text
99971001291,99971001284,2026-09-06 12:51:22,text
99971000668,99971000652,2026-09-06 13:13:03,text
99971002142,99971002138,2026-09-06 13:25:29,text
99971001280,99971001294,2026-09-06 13:54:34,text
99971001753,99971001774,2026-09-06 14:01:29,text
99971001469,99971001479,2026-09-06 14:19:30,text
99971000475,99971000464,2026-09-06 14:45:07,text
99971000406,99971000397,2026-09-06 14:45:46,text
99971001888,99971001887,2026-09-06 14:59:35,text
99971000385,99971000391,2026-09-06 15:06:03,text
99971002138,99971002141,2026-09-06 15:11:52,text
99971001036,99971001050,2026-09-06 15:16:11,text
99971000742,99971000734,2026-09-06 15:20:07,text
99971001593,99971001589,2026-09-06 15:47:02,text
99971001832,99971001840,2026-09-06 16:02:23,text
99971000892,99971000900,2026-09-06 16:39:13,text
99971001343,99971001335,2026-09-06 16:46:47,text
99971001151,99971001146,2026-09-06 16:49:24,text
99971001303,99971001308,2026-09-06 17:00:44,text
99971000469,99971000464,2026-09-06 17:22:26,text
99971000661,99971000663,2026-09-06 17:27:11,text
99971001544,99971001542,2026-09-06 17:46:02,text
99971001783,99971001790,2026-09-06 18:12:58,text
99971000456,99971000435,2026-09-06 18:13:34,text
99971001607,99971001599,2026-09-06 18:25:36,text
99971000474,99971000459,2026-09-06 18:29:16,text
99971000830,99971000839,2026-09-06 18:48:12,text
99971000943,99971000952,2026-09-06 18:52:24,text
99971001751,99971001741,2026-09-06 19:00:31,text
99971001967,99971001954,2026-09-06 19:27:24,text
99971000404,99971000406,2026-09-06 19:30:53,text
99971001866,99971001869,2026-09-06 19:31:02,text
99971001265,99971001258,2026-09-06 19:44:14,text
99971001342,99971001333,2026-09-06 19:53:54,text
99971000055,99971000072,2026-09-06 20:00:44,text
99971002230,99971002232,2026-09-06 20:09:23,text
99971000100,99971000106,2026-09-06 20:30:16,text
99971000870,99971000873,2026-09-06 20:31:54,text
99971001843,99971001840,2026-09-06 20:39:08,text
99971000387,99971000394,2026-09-06 20:41:57,text
99971000902,99971000890,2026-09-06 20:44:59,text
99971000559,99971000567,2026-09-06 20:48:50,text
99971000978,99971000966,2026-09-06 20:52:40,text
99971001821,99971001813,2026-09-06 21:03:17,text
99971000256,99971000242,2026-09-06 21:06:58,text
99971000642,99971000630,2026-09-06 21:16:06,text
99971002042,99971002055,2026-09-06 21:23:57,text
99971000953,99971000945,2026-09-06 21:26:29,text
99971000524,99971000528,2026-09-06 21:44:47,text
99971000827,99971000818,2026-09-06 21:48:41,text
99971002075,99971002070,2026-09-06 21:52:39,text
99971000768,99971000759,2026-09-06 21:56:12,text
99971000870,99971000873,2026-09-06 22:09:04,text
99971001160,99971001163,2026-09-06 22:12:05,text
99971001287,99971001274,2026-09-06 22:16:21,text
99971002138,99971002147,2026-09-06 22:19:06,text
99971002399,99971002395,2026-09-06 22:48:09,text
99971000673,99971000693,2026-09-06 23:15:16,text
99971000862,99971000842,2026-09-06 23:46:22,text
99971001980,99971001972,2026-09-07 00:35:11,text
99971002343,99971002347,2026-09-07 00:51:41,text
99971000276,99971000286,2026-09-07 01:12:06,text
99971001472,99971001466,2026-09-07 01:25:14,text
99971000163,99971000151,2026-09-07 01:35:54,text
99971001721,99971001719,2026-09-07 01:51:46,text
99971002347,99971002342,2026-09-07 01:58:06,text
99971002320,99971002313,2026-09-07 02:24:08,text
99971000206,99971000197,2026-09-07 02:25:14,text
99971000451,99971000446,2026-09-07 02:39:02,text
99971001550,99971001559,2026-09-07 02:41:57,text
99971000519,99971000520,2026-09-07 03:29:54,text
99971001069,99971001061,2026-09-07 03:39:07,text
99971000334,99971000333,2026-09-07 03:43:23,text
99971001969,99971001970,2026-09-07 03:51:21,text
99971001771,99971001767,2026-09-07 04:16:09,text
99971000486,99971000484,2026-09-07 04:23:52,text
99971000285,99971000275,2026-09-07 04:44:25,text
99971000057,99971000063,2026-09-07 04:51:33,text
99971000288,99971000274,2026-09-07 05:03:09,text
99971000730,99971000734,2026-09-07 05:08:32,text
99971001472,99971001466,2026-09-07 05:31:57,text
99971001815,99971001820,2026-09-07 05:37:39,text
99971002062,99971002050,2026-09-07 06:02:53,text
99971000262,99971000264,2026-09-07 06:04:04,text
99971002086,99971002083,2026-09-07 06:04:49,text
99971002214,99971002231,2026-09-07 06:06:00,text
99971000271,99971000287,2026-09-07 06:20:07,text
99971000213,99971000194,2026-09-07 06:31:11,text
99971001349,99971001366,2026-09-07 06:36:33,text
99971000785,99971000779,2026-09-07 06:39:48,text
99971002338,99971002336,2026-09-07 07:26:55,text
99971002228,99971002214,2026-09-07 07:30:18,text
99971001827,99971001835,2026-09-07 07:48:46,text
99971001457,99971001445,2026-09-07 08:12:30,text
99971001348,99971001361,2026-09-07 08:16:22,text
99971002077,99971002073,2026-09-07 08:20:00,text
99971000082,99971000095,2026-09-07 08:21:01,text
99971000540,99971000549,2026-09-07 08:24:30,text
99971002182,99971002164,2026-09-07 08:30:11,text
99971001903,99971001910,2026-09-07 08:32:34,text
99971002007,99971002008,2026-09-07 08:32:37,text
99971002206,99971002192,2026-09-07 08:37:37,text
99971000209,99971000200,2026-09-07 08:55:04,text
99971000779,99971000769,2026-09-07 09:23:26,text
99971001419,99971001434,2026-09-07 09:27:00,text
99971001597,99971001595,2026-09-07 09:37:25,text
99971000520,99971000507,2026-09-07 09:40:10,text
99971001336,99971001330,2026-09-07 09:41:18,text
99971002331,99971002334,2026-09-07 09:46:21,text
99971001932,99971001942,2026-09-07 09:51:08,text
99971001822,99971001823,2026-09-07 09:52:22,text
99971000491,99971000488,2026-09-07 09:58:33,text
99971001893,99971001892,2026-09-07 10:20:33,text
99971001939,99971001935,2026-09-07 10:37:18,text
99971000337,99971000348,2026-09-07 10:52:44,text
99971000872,99971000875,2026-09-07 10:58:14,text
99971000549,99971000547,2026-09-07 11:08:33,text
99971000886,99971000876,2026-09-07 11:36:25,text
99971002051,99971002050,2026-09-07 11:55:55,text
99971000113,99971000112,2026-09-07 12:06:03,text
99971002114,99971002129,2026-09-07 12:21:33,text
99971002297,99971002290,2026-09-07 12:32:56,text
99971002160,99971002156,2026-09-07 12:38:42,text
99971001123,99971001116,2026-09-07 12:43:43,text
99971000769,99971000779,2026-09-07 12:57:08,text
99971002039,99971002036,2026-09-07 12:59:24,text
99971001921,99971001929,2026-09-07 13:03:49,text
99971001332,99971001322,2026-09-07 13:13:07,text
99971000232,99971000219,2026-09-07 13:20:19,text
99971000798,99971000801,2026-09-07 13:24:20,text
99971001543,99971001548,2026-09-07 13:31:10,text
99971000651,99971000663,2026-09-07 13:33:39,text
99971000767,99971000745,2026-09-07 13:48:19,text
99971002179,99971002164,2026-09-07 13:56:01,text
99971001375,99971001382,2026-09-07 13:56:49,text
99971000217,99971000223,2026-09-07 14:11:56,text
99971000483,99971000503,2026-09-07 14:36:32,text
99971000302,99971000299,2026-09-07 14:39:07,text
99971001291,99971001285,2026-09-07 15:02:53,text
99971000758,99971000765,2026-09-07 15:04:24,text
99971000451,99971000446,2026-09-07 15:35:00,text
99971000661,99971000655,2026-09-07 15:38:51,text
99971001149,99971001143,2026-09-07 15:54:21,text
99971001913,99971001904,2026-09-07 16:19:13,text
99971001371,99971001383,2026-09-07 16:23:09,text
99971000903,99971000907,2026-09-07 16:23:46,text
99971000260,99971000242,2026-09-07 16:36:37,text
99971000453,99971000444,2026-09-07 16:49:31,text
99971001612,99971001616,2026-09-07 16:56:39,text
99971000766,99971000756,2026-09-07 17:01:46,text
99971000047,99971000030,2026-09-07 17:11:57,text
99971002310,99971002308,2026-09-07 17:12:32,text
99971001509,99971001492,2026-09-07 17:12:49,text
99971001310,99971001305,2026-09-07 18:10:13,text
99971000959,99971000943,2026-09-07 18:17:53,text
99971001540,99971001560,2026-09-07 18:30:55,text
99971002183,99971002184,2026-09-07 18:52:37,text
99971002018,99971002025,2026-09-07 18:54:53,text
99971000197,99971000204,2026-09-07 19:07:46,text
99971000800,99971000812,2026-09-07 19:08:32,text
99971000143,99971000122,2026-09-07 19:21:50,text
99971002343,99971002330,2026-09-07 20:01:46,text
99971000690,99971000673,2026-09-07 20:20:26,text
99971001708,99971001713,2026-09-07 20:44:45,text
99971001718,99971001724,2026-09-07 20:47:18,text
99971002248,99971002254,2026-09-07 20:54:08,text
99971001378,99971001377,2026-09-07 21:02:32,text
99971002067,99971002079,2026-09-07 21:03:19,text
99971001790,99971001783,2026-09-07 21:07:25,text
99971000609,99971000624,2026-09-07 21:20:35,text
99971001644,99971001638,2026-09-07 21:21:20,text
99971001578,99971001584,2026-09-07 21:29:34,text
99971000505,99971000512,2026-09-07 21:31:29,text
99971001418,99971001430,2026-09-07 21:38:10,text
99971001060,99971001057,2026-09-07 21:46:49,text
99971002331,99971002345,2026-09-07 22:55:20,text
99971000271,99971000287,2026-09-07 23:18:02,text
99971000213,99971000207,2026-09-07 23:20:57,text
99971001670,99971001669,2026-09-07 23:31:01,text
99971002278,99971002279,2026-09-07 23:32:59,text
99971001281,99971001290,2026-09-07 23:43:15,text
99971002311,99971002325,2026-09-08 00:02:05,text
99971000617,99971000601,2026-09-08 00:02:26,text
99971000100,99971000106,2026-09-08 00:05:04,text
99971000104,99971000117,2026-09-08 00:19:13,text
99971000397,99971000405,2026-09-08 00:21:11,text
99971000481,99971000494,2026-09-08 00:33:01,text
99971001979,99971001987,2026-09-08 00:45:56,text
99971001873,99971001885,2026-09-08 00:56:26,text
99971000334,99971000319,2026-09-08 01:01:05,text
99971000372,99971000370,2026-09-08 01:03:24,text
99971000439,99971000434,2026-09-08 01:04:50,text
99971002030,99971002040,2026-09-08 01:18:29,text
99971001208,99971001216,2026-09-08 01:18:31,text
99971001146,99971001152,2026-09-08 01:46:20,text
99971001137,99971001151,2026-09-08 01:53:31,text
99971001109,99971001127,2026-09-08 02:22:32,text
99971000915,99971000934,2026-09-08 02:23:57,text
99971001568,99971001582,2026-09-08 02:43:18,text
99971001829,99971001847,2026-09-08 02:43:33,text
99971002349,99971002344,2026-09-08 02:45:54,text
99971002255,99971002248,2026-09-08 02:46:20,text
99971002039,99971002034,2026-09-08 02:55:41,text
99971001742,99971001749,2026-09-08 03:04:15,text
99971002305,99971002328,2026-09-08 03:11:22,text
99971002276,99971002269,2026-09-08 03:17:42,text
99971000724,99971000725,2026-09-08 03:27:14,text
99971000970,99971000963,2026-09-08 03:28:15,text
99971001857,99971001865,2026-09-08 03:31:20,text
99971002091,99971002109,2026-09-08 03:45:57,text
99971001462,99971001464,2026-09-08 03:57:04,text
99971000014,99971000011,2026-09-08 04:01:30,text
99971001705,99971001707,2026-09-08 04:08:05,text
99971002089,99971002100,2026-09-08 04:09:18,text
99971001864,99971001861,2026-09-08 04:15:19,text
99971001928,99971001940,2026-09-08 04:17:46,text
99971001033,99971001035,2026-09-08 04:18:05,text
99971000660,99971000649,2026-09-08 04:21:56,text
99971001604,99971001607,2026-09-08 04:35:12,text
99971001854,99971001860,2026-09-08 04:37:23,text
99971000445,99971000436,2026-09-08 04:51:24,text
99971000681,99971000692,2026-09-08 04:59:45,text
99971002193,99971002188,2026-09-08 05:13:40,text
99971001433,99971001436,2026-09-08 05:16:11,text
99971001399,99971001410,2026-09-08 05:18:52,text
99971000323,99971000327,2026-09-08 05:33:22,text
99971001493,99971001499,2026-09-08 05:49:08,text
99971000454,99971000433,2026-09-08 05:49:42,text
99971001326,99971001339,2026-09-08 06:02:34,text
99971001984,99971001982,2026-09-08 06:14:38,text
99971001403,99971001411,2026-09-08 06:49:56,text
99971000829,99971000840,2026-09-08 06:51:16,text
99971001901,99971001920,2026-09-08 06:58:42,text
99971001359,99971001358,2026-09-08 07:04:41,text
99971000596,99971000583,2026-09-08 07:16:30,text
99971001703,99971001686,2026-09-08 07:20:37,text
99971001126,99971001106,2026-09-08 07:42:58,text
99971001876,99971001881,2026-09-08 07:52:57,text
99971000295,99971000289,2026-09-08 07:59:16,text
99971002292,99971002289,2026-09-08 08:03:35,text
99971001437,99971001435,2026-09-08 08:03:51,text
99971001624,99971001626,2026-09-08 08:17:55,text
99971000772,99971000789,2026-09-08 08:29:05,text
99971001002,99971000994,2026-09-08 08:50:13,text
99971001316,99971001298,2026-09-08 09:06:18,text
99971000209,99971000215,2026-09-08 09:06:31,text
99971000388,99971000394,2026-09-08 09:09:42,text
99971000446,99971000454,2026-09-08 09:10:12,text
99971001638,99971001647,2026-09-08 09:26:20,text
99971001927,99971001928,2026-09-08 09:27:12,text
99971000705,99971000700,2026-09-08 09:33:29,text
99971001190,99971001179,2026-09-08 09:50:27,text
99971000517,99971000519,2026-09-08 10:12:15,text
99971001359,99971001363,2026-09-08 10:18:14,text
99971001067,99971001061,2026-09-08 10:23:36,text
99971000888,99971000866,2026-09-08 10:26:56,text
99971000508,99971000510,2026-09-08 10:33:08,text
99971000943,99971000954,2026-09-08 10:38:35,text
99971002343,99971002352,2026-09-08 10:56:56,text
99971001414,99971001415,2026-09-08 11:02:42,text
99971000201,99971000205,2026-09-08 11:04:29,text
99971001858,99971001867,2026-09-08 11:56:05,text
99971000569,99971000568,2026-09-08 11:58:04,text
99971000202,99971000194,2026-09-08 12:25:08,text
99971002391,99971002383,2026-09-08 12:26:05,text
99971001927,99971001944,2026-09-08 13:04:30,text
99971000178,99971000186,2026-09-08 13:13:41,text
99971000733,99971000741,2026-09-08 13:20:21,text
99971002333,99971002337,2026-09-08 13:20:45,text
99971002263,99971002280,2026-09-08 13:44:12,text
99971000951,99971000960,2026-09-08 14:02:14,text
99971000771,99971000773,2026-09-08 14:39:57,text
99971001626,99971001624,2026-09-08 15:00:38,text
99971000428,99971000415,2026-09-08 15:06:18,text
99971000398,99971000403,2026-09-08 15:46:26,text
99971001321,99971001326,2026-09-08 15:48:41,text
99971000575,99971000560,2026-09-08 15:52:00,text
99971002026,99971002036,2026-09-08 16:07:28,text
99971000779,99971000780,2026-09-08 16:25:07,text
99971000458,99971000476,2026-09-08 16:33:03,text
99971001529,99971001532,2026-09-08 16:44:44,text
99971002354,99971002375,2026-09-08 17:08:28,text
99971000167,99971000165,2026-09-08 17:09:30,text
99971001114,99971001119,2026-09-08 17:33:26,text
99971001899,99971001902,2026-09-08 18:06:50,text
99971000078,99971000082,2026-09-08 18:22:06,text
99971002331,99971002345,2026-09-08 18:52:23,text
99971000928,99971000933,2026-09-08 18:56:44,text
99971000910,99971000909,2026-09-08 18:58:15,text
99971001784,99971001800,2026-09-08 18:59:14,text
99971001468,99971001483,2026-09-08 19:04:14,text
99971001772,99971001757,2026-09-08 19:04:39,text
99971000285,99971000266,2026-09-08 19:22:49,text
99971002389,99971002393,2026-09-08 19:24:31,text
99971001864,99971001872,2026-09-08 19:27:02,text
99971000811,99971000800,2026-09-08 19:35:39,text
99971002008,99971001999,2026-09-08 19:41:41,text
99971000086,99971000092,2026-09-08 20:02:50,text
99971001707,99971001726,2026-09-08 20:23:40,text
99971000925,99971000929,2026-09-08 21:01:02,text
99971001583,99971001573,2026-09-08 21:06:13,text
99971002016,99971002015,2026-09-08 21:09:42,text
99971001377,99971001378,2026-09-08 21:14:31,text
99971000745,99971000767,2026-09-08 21:22:21,text
99971000442,99971000437,2026-09-08 21:27:15,text
99971000487,99971000495,2026-09-08 21:38:00,text
99971000688,99971000686,2026-09-08 21:40:39,text
99971001894,99971001878,2026-09-08 21:44:07,text
99971001021,99971001016,2026-09-08 21:45:49,text
99971002090,99971002099,2026-09-08 21:56:30,text
99971001185,99971001191,2026-09-08 22:12:33,text
99971001838,99971001848,2026-09-08 22:14:41,text
99971002145,99971002143,2026-09-08 22:31:35,text
99971001794,99971001796,2026-09-08 22:52:13,text
99971001511,99971001492,2026-09-08 23:13:11,text
99971000645,99971000640,2026-09-08 23:21:14,text
99971001060,99971001064,2026-09-08 23:26:19,text
99971000915,99971000924,2026-09-08 23:28:25,text
99971000813,99971000814,2026-09-08 23:40:53,text
99971002221,99971002226,2026-09-09 00:01:53,text
99971001524,99971001513,2026-09-09 00:12:17,text
99971000289,99971000301,2026-09-09 00:16:19,text
99971001132,99971001144,2026-09-09 00:24:56,text
99971001531,99971001524,2026-09-09 00:28:35,text
99971000342,99971000354,2026-09-09 00:32:09,text
99971001221,99971001203,2026-09-09 00:37:40,text
99971000606,99971000622,2026-09-09 00:44:51,text
99971001350,99971001361,2026-09-09 01:16:35,text
99971002229,99971002218,2026-09-09 01:22:47,text
99971001560,99971001551,2026-09-09 01:36:18,text
99971001772,99971001759,2026-09-09 01:38:46,text
99971000099,99971000107,2026-09-09 01:47:53,text
99971000807,99971000816,2026-09-09 02:10:10,text
99971002184,99971002169,2026-09-09 02:17:46,text
99971001514,99971001531,2026-09-09 02:18:51,text
99971001178,99971001190,2026-09-09 02:30:47,text
99971000956,99971000942,2026-09-09 02:32:37,text
99971001673,99971001666,2026-09-09 02:52:16,text
99971000995,99971000989,2026-09-09 03:17:46,text
99971002324,99971002318,2026-09-09 03:19:43,text
99971000454,99971000433,2026-09-09 03:48:30,text
99971000634,99971000641,2026-09-09 03:55:48,text
99971000949,99971000943,2026-09-09 04:07:09,text
99971000672,99971000649,2026-09-09 04:11:20,text
99971001087,99971001098,2026-09-09 04:23:38,text
99971001135,99971001145,2026-09-09 04:29:28,text
99971001498,99971001499,2026-09-09 04:33:40,text
99971001153,99971001154,2026-09-09 04:39:46,text
99971000649,99971000672,2026-09-09 04:43:25,text
99971000095,99971000085,2026-09-09 04:51:57,text
99971001559,99971001547,2026-09-09 05:03:12,text
99971001864,99971001855,2026-09-09 05:10:11,text
99971002367,99971002362,2026-09-09 05:11:11,text
99971000911,99971000893,2026-09-09 05:16:37,text
99971000343,99971000356,2026-09-09 05:32:21,text
99971002088,99971002074,2026-09-09 05:33:23,text
99971000561,99971000558,2026-09-09 05:38:08,text
99971000525,99971000513,2026-09-09 05:43:14,text
99971000458,99971000472,2026-09-09 06:07:02,text
99971001262,99971001257,2026-09-09 06:12:38,text
99971000075,99971000094,2026-09-09 06:13:04,text
99971000127,99971000137,2026-09-09 06:15:18,text
99971002268,99971002262,2026-09-09 06:26:08,text
99971000342,99971000341,2026-09-09 06:44:52,text
99971002138,99971002141,2026-09-09 06:46:45,text
99971000241,99971000250,2026-09-09 07:04:43,text
99971000256,99971000242,2026-09-09 07:16:58,text
99971001166,99971001165,2026-09-09 07:21:47,text
99971002213,99971002210,2026-09-09 07:29:50,text
99971000890,99971000898,2026-09-09 08:09:45,text
99971001909,99971001911,2026-09-09 08:24:12,text
99971002324,99971002309,2026-09-09 08:34:42,text
99971000438,99971000441,2026-09-09 08:44:57,text
99971001890,99971001891,2026-09-09 09:13:26,text
99971000428,99971000415,2026-09-09 09:28:23,text
99971002093,99971002095,2026-09-09 09:48:04,text
99971000849,99971000852,2026-09-09 09:54:36,text
99971001153,99971001168,2026-09-09 10:00:40,text
99971001799,99971001795,2026-09-09 10:02:57,text
99971000901,99971000907,2026-09-09 10:04:37,text
99971000839,99971000830,2026-09-09 10:08:00,text
99971000769,99971000778,2026-09-09 10:09:50,text
99971000319,99971000331,2026-09-09 10:15:54,text
99971001181,99971001198,2026-09-09 10:20:33,text
99971000738,99971000728,2026-09-09 10:25:45,text
99971000470,99971000463,2026-09-09 10:31:56,text
99971000380,99971000374,2026-09-09 10:39:38,text
99971001229,99971001243,2026-09-09 11:11:57,text
99971001909,99971001899,2026-09-09 11:34:03,text
99971001469,99971001486,2026-09-09 11:46:46,text
99971001514,99971001531,2026-09-09 11:47:32,text
99971002292,99971002304,2026-09-09 11:50:50,text
99971000584,99971000577,2026-09-09 12:05:42,text
99971001272,99971001267,2026-09-09 12:05:42,text
99971000823,99971000834,2026-09-09 12:14:13,text
99971001914,99971001906,2026-09-09 12:16:10,text
99971002039,99971002036,2026-09-09 12:30:02,text
99971002361,99971002375,2026-09-09 12:43:45,text
99971001312,99971001309,2026-09-09 12:53:04,text
99971002221,99971002211,2026-09-09 13:15:30,text
99971000218,99971000217,2026-09-09 14:02:24,text
99971001382,99971001392,2026-09-09 14:11:05,text
99971000414,99971000423,2026-09-09 14:42:06,text
99971001202,99971001207,2026-09-09 14:48:03,text
99971001045,99971001036,2026-09-09 14:51:10,text
99971000645,99971000628,2026-09-09 14:52:12,text
99971000655,99971000661,2026-09-09 14:54:41,text
99971001317,99971001318,2026-09-09 15:01:06,text
99971001539,99971001547,2026-09-09 15:01:56,text
99971001180,99971001184,2026-09-09 15:11:31,text
99971002048,99971002062,2026-09-09 15:29:06,text
99971000343,99971000351,2026-09-09 15:39:37,text
99971000959,99971000956,2026-09-09 15:53:26,text
99971001881,99971001876,2026-09-09 15:53:37,text
99971000289,99971000310,2026-09-09 15:57:26,text
99971001231,99971001244,2026-09-09 16:06:54,text
99971000855,99971000843,2026-09-09 16:08:41,text
99971000757,99971000746,2026-09-09 16:13:12,text
99971000347,99971000343,2026-09-09 16:16:39,text
99971000382,99971000366,2026-09-09 17:08:24,text
99971001073,99971001063,2026-09-09 17:08:59,text
99971002134,99971002135,2026-09-09 17:09:34,text
99971000816,99971000793,2026-09-09 17:15:12,text
99971001871,99971001850,2026-09-09 17:42:55,text
99971001413,99971001414,2026-09-09 18:31:47,text
99971000198,99971000212,2026-09-09 18:31:48,text
99971000859,99971000864,2026-09-09 19:16:52,text
99971000193,99971000199,2026-09-09 19:18:42,text
99971000431,99971000432,2026-09-09 19:25:27,text
99971001479,99971001469,2026-09-09 19:41:21,text
99971001223,99971001218,2026-09-09 19:44:31,text
99971001188,99971001190,2026-09-09 19:54:00,text
99971002149,99971002142,2026-09-09 19:59:32,text
99971000691,99971000695,2026-09-09 20:02:50,text
99971000738,99971000728,2026-09-09 20:04:33,text
99971002288,99971002296,2026-09-09 20:06:45,text
99971000213,99971000201,2026-09-09 20:27:12,text
99971000067,99971000065,2026-09-09 20:48:37,text
99971001867,99971001856,2026-09-09 20:55:08,text
99971001924,99971001943,2026-09-09 21:02:31,text
99971002236,99971002250,2026-09-09 21:14:47,text
99971001126,99971001117,2026-09-09 21:24:24,text
99971001429,99971001423,2026-09-09 21:44:27,text
99971000807,99971000799,2026-09-09 21:47:31,text
99971001191,99971001185,2026-09-09 22:14:35,text
99971001507,99971001511,2026-09-09 22:20:28,text
99971000853,99971000861,2026-09-09 22:55:41,text
99971001446,99971001451,2026-09-09 23:00:54,text
99971000083,99971000077,2026-09-09 23:07:44,text
99971000175,99971000177,2026-09-09 23:18:20,text
99971001587,99971001608,2026-09-09 23:21:36,text
99971001394,99971001409,2026-09-09 23:27:37,text
99971001254,99971001251,2026-09-09 23:52:16,text
99971000814,99971000815,2026-09-10 00:16:20,text
99971001717,99971001712,2026-09-10 00:34:06,text
99971002310,99971002322,2026-09-10 00:54:21,text
99971000826,99971000825,2026-09-10 01:17:33,text
99971001231,99971001243,2026-09-10 01:18:41,text
99971001499,99971001510,2026-09-10 01:32:17,text
99971000556,99971000573,2026-09-10 01:35:07,text
99971002139,99971002156,2026-09-10 01:40:05,text
99971000021,99971000012,2026-09-10 01:40:30,text
99971000867,99971000888,2026-09-10 02:04:32,text
99971000215,99971000196,2026-09-10 02:04:44,text
99971000633,99971000632,2026-09-10 02:12:25,text
99971000750,99971000747,2026-09-10 02:35:57,text
99971001698,99971001701,2026-09-10 02:44:08,text
99971001767,99971001771,2026-09-10 03:01:42,text
99971001074,99971001062,2026-09-10 03:07:15,text
99971000512,99971000513,2026-09-10 03:17:20,text
99971001292,99971001293,2026-09-10 03:36:21,text
99971001731,99971001741,2026-09-10 03:57:45,text
99971000262,99971000256,2026-09-10 04:36:01,text
99971001827,99971001833,2026-09-10 04:45:07,text
99971002189,99971002206,2026-09-10 04:55:37,text
99971000108,99971000106,2026-09-10 05:06:10,text
99971001555,99971001542,2026-09-10 05:06:37,text
99971000742,99971000723,2026-09-10 05:13:34,text
99971002086,99971002081,2026-09-10 05:17:05,text
99971001407,99971001411,2026-09-10 05:18:23,text
99971001247,99971001231,2026-09-10 05:29:28,text
99971000870,99971000887,2026-09-10 05:40:19,text
99971000059,99971000071,2026-09-10 05:56:15,text
99971000576,99971000572,2026-09-10 06:09:51,text
99971000215,99971000214,2026-09-10 06:10:14,text
99971000223,99971000228,2026-09-10 06:16:01,text
99971001492,99971001493,2026-09-10 06:41:32,text
99971002310,99971002322,2026-09-10 06:49:36,text
99971000774,99971000781,2026-09-10 06:58:11,text
99971002382,99971002384,2026-09-10 06:58:52,text
99971001835,99971001825,2026-09-10 07:29:22,text
99971000502,99971000497,2026-09-10 07:31:26,text
99971001042,99971001047,2026-09-10 07:42:50,text
99971000604,99971000605,2026-09-10 07:48:27,text
99971001981,99971001989,2026-09-10 07:52:42,text
99971001478,99971001474,2026-09-10 07:57:54,text
99971000436,99971000445,2026-09-10 07:59:55,text
99971000579,99971000585,2026-09-10 08:00:08,text
99971000046,99971000048,2026-09-10 08:06:53,text
99971002344,99971002343,2026-09-10 08:20:54,text
99971001595,99971001597,2026-09-10 09:10:12,text
99971001363,99971001367,2026-09-10 09:20:21,text
99971001002,99971001000,2026-09-10 09:21:44,text
99971001336,99971001330,2026-09-10 09:23:38,text
99971001083,99971001091,2026-09-10 09:30:20,text
99971001606,99971001591,2026-09-10 09:52:16,text
99971000752,99971000768,2026-09-10 10:14:36,text
99971000302,99971000299,2026-09-10 10:22:49,text
99971001618,99971001629,2026-09-10 10:26:10,text
99971000864,99971000860,2026-09-10 10:35:06,text
99971001196,99971001194,2026-09-10 10:38:49,text
99971002004,99971002011,2026-09-10 10:43:59,text
99971000883,99971000878,2026-09-10 10:44:10,text
99971001953,99971001963,2026-09-10 10:49:59,text
99971001383,99971001371,2026-09-10 10:53:05,text
99971001227,99971001230,2026-09-10 11:13:56,text
99971000988,99971000996,2026-09-10 11:27:53,text
99971000394,99971000387,2026-09-10 11:30:33,text
99971001066,99971001068,2026-09-10 11:34:40,text
99971001377,99971001388,2026-09-10 11:49:24,text
99971002071,99971002078,2026-09-10 11:54:53,text
99971000157,99971000145,2026-09-10 12:35:15,text
99971000415,99971000419,2026-09-10 12:47:15,text
99971002217,99971002223,2026-09-10 13:32:35,text
99971001551,99971001560,2026-09-10 13:41:56,text
99971001700,99971001702,2026-09-10 14:11:12,text
99971000017,99971000014,2026-09-10 14:15:01,text
99971001847,99971001829,2026-09-10 14:40:11,text
99971000152,99971000163,2026-09-10 15:28:15,text
99971000365,99971000369,2026-09-10 15:33:45,text
99971001779,99971001780,2026-09-10 16:03:13,text
99971001407,99971001401,2026-09-10 16:03:21,text
99971001052,99971001050,2026-09-10 16:13:42,text
99971000806,99971000814,2026-09-10 16:28:44,text
99971002139,99971002148,2026-09-10 16:32:00,text
99971000542,99971000533,2026-09-10 16:34:37,text
99971000453,99971000435,2026-09-10 16:44:32,text
99971000700,99971000705,2026-09-10 17:42:17,text
99971001304,99971001302,2026-09-10 17:46:27,text
99971001715,99971001718,2026-09-10 18:00:30,text
99971000175,99971000180,2026-09-10 18:30:24,text
99971000433,99971000454,2026-09-10 18:33:50,text
99971002027,99971002031,2026-09-10 18:53:24,text
99971002253,99971002240,2026-09-10 19:16:09,text
99971000130,99971000121,2026-09-10 19:24:40,text
99971001049,99971001051,2026-09-10 19:46:51,text
99971002252,99971002235,2026-09-10 20:02:38,text
99971001231,99971001241,2026-09-10 20:03:03,text
99971000357,99971000348,2026-09-10 20:04:05,text
99971001908,99971001912,2026-09-10 20:49:21,text
99971000393,99971000407,2026-09-10 21:40:26,text
99971002179,99971002164,2026-09-10 21:46:42,text
99971002035,99971002032,2026-09-10 21:51:17,text
99971000230,99971000233,2026-09-10 21:59:48,text
99971002067,99971002079,2026-09-10 22:18:36,text
99971002198,99971002187,2026-09-10 22:23:43,text
99971000029,99971000037,2026-09-10 22:37:32,text
99971000539,99971000549,2026-09-10 22:39:42,text
99971002392,99971002400,2026-09-10 22:57:18,text
99971001656,99971001638,2026-09-10 23:25:45,text
99971001573,99971001583,2026-09-10 23:51:14,text
99971002226,99971002219,2026-09-11 00:11:56,text
99971001679,99971001675,2026-09-11 00:20:17,text
99971001102,99971001084,2026-09-11 00:30:46,text
99971001746,99971001738,2026-09-11 00:32:02,text
99971000687,99971000684,2026-09-11 00:35:10,text
99971000705,99971000716,2026-09-11 00:55:14,text
99971002109,99971002112,2026-09-11 01:01:02,text
99971000288,99971000287,2026-09-11 01:42:22,text
99971000146,99971000158,2026-09-11 02:03:58,text
99971000192,99971000184,2026-09-11 02:05:34,text
99971001924,99971001930,2026-09-11 02:14:12,text
99971000691,99971000688,2026-09-11 02:43:54,text
99971001949,99971001962,2026-09-11 02:51:58,text
99971001837,99971001836,2026-09-11 02:58:11,text
99971000942,99971000956,2026-09-11 03:15:13,text
99971000626,99971000645,2026-09-11 03:15:50,text
99971002276,99971002262,2026-09-11 03:19:08,text
99971001847,99971001843,2026-09-11 03:33:21,text
99971000037,99971000032,2026-09-11 03:38:18,text
99971000141,99971000134,2026-09-11 03:45:24,text
99971002200,99971002187,2026-09-11 03:51:09,text
99971001430,99971001424,2026-09-11 04:29:11,text
99971001378,99971001370,2026-09-11 04:38:30,text
99971000815,99971000799,2026-09-11 04:46:48,text
99971001456,99971001444,2026-09-11 05:02:02,text
99971000060,99971000051,2026-09-11 05:37:07,text
99971000132,99971000123,2026-09-11 05:44:55,text
99971000925,99971000914,2026-09-11 05:47:37,text
99971002221,99971002229,2026-09-11 06:00:52,text
99971001337,99971001325,2026-09-11 06:11:05,text
99971001455,99971001443,2026-09-11 06:31:55,text
99971002336,99971002348,2026-09-11 06:34:35,text
99971001725,99971001720,2026-09-11 06:37:17,text
99971001103,99971001089,2026-09-11 06:37:19,text
99971000203,99971000199,2026-09-11 06:52:43,text
99971002030,99971002018,2026-09-11 06:55:39,text
99971000212,99971000204,2026-09-11 07:07:55,text
99971001641,99971001645,2026-09-11 07:09:24,text
99971001650,99971001655,2026-09-11 07:16:55,text
99971000836,99971000828,2026-09-11 07:18:44,text
99971001619,99971001620,2026-09-11 07:56:36,text
99971001153,99971001172,2026-09-11 07:59:56,text
99971002164,99971002172,2026-09-11 08:02:08,text
99971000506,99971000519,2026-09-11 08:06:38,text
99971001451,99971001462,2026-09-11 08:06:59,text
99971001033,99971001049,2026-09-11 08:41:25,text
99971001448,99971001449,2026-09-11 08:50:54,text
99971000455,99971000444,2026-09-11 09:10:05,text
99971001418,99971001424,2026-09-11 09:22:26,text
99971001813,99971001808,2026-09-11 09:53:56,text
99971001746,99971001732,2026-09-11 10:03:50,text
99971001024,99971001031,2026-09-11 10:17:14,text
99971001420,99971001421,2026-09-11 10:35:50,text
99971001154,99971001159,2026-09-11 10:54:59,text
99971001931,99971001943,2026-09-11 10:58:26,text
99971000912,99971000898,2026-09-11 11:07:44,text
99971000793,99971000808,2026-09-11 11:12:45,text
99971001718,99971001722,2026-09-11 11:16:18,text
99971000356,99971000360,2026-09-11 11:44:04,text
99971000636,99971000647,2026-09-11 11:51:49,text
99971002098,99971002089,2026-09-11 12:31:00,text
99971001427,99971001418,2026-09-11 12:46:43,text
99971001923,99971001932,2026-09-11 13:02:41,text
99971000750,99971000747,2026-09-11 13:06:29,text
99971001934,99971001925,2026-09-11 13:11:00,text
99971002030,99971002018,2026-09-11 13:17:48,text
99971000640,99971000642,2026-09-11 13:24:05,text
99971000169,99971000176,2026-09-11 14:32:54,text
99971001906,99971001914,2026-09-11 14:37:04,text
99971001082,99971001099,2026-09-11 14:46:12,text
99971001192,99971001199,2026-09-11 15:10:48,text
99971001166,99971001165,2026-09-11 15:22:17,text
99971000786,99971000774,2026-09-11 15:23:47,text
99971001852,99971001851,2026-09-11 15:36:55,text
99971002031,99971002021,2026-09-11 15:44:21,text
99971002165,99971002162,2026-09-11 16:16:11,text
99971002386,99971002380,2026-09-11 16:16:14,text
99971000664,99971000662,2026-09-11 16:29:27,text
99971002310,99971002322,2026-09-11 16:30:16,text
99971001091,99971001083,2026-09-11 16:31:34,text
99971001880,99971001873,2026-09-11 16:36:48,text
99971000688,99971000691,2026-09-11 16:41:01,text
99971000698,99971000704,2026-09-11 17:06:54,text
99971002096,99971002105,2026-09-11 17:10:03,text
99971000153,99971000155,2026-09-11 17:26:11,text
99971000330,99971000326,2026-09-11 17:51:36,text
99971000867,99971000887,2026-09-11 17:55:22,text
99971000681,99971000679,2026-09-11 18:23:33,text
99971000970,99971000963,2026-09-11 18:36:36,text
99971000427,99971000412,2026-09-11 18:41:40,text
99971000260,99971000247,2026-09-11 18:54:12,text
99971001294,99971001295,2026-09-11 19:12:18,text
99971000082,99971000073,2026-09-11 19:12:25,text
99971002184,99971002161,2026-09-11 19:38:46,text
99971000282,99971000265,2026-09-11 19:39:18,text
99971001489,99971001507,2026-09-11 20:00:28,text
99971000989,99971000999,2026-09-11 20:06:59,text
99971002032,99971002021,2026-09-11 20:14:56,text
99971001077,99971001069,2026-09-11 20:28:11,text
99971001909,99971001918,2026-09-11 20:39:05,text
99971001957,99971001964,2026-09-11 20:45:25,text
99971002191,99971002196,2026-09-11 21:39:06,text
99971000686,99971000689,2026-09-11 22:13:15,text
99971000100,99971000106,2026-09-11 22:14:59,text
99971000949,99971000952,2026-09-11 22:19:39,text
99971001354,99971001365,2026-09-11 22:29:16,text
99971000771,99971000773,2026-09-11 22:36:47,text
99971001744,99971001731,2026-09-11 23:01:06,text
99971000306,99971000296,2026-09-11 23:02:36,text
99971000597,99971000595,2026-09-11 23:04:10,text
99971002109,99971002112,2026-09-11 23:23:48,text
99971000670,99971000671,2026-09-11 23:41:08,text
99971000635,99971000626,2026-09-11 23:49:12,text
99971000862,99971000845,2026-09-12 00:01:24,text
99971001891,99971001890,2026-09-12 00:04:53,text
99971001994,99971001995,2026-09-12 00:12:58,text
99971001431,99971001440,2026-09-12 00:25:38,text
99971001237,99971001234,2026-09-12 00:47:35,text
99971002305,99971002319,2026-09-12 00:53:09,text
99971000550,99971000552,2026-09-12 01:00:38,text
99971000688,99971000686,2026-09-12 01:23:01,text
99971001604,99971001606,2026-09-12 01:31:16,text
99971002308,99971002313,2026-09-12 01:42:38,text
99971001190,99971001179,2026-09-12 01:53:12,text
99971000742,99971000734,2026-09-12 01:54:57,text
99971000607,99971000624,2026-09-12 02:05:54,text
99971000876,99971000886,2026-09-12 02:09:44,text
99971002165,99971002166,2026-09-12 02:13:43,text
99971000790,99971000787,2026-09-12 02:18:38,text
99971000029,99971000037,2026-09-12 02:34:06,text
99971001527,99971001533,2026-09-12 02:36:53,text
99971000951,99971000960,2026-09-12 02:42:11,text
99971001183,99971001196,2026-09-12 02:44:11,text
99971000022,99971000004,2026-09-12 02:52:39,text
99971002271,99971002265,2026-09-12 02:57:06,text
99971001873,99971001880,2026-09-12 03:05:02,text
99971001995,99971002016,2026-09-12 03:08:30,text
99971000700,99971000705,2026-09-12 03:22:09,text
99971001949,99971001963,2026-09-12 03:47:12,text
99971002385,99971002399,2026-09-12 04:16:23,text
99971001211,99971001206,2026-09-12 04:21:43,text
99971000015,99971000012,2026-09-12 04:55:57,text
99971000490,99971000484,2026-09-12 05:12:38,text
99971002328,99971002307,2026-09-12 05:16:26,text
99971001125,99971001113,2026-09-12 05:22:58,text
99971000838,99971000821,2026-09-12 05:29:51,text
99971000800,99971000812,2026-09-12 05:37:05,text
99971001077,99971001069,2026-09-12 06:35:13,text
99971001195,99971001197,2026-09-12 06:37:38,text
99971001683,99971001692,2026-09-12 06:42:19,text
99971000655,99971000669,2026-09-12 06:58:58,text
99971002157,99971002150,2026-09-12 07:00:07,text
99971000964,99971000965,2026-09-12 07:16:28,text
99971001891,99971001877,2026-09-12 07:30:51,text
99971002209,99971002214,2026-09-12 07:45:43,text
99971001630,99971001617,2026-09-12 07:51:41,text
99971001278,99971001279,2026-09-12 08:09:52,text
99971001265,99971001258,2026-09-12 08:19:33,text
99971000805,99971000798,2026-09-12 08:34:04,text
99971000296,99971000302,2026-09-12 08:39:13,text
99971001314,99971001307,2026-09-12 08:49:19,text
99971001303,99971001314,2026-09-12 08:50:29,text
99971002208,99971002204,2026-09-12 09:05:03,text
99971002194,99971002198,2026-09-12 09:51:06,text
99971000554,99971000565,2026-09-12 09:53:31,text
99971000032,99971000037,2026-09-12 10:26:45,text
99971002129,99971002125,2026-09-12 10:37:48,text
99971002033,99971002022,2026-09-12 10:47:57,text
99971000752,99971000746,2026-09-12 10:52:13,text
99971001016,99971001013,2026-09-12 11:15:18,text
99971002179,99971002173,2026-09-12 11:51:26,text
99971000148,99971000154,2026-09-12 12:02:44,text
99971001521,99971001517,2026-09-12 12:06:16,text
99971000228,99971000236,2026-09-12 12:16:14,text
99971001589,99971001593,2026-09-12 12:24:13,text
99971001730,99971001744,2026-09-12 12:32:19,text
99971001029,99971001024,2026-09-12 12:51:31,text
99971000764,99971000746,2026-09-12 12:52:18,text
99971002364,99971002366,2026-09-12 13:30:57,text
99971000638,99971000639,2026-09-12 13:38:03,text
99971000574,99971000560,2026-09-12 13:44:28,text
99971001931,99971001924,2026-09-12 13:45:56,text
99971000674,99971000679,2026-09-12 13:50:25,text
99971000573,99971000561,2026-09-12 14:02:29,text
99971001166,99971001176,2026-09-12 14:13:14,text
99971001896,99971001879,2026-09-12 14:13:55,text
99971000655,99971000669,2026-09-12 14:32:52,text
99971001682,99971001698,2026-09-12 14:42:30,text
99971001943,99971001939,2026-09-12 15:01:53,text
99971000926,99971000914,2026-09-12 15:06:26,text
99971000509,99971000517,2026-09-12 15:24:29,text
99971001740,99971001730,2026-09-12 16:06:01,text
99971001153,99971001154,2026-09-12 16:08:20,text
99971001889,99971001895,2026-09-12 16:20:50,text
99971000676,99971000687,2026-09-12 16:54:29,text
99971000622,99971000615,2026-09-12 17:21:22,text
99971001702,99971001690,2026-09-12 17:42:33,text
99971002100,99971002102,2026-09-12 17:46:31,text
99971000917,99971000914,2026-09-12 18:00:42,text
99971000360,99971000356,2026-09-12 18:02:35,text
99971001513,99971001528,2026-09-12 18:22:05,text
99971000742,99971000723,2026-09-12 18:25:54,text
99971001299,99971001316,2026-09-12 18:26:18,text
99971001625,99971001611,2026-09-12 18:47:14,text
99971002074,99971002073,2026-09-12 18:53:35,text
99971000792,99971000779,2026-09-12 19:00:59,text
99971000734,99971000738,2026-09-12 19:31:46,text
99971002060,99971002053,2026-09-12 19:32:08,text
99971000086,99971000080,2026-09-12 19:49:18,text
99971000168,99971000161,2026-09-12 20:10:22,text
99971001772,99971001770,2026-09-12 20:18:35,text
99971001711,99971001705,2026-09-12 21:00:17,text
99971002345,99971002347,2026-09-12 21:40:02,text
99971000159,99971000158,2026-09-12 21:41:00,text
99971001725,99971001722,2026-09-12 21:45:36,text
99971001904,99971001907,2026-09-12 22:02:42,text
99971000843,99971000854,2026-09-12 22:05:07,text
99971002244,99971002248,2026-09-12 22:13:52,text
99971000674,99971000679,2026-09-12 22:24:57,text
99971000849,99971000846,2026-09-12 22:33:23,text
99971001991,99971001972,2026-09-12 22:36:21,text
99971000773,99971000771,2026-09-12 22:54:30,text
99971002314,99971002307,2026-09-12 23:26:32,text
99971000636,99971000630,2026-09-12 23:26:44,text
99971001935,99971001936,2026-09-12 23:35:43,text
99971000678,99971000691,2026-09-12 23:50:38,text
99971000686,99971000680,2026-09-13 00:16:35,text
99971000199,99971000203,2026-09-13 00:18:50,text
99971001475,99971001476,2026-09-13 00:23:40,text
99971001461,99971001442,2026-09-13 00:32:09,text
99971001020,99971001009,2026-09-13 00:53:08,text
99971002206,99971002195,2026-09-13 01:05:16,text
99971001612,99971001609,2026-09-13 01:27:24,text
99971000492,99971000495,2026-09-13 02:07:54,text
99971000971,99971000962,2026-09-13 02:22:17,text
99971002260,99971002280,2026-09-13 02:26:51,text
99971001123,99971001106,2026-09-13 02:55:15,text
99971001187,99971001191,2026-09-13 03:04:43,text
99971000146,99971000154,2026-09-13 03:06:06,text
99971001747,99971001737,2026-09-13 03:07:59,text
99971002043,99971002064,2026-09-13 03:09:22,text
99971001452,99971001464,2026-09-13 03:33:23,text
99971000539,99971000547,2026-09-13 03:33:55,text
99971001670,99971001668,2026-09-13 03:51:07,text
99971000351,99971000343,2026-09-13 03:51:57,text
99971001019,99971001016,2026-09-13 04:47:09,text
99971002226,99971002224,2026-09-13 04:50:30,text
99971001852,99971001854,2026-09-13 05:09:56,text
99971001538,99971001555,2026-09-13 05:25:03,text
99971000561,99971000573,2026-09-13 05:28:12,text
99971001770,99971001753,2026-09-13 05:29:58,text
99971002250,99971002246,2026-09-13 05:51:40,text
99971000900,99971000897,2026-09-13 06:02:18,text
99971000498,99971000499,2026-09-13 06:16:04,text
99971002190,99971002193,2026-09-13 06:32:50,text
99971000072,99971000055,2026-09-13 06:35:03,text
99971000642,99971000640,2026-09-13 06:47:35,text
99971002257,99971002267,2026-09-13 06:59:59,text
99971002069,99971002066,2026-09-13 07:18:47,text
99971000426,99971000428,2026-09-13 07:52:33,text
99971001756,99971001761,2026-09-13 07:55:44,text
99971000534,99971000541,2026-09-13 08:05:20,text
99971001214,99971001210,2026-09-13 08:22:06,text
99971002199,99971002204,2026-09-13 08:32:23,text
99971000953,99971000945,2026-09-13 08:44:19,text
99971000458,99971000472,2026-09-13 08:47:41,text
99971001035,99971001033,2026-09-13 08:58:23,text
99971002248,99971002254,2026-09-13 09:29:42,text
99971000539,99971000547,2026-09-13 09:47:13,text
99971001486,99971001469,2026-09-13 10:03:17,text
99971000954,99971000946,2026-09-13 10:07:05,text
99971000788,99971000782,2026-09-13 10:14:49,text
99971000218,99971000234,2026-09-13 11:15:00,text
99971002131,99971002114,2026-09-13 11:21:59,text
99971002236,99971002250,2026-09-13 11:29:19,text
99971001345,99971001350,2026-09-13 11:31:06,text
99971000326,99971000330,2026-09-13 11:38:14,text
99971000256,99971000262,2026-09-13 11:52:52,text
99971001171,99971001166,2026-09-13 12:02:31,text
99971000872,99971000874,2026-09-13 12:14:09,text
99971002073,99971002077,2026-09-13 12:25:07,text
99971001765,99971001758,2026-09-13 12:35:00,text
99971001828,99971001841,2026-09-13 12:38:58,text
99971001977,99971001982,2026-09-13 12:46:26,text
99971001970,99971001980,2026-09-13 12:59:07,text
99971001027,99971001010,2026-09-13 13:07:26,text
99971001278,99971001292,2026-09-13 13:28:04,text
99971002397,99971002389,2026-09-13 13:47:13,text
99971002346,99971002335,2026-09-13 13:48:07,text
99971001285,99971001291,2026-09-13 13:56:42,text
99971000878,99971000883,2026-09-13 13:58:19,text
99971001913,99971001920,2026-09-13 14:00:28,text
99971000701,99971000711,2026-09-13 14:19:01,text
99971000565,99971000575,2026-09-13 14:33:40,text
99971001898,99971001900,2026-09-13 14:42:42,text
99971001590,99971001594,2026-09-13 15:30:56,text
99971001325,99971001336,2026-09-13 15:43:26,text
99971000816,99971000807,2026-09-13 15:43:48,text
99971000500,99971000502,2026-09-13 15:47:15,text
99971000355,99971000342,2026-09-13 16:02:55,text
99971001158,99971001157,2026-09-13 16:09:25,text
99971000910,99971000898,2026-09-13 16:14:05,text
99971001939,99971001938,2026-09-13 16:38:44,text
99971000708,99971000698,2026-09-13 16:47:16,text
99971001831,99971001826,2026-09-13 16:57:51,text
99971000506,99971000505,2026-09-13 17:00:58,text
99971001442,99971001447,2026-09-13 17:24:40,text
99971001494,99971001504,2026-09-13 17:40:31,text
99971002251,99971002255,2026-09-13 18:59:39,text
99971000068,99971000056,2026-09-13 19:00:11,text
99971000555,99971000571,2026-09-13 19:08:09,text
99971002028,99971002020,2026-09-13 19:15:57,text
99971000485,99971000481,2026-09-13 19:17:06,text
99971000563,99971000564,2026-09-13 19:27:59,text
99971000534,99971000547,2026-09-13 19:30:53,text
99971001258,99971001252,2026-09-13 19:38:57,text
99971002139,99971002156,2026-09-13 19:58:20,text
99971001773,99971001772,2026-09-13 20:11:43,text
99971001076,99971001065,2026-09-13 20:26:29,text
99971001724,99971001709,2026-09-13 20:49:09,text
99979300002,99979300001,2026-09-13 21:05:25,text
99971001295,99971001294,2026-09-13 21:05:29,text
99971001856,99971001867,2026-09-13 21:24:20,text
99971000327,99971000321,2026-09-13 21:33:23,text
99971000170,99971000183,2026-09-13 21:47:57,text
99971000188,99971000180,2026-09-13 21:53:49,text
99971002395,99971002390,2026-09-13 21:55:29,text
99971000002,99971000003,2026-09-13 21:57:00,text
99971000907,99971000899,2026-09-13 22:02:45,text
99971000116,99971000115,2026-09-13 22:13:53,text
99971001745,99971001740,2026-09-13 22:17:50,text
99971000112,99971000102,2026-09-13 22:33:46,text
99971001333,99971001343,2026-09-13 22:36:32,text
99971001480,99971001485,2026-09-13 22:55:38,text
99971000349,99971000350,2026-09-13 22:58:32,text
99971002381,99971002387,2026-09-13 23:04:05,text
99971000575,99971000565,2026-09-13 23:05:19,text
99971000933,99971000928,2026-09-13 23:08:18,text
99971001825,99971001831,2026-09-13 23:18:54,text
99971000859,99971000856,2026-09-13 23:35:19,text
99971001577,99971001566,2026-09-14 00:10:09,text
99971000018,99971000001,2026-09-14 00:23:14,text
99971002103,99971002097,2026-09-14 00:28:35,text
99971001763,99971001771,2026-09-14 00:34:03,text
99971002119,99971002118,2026-09-14 00:43:16,text
99971001892,99971001894,2026-09-14 00:48:00,text
99971001457,99971001452,2026-09-14 00:51:26,text
99971000592,99971000579,2026-09-14 00:56:12,text
99971001286,99971001283,2026-09-14 00:58:54,text
99971002259,99971002260,2026-09-14 01:29:17,text
99971002371,99971002373,2026-09-14 01:42:16,text
99971000982,99971000963,2026-09-14 01:42:23,text
99971001088,99971001086,2026-09-14 01:47:14,text
99971001827,99971001835,2026-09-14 01:56:52,text
99971000716,99971000705,2026-09-14 01:57:16,text
99971002329,99971002342,2026-09-14 02:25:36,text
99971002072,99971002078,2026-09-14 02:31:29,text
99971001579,99971001572,2026-09-14 02:39:34,text
99971001501,99971001511,2026-09-14 02:55:10,text
99971001641,99971001635,2026-09-14 03:02:26,text
99971000733,99971000723,2026-09-14 03:11:57,text
99971000738,99971000730,2026-09-14 03:22:50,text
99971000536,99971000546,2026-09-14 03:29:06,text
99971001226,99971001228,2026-09-14 03:49:28,text
99971000378,99971000376,2026-09-14 03:59:58,text
99971000803,99971000802,2026-09-14 04:03:53,text
99971002074,99971002088,2026-09-14 04:19:37,text
99971002146,99971002138,2026-09-14 04:36:16,text
99971000300,99971000293,2026-09-14 04:37:14,text
99971001821,99971001817,2026-09-14 04:50:35,text
99971000316,99971000315,2026-09-14 04:57:47,text
99971001863,99971001866,2026-09-14 05:04:57,text
99971001066,99971001080,2026-09-14 05:05:16,text
99971002327,99971002318,2026-09-14 05:09:15,text
99971001431,99971001435,2026-09-14 05:46:08,text
99971000244,99971000261,2026-09-14 05:54:47,text
99971001627,99971001613,2026-09-14 06:15:54,text
99971002137,99971002160,2026-09-14 06:18:55,text
99971002157,99971002139,2026-09-14 06:20:08,text
99971000733,99971000736,2026-09-14 06:26:38,text
99971000364,99971000380,2026-09-14 06:37:29,text
99971000886,99971000867,2026-09-14 07:11:45,text
99971002140,99971002154,2026-09-14 07:20:34,text
99971000706,99971000713,2026-09-14 07:24:50,text
99971000509,99971000516,2026-09-14 07:31:28,text
99971001915,99971001916,2026-09-14 07:45:39,text
99971001958,99971001949,2026-09-14 07:46:47,text
99971002290,99971002299,2026-09-14 08:03:18,text
99971001943,99971001922,2026-09-14 08:14:30,text
99971000429,99971000420,2026-09-14 08:19:24,text
99971000623,99971000609,2026-09-14 08:25:14,text
99971001762,99971001754,2026-09-14 08:34:46,text
99971001881,99971001876,2026-09-14 08:38:14,text
99971000713,99971000706,2026-09-14 09:40:42,text
99971002255,99971002251,2026-09-14 09:42:40,text
99971002109,99971002105,2026-09-14 09:47:30,text
99971000765,99971000763,2026-09-14 10:14:19,text
99971001035,99971001038,2026-09-14 11:26:08,text
99971001410,99971001408,2026-09-14 11:31:32,text
99971000996,99971001007,2026-09-14 11:43:35,text
99971001771,99971001758,2026-09-14 11:53:45,text
99971000763,99971000765,2026-09-14 12:20:59,text
99971001234,99971001230,2026-09-14 12:26:31,text
99971002228,99971002214,2026-09-14 12:37:02,text
99971000565,99971000554,2026-09-14 12:44:57,text
99971002385,99971002379,2026-09-14 12:54:35,text
99971001621,99971001611,2026-09-14 12:56:10,text
99971000194,99971000202,2026-09-14 13:07:00,text
99971000885,99971000887,2026-09-14 13:38:29,text
99971001430,99971001438,2026-09-14 14:06:13,text
99971001272,99971001264,2026-09-14 14:20:14,text
99971000492,99971000484,2026-09-14 14:21:03,text
99971001360,99971001365,2026-09-14 14:41:06,text
99971001677,99971001674,2026-09-14 14:42:38,text
99971002053,99971002048,2026-09-14 14:49:07,text
99971002394,99971002393,2026-09-14 15:11:21,text
99971001685,99971001702,2026-09-14 15:19:58,text
99971000781,99971000775,2026-09-14 15:50:29,text
99971000038,99971000032,2026-09-14 16:01:20,text
99971001864,99971001872,2026-09-14 16:05:06,text
99971001829,99971001847,2026-09-14 16:10:17,text
99971002281,99971002300,2026-09-14 16:35:18,text
99971001466,99971001471,2026-09-14 17:02:17,text
99971000759,99971000751,2026-09-14 17:17:47,text
99971001309,99971001298,2026-09-14 17:23:20,text
99971001605,99971001599,2026-09-14 17:54:59,text
99971002238,99971002248,2026-09-14 18:26:41,text
99971002335,99971002349,2026-09-14 18:46:14,text
99971000401,99971000395,2026-09-14 19:19:54,text
99971001001,99971000994,2026-09-14 19:38:27,text
99971001541,99971001552,2026-09-14 20:06:55,text
99971000994,99971000990,2026-09-14 20:08:39,text
99971000132,99971000121,2026-09-14 20:38:13,text
99971002297,99971002303,2026-09-14 20:51:57,text
99971000307,99971000309,2026-09-14 20:53:04,text
99971000918,99971000925,2026-09-14 21:07:51,text
99971001790,99971001787,2026-09-14 21:44:27,text
99971001807,99971001821,2026-09-14 21:45:09,text
99971000568,99971000576,2026-09-14 21:45:17,text
99971000401,99971000400,2026-09-14 21:50:17,text
99971000990,99971000994,2026-09-14 21:57:27,text
99971000013,99971000011,2026-09-14 22:19:25,text
99971000261,99971000255,2026-09-14 22:24:54,text
99971001524,99971001513,2026-09-14 22:48:29,text
99971002089,99971002100,2026-09-14 23:02:31,text
99971001442,99971001453,2026-09-14 23:04:10,text
99971001910,99971001903,2026-09-14 23:26:21,text
99971000848,99971000859,2026-09-14 23:31:49,text
99971001511,99971001507,2026-09-14 23:34:19,text
99971001888,99971001887,2026-09-14 23:46:48,text
99971000615,99971000616,2026-09-14 23:59:44,text
99971001412,99971001407,2026-09-15 00:00:07,text
99971000079,99971000088,2026-09-15 00:03:51,text
99971002213,99971002210,2026-09-15 00:27:58,text
99971000825,99971000826,2026-09-15 00:47:58,text
99971001879,99971001892,2026-09-15 00:50:57,text
99971000094,99971000095,2026-09-15 00:54:13,text
99971000680,99971000686,2026-09-15 01:05:22,text
99971002183,99971002167,2026-09-15 01:10:44,text
99971000876,99971000869,2026-09-15 01:14:26,text
99971001916,99971001899,2026-09-15 01:18:11,text
99971000827,99971000839,2026-09-15 01:19:47,text
99971000591,99971000578,2026-09-15 01:22:46,text
99971002102,99971002100,2026-09-15 01:23:45,text
99971001406,99971001410,2026-09-15 01:24:33,text
99971001249,99971001256,2026-09-15 01:25:32,text
99971000721,99971000726,2026-09-15 01:42:31,text
99971001527,99971001518,2026-09-15 01:49:40,text
99971001128,99971001125,2026-09-15 02:03:42,text
99971000161,99971000164,2026-09-15 02:17:19,text
99971001717,99971001709,2026-09-15 02:34:53,text
99971001614,99971001630,2026-09-15 03:06:41,text
99971001578,99971001573,2026-09-15 03:11:42,text
99971001645,99971001653,2026-09-15 03:15:56,text
99979300001,99979300004,2026-09-15 03:28:42,text
99971000601,99971000615,2026-09-15 03:41:39,text
99971001037,99971001038,2026-09-15 03:45:23,text
99971001892,99971001879,2026-09-15 04:03:12,text
99971001228,99971001240,2026-09-15 04:13:28,text
99971001343,99971001321,2026-09-15 04:13:40,text
99971001603,99971001604,2026-09-15 04:43:33,text
99971001950,99971001967,2026-09-15 05:38:21,text
99971001003,99971001006,2026-09-15 05:54:57,text
99971000774,99971000771,2026-09-15 05:58:49,text
99971000091,99971000086,2026-09-15 06:00:20,text
99971001965,99971001958,2026-09-15 06:11:23,text
99971001258,99971001265,2026-09-15 06:13:20,text
99971002042,99971002055,2026-09-15 06:25:45,text
99971000434,99971000439,2026-09-15 06:27:11,text
99971002382,99971002384,2026-09-15 06:30:50,text
99971000732,99971000739,2026-09-15 06:37:15,text
99971001214,99971001201,2026-09-15 06:54:17,text
99971000236,99971000223,2026-09-15 07:06:21,text
99971001781,99971001797,2026-09-15 07:10:17,text
99971001984,99971001987,2026-09-15 07:14:27,text
99971001294,99971001280,2026-09-15 07:35:29,text
99971000991,99971000994,2026-09-15 07:55:32,text
99971001228,99971001240,2026-09-15 08:01:20,text
99971002121,99971002135,2026-09-15 08:03:16,text
99971000848,99971000842,2026-09-15 08:14:25,text
99971000258,99971000241,2026-09-15 08:28:09,text
99971000880,99971000872,2026-09-15 08:53:43,text
99971000866,99971000874,2026-09-15 08:54:34,text
99971001522,99971001516,2026-09-15 09:16:41,text
99971001521,99971001523,2026-09-15 09:38:01,text
99971001996,99971002012,2026-09-15 09:46:57,text
99971001854,99971001852,2026-09-15 09:48:23,text
99971001051,99971001039,2026-09-15 09:56:14,text
99971000090,99971000084,2026-09-15 09:57:04,text
99971000940,99971000951,2026-09-15 10:00:19,text
99971000750,99971000761,2026-09-15 10:06:28,text
99971001166,99971001176,2026-09-15 10:24:58,text
99971002030,99971002018,2026-09-15 10:30:52,text
99971002245,99971002238,2026-09-15 10:33:17,text
99971000665,99971000652,2026-09-15 10:48:13,text
99971000355,99971000347,2026-09-15 11:04:19,text
99971000374,99971000380,2026-09-15 11:09:14,text
99971001493,99971001502,2026-09-15 11:10:05,text
99971001904,99971001905,2026-09-15 11:11:50,text
99971002232,99971002230,2026-09-15 11:37:55,text
99971002160,99971002151,2026-09-15 11:46:17,text
99971001304,99971001315,2026-09-15 11:47:50,text
99971001178,99971001190,2026-09-15 11:50:28,text
99971000491,99971000489,2026-09-15 12:03:42,text
99971001781,99971001779,2026-09-15 12:04:24,text
99971000168,99971000162,2026-09-15 12:08:14,text
99971000006,99971000024,2026-09-15 12:36:12,text
99971002360,99971002362,2026-09-15 12:38:46,text
99971000023,99971000021,2026-09-15 12:41:59,text
99971002074,99971002072,2026-09-15 12:51:22,text
99971001744,99971001739,2026-09-15 12:56:54,text
99971002272,99971002271,2026-09-15 12:58:01,text
99971001270,99971001266,2026-09-15 13:02:35,text
99971000200,99971000206,2026-09-15 13:13:10,text
99971000758,99971000765,2026-09-15 13:29:19,text
99971000638,99971000639,2026-09-15 13:46:44,text
99971001696,99971001698,2026-09-15 14:32:10,text
99971001072,99971001058,2026-09-15 14:43:28,text
99971000912,99971000906,2026-09-15 14:51:54,text
99971001464,99971001448,2026-09-15 15:07:44,text
99971001961,99971001953,2026-09-15 15:10:31,text
99971000918,99971000922,2026-09-15 15:12:30,text
99971000189,99971000169,2026-09-15 15:17:41,text
99971001867,99971001869,2026-09-15 15:23:45,text
99971000858,99971000846,2026-09-15 15:30:33,text
99971000017,99971000014,2026-09-15 15:30:44,text
99971000578,99971000600,2026-09-15 15:40:59,text
99971002345,99971002342,2026-09-15 15:48:19,text
99971001239,99971001244,2026-09-15 16:02:55,text
99971001598,99971001586,2026-09-15 16:06:30,text
99971000791,99971000786,2026-09-15 16:10:49,text
99971001797,99971001786,2026-09-15 16:40:50,text
99971000893,99971000911,2026-09-15 17:16:28,text
99971001405,99971001393,2026-09-15 17:18:25,text
99971001447,99971001442,2026-09-15 17:21:35,text
99971001068,99971001077,2026-09-15 17:42:28,text
99971001635,99971001654,2026-09-15 17:47:24,text
99971000817,99971000836,2026-09-15 18:02:25,text
99971000195,99971000213,2026-09-15 18:07:10,text
99971002244,99971002248,2026-09-15 18:15:24,text
99971000840,99971000829,2026-09-15 18:19:05,text
99971000361,99971000380,2026-09-15 18:30:26,text
99971001828,99971001846,2026-09-15 18:42:22,text
99971001505,99971001495,2026-09-15 19:24:21,text
99971001153,99971001154,2026-09-15 20:27:52,text
99971000843,99971000854,2026-09-15 20:33:15,text
99971002241,99971002243,2026-09-15 20:40:43,text
99971001744,99971001730,2026-09-15 20:45:43,text
99971000120,99971000105,2026-09-15 21:28:41,text
99971001554,99971001560,2026-09-15 21:46:07,text
99971002246,99971002248,2026-09-15 21:53:31,text
99971001651,99971001636,2026-09-15 21:54:14,text
99971001579,99971001580,2026-09-15 22:10:56,text
99971002313,99971002308,2026-09-15 22:17:47,text
99971001927,99971001928,2026-09-15 22:26:08,text
99971002147,99971002157,2026-09-15 22:34:31,text
99971001777,99971001794,2026-09-15 22:57:32,text
99971000658,99971000661,2026-09-15 22:59:05,text
99971002329,99971002342,2026-09-15 23:09:13,text
99971000193,99971000199,2026-09-15 23:12:40,text
99971000255,99971000261,2026-09-15 23:20:22,text
99971002275,99971002278,2026-09-15 23:20:27,text
99971001966,99971001953,2026-09-15 23:38:54,text
99971001475,99971001465,2026-09-16 00:07:53,text
99971000269,99971000271,2026-09-16 00:20:24,text
99971001022,99971001028,2026-09-16 00:31:19,text
99971002249,99971002234,2026-09-16 00:37:40,text
99971001300,99971001313,2026-09-16 00:56:42,text
99971001863,99971001859,2026-09-16 01:07:41,text
99971000195,99971000206,2026-09-16 01:23:41,text
99971001868,99971001870,2026-09-16 01:24:10,text
99971002344,99971002348,2026-09-16 01:45:19,text
99971000552,99971000531,2026-09-16 01:50:04,text
99971001384,99971001392,2026-09-16 02:03:07,text
99971000338,99971000343,2026-09-16 02:23:00,text
99971002314,99971002315,2026-09-16 02:28:37,text
99971001877,99971001895,2026-09-16 02:50:36,text
99971000363,99971000369,2026-09-16 02:52:18,text
99971002132,99971002113,2026-09-16 02:55:25,text
99971000549,99971000539,2026-09-16 03:33:10,text
99971001681,99971001694,2026-09-16 03:34:03,text
99971001334,99971001343,2026-09-16 03:37:49,text
99971000079,99971000088,2026-09-16 03:40:57,text
99971001284,99971001273,2026-09-16 03:49:41,text
99971001821,99971001807,2026-09-16 03:59:35,text
99979300003,99979300005,2026-09-16 03:59:58,text
99971000209,99971000201,2026-09-16 04:11:14,text
99971000477,99971000468,2026-09-16 04:16:54,text
99971001265,99971001251,2026-09-16 04:33:25,text
99971002255,99971002248,2026-09-16 04:53:50,text
99971001588,99971001602,2026-09-16 05:02:05,text
99971002364,99971002375,2026-09-16 05:10:12,text
99971000251,99971000263,2026-09-16 05:12:29,text
99971000320,99971000323,2026-09-16 05:15:13,text
99971000616,99971000606,2026-09-16 05:21:08,text
99971000362,99971000367,2026-09-16 05:32:13,text
99971002328,99971002322,2026-09-16 05:37:41,text
99971001051,99971001041,2026-09-16 05:44:09,text
99971002367,99971002359,2026-09-16 05:52:24,text
99971001373,99971001376,2026-09-16 06:02:03,text
99971002164,99971002175,2026-09-16 06:29:41,text
99971000631,99971000638,2026-09-16 06:42:37,text
99971000223,99971000232,2026-09-16 07:17:51,text
99971000994,99971000986,2026-09-16 07:35:49,text
99971002145,99971002157,2026-09-16 08:11:35,text
99971000373,99971000384,2026-09-16 08:14:04,text
99971000667,99971000652,2026-09-16 08:20:09,text
99971002208,99971002207,2026-09-16 08:34:29,text
99971001691,99971001682,2026-09-16 08:34:38,text
99971001678,99971001660,2026-09-16 08:36:33,text
99971001681,99971001685,2026-09-16 09:16:33,text
99971002003,99971002009,2026-09-16 09:44:09,text
99971000574,99971000558,2026-09-16 09:44:44,text
99971000229,99971000235,2026-09-16 10:09:27,text
99971002295,99971002285,2026-09-16 10:15:49,text
99971001441,99971001450,2026-09-16 10:34:50,text
99971000964,99971000963,2026-09-16 10:52:09,text
99971001707,99971001709,2026-09-16 11:05:20,text
99971001597,99971001596,2026-09-16 11:18:55,text
99971001275,99971001282,2026-09-16 11:19:59,text
99971002321,99971002325,2026-09-16 11:23:15,text
99971000039,99971000035,2026-09-16 11:27:52,text
99971000322,99971000324,2026-09-16 11:29:40,text
99971000656,99971000650,2026-09-16 11:34:42,text
99971001067,99971001057,2026-09-16 11:37:14,text
99971001772,99971001773,2026-09-16 11:42:30,text
99971001159,99971001169,2026-09-16 12:05:06,text
99971000839,99971000827,2026-09-16 12:14:34,text
99971000375,99971000376,2026-09-16 12:28:27,text
99971002399,99971002378,2026-09-16 12:31:57,text
99971000959,99971000949,2026-09-16 13:00:59,text
99971001832,99971001840,2026-09-16 13:01:23,text
99971000942,99971000956,2026-09-16 13:05:15,text
99971000056,99971000063,2026-09-16 13:13:28,text
99971000352,99971000344,2026-09-16 13:17:26,text
99971001936,99971001931,2026-09-16 13:39:03,text
99971000144,99971000134,2026-09-16 13:42:29,text
99971000214,99971000203,2026-09-16 13:56:59,text
99971001449,99971001444,2026-09-16 14:01:58,text
99971000373,99971000381,2026-09-16 14:30:33,text
99971002323,99971002319,2026-09-16 14:44:34,text
99971000138,99971000140,2026-09-16 14:51:02,text
99971001243,99971001231,2026-09-16 15:06:00,text
99971002074,99971002066,2026-09-16 15:24:03,text
99971001779,99971001783,2026-09-16 15:43:19,text
99971002262,99971002266,2026-09-16 15:43:41,text
99971002070,99971002069,2026-09-16 15:52:43,text
99971000566,99971000554,2026-09-16 16:02:55,text
99971000169,99971000189,2026-09-16 16:11:57,text
99971001585,99971001591,2026-09-16 16:15:13,text
99971001917,99971001914,2026-09-16 16:15:27,text
99971000702,99971000703,2026-09-16 16:34:43,text
99971000319,99971000334,2026-09-16 16:38:21,text
99971002301,99971002293,2026-09-16 16:38:28,text
99971002075,99971002067,2026-09-16 16:40:42,text
99971000125,99971000128,2026-09-16 16:43:33,text
99971001999,99971002008,2026-09-16 17:11:11,text
99971001735,99971001730,2026-09-16 17:15:20,text
99971001029,99971001024,2026-09-16 17:19:31,text
99971001848,99971001842,2026-09-16 17:43:26,text
99971000779,99971000775,2026-09-16 18:38:00,text
99971000289,99971000301,2026-09-16 18:57:00,text
99971000155,99971000153,2026-09-16 19:32:05,text
99971000938,99971000949,2026-09-16 19:48:28,text
99971000788,99971000771,2026-09-16 19:54:55,text
99971000076,99971000078,2026-09-16 19:57:15,text
99971001801,99971001806,2026-09-16 22:07:42,text
99971000218,99971000221,2026-09-16 22:10:27,text
99971002114,99971002126,2026-09-16 22:28:44,text
99971001338,99971001325,2026-09-16 22:49:40,text
99971000251,99971000249,2026-09-16 23:02:46,text
99971002064,99971002062,2026-09-16 23:46:27,text
99971001150,99971001139,2026-09-17 00:09:12,text
99971001416,99971001409,2026-09-17 00:26:00,text
99971000204,99971000193,2026-09-17 00:40:58,text
99971001452,99971001446,2026-09-17 00:56:46,text
99971001232,99971001242,2026-09-17 01:02:05,text
99971001689,99971001695,2026-09-17 01:07:50,text
99971001503,99971001491,2026-09-17 01:10:17,text
99971002395,99971002399,2026-09-17 01:12:52,text
99971001234,99971001237,2026-09-17 01:26:14,text
99971000898,99971000912,2026-09-17 01:36:18,text
99971002033,99971002035,2026-09-17 01:40:56,text
99971002168,99971002174,2026-09-17 01:47:54,text
99971000484,99971000486,2026-09-17 01:57:44,text
99971001547,99971001539,2026-09-17 02:10:45,text
99971000334,99971000333,2026-09-17 02:11:30,text
99971000230,99971000221,2026-09-17 02:18:37,text
99971002003,99971002005,2026-09-17 02:26:36,text
99971001048,99971001055,2026-09-17 02:32:57,text
99971000933,99971000921,2026-09-17 02:47:03,text
99971001042,99971001034,2026-09-17 02:47:46,text
99971000096,99971000080,2026-09-17 03:21:03,text
99971002389,99971002393,2026-09-17 03:49:41,text
99971001228,99971001234,2026-09-17 03:53:18,text
99971002015,99971002006,2026-09-17 04:00:57,text
99971000198,99971000203,2026-09-17 05:44:42,text
99971000939,99971000953,2026-09-17 05:47:41,text
99971000054,99971000052,2026-09-17 05:54:37,text
99971001160,99971001155,2026-09-17 06:00:21,text
99971001821,99971001807,2026-09-17 06:02:18,text
99971002062,99971002064,2026-09-17 06:09:12,text
99971000575,99971000560,2026-09-17 06:28:23,text
99971000516,99971000514,2026-09-17 06:44:42,text
99971001917,99971001914,2026-09-17 06:48:27,text
99971000424,99971000421,2026-09-17 06:56:39,text
99971000724,99971000735,2026-09-17 07:31:14,text
99971002135,99971002120,2026-09-17 07:39:40,text
99971001355,99971001368,2026-09-17 07:57:02,text
99971001802,99971001824,2026-09-17 08:03:04,text
99971000364,99971000380,2026-09-17 08:13:28,text
99971001001,99971001000,2026-09-17 08:16:38,text
99971001771,99971001758,2026-09-17 08:16:48,text
99971001596,99971001597,2026-09-17 08:53:01,text
99971000157,99971000161,2026-09-17 08:53:26,text
99971000725,99971000724,2026-09-17 08:54:46,text
99971000862,99971000845,2026-09-17 09:20:13,text
99971002121,99971002133,2026-09-17 10:03:07,text
99971001210,99971001204,2026-09-17 10:08:02,text
99971001095,99971001087,2026-09-17 10:11:35,text
99971000277,99971000282,2026-09-17 10:15:36,text
99971002180,99971002171,2026-09-17 10:39:02,text
99971000296,99971000300,2026-09-17 10:46:35,text
99971001731,99971001746,2026-09-17 10:50:15,text
99971001740,99971001730,2026-09-17 11:07:09,text
99971002075,99971002065,2026-09-17 11:10:16,text
99971001937,99971001931,2026-09-17 11:15:42,text
99971000451,99971000433,2026-09-17 11:28:23,text
99971000534,99971000547,2026-09-17 11:39:01,text
99971000854,99971000841,2026-09-17 11:40:00,text
99971001029,99971001030,2026-09-17 12:03:02,text
99971001686,99971001701,2026-09-17 12:16:48,text
99971001777,99971001784,2026-09-17 12:31:41,text
99971000801,99971000805,2026-09-17 12:35:55,text
99971001945,99971001960,2026-09-17 12:36:45,text
99971001679,99971001662,2026-09-17 12:37:30,text
99971001442,99971001453,2026-09-17 12:58:18,text
99971001536,99971001523,2026-09-17 12:58:18,text
99971000176,99971000169,2026-09-17 13:14:08,text
99971000583,99971000580,2026-09-17 13:23:52,text
99971000492,99971000484,2026-09-17 13:37:21,text
99971001455,99971001453,2026-09-17 13:52:39,text
99971001343,99971001327,2026-09-17 13:58:02,text
99971000426,99971000429,2026-09-17 14:05:40,text
99971000905,99971000901,2026-09-17 14:06:23,text
99971002323,99971002327,2026-09-17 14:23:53,text
99971000736,99971000733,2026-09-17 14:28:48,text
99971000076,99971000078,2026-09-17 14:29:34,text
99971000398,99971000387,2026-09-17 14:32:46,text
99971000369,99971000382,2026-09-17 15:09:19,text
99971002168,99971002165,2026-09-17 15:17:34,text
99971001369,99971001386,2026-09-17 15:49:53,text
99971000282,99971000279,2026-09-17 15:55:02,text
99971001989,99971001985,2026-09-17 16:03:35,text
99971001494,99971001498,2026-09-17 16:14:40,text
99971001198,99971001186,2026-09-17 16:31:15,text
99971000077,99971000083,2026-09-17 16:32:43,text
99971000220,99971000231,2026-09-17 16:42:31,text
99971001678,99971001679,2026-09-17 16:51:15,text
99971001267,99971001272,2026-09-17 17:02:06,text
99971002253,99971002251,2026-09-17 17:05:30,text
99971000093,99971000086,2026-09-17 17:27:36,text
99971000628,99971000645,2026-09-17 17:38:34,text
99971002381,99971002380,2026-09-17 18:01:59,text
99971000516,99971000514,2026-09-17 18:22:51,text
99971001147,99971001144,2026-09-17 18:27:35,text
99971000752,99971000751,2026-09-17 18:30:43,text
99971000129,99971000135,2026-09-17 18:40:28,text
99971002289,99971002283,2026-09-17 18:42:16,text
99971001280,99971001282,2026-09-17 19:20:34,text
99971001135,99971001133,2026-09-17 19:23:12,text
99971002387,99971002381,2026-09-17 19:33:08,text
99971002395,99971002384,2026-09-17 19:45:14,text
99971001229,99971001238,2026-09-17 19:49:47,text
99971001563,99971001576,2026-09-17 20:35:59,text
99971002284,99971002291,2026-09-17 21:21:49,text
99971002367,99971002356,2026-09-17 21:24:38,text
99971001323,99971001335,2026-09-17 21:30:57,text
99971001765,99971001755,2026-09-17 21:36:55,text
99971002082,99971002067,2026-09-17 21:43:43,text
99971001735,99971001736,2026-09-17 21:45:40,text
99971001164,99971001154,2026-09-17 22:21:56,text
99971002360,99971002362,2026-09-17 22:24:27,text
99971001479,99971001469,2026-09-17 22:29:32,text
99971001697,99971001703,2026-09-17 22:41:01,text
99971002106,99971002092,2026-09-17 22:56:33,text
99971001840,99971001843,2026-09-17 23:01:25,text
99971001077,99971001059,2026-09-17 23:17:54,text
99971000711,99971000699,2026-09-17 23:21:59,text
99971000534,99971000546,2026-09-17 23:26:25,text
99971001703,99971001686,2026-09-18 00:07:33,text
99971001887,99971001883,2026-09-18 00:08:03,text
99971000123,99971000126,2026-09-18 00:16:50,text
99971000208,99971000193,2026-09-18 00:31:10,text
99971000649,99971000669,2026-09-18 00:53:27,text
99971001762,99971001766,2026-09-18 01:01:37,text
99971001276,99971001296,2026-09-18 01:27:25,text
99971000534,99971000539,2026-09-18 01:27:48,text
99971000652,99971000668,2026-09-18 01:39:45,text
99971001741,99971001736,2026-09-18 02:21:27,text
99971001790,99971001783,2026-09-18 02:24:38,text
99971001780,99971001779,2026-09-18 02:35:14,text
99971001389,99971001390,2026-09-18 02:42:29,text
99971000746,99971000757,2026-09-18 02:47:22,text
99971000688,99971000694,2026-09-18 02:53:48,text
99971000913,99971000921,2026-09-18 03:10:22,text
99971001309,99971001319,2026-09-18 03:43:10,text
99971000789,99971000784,2026-09-18 03:54:47,text
99971000445,99971000447,2026-09-18 04:00:08,text
99971001870,99971001868,2026-09-18 04:02:11,text
99971000823,99971000820,2026-09-18 04:18:27,text
99971000050,99971000057,2026-09-18 04:18:58,text
99971000159,99971000157,2026-09-18 04:19:48,text
99971000760,99971000758,2026-09-18 04:20:39,text
99971002250,99971002236,2026-09-18 04:45:28,text
99971000330,99971000318,2026-09-18 04:48:11,text
99971001352,99971001349,2026-09-18 04:56:03,text
99971000082,99971000078,2026-09-18 05:05:37,text
99971001134,99971001136,2026-09-18 05:18:48,text
99971000071,99971000059,2026-09-18 05:41:17,text
99971000842,99971000855,2026-09-18 05:44:32,text
99971001188,99971001178,2026-09-18 06:03:55,text
99971002219,99971002211,2026-09-18 06:11:18,text
99971001615,99971001621,2026-09-18 06:25:06,text
99971001291,99971001284,2026-09-18 06:29:38,text
99971000761,99971000750,2026-09-18 06:58:10,text
99971001520,99971001530,2026-09-18 07:32:02,text
99971001955,99971001958,2026-09-18 07:32:25,text
99971000788,99971000782,2026-09-18 07:43:34,text
99971002344,99971002348,2026-09-18 07:46:22,text
99971002294,99971002283,2026-09-18 07:53:02,text
99971000023,99971000006,2026-09-18 07:59:47,text
99971001846,99971001828,2026-09-18 08:04:47,text
99971000455,99971000448,2026-09-18 08:11:37,text
99971001817,99971001816,2026-09-18 08:45:02,text
99971001705,99971001719,2026-09-18 08:55:25,text
99971001012,99971001018,2026-09-18 08:56:34,text
99971001299,99971001316,2026-09-18 09:18:58,text
99971001438,99971001418,2026-09-18 09:22:11,text
99971000190,99971000185,2026-09-18 09:23:50,text
99971001440,99971001431,2026-09-18 09:42:17,text
99971000670,99971000671,2026-09-18 10:31:52,text
99971001423,99971001440,2026-09-18 11:05:22,text
99971001663,99971001672,2026-09-18 11:09:35,text
99971001376,99971001373,2026-09-18 11:23:43,text
99971001648,99971001642,2026-09-18 11:50:33,text
99971002069,99971002087,2026-09-18 11:52:13,text
99971000423,99971000418,2026-09-18 11:54:24,text
99971002181,99971002172,2026-09-18 12:14:35,text
99971002064,99971002043,2026-09-18 12:22:02,text
99971000849,99971000846,2026-09-18 13:09:49,text
99971001248,99971001236,2026-09-18 13:28:11,text
99971001133,99971001151,2026-09-18 13:41:58,text
99971001686,99971001695,2026-09-18 13:45:32,text
99971001776,99971001769,2026-09-18 13:47:51,text
99971002208,99971002205,2026-09-18 13:53:38,text
99971002321,99971002325,2026-09-18 13:54:10,text
99971000105,99971000101,2026-09-18 13:58:41,text
99971001779,99971001781,2026-09-18 14:06:47,text
99971000336,99971000313,2026-09-18 14:08:02,text
99971000337,99971000348,2026-09-18 14:08:55,text
99971000595,99971000581,2026-09-18 14:24:59,text
99971001587,99971001600,2026-09-18 14:41:58,text
99971000342,99971000341,2026-09-18 14:42:58,text
99971001240,99971001228,2026-09-18 14:53:07,text
99971002260,99971002277,2026-09-18 14:59:58,text
99971000805,99971000801,2026-09-18 15:00:28,text
99971001114,99971001122,2026-09-18 15:09:34,text
99971000276,99971000272,2026-09-18 15:13:27,text
99971001984,99971001983,2026-09-18 15:21:57,text
99971001479,99971001475,2026-09-18 15:23:48,text
99971000049,99971000064,2026-09-18 15:24:04,text
99971000558,99971000574,2026-09-18 15:25:07,text
99971001660,99971001678,2026-09-18 15:27:41,text
99971001149,99971001141,2026-09-18 15:34:31,text
99971002388,99971002380,2026-09-18 15:35:00,text
99971001778,99971001782,2026-09-18 15:55:39,text
99971001574,99971001566,2026-09-18 15:58:21,text
99971002299,99971002290,2026-09-18 16:10:06,text
99971000456,99971000446,2026-09-18 16:11:23,text
99971000499,99971000502,2026-09-18 16:13:11,text
99971002258,99971002280,2026-09-18 16:30:51,text
99971001002,99971001000,2026-09-18 16:36:10,text
99971001607,99971001604,2026-09-18 16:36:28,text
99971000178,99971000181,2026-09-18 16:39:55,text
99971000237,99971000229,2026-09-18 17:08:05,text
99971001744,99971001730,2026-09-18 17:39:18,text
99971000343,99971000353,2026-09-18 17:39:51,text
99971001382,99971001390,2026-09-18 17:56:26,text
99971001925,99971001927,2026-09-18 18:04:46,text
99971000798,99971000797,2026-09-18 18:09:50,text
99971000019,99971000002,2026-09-18 18:42:08,text
99971000812,99971000806,2026-09-18 18:46:24,text
99971000894,99971000908,2026-09-18 18:55:26,text
99971002310,99971002318,2026-09-18 19:08:11,text
99971002030,99971002031,2026-09-18 19:28:03,text
99971000640,99971000648,2026-09-18 19:33:05,text
99971001875,99971001874,2026-09-18 19:45:53,text
99971000535,99971000537,2026-09-18 19:50:08,text
99971001227,99971001233,2026-09-18 19:53:05,text
99971001575,99971001573,2026-09-18 19:57:31,text
99971002078,99971002084,2026-09-18 20:06:53,text
99971002016,99971002015,2026-09-18 20:49:41,text
99971001593,99971001600,2026-09-18 20:56:52,text
99971001972,99971001979,2026-09-18 21:00:53,text
99971001968,99971001967,2026-09-18 21:06:31,text
99979300003,99979300002,2026-09-18 21:13:49,text
99971001808,99971001813,2026-09-18 21:22:34,text
99971000420,99971000425,2026-09-18 21:32:06,text
99971002190,99971002193,2026-09-18 21:36:53,text
99971001008,99971000996,2026-09-18 21:37:24,text
99971001821,99971001817,2026-09-18 21:38:28,text
99971001106,99971001126,2026-09-18 21:39:12,text
99971001711,99971001705,2026-09-18 21:53:05,text
99971000061,99971000072,2026-09-18 21:54:47,text
99971001247,99971001248,2026-09-18 22:02:34,text
99971000808,99971000793,2026-09-18 22:10:49,text
99971000575,99971000574,2026-09-18 22:11:33,text
99971002021,99971002032,2026-09-18 22:17:05,text
99971002282,99971002290,2026-09-18 22:25:30,text
99971001505,99971001509,2026-09-18 22:26:29,text
99971002217,99971002223,2026-09-18 22:51:08,text
99971001376,99971001385,2026-09-18 23:06:22,text
99971000081,99971000079,2026-09-18 23:07:30,text
99979300005,99979300001,2026-09-18 23:16:27,text
99971000358,99971000345,2026-09-18 23:18:47,text
99971000952,99971000949,2026-09-19 00:07:30,text
99971001566,99971001582,2026-09-19 00:14:20,text
99971001930,99971001924,2026-09-19 00:39:03,text
99971000979,99971000984,2026-09-19 00:41:22,text
99971001861,99971001864,2026-09-19 00:51:01,text
99971000939,99971000948,2026-09-19 01:10:24,text
99971002294,99971002289,2026-09-19 01:39:07,text
99971002064,99971002048,2026-09-19 01:50:34,text
99971000293,99971000299,2026-09-19 01:57:56,text
99971000370,99971000379,2026-09-19 02:03:18,text
99971001066,99971001068,2026-09-19 02:11:13,text
99971001528,99971001514,2026-09-19 02:12:05,text
99971002208,99971002207,2026-09-19 02:49:11,text
99971000995,99971001002,2026-09-19 02:54:45,text
99971000987,99971000999,2026-09-19 03:20:34,text
99971000777,99971000776,2026-09-19 03:30:14,text
99971001171,99971001163,2026-09-19 04:09:18,text
99971002278,99971002270,2026-09-19 04:17:23,text
99971000489,99971000490,2026-09-19 04:23:49,text
99971002316,99971002317,2026-09-19 04:25:10,text
99971000676,99971000687,2026-09-19 04:33:53,text
99971002187,99971002185,2026-09-19 04:37:59,text
99971000240,99971000223,2026-09-19 05:04:18,text
99971002375,99971002364,2026-09-19 05:10:30,text
99971001690,99971001704,2026-09-19 06:00:26,text
99971002007,99971002008,2026-09-19 06:04:13,text
99971000845,99971000860,2026-09-19 06:23:33,text
99971002115,99971002135,2026-09-19 06:43:12,text
99971002115,99971002126,2026-09-19 06:44:25,text
99971000494,99971000488,2026-09-19 06:48:34,text
99971000461,99971000462,2026-09-19 07:11:09,text
99971000368,99971000366,2026-09-19 07:13:25,text
99971000250,99971000255,2026-09-19 07:37:04,text
99971001380,99971001377,2026-09-19 07:48:43,text
99971000953,99971000957,2026-09-19 07:56:38,text
99971001913,99971001907,2026-09-19 07:57:38,text
99971001306,99971001314,2026-09-19 08:01:48,text
99971000623,99971000615,2026-09-19 08:33:10,text
99971001286,99971001283,2026-09-19 08:41:57,text
99971001120,99971001124,2026-09-19 08:53:24,text
99971002248,99971002246,2026-09-19 09:02:45,text
99971002106,99971002111,2026-09-19 09:17:04,text
99971000494,99971000492,2026-09-19 09:20:29,text
99971000408,99971000407,2026-09-19 09:21:16,text
99971002110,99971002095,2026-09-19 09:27:38,text
99971000263,99971000244,2026-09-19 09:37:01,text
99971001563,99971001561,2026-09-19 09:39:48,text
99971001913,99971001911,2026-09-19 09:40:37,text
99971001859,99971001863,2026-09-19 09:48:58,text
99971001956,99971001949,2026-09-19 09:54:35,text
99971001013,99971001018,2026-09-19 10:26:07,text
99971002195,99971002206,2026-09-19 10:31:00,text
99971000649,99971000660,2026-09-19 10:32:03,text
99971001755,99971001765,2026-09-19 10:36:36,text
99971001910,99971001915,2026-09-19 10:36:53,text
99971001408,99971001409,2026-09-19 10:50:47,text
99971001536,99971001513,2026-09-19 10:54:35,text
99971000762,99971000755,2026-09-19 10:59:47,text
99971001069,99971001077,2026-09-19 11:00:20,text
99971001970,99971001982,2026-09-19 11:23:40,text
99971001809,99971001821,2026-09-19 11:24:45,text
99971001691,99971001701,2026-09-19 11:37:00,text
99971001739,99971001744,2026-09-19 11:50:21,text
99971002109,99971002091,2026-09-19 12:04:59,text
99971000167,99971000164,2026-09-19 12:11:06,text
99971000677,99971000673,2026-09-19 12:27:53,text
99971001931,99971001929,2026-09-19 12:55:02,text
99971001768,99971001765,2026-09-19 13:03:14,text
99971002108,99971002092,2026-09-19 13:18:25,text
99971001668,99971001669,2026-09-19 13:24:57,text
99971000261,99971000255,2026-09-19 13:30:21,text
99971000894,99971000908,2026-09-19 14:23:12,text
99971000397,99971000400,2026-09-19 14:28:16,text
99971000494,99971000501,2026-09-19 14:31:36,text
99971002098,99971002089,2026-09-19 14:41:04,text
99971001321,99971001343,2026-09-19 14:41:35,text
99971000447,99971000444,2026-09-19 15:07:33,text
99971001105,99971001121,2026-09-19 15:27:04,text
99971002354,99971002375,2026-09-19 15:49:47,text
99971000604,99971000605,2026-09-19 15:50:55,text
99971001167,99971001159,2026-09-19 16:10:35,text
99971001207,99971001202,2026-09-19 16:21:01,text
99971001995,99971001994,2026-09-19 16:26:08,text
99971001370,99971001378,2026-09-19 16:46:46,text
99971000901,99971000905,2026-09-19 16:53:29,text
99971000898,99971000890,2026-09-19 16:56:24,text
99971001212,99971001218,2026-09-19 17:09:42,text
99971000769,99971000778,2026-09-19 17:25:39,text
99971000391,99971000386,2026-09-19 17:31:44,text
99971002262,99971002270,2026-09-19 17:45:31,text
99971002200,99971002190,2026-09-19 18:08:52,text
99971001656,99971001641,2026-09-19 18:22:09,text
99971000799,99971000807,2026-09-19 18:31:11,text
99971000930,99971000929,2026-09-19 18:32:06,text
99971001740,99971001730,2026-09-19 18:47:27,text
99971000495,99971000487,2026-09-19 19:13:44,text
99971002340,99971002335,2026-09-19 19:20:41,text
99971001715,99971001718,2026-09-19 19:23:12,text
99971000946,99971000955,2026-09-19 19:27:12,text
99971000688,99971000680,2026-09-19 19:35:36,text
99971000695,99971000691,2026-09-19 19:58:07,text
99971000192,99971000185,2026-09-19 20:09:55,text
99971000139,99971000125,2026-09-19 20:16:58,text
99971001129,99971001138,2026-09-19 20:22:45,text
99971002166,99971002179,2026-09-19 20:28:04,text
99971001287,99971001288,2026-09-19 21:34:32,text
99971000567,99971000560,2026-09-19 22:01:36,text
99971002145,99971002158,2026-09-19 22:05:13,text
99971001321,99971001343,2026-09-19 22:07:29,text
99971000190,99971000173,2026-09-19 22:23:56,text
99971001631,99971001616,2026-09-19 22:37:47,text
99971000754,99971000758,2026-09-19 22:37:54,text
99971001690,99971001693,2026-09-19 22:52:23,text
99971000568,99971000560,2026-09-19 22:54:42,text
99971000948,99971000945,2026-09-19 23:26:48,text
99971000258,99971000241,2026-09-19 23:54:23,text
99971000769,99971000778,2026-09-20 00:03:36,text
99971000723,99971000736,2026-09-20 00:09:49,text
99971001745,99971001740,2026-09-20 00:22:20,text
99971000513,99971000507,2026-09-20 01:05:36,text
99971001824,99971001818,2026-09-20 01:13:34,text
99971000353,99971000342,2026-09-20 01:24:41,text
99971000460,99971000466,2026-09-20 01:46:36,text
99971000641,99971000634,2026-09-20 01:51:43,text
99971001919,99971001910,2026-09-20 01:52:31,text
99971000165,99971000148,2026-09-20 01:59:39,text
99971000366,99971000368,2026-09-20 02:11:44,text
99971001627,99971001631,2026-09-20 02:31:03,text
99971002281,99971002300,2026-09-20 02:51:04,text
99971001486,99971001467,2026-09-20 02:53:57,text
99971001126,99971001106,2026-09-20 03:07:36,text
99971000724,99971000725,2026-09-20 03:28:01,text
99971002029,99971002017,2026-09-20 03:34:47,text
99971001263,99971001250,2026-09-20 03:40:47,text
99971002241,99971002244,2026-09-20 04:11:20,text
99971000141,99971000133,2026-09-20 04:12:35,text
99971001768,99971001776,2026-09-20 04:45:07,text
99971000136,99971000134,2026-09-20 04:46:00,text
99971000629,99971000633,2026-09-20 04:50:54,text
99971000635,99971000640,2026-09-20 04:57:50,text
99971001990,99971001975,2026-09-20 05:23:05,text
99971001568,99971001571,2026-09-20 05:25:45,text
99971000012,99971000019,2026-09-20 05:27:37,text
99971001529,99971001516,2026-09-20 05:32:20,text
99971001024,99971001031,2026-09-20 05:38:23,text
99971002252,99971002238,2026-09-20 05:39:25,text
99971000250,99971000241,2026-09-20 05:41:44,text
99971001234,99971001237,2026-09-20 05:44:26,text
99971001270,99971001272,2026-09-20 05:50:42,text
99971001173,99971001166,2026-09-20 05:59:27,text
99971000215,99971000214,2026-09-20 06:10:44,text
99971001012,99971001018,2026-09-20 06:13:49,text
99971001832,99971001845,2026-09-20 07:16:23,text
99971001400,99971001416,2026-09-20 07:21:57,text
99971000787,99971000790,2026-09-20 07:30:43,text
99971000585,99971000579,2026-09-20 07:32:40,text
99971000908,99971000892,2026-09-20 07:58:50,text
99971002265,99971002266,2026-09-20 08:01:39,text
99971001711,99971001727,2026-09-20 08:07:44,text
99971002057,99971002054,2026-09-20 08:40:57,text
99971001029,99971001022,2026-09-20 09:18:31,text
99971001332,99971001329,2026-09-20 09:28:27,text
99971000053,99971000071,2026-09-20 09:30:47,text
99971002051,99971002050,2026-09-20 09:31:06,text
99971000781,99971000782,2026-09-20 09:33:44,text
99971000422,99971000416,2026-09-20 10:04:27,text
99971000519,99971000517,2026-09-20 10:06:00,text
99971001133,99971001130,2026-09-20 10:09:38,text
99971000558,99971000561,2026-09-20 10:21:34,text
99971000879,99971000881,2026-09-20 10:24:40,text
99971000475,99971000478,2026-09-20 10:35:01,text
99971000223,99971000238,2026-09-20 10:43:40,text
99971001734,99971001742,2026-09-20 10:48:48,text
99971000359,99971000349,2026-09-20 10:56:08,text
99971000171,99971000177,2026-09-20 11:16:24,text
99971002126,99971002115,2026-09-20 11:22:52,text
99971001917,99971001914,2026-09-20 11:24:39,text
99971001879,99971001880,2026-09-20 11:28:37,text
99971000276,99971000283,2026-09-20 11:54:17,text
99971002296,99971002282,2026-09-20 12:06:24,text
99971000032,99971000030,2026-09-20 12:07:39,text
99971001499,99971001510,2026-09-20 12:07:57,text
99971001654,99971001635,2026-09-20 12:36:15,text
99971001759,99971001762,2026-09-20 12:38:33,text
99971001595,99971001597,2026-09-20 13:13:11,text
99971001651,99971001654,2026-09-20 13:14:04,text
99971002203,99971002186,2026-09-20 13:21:28,text
99971001738,99971001749,2026-09-20 14:04:19,text
99971001622,99971001630,2026-09-20 14:06:16,text
99971001995,99971002003,2026-09-20 14:36:18,text
99971001592,99971001598,2026-09-20 14:43:04,text
99971000310,99971000309,2026-09-20 14:50:42,text
99971000899,99971000894,2026-09-20 14:58:35,text
99971001587,99971001600,2026-09-20 14:59:06,text
99971000337,99971000340,2026-09-20 15:16:12,text
99971000738,99971000728,2026-09-20 15:37:54,text
99971001188,99971001177,2026-09-20 15:53:47,text
99971001022,99971001027,2026-09-20 16:03:40,text
99971001554,99971001551,2026-09-20 16:07:06,text
99971000496,99971000492,2026-09-20 16:23:38,text
99971000640,99971000642,2026-09-20 16:54:06,text
99971000517,99971000519,2026-09-20 17:20:59,text
99971000642,99971000630,2026-09-20 17:33:37,text
99971001398,99971001415,2026-09-20 17:42:34,text
99971001806,99971001821,2026-09-20 18:05:44,text
99971001124,99971001116,2026-09-20 18:20:53,text
99971001981,99971001992,2026-09-20 18:36:14,text
99971001958,99971001964,2026-09-20 18:52:07,text
99971000608,99971000621,2026-09-20 18:57:25,text
99971001700,99971001681,2026-09-20 19:10:25,text
99971000872,99971000874,2026-09-20 19:25:13,text
99971000342,99971000341,2026-09-20 19:38:02,text
99971000322,99971000318,2026-09-20 20:05:29,text
99971000605,99971000623,2026-09-20 20:30:24,text
99971000372,99971000373,2026-09-20 20:45:25,text
99971000004,99971000006,2026-09-20 21:06:08,text
99971001924,99971001943,2026-09-20 21:17:04,text
99971001448,99971001451,2026-09-20 21:22:14,text
99971001022,99971001029,2026-09-20 21:40:09,text
99971002061,99971002050,2026-09-20 21:48:52,text
99971001146,99971001135,2026-09-20 21:49:45,text
99971001465,99971001481,2026-09-20 21:54:06,text
99971000387,99971000389,2026-09-20 22:12:19,text
99971001645,99971001641,2026-09-20 22:24:35,text
99971001465,99971001476,2026-09-20 22:26:56,text
99971002094,99971002111,2026-09-20 22:30:14,text
99971000415,99971000418,2026-09-20 22:46:15,text
99971000424,99971000429,2026-09-20 23:11:36,text
99971000123,99971000126,2026-09-20 23:20:56,text
99971002074,99971002072,2026-09-20 23:45:38,text
99971000965,99971000975,2026-09-20 23:46:37,text
99971001148,99971001135,2026-09-20 23:48:45,text
99971001736,99971001735,2026-09-21 00:32:57,text
99971000868,99971000882,2026-09-21 00:45:13,text
99971001251,99971001271,2026-09-21 01:11:29,text
99971000512,99971000514,2026-09-21 01:27:32,text
99971001702,99971001685,2026-09-21 01:30:53,text
99971001585,99971001593,2026-09-21 01:33:11,text
99971000415,99971000419,2026-09-21 01:53:50,text
99971000081,99971000091,2026-09-21 01:54:59,text
99971001084,99971001085,2026-09-21 02:03:01,text
99971000984,99971000983,2026-09-21 02:18:45,text
99971001485,99971001474,2026-09-21 02:24:02,text
99971000860,99971000864,2026-09-21 02:45:56,text
99971000403,99971000398,2026-09-21 03:04:08,text
99971000377,99971000375,2026-09-21 03:18:38,text
99971001383,99971001379,2026-09-21 03:36:23,text
99971000540,99971000547,2026-09-21 03:51:57,text
99971001155,99971001172,2026-09-21 03:58:29,text
99971001851,99971001867,2026-09-21 04:04:09,text
99971002021,99971002038,2026-09-21 04:33:24,text
99971000542,99971000529,2026-09-21 04:38:19,text
99971000198,99971000212,2026-09-21 04:57:15,text
99971000641,99971000634,2026-09-21 05:00:16,text
99971000666,99971000654,2026-09-21 05:04:32,text
99971001146,99971001151,2026-09-21 05:40:48,text
99971000337,99971000360,2026-09-21 05:42:31,text
99971001740,99971001739,2026-09-21 05:47:21,text
99971002048,99971002064,2026-09-21 05:49:49,text
99971000853,99971000844,2026-09-21 05:54:55,text
99971000261,99971000244,2026-09-21 06:16:51,text
99971001233,99971001229,2026-09-21 06:20:31,text
99971002011,99971001997,2026-09-21 06:31:17,text
99971001519,99971001530,2026-09-21 06:50:37,text
99971001513,99971001536,2026-09-21 06:54:35,text
99971000531,99971000552,2026-09-21 07:16:49,text
99971000299,99971000298,2026-09-21 07:18:03,text
99971000541,99971000540,2026-09-21 07:24:31,text
99971001230,99971001227,2026-09-21 07:33:34,text
99971000601,99971000623,2026-09-21 07:46:44,text
99971001819,99971001822,2026-09-21 07:53:26,text
99971001747,99971001737,2026-09-21 08:09:07,text
99971000956,99971000955,2026-09-21 08:14:41,text
99971001582,99971001566,2026-09-21 08:17:00,text
99971000159,99971000167,2026-09-21 08:37:00,text
99971000383,99971000376,2026-09-21 08:38:34,text
99971001724,99971001716,2026-09-21 08:44:13,text
99971001426,99971001438,2026-09-21 08:44:41,text
99971000083,99971000074,2026-09-21 08:57:39,text
99971001119,99971001114,2026-09-21 09:01:24,text
99971000007,99971000002,2026-09-21 09:01:47,text
99971001355,99971001356,2026-09-21 09:32:45,text
99971000866,99971000881,2026-09-21 09:45:44,text
99971000129,99971000135,2026-09-21 10:00:57,text
99971001523,99971001536,2026-09-21 10:08:56,text
99971000463,99971000470,2026-09-21 10:14:27,text
99971001726,99971001707,2026-09-21 10:28:36,text
99971002298,99971002289,2026-09-21 10:39:21,text
99971000638,99971000647,2026-09-21 11:31:47,text
99971000937,99971000947,2026-09-21 12:05:48,text
99971001811,99971001822,2026-09-21 12:11:03,text
99971002222,99971002213,2026-09-21 12:11:47,text
99971001929,99971001923,2026-09-21 12:14:29,text
99971002288,99971002287,2026-09-21 12:16:37,text
99971001604,99971001607,2026-09-21 12:32:57,text
99971000162,99971000165,2026-09-21 12:34:17,text
99971002120,99971002136,2026-09-21 12:37:41,text
99971001162,99971001153,2026-09-21 12:43:45,text
99971002229,99971002220,2026-09-21 13:00:58,text
99971001984,99971001991,2026-09-21 13:02:24,text
99971002135,99971002121,2026-09-21 13:14:31,text
99971001144,99971001138,2026-09-21 13:16:51,text
99971000057,99971000063,2026-09-21 13:17:08,text
99971000024,99971000006,2026-09-21 13:34:41,text
99971002265,99971002257,2026-09-21 13:43:26,text
99971001196,99971001191,2026-09-21 13:55:06,text
99971001075,99971001067,2026-09-21 13:58:56,text
99971000066,99971000058,2026-09-21 14:12:24,text
99971001733,99971001736,2026-09-21 14:13:09,text
99971001765,99971001768,2026-09-21 14:15:52,text
99971001529,99971001516,2026-09-21 14:32:16,text
99971001477,99971001471,2026-09-21 14:37:23,text
99971002384,99971002395,2026-09-21 14:52:02,text
99971000193,99971000202,2026-09-21 14:52:15,text
99971000930,99971000929,2026-09-21 14:56:46,text
99971002191,99971002196,2026-09-21 15:49:50,text
99971001502,99971001491,2026-09-21 15:52:21,text
99971001431,99971001417,2026-09-21 16:24:19,text
99971000483,99971000481,2026-09-21 16:26:51,text
99971002172,99971002181,2026-09-21 16:33:13,text
99971002308,99971002313,2026-09-21 16:36:30,text
99971002000,99971001994,2026-09-21 16:48:53,text
99971001392,99971001371,2026-09-21 17:16:35,text
99971000629,99971000644,2026-09-21 17:28:37,text
99971000757,99971000746,2026-09-21 17:31:45,text
99971001156,99971001163,2026-09-21 17:32:45,text
99971002380,99971002388,2026-09-21 17:32:56,text
99971000424,99971000421,2026-09-21 17:34:06,text
99971000509,99971000516,2026-09-21 17:43:59,text
99971001827,99971001829,2026-09-21 18:02:07,text
99971001887,99971001883,2026-09-21 18:07:55,text
99971001482,99971001470,2026-09-21 18:08:58,text
99971000686,99971000689,2026-09-21 18:11:03,text
99971000657,99971000650,2026-09-21 18:24:47,text
99971002068,99971002075,2026-09-21 18:38:24,text
99971002140,99971002145,2026-09-21 18:40:13,text
99971001685,99971001703,2026-09-21 19:01:30,text
99971002229,99971002223,2026-09-21 19:07:27,text
99971000035,99971000026,2026-09-21 19:12:22,text
99971001168,99971001153,2026-09-21 19:40:43,text
99971000434,99971000438,2026-09-21 20:11:17,text
99971001559,99971001539,2026-09-21 20:22:30,text
99971001286,99971001275,2026-09-21 20:32:06,text
99971001671,99971001661,2026-09-21 20:48:19,text
99971000401,99971000396,2026-09-21 21:06:40,text
99971001988,99971001983,2026-09-21 21:21:34,text
99971001443,99971001449,2026-09-21 21:22:15,text
99971002400,99971002399,2026-09-21 21:31:06,text
99971001900,99971001908,2026-09-21 21:32:46,text
99971000522,99971000509,2026-09-21 21:35:08,text
99971001950,99971001967,2026-09-21 21:41:33,text
99971000534,99971000539,2026-09-21 21:41:56,text
99971000340,99971000355,2026-09-21 21:43:18,text
99971001512,99971001491,2026-09-21 22:06:35,text
99971000238,99971000239,2026-09-21 22:13:36,text
99971000295,99971000306,2026-09-21 22:15:22,text
99971001745,99971001736,2026-09-21 22:26:00,text
99971000820,99971000828,2026-09-21 22:28:18,text
99971001898,99971001906,2026-09-21 22:29:41,text
99971001528,99971001526,2026-09-21 22:47:52,text
99971000268,99971000279,2026-09-21 22:57:27,text
99971000704,99971000712,2026-09-21 23:02:53,text
99971000481,99971000494,2026-09-21 23:03:35,text
99971000657,99971000667,2026-09-21 23:45:13,text
99971000781,99971000774,2026-09-22 00:01:46,text
99971001374,99971001387,2026-09-22 00:27:31,text
99971000112,99971000108,2026-09-22 00:41:00,text
99971000998,99971000985,2026-09-22 00:48:53,text
99971001779,99971001783,2026-09-22 00:55:51,text
99971000816,99971000804,2026-09-22 01:09:06,text
99971000251,99971000245,2026-09-22 01:09:19,text
99971002246,99971002250,2026-09-22 01:09:45,text
99971002346,99971002335,2026-09-22 01:13:42,text
99971000293,99971000309,2026-09-22 01:14:44,text
99971001134,99971001133,2026-09-22 01:31:01,text
99971000800,99971000812,2026-09-22 01:31:29,text
99971000684,99971000687,2026-09-22 01:35:07,text
99971002035,99971002033,2026-09-22 01:35:57,text
99971001889,99971001884,2026-09-22 01:40:49,text
99971001871,99971001850,2026-09-22 01:43:42,text
99971000211,99971000198,2026-09-22 01:58:00,text
99971000297,99971000290,2026-09-22 02:06:20,text
99971001208,99971001213,2026-09-22 02:07:04,text
99971001581,99971001577,2026-09-22 02:18:40,text
99971002282,99971002290,2026-09-22 02:19:17,text
99971000572,99971000576,2026-09-22 02:28:41,text
99971001725,99971001720,2026-09-22 03:08:30,text
99971001986,99971001974,2026-09-22 03:33:17,text
99971001040,99971001055,2026-09-22 03:46:02,text
99971002159,99971002153,2026-09-22 04:11:49,text
99971000888,99971000866,2026-09-22 04:34:32,text
99971002372,99971002364,2026-09-22 04:42:47,text
99971001123,99971001116,2026-09-22 04:56:11,text
99971000665,99971000653,2026-09-22 05:04:04,text
99971001916,99971001903,2026-09-22 05:11:30,text
99971001632,99971001622,2026-09-22 05:38:32,text
99971000423,99971000414,2026-09-22 06:16:34,text
99971001238,99971001246,2026-09-22 06:45:12,text
99971001210,99971001214,2026-09-22 06:51:48,text
99971000382,99971000366,2026-09-22 07:03:49,text
99971002297,99971002291,2026-09-22 07:06:27,text
99971000980,99971000984,2026-09-22 07:30:38,text
99971000882,99971000884,2026-09-22 07:58:12,text
99971000563,99971000562,2026-09-22 08:15:31,text
99971000121,99971000130,2026-09-22 08:16:09,text
99971000154,99971000160,2026-09-22 08:23:58,text
99971000298,99971000299,2026-09-22 08:30:50,text
99971001104,99971001098,2026-09-22 08:36:27,text
99971001209,99971001220,2026-09-22 08:51:57,text
99971001909,99971001899,2026-09-22 09:12:39,text
99971001446,99971001458,2026-09-22 09:42:33,text
99971000848,99971000864,2026-09-22 09:42:45,text
99971000923,99971000935,2026-09-22 09:47:28,text
99971000241,99971000247,2026-09-22 09:54:53,text
99971000105,99971000120,2026-09-22 09:55:50,text
99971000113,99971000114,2026-09-22 10:03:17,text
99971002269,99971002276,2026-09-22 10:10:23,text
99971002176,99971002171,2026-09-22 10:11:54,text
99971000763,99971000752,2026-09-22 10:20:45,text
99971000014,99971000005,2026-09-22 11:08:39,text
99971002399,99971002378,2026-09-22 11:15:47,text
99971000879,99971000869,2026-09-22 11:36:32,text
99971000641,99971000634,2026-09-22 11:56:44,text
99971001845,99971001832,2026-09-22 12:31:56,text
99971000520,99971000507,2026-09-22 12:52:16,text
99971001863,99971001858,2026-09-22 12:58:35,text
99971001005,99971000995,2026-09-22 13:16:01,text
99971000935,99971000917,2026-09-22 13:28:33,text
99971002316,99971002312,2026-09-22 13:29:24,text
99971000734,99971000726,2026-09-22 13:49:26,text
99971001158,99971001157,2026-09-22 13:57:05,text
99971001597,99971001603,2026-09-22 14:18:46,text
99971000808,99971000793,2026-09-22 14:38:58,text
99971002131,99971002114,2026-09-22 14:41:55,text
99971001782,99971001778,2026-09-22 14:50:18,text
99971001040,99971001055,2026-09-22 15:39:45,text
99971000970,99971000976,2026-09-22 15:47:47,text
99971001529,99971001533,2026-09-22 15:49:36,text
99971000540,99971000547,2026-09-22 15:53:34,text
99971000088,99971000076,2026-09-22 15:57:02,text
99971002128,99971002122,2026-09-22 15:59:29,text
99971000698,99971000703,2026-09-22 16:31:56,text
99971001853,99971001869,2026-09-22 16:34:25,text
99971000182,99971000180,2026-09-22 16:34:57,text
99971001651,99971001636,2026-09-22 16:51:43,text
99971001123,99971001116,2026-09-22 16:53:59,text
99971002122,99971002128,2026-09-22 17:22:24,text
99971000056,99971000063,2026-09-22 17:40:15,text
99971000206,99971000194,2026-09-22 18:16:23,text
99971001506,99971001505,2026-09-22 18:25:05,text
99971000436,99971000455,2026-09-22 18:26:29,text
99971002309,99971002324,2026-09-22 19:02:14,text
99971001948,99971001962,2026-09-22 19:11:41,text
99971001234,99971001247,2026-09-22 19:55:07,text
99971002278,99971002270,2026-09-22 20:11:23,text
99971002350,99971002337,2026-09-22 21:26:45,text
99971001870,99971001868,2026-09-22 21:40:29,text
99971000260,99971000258,2026-09-22 21:59:33,text
99971000215,99971000196,2026-09-22 22:12:59,text
99971001848,99971001842,2026-09-22 22:21:35,text
99971000244,99971000263,2026-09-22 22:25:27,text
99971002028,99971002023,2026-09-22 22:28:56,text
99971001148,99971001135,2026-09-22 22:32:17,text
99971001127,99971001105,2026-09-22 22:38:14,text
99971002348,99971002336,2026-09-22 22:55:05,text
99971001219,99971001204,2026-09-23 00:03:38,text
99971000492,99971000494,2026-09-23 00:04:17,text
99971001462,99971001459,2026-09-23 00:26:51,text
99971001456,99971001444,2026-09-23 00:44:11,text
99971002239,99971002250,2026-09-23 00:50:07,text
99971000068,99971000056,2026-09-23 00:54:29,text
99971000839,99971000824,2026-09-23 00:58:05,text
99971000156,99971000150,2026-09-23 01:02:24,text
99971000804,99971000813,2026-09-23 01:21:22,text
99971000633,99971000632,2026-09-23 01:29:44,text
99971000242,99971000257,2026-09-23 01:37:43,text
99971001498,99971001496,2026-09-23 02:10:41,text
99971001541,99971001551,2026-09-23 02:20:23,text
99971000064,99971000067,2026-09-23 02:32:18,text
99971001448,99971001451,2026-09-23 02:37:43,text
99971002077,99971002075,2026-09-23 03:17:34,text
99971001323,99971001322,2026-09-23 03:31:10,text
99971001456,99971001446,2026-09-23 03:40:36,text
99971002352,99971002341,2026-09-23 03:44:40,text
99971001573,99971001570,2026-09-23 03:51:15,text
99971002022,99971002037,2026-09-23 03:53:15,text
99971000418,99971000419,2026-09-23 04:06:04,text
99971000502,99971000496,2026-09-23 04:06:52,text
99971000112,99971000113,2026-09-23 04:09:13,text
99971001063,99971001071,2026-09-23 04:22:42,text
99971000252,99971000251,2026-09-23 04:26:00,text
99971002110,99971002104,2026-09-23 04:35:30,text
99971000618,99971000619,2026-09-23 04:57:10,text
99971001209,99971001224,2026-09-23 05:12:41,text
99971001039,99971001051,2026-09-23 05:45:20,text
99971001904,99971001906,2026-09-23 05:50:59,text
99971002387,99971002388,2026-09-23 06:13:36,text
99971001916,99971001920,2026-09-23 06:17:51,text
99971002317,99971002312,2026-09-23 07:09:54,text
99971000536,99971000551,2026-09-23 07:16:04,text
99971001073,99971001063,2026-09-23 07:56:23,text
99971000813,99971000814,2026-09-23 08:02:45,text
99971002110,99971002101,2026-09-23 08:07:07,text
99971002270,99971002272,2026-09-23 08:17:15,text
99971000086,99971000075,2026-09-23 08:19:38,text
99971001911,99971001909,2026-09-23 08:21:36,text
99971002331,99971002334,2026-09-23 08:35:21,text
99971002111,99971002106,2026-09-23 08:37:14,text
99971001560,99971001540,2026-09-23 08:42:35,text
99971001181,99971001195,2026-09-23 09:14:22,text
99971000072,99971000065,2026-09-23 09:20:41,text
99971002129,99971002136,2026-09-23 09:22:43,text
99971002201,99971002191,2026-09-23 09:26:16,text
99971000307,99971000309,2026-09-23 09:50:16,text
99971001847,99971001846,2026-09-23 09:53:40,text
99971000947,99971000937,2026-09-23 10:02:34,text
99971002316,99971002313,2026-09-23 10:17:46,text
99971001637,99971001639,2026-09-23 10:22:29,text
99971000757,99971000751,2026-09-23 10:25:24,text
99971001513,99971001535,2026-09-23 10:43:56,text
99971001224,99971001214,2026-09-23 11:11:10,text
99971000805,99971000810,2026-09-23 12:13:09,text
99971001094,99971001100,2026-09-23 12:32:45,text
99971000456,99971000435,2026-09-23 12:33:33,text
99971001170,99971001172,2026-09-23 13:05:15,text
99971002199,99971002204,2026-09-23 13:40:25,text
99971002057,99971002053,2026-09-23 13:42:02,text
99971000614,99971000613,2026-09-23 13:42:13,text
99971001581,99971001573,2026-09-23 13:46:59,text
99971001234,99971001239,2026-09-23 14:02:39,text
99971000325,99971000322,2026-09-23 14:16:19,text
99971001310,99971001302,2026-09-23 14:16:56,text
99971001080,99971001079,2026-09-23 15:00:46,text
99971001079,99971001080,2026-09-23 16:03:46,text
99971001296,99971001290,2026-09-23 16:27:38,text
99971000637,99971000648,2026-09-23 16:34:56,text
99971001967,99971001945,2026-09-23 17:14:33,text
99971001032,99971001019,2026-09-23 17:20:30,text
99971000874,99971000869,2026-09-23 17:26:22,text
99971001054,99971001036,2026-09-23 17:30:35,text
99971001673,99971001666,2026-09-23 17:31:57,text
99971000018,99971000013,2026-09-23 17:57:13,text
99971001475,99971001465,2026-09-23 18:29:56,text
99971001334,99971001322,2026-09-23 18:42:57,text
99971000237,99971000229,2026-09-23 19:26:39,text
99971001444,99971001460,2026-09-23 19:35:07,text
99971001088,99971001086,2026-09-23 19:37:45,text
99971000884,99971000878,2026-09-23 19:41:59,text
99971001483,99971001468,2026-09-23 19:54:11,text
99971001668,99971001660,2026-09-23 19:55:40,text
99971002286,99971002282,2026-09-23 20:22:26,text
99971001006,99971000998,2026-09-23 21:22:57,text
99971001613,99971001625,2026-09-23 21:38:44,text
99971000283,99971000282,2026-09-23 21:40:41,text
99971000817,99971000836,2026-09-23 21:45:56,text
99971000910,99971000909,2026-09-23 22:08:16,text
99971000427,99971000421,2026-09-23 22:10:19,text
99971000504,99971000498,2026-09-23 22:12:44,text
99971000148,99971000154,2026-09-23 22:18:18,text
99971001086,99971001100,2026-09-23 22:18:39,text
99971001505,99971001506,2026-09-23 22:18:47,text
99971000152,99971000160,2026-09-23 22:20:21,text
99971000573,99971000555,2026-09-23 22:33:24,text
99971001681,99971001685,2026-09-23 22:55:03,text
99971001999,99971002001,2026-09-23 23:09:41,text
99971000142,99971000131,2026-09-23 23:13:10,text
99971002396,99971002387,2026-09-23 23:24:42,text
99971001641,99971001635,2026-09-23 23:46:10,text
99971001703,99971001697,2026-09-23 23:48:53,text
99971001846,99971001847,2026-09-23 23:54:37,text
99971001593,99971001585,2026-09-24 00:05:37,text
99971001826,99971001832,2026-09-24 00:22:40,text
99971000199,99971000216,2026-09-24 00:23:21,text
99971001142,99971001141,2026-09-24 00:58:35,text
99971001010,99971001024,2026-09-24 01:01:38,text
99971000852,99971000849,2026-09-24 01:14:15,text
99971000691,99971000690,2026-09-24 01:26:59,text
99971001087,99971001098,2026-09-24 01:27:43,text
99971001265,99971001249,2026-09-24 01:35:37,text
99971000769,99971000776,2026-09-24 01:43:33,text
99971001377,99971001388,2026-09-24 01:55:57,text
99971001759,99971001771,2026-09-24 01:57:25,text
99971001318,99971001317,2026-09-24 02:01:49,text
99971002318,99971002325,2026-09-24 02:01:50,text
99971000918,99971000925,2026-09-24 02:28:59,text
99971001432,99971001422,2026-09-24 02:38:42,text
99971000552,99971000550,2026-09-24 02:42:41,text
99971001631,99971001628,2026-09-24 02:48:21,text
99971002273,99971002265,2026-09-24 03:15:32,text
99971000158,99971000165,2026-09-24 03:58:46,text
99971001540,99971001560,2026-09-24 04:26:43,text
99971002244,99971002241,2026-09-24 04:37:56,text
99971000125,99971000139,2026-09-24 04:42:52,text
99971002241,99971002244,2026-09-24 04:46:46,text
99971000779,99971000780,2026-09-24 04:47:19,text
99971002164,99971002179,2026-09-24 04:47:19,text
99971000145,99971000157,2026-09-24 05:44:30,text
99971000039,99971000047,2026-09-24 06:15:41,text
99971000282,99971000279,2026-09-24 06:43:43,text
99971000932,99971000929,2026-09-24 07:37:19,text
99971002063,99971002060,2026-09-24 07:38:17,text
99971001389,99971001390,2026-09-24 07:44:37,text
99971000161,99971000168,2026-09-24 07:44:56,text
99971001471,99971001472,2026-09-24 07:54:04,text
99971001188,99971001182,2026-09-24 08:10:51,text
99971000194,99971000213,2026-09-24 09:10:42,text
99971000775,99971000779,2026-09-24 09:36:52,text
99971000563,99971000564,2026-09-24 09:37:28,text
99971002127,99971002118,2026-09-24 09:41:31,text
99971002115,99971002126,2026-09-24 09:51:26,text
99971001664,99971001669,2026-09-24 09:56:09,text
99971001061,99971001069,2026-09-24 10:01:42,text
99971001407,99971001406,2026-09-24 10:05:05,text
99971001477,99971001481,2026-09-24 10:07:53,text
99971001657,99971001677,2026-09-24 10:15:46,text
99971000949,99971000938,2026-09-24 10:38:28,text
99971001077,99971001059,2026-09-24 11:04:53,text
99971001306,99971001297,2026-09-24 11:15:33,text
99971000396,99971000404,2026-09-24 11:22:56,text
99971001375,99971001369,2026-09-24 11:28:18,text
99971000243,99971000242,2026-09-24 11:39:18,text
99971000849,99971000846,2026-09-24 12:01:09,text
99971000117,99971000114,2026-09-24 12:16:24,text
99971001116,99971001124,2026-09-24 12:57:06,text
99971002053,99971002060,2026-09-24 12:59:00,text
99971000841,99971000850,2026-09-24 13:07:17,text
99971000709,99971000712,2026-09-24 13:43:12,text
99971001423,99971001429,2026-09-24 14:03:36,text
99971001772,99971001760,2026-09-24 14:31:33,text
99971000848,99971000842,2026-09-24 14:57:48,text
99971001037,99971001038,2026-09-24 15:01:39,text
99971001644,99971001638,2026-09-24 15:04:36,text
99971000059,99971000067,2026-09-24 15:11:13,text
99971001302,99971001305,2026-09-24 15:27:24,text
99971002087,99971002067,2026-09-24 15:59:11,text
99971000201,99971000195,2026-09-24 16:13:45,text
99971001344,99971001324,2026-09-24 16:20:12,text
99971000286,99971000283,2026-09-24 16:27:02,text
99971000534,99971000536,2026-09-24 16:27:53,text
99971000343,99971000347,2026-09-24 16:33:37,text
99971001530,99971001535,2026-09-24 16:49:54,text
99971000097,99971000118,2026-09-24 16:53:30,text
99971001661,99971001667,2026-09-24 17:00:38,text
99971001742,99971001734,2026-09-24 17:10:59,text
99971000049,99971000064,2026-09-24 17:19:57,text
99971001557,99971001555,2026-09-24 17:36:07,text
99971000526,99971000520,2026-09-24 17:59:30,text
99971001601,99971001606,2026-09-24 18:33:43,text
99971001286,99971001275,2026-09-24 18:35:35,text
99971001581,99971001583,2026-09-24 18:46:51,text
99971000198,99971000206,2026-09-24 19:33:25,text
99971001946,99971001945,2026-09-24 19:40:11,text
99971001577,99971001581,2026-09-24 19:47:27,text
99971000306,99971000296,2026-09-24 20:11:03,text
99971001355,99971001356,2026-09-24 20:59:19,text
99971001194,99971001191,2026-09-24 21:19:18,text
99971002263,99971002274,2026-09-24 21:22:20,text
99971000664,99971000657,2026-09-24 21:25:40,text
99971001095,99971001087,2026-09-24 21:51:31,text
99971000280,99971000273,2026-09-24 22:13:26,text
99971002237,99971002235,2026-09-24 22:31:01,text
99971002380,99971002381,2026-09-24 22:36:40,text
99971000191,99971000182,2026-09-24 23:06:29,text
99971000215,99971000214,2026-09-24 23:09:13,text
99971001209,99971001206,2026-09-24 23:10:16,text
99971001772,99971001759,2026-09-24 23:23:31,text
99971000954,99971000943,2026-09-25 01:31:49,text
99971000107,99971000099,2026-09-25 01:31:57,text
99971002014,99971001993,2026-09-25 01:36:24,text
99971002399,99971002398,2026-09-25 01:38:36,text
99971000542,99971000529,2026-09-25 01:55:24,text
99971000373,99971000384,2026-09-25 02:20:17,text
99971001792,99971001785,2026-09-25 02:25:03,text
99971000796,99971000804,2026-09-25 02:33:09,text
99971000378,99971000379,2026-09-25 02:39:56,text
99971000143,99971000122,2026-09-25 03:04:01,text
99971002318,99971002305,2026-09-25 03:08:55,text
99971000967,99971000976,2026-09-25 03:16:28,text
99971000806,99971000814,2026-09-25 03:35:04,text
99971001924,99971001928,2026-09-25 03:42:14,text
99971000106,99971000108,2026-09-25 03:43:21,text
99971002106,99971002110,2026-09-25 04:15:22,text
99971002075,99971002068,2026-09-25 04:28:55,text
99971000852,99971000842,2026-09-25 04:33:59,text
99971001354,99971001349,2026-09-25 04:35:51,text
99971001959,99971001953,2026-09-25 04:38:40,text
99971001177,99971001186,2026-09-25 05:06:28,text
99971000804,99971000816,2026-09-25 05:21:01,text
99971000469,99971000475,2026-09-25 05:35:46,text
99971001835,99971001830,2026-09-25 05:38:20,text
99971000546,99971000542,2026-09-25 06:01:36,text
99971002095,99971002093,2026-09-25 06:14:50,text
99971000131,99971000142,2026-09-25 06:15:07,text
99971001446,99971001452,2026-09-25 06:21:12,text
99971002224,99971002219,2026-09-25 06:38:05,text
99971000560,99971000568,2026-09-25 06:46:19,text
99971001995,99971002000,2026-09-25 07:21:35,text
99971001309,99971001312,2026-09-25 07:28:31,text
99971000866,99971000881,2026-09-25 07:31:49,text
99971001629,99971001618,2026-09-25 07:39:55,text
99971001105,99971001127,2026-09-25 07:57:56,text
99971000326,99971000323,2026-09-25 08:20:05,text
99971001947,99971001960,2026-09-25 08:20:21,text
99971000982,99971000975,2026-09-25 08:34:36,text
99971001115,99971001105,2026-09-25 08:55:58,text
99971000292,99971000309,2026-09-25 09:09:45,text
99971002307,99971002314,2026-09-25 09:13:10,text
99971001807,99971001803,2026-09-25 09:23:53,text
99971002311,99971002309,2026-09-25 09:24:36,text
99971000930,99971000934,2026-09-25 09:29:47,text
99971001363,99971001356,2026-09-25 09:40:06,text
99971002143,99971002152,2026-09-25 09:40:34,text
99971002316,99971002313,2026-09-25 09:43:33,text
99971001386,99971001369,2026-09-25 10:13:01,text
99971001335,99971001329,2026-09-25 10:19:27,text
99971000918,99971000925,2026-09-25 10:22:13,text
99971001477,99971001471,2026-09-25 10:29:31,text
99971001932,99971001942,2026-09-25 10:51:53,text
99971001612,99971001620,2026-09-25 11:14:07,text
99971002128,99971002119,2026-09-25 11:22:23,text
99971000515,99971000511,2026-09-25 11:45:51,text
99971002369,99971002367,2026-09-25 11:58:55,text
99971000415,99971000418,2026-09-25 12:18:42,text
99971001604,99971001594,2026-09-25 12:33:20,text
99971000331,99971000320,2026-09-25 12:44:09,text
99971000521,99971000518,2026-09-25 12:57:46,text
99971001844,99971001841,2026-09-25 13:03:31,text
99971001560,99971001554,2026-09-25 13:32:29,text
99971002077,99971002083,2026-09-25 13:39:22,text
99971001558,99971001549,2026-09-25 14:48:18,text
99971001753,99971001774,2026-09-25 14:52:35,text
99979300001,99979300005,2026-09-25 15:02:43,text
99971002086,99971002079,2026-09-25 15:04:12,text
99971000056,99971000068,2026-09-25 15:16:51,text
99971000311,99971000298,2026-09-25 15:32:39,text
99971000637,99971000625,2026-09-25 15:45:36,text
99971000813,99971000804,2026-09-25 15:51:19,text
99971001724,99971001725,2026-09-25 16:09:40,text
99971001730,99971001741,2026-09-25 16:32:44,text
99971000574,99971000575,2026-09-25 16:43:46,text
99971001456,99971001446,2026-09-25 16:54:26,text
99971000787,99971000777,2026-09-25 17:05:54,text
99971000078,99971000087,2026-09-25 17:05:59,text
99971002168,99971002174,2026-09-25 17:43:02,text
99971001599,99971001586,2026-09-25 17:58:05,text
99971000400,99971000397,2026-09-25 18:03:23,text
99971001557,99971001555,2026-09-25 18:10:18,text
99971000354,99971000341,2026-09-25 18:13:01,text
99971000224,99971000239,2026-09-25 18:42:52,text
99971001921,99971001937,2026-09-25 18:49:47,text
99971001563,99971001576,2026-09-25 18:50:43,text
99971002040,99971002030,2026-09-25 19:01:53,text
99971000946,99971000954,2026-09-25 19:10:02,text
99971001325,99971001336,2026-09-25 19:17:22,text
99971001108,99971001114,2026-09-25 19:19:19,text
99971001988,99971001986,2026-09-25 19:26:27,text
99971001308,99971001303,2026-09-25 19:31:12,text
99971001407,99971001401,2026-09-25 19:33:51,text
99971000679,99971000674,2026-09-25 19:40:46,text
99971001398,99971001415,2026-09-25 20:00:18,text
99971000670,99971000668,2026-09-25 20:16:21,text
99971001923,99971001925,2026-09-25 20:28:14,text
99971000012,99971000019,2026-09-25 20:31:13,text
99971001789,99971001800,2026-09-25 20:31:16,text
99971001363,99971001356,2026-09-25 20:38:22,text
99971001076,99971001063,2026-09-25 20:44:03,text
99971000703,99971000702,2026-09-25 20:56:27,text
99971001507,99971001512,2026-09-25 21:14:23,text
99971002276,99971002262,2026-09-25 21:37:41,text
99971000959,99971000937,2026-09-25 21:55:42,text
99971001630,99971001614,2026-09-25 22:00:42,text
99971001398,99971001415,2026-09-25 22:19:06,text
99971001850,99971001856,2026-09-25 22:22:05,text
99971000879,99971000869,2026-09-25 22:57:23,text
99971002262,99971002268,2026-09-25 22:59:21,text
99971001598,99971001592,2026-09-25 23:11:05,text
99971000099,99971000110,2026-09-25 23:11:42,text
99971002278,99971002270,2026-09-25 23:18:42,text
99971000815,99971000811,2026-09-25 23:20:18,text
99971000681,99971000679,2026-09-25 23:45:24,text
99971001882,99971001875,2026-09-26 00:19:15,text
99971002280,99971002261,2026-09-26 00:32:42,text
99971001120,99971001117,2026-09-26 00:50:29,text
99971001503,99971001491,2026-09-26 00:58:28,text
99971000059,99971000067,2026-09-26 01:02:58,text
99971000359,99971000343,2026-09-26 01:21:04,text
99971000106,99971000098,2026-09-26 01:23:24,text
99971000639,99971000635,2026-09-26 01:25:17,text
99971001771,99971001763,2026-09-26 02:00:12,text
99971000128,99971000137,2026-09-26 02:03:49,text
99971000428,99971000426,2026-09-26 02:04:02,text
99971000532,99971000534,2026-09-26 02:18:51,text
99971001287,99971001289,2026-09-26 02:25:03,text
99971000898,99971000910,2026-09-26 02:30:00,text
99971002388,99971002389,2026-09-26 02:30:12,text
99971001109,99971001118,2026-09-26 02:40:25,text
99971000876,99971000887,2026-09-26 03:02:56,text
99971001567,99971001576,2026-09-26 03:04:59,text
99971002204,99971002205,2026-09-26 03:32:00,text
99971000097,99971000101,2026-09-26 04:06:01,text
99971000675,99971000692,2026-09-26 04:12:32,text
99971002399,99971002395,2026-09-26 04:17:27,text
99971001983,99971001992,2026-09-26 04:25:49,text
99971001064,99971001060,2026-09-26 04:26:14,text
99971000648,99971000633,2026-09-26 04:49:20,text
99971000487,99971000485,2026-09-26 04:59:30,text
99971001518,99971001531,2026-09-26 05:10:12,text
99971000816,99971000807,2026-09-26 05:22:38,text
99971000726,99971000721,2026-09-26 05:41:30,text
99971001573,99971001570,2026-09-26 05:42:30,text
99971002129,99971002121,2026-09-26 05:54:19,text
99971001921,99971001923,2026-09-26 07:10:59,text
99971000674,99971000675,2026-09-26 07:24:26,text
99971001038,99971001048,2026-09-26 07:47:15,text
99971000239,99971000224,2026-09-26 08:03:44,text
99971002378,99971002381,2026-09-26 08:03:50,text
99971000310,99971000289,2026-09-26 08:34:39,text
99971000934,99971000915,2026-09-26 08:44:40,text
99971001399,99971001410,2026-09-26 08:57:32,text
99971000886,99971000876,2026-09-26 09:07:44,text
99971001728,99971001722,2026-09-26 09:54:43,text
99971000669,99971000655,2026-09-26 09:55:21,text
99971002180,99971002164,2026-09-26 10:09:44,text
99971001921,99971001923,2026-09-26 10:46:11,text
99971001453,99971001445,2026-09-26 10:58:40,text
99971000362,99971000384,2026-09-26 10:59:41,text
99971001621,99971001609,2026-09-26 11:03:43,text
99971001099,99971001091,2026-09-26 11:05:29,text
99971002041,99971002063,2026-09-26 11:09:51,text
99971000278,99971000279,2026-09-26 11:13:25,text
99971002381,99971002387,2026-09-26 11:45:50,text
99971001726,99971001716,2026-09-26 11:51:24,text
99971001163,99971001162,2026-09-26 11:51:49,text
99971000116,99971000111,2026-09-26 12:04:45,text
99971002298,99971002290,2026-09-26 12:26:15,text
99971000482,99971000497,2026-09-26 12:26:23,text
99971000109,99971000115,2026-09-26 12:29:11,text
99971001268,99971001259,2026-09-26 12:32:14,text
99971002054,99971002057,2026-09-26 12:59:20,text
99971000066,99971000058,2026-09-26 13:27:31,text
99971000375,99971000362,2026-09-26 13:32:20,text
99971000167,99971000165,2026-09-26 14:06:55,text
99971000982,99971000983,2026-09-26 14:07:17,text
99971002039,99971002022,2026-09-26 14:12:59,text
99971001248,99971001247,2026-09-26 14:19:49,text
99971000040,99971000048,2026-09-26 14:27:17,text
99971001996,99971002005,2026-09-26 14:42:45,text
99971000339,99971000352,2026-09-26 15:12:05,text
99971000332,99971000335,2026-09-26 15:17:30,text
99971001478,99971001487,2026-09-26 15:33:55,text
99971000892,99971000903,2026-09-26 15:36:40,text
99971001295,99971001288,2026-09-26 15:41:55,text
99971000949,99971000952,2026-09-26 15:49:32,text
99971001975,99971001978,2026-09-26 16:15:13,text
99971002219,99971002211,2026-09-26 16:19:11,text
99971002362,99971002368,2026-09-26 16:32:30,text
99971000233,99971000221,2026-09-26 16:36:33,text
99971001613,99971001625,2026-09-26 16:42:45,text
99971000509,99971000523,2026-09-26 16:46:21,text
99971001438,99971001430,2026-09-26 17:30:35,text
99971000692,99971000676,2026-09-26 17:32:04,text
99971000584,99971000580,2026-09-26 17:37:17,text
99971000389,99971000399,2026-09-26 18:27:47,text
99971000481,99971000485,2026-09-26 18:29:41,text
99971000541,99971000540,2026-09-26 18:38:55,text
99971001322,99971001341,2026-09-26 18:59:50,text
99971000353,99971000342,2026-09-26 19:26:39,text
99971000080,99971000096,2026-09-26 19:50:00,text
99971000059,99971000071,2026-09-26 19:57:26,text
99971000366,99971000367,2026-09-26 20:09:04,text
99971000324,99971000328,2026-09-26 20:11:59,text
99971001477,99971001482,2026-09-26 20:21:26,text
99971000941,99971000956,2026-09-26 20:25:27,text
99971001151,99971001141,2026-09-26 20:36:39,text
99971002314,99971002315,2026-09-26 20:39:26,text
99971002011,99971001997,2026-09-26 21:32:03,text
99971002127,99971002118,2026-09-26 21:35:57,text
99971001984,99971001987,2026-09-26 22:20:20,text
99971000929,99971000916,2026-09-26 22:24:51,text
99971002363,99971002355,2026-09-26 22:25:39,text
99971000696,99971000695,2026-09-26 22:39:04,text
99971000414,99971000415,2026-09-26 22:47:59,text
99971001346,99971001362,2026-09-26 23:14:57,text
99971001504,99971001508,2026-09-26 23:21:36,text
99971001320,99971001316,2026-09-26 23:24:23,text
99971002172,99971002166,2026-09-27 00:07:46,text
99971001146,99971001151,2026-09-27 00:10:39,text
99971000973,99971000981,2026-09-27 00:13:44,text
99971002272,99971002271,2026-09-27 00:19:09,text
99971000917,99971000914,2026-09-27 00:23:06,text
99971001899,99971001909,2026-09-27 01:01:45,text
99971000603,99971000617,2026-09-27 01:29:09,text
99971000607,99971000624,2026-09-27 01:33:39,text
99971000372,99971000365,2026-09-27 01:42:52,text
99971000567,99971000559,2026-09-27 01:47:42,text
99971000918,99971000925,2026-09-27 01:47:44,text
99971000763,99971000752,2026-09-27 01:49:59,text
99979300003,99979300004,2026-09-27 01:55:27,text
99971000525,99971000512,2026-09-27 02:04:01,text
99971001905,99971001904,2026-09-27 02:38:40,text
99971000827,99971000840,2026-09-27 02:46:50,text
99971000388,99971000406,2026-09-27 03:24:46,text
99971001439,99971001427,2026-09-27 04:42:52,text
99971002205,99971002189,2026-09-27 05:13:53,text
99971000784,99971000778,2026-09-27 05:28:33,text
99971001052,99971001051,2026-09-27 05:37:04,text
99971000183,99971000170,2026-09-27 05:55:20,text
99971001437,99971001434,2026-09-27 05:59:27,text
99971001820,99971001815,2026-09-27 06:04:44,text
99971000494,99971000492,2026-09-27 06:07:56,text
99971000006,99971000007,2026-09-27 06:09:14,text
99971000201,99971000205,2026-09-27 06:13:26,text
99971001958,99971001964,2026-09-27 06:14:51,text
99971002322,99971002314,2026-09-27 06:20:58,text
99971000450,99971000441,2026-09-27 06:37:13,text
99971000173,99971000192,2026-09-27 07:17:01,text
99971000657,99971000651,2026-09-27 08:04:33,text
99971000975,99971000965,2026-09-27 08:08:48,text
99971002232,99971002221,2026-09-27 08:14:42,text
99971001688,99971001691,2026-09-27 08:18:08,text
99971000223,99971000228,2026-09-27 08:32:22,text
99971001150,99971001152,2026-09-27 08:40:37,text
99971000879,99971000869,2026-09-27 08:50:33,text
99971000430,99971000409,2026-09-27 09:04:47,text
99971001275,99971001282,2026-09-27 10:04:04,text
99971001891,99971001887,2026-09-27 10:26:46,text
99971001715,99971001723,2026-09-27 10:27:51,text
99971001299,99971001308,2026-09-27 10:32:35,text
99971001195,99971001181,2026-09-27 10:38:22,text
99971001653,99971001645,2026-09-27 10:49:21,text
99971002291,99971002296,2026-09-27 10:52:06,text
99971001451,99971001462,2026-09-27 10:54:15,text
99971000103,99971000100,2026-09-27 11:07:47,text
99971000724,99971000737,2026-09-27 11:33:41,text
99971000583,99971000596,2026-09-27 12:06:27,text
99971001273,99971001282,2026-09-27 12:19:13,text
99971000425,99971000420,2026-09-27 12:40:12,text
99971001937,99971001921,2026-09-27 12:46:52,text
99971002050,99971002042,2026-09-27 12:54:25,text
99971001199,99971001192,2026-09-27 13:16:57,text
99971001061,99971001069,2026-09-27 14:04:22,text
99971001496,99971001497,2026-09-27 14:24:22,text
99971001328,99971001329,2026-09-27 14:27:36,text
99971001278,99971001279,2026-09-27 14:37:35,text
99971000144,99971000136,2026-09-27 14:38:30,text
99971002265,99971002272,2026-09-27 14:40:32,text
99971000253,99971000248,2026-09-27 14:48:24,text
99971001318,99971001317,2026-09-27 14:48:41,text
99971002206,99971002195,2026-09-27 15:05:20,text
99971001721,99971001719,2026-09-27 15:06:09,text
99971000573,99971000556,2026-09-27 15:08:24,text
99971001136,99971001138,2026-09-27 15:10:32,text
99971001343,99971001334,2026-09-27 15:15:42,text
99971001015,99971001023,2026-09-27 15:23:04,text
99971001749,99971001739,2026-09-27 15:25:57,text
99971002086,99971002083,2026-09-27 15:26:57,text
99971000082,99971000073,2026-09-27 15:29:03,text
99971001573,99971001575,2026-09-27 15:52:05,text
99971000979,99971000966,2026-09-27 15:58:44,text
99971001423,99971001437,2026-09-27 16:35:46,text
99971000142,99971000127,2026-09-27 16:40:34,text
99971000771,99971000788,2026-09-27 16:55:34,text
99971001794,99971001788,2026-09-27 17:01:04,text
99971001929,99971001921,2026-09-27 17:05:09,text
99971002278,99971002261,2026-09-27 17:35:50,text
99971001842,99971001848,2026-09-27 17:44:27,text
99971000686,99971000689,2026-09-27 18:47:41,text
99971001028,99971001022,2026-09-27 18:57:17,text
99971000529,99971000531,2026-09-27 18:59:08,text
99971000781,99971000774,2026-09-27 19:02:17,text
99971000853,99971000844,2026-09-27 19:05:52,text
99971001899,99971001909,2026-09-27 19:09:01,text
99971001783,99971001779,2026-09-27 19:27:25,text
99971001742,99971001738,2026-09-27 19:41:38,text
99971002077,99971002083,2026-09-27 20:02:51,text
99971001684,99971001682,2026-09-27 20:39:02,text
99971002093,99971002092,2026-09-27 20:53:20,text
99971002297,99971002287,2026-09-27 20:58:26,text
99971002150,99971002143,2026-09-27 21:10:51,text
99971000051,99971000050,2026-09-27 21:46:43,text
99971000858,99971000862,2026-09-27 21:47:45,text
99971002280,99971002258,2026-09-27 21:49:53,text
99971001565,99971001566,2026-09-27 22:02:08,text
99971001997,99971002011,2026-09-27 22:09:16,text
99971001207,99971001220,2026-09-27 22:23:34,text
99971001393,99971001405,2026-09-27 22:40:07,text
99971000869,99971000876,2026-09-27 22:49:35,text
99971002247,99971002234,2026-09-27 22:52:06,text
99971000890,99971000902,2026-09-27 23:12:34,text
99971001143,99971001149,2026-09-27 23:16:43,text
99971002112,99971002105,2026-09-27 23:17:38,text
99971001784,99971001792,2026-09-27 23:34:23,text
99971001922,99971001943,2026-09-28 00:14:49,text
99971001646,99971001648,2026-09-28 00:23:11,text
99971002292,99971002304,2026-09-28 00:27:55,text
99971000086,99971000075,2026-09-28 01:35:09,text
99971000027,99971000029,2026-09-28 01:39:51,text
99971002318,99971002325,2026-09-28 01:57:40,text
99971000608,99971000624,2026-09-28 02:10:20,text
99971000976,99971000967,2026-09-28 02:54:43,text
99971001094,99971001099,2026-09-28 03:32:33,text
99971001586,99971001601,2026-09-28 03:33:32,text
99971001596,99971001603,2026-09-28 03:33:51,text
99971000293,99971000299,2026-09-28 03:58:15,text
99971001696,99971001687,2026-09-28 04:04:02,text
99971001477,99971001474,2026-09-28 04:27:49,text
99971001052,99971001049,2026-09-28 04:33:40,text
99971000692,99971000681,2026-09-28 04:42:41,text
99971002313,99971002320,2026-09-28 04:59:30,text
99971000380,99971000384,2026-09-28 05:08:35,text
99971001229,99971001233,2026-09-28 05:10:43,text
99971002117,99971002128,2026-09-28 05:21:10,text
99971001877,99971001896,2026-09-28 05:41:08,text
99971002327,99971002309,2026-09-28 05:47:27,text
99971002316,99971002320,2026-09-28 06:08:43,text
99971000731,99971000737,2026-09-28 06:27:17,text
99971001961,99971001953,2026-09-28 06:37:23,text
99971000336,99971000334,2026-09-28 06:40:00,text
99971001559,99971001550,2026-09-28 06:45:14,text
99971002115,99971002135,2026-09-28 06:50:38,text
99971000215,99971000196,2026-09-28 07:01:34,text
99971000709,99971000719,2026-09-28 07:04:32,text
99971001056,99971001055,2026-09-28 07:07:49,text
99971002268,99971002278,2026-09-28 07:14:00,text
99971001295,99971001294,2026-09-28 07:16:49,text
99971000279,99971000285,2026-09-28 07:38:06,text
99971000299,99971000305,2026-09-28 08:18:29,text
99971001130,99971001133,2026-09-28 08:35:37,text
99971001769,99971001776,2026-09-28 08:44:28,text
99971001233,99971001227,2026-09-28 08:54:20,text
99971000041,99971000033,2026-09-28 09:09:25,text
99971000674,99971000695,2026-09-28 09:16:27,text
99971002128,99971002119,2026-09-28 09:39:47,text
99971002339,99971002351,2026-09-28 10:12:19,text
99971000322,99971000318,2026-09-28 10:28:02,text
99971001039,99971001044,2026-09-28 10:33:41,text
99971000872,99971000880,2026-09-28 10:36:53,text
99971000654,99971000666,2026-09-28 10:51:22,text
99971001810,99971001802,2026-09-28 10:57:06,text
99971000690,99971000689,2026-09-28 10:59:28,text
99971001748,99971001736,2026-09-28 11:33:17,text
99971001409,99971001401,2026-09-28 11:45:01,text
99971000319,99971000331,2026-09-28 12:02:58,text
99971002177,99971002167,2026-09-28 12:21:04,text
99971001182,99971001181,2026-09-28 12:39:28,text
99971000785,99971000778,2026-09-28 13:06:27,text
99971002214,99971002209,2026-09-28 13:12:03,text
99971001856,99971001850,2026-09-28 13:22:39,text
99971001352,99971001364,2026-09-28 13:44:53,text
99971001972,99971001970,2026-09-28 13:54:05,text
99971000343,99971000346,2026-09-28 14:07:16,text
99971000390,99971000397,2026-09-28 14:07:47,text
99971002290,99971002297,2026-09-28 14:11:53,text
99971002294,99971002283,2026-09-28 14:40:52,text
99971000867,99971000886,2026-09-28 14:49:48,text
99971002153,99971002154,2026-09-28 14:53:16,text
99971000846,99971000858,2026-09-28 15:01:24,text
99971001018,99971001022,2026-09-28 15:38:21,text
99971001183,99971001196,2026-09-28 16:13:04,text
99971001366,99971001349,2026-09-28 16:16:38,text
99971001192,99971001184,2026-09-28 16:20:51,text
99971002224,99971002228,2026-09-28 16:30:11,text
99971002187,99971002193,2026-09-28 16:39:32,text
99971001486,99971001467,2026-09-28 16:50:08,text
99971002189,99971002206,2026-09-28 17:00:37,text
99971000177,99971000175,2026-09-28 17:28:57,text
99971001442,99971001461,2026-09-28 17:47:16,text
99971000503,99971000489,2026-09-28 18:28:27,text
99971000132,99971000123,2026-09-28 19:00:18,text
99971002305,99971002318,2026-09-28 19:41:44,text
99971000297,99971000290,2026-09-28 20:07:50,text
99971000024,99971000006,2026-09-28 20:13:12,text
99971001806,99971001801,2026-09-28 20:17:52,text
99971000688,99971000694,2026-09-28 20:24:56,text
99971002322,99971002314,2026-09-28 20:28:12,text
99971002167,99971002174,2026-09-28 20:28:19,text
99971001320,99971001298,2026-09-28 20:44:11,text
99971000288,99971000267,2026-09-28 20:54:23,text
99971001134,99971001133,2026-09-28 20:59:44,text
99971000199,99971000216,2026-09-28 21:44:18,text
99971001857,99971001851,2026-09-28 21:51:38,text
99971001212,99971001216,2026-09-28 22:16:51,text
99971000684,99971000687,2026-09-28 22:24:16,text
99971002187,99971002185,2026-09-28 22:28:19,text
99971000854,99971000843,2026-09-28 22:46:47,text
99971001460,99971001464,2026-09-28 22:47:35,text
99971002400,99971002382,2026-09-28 23:19:34,text
99971000749,99971000752,2026-09-28 23:20:34,text
99971000907,99971000894,2026-09-28 23:31:04,text
99971001252,99971001271,2026-09-28 23:33:16,text
99971000622,99971000606,2026-09-28 23:35:54,text
99971000206,99971000197,2026-09-28 23:37:01,text
99971001679,99971001678,2026-09-28 23:51:49,text
99971000355,99971000340,2026-09-28 23:51:50,text
99971000466,99971000460,2026-09-29 00:28:37,text
99971000778,99971000784,2026-09-29 00:39:27,text
99971001589,99971001598,2026-09-29 00:40:29,text
99971000949,99971000947,2026-09-29 00:53:04,text
99971002387,99971002396,2026-09-29 01:01:36,text
99971001767,99971001758,2026-09-29 01:05:18,text
99971001680,99971001665,2026-09-29 01:15:50,text
99971002097,99971002103,2026-09-29 01:17:16,text
99971002057,99971002054,2026-09-29 01:27:43,text
99971000635,99971000639,2026-09-29 01:31:32,text
99971001347,99971001361,2026-09-29 01:44:47,text
99971000563,99971000562,2026-09-29 01:53:31,text
99971000793,99971000816,2026-09-29 01:59:41,text
99971001753,99971001774,2026-09-29 02:02:44,text
99971000943,99971000959,2026-09-29 02:08:05,text
99971000517,99971000519,2026-09-29 02:08:12,text
99971000338,99971000340,2026-09-29 02:30:58,text
99971000541,99971000529,2026-09-29 02:35:07,text
99971001746,99971001731,2026-09-29 02:38:25,text
99971000230,99971000233,2026-09-29 02:40:06,text
99971001356,99971001345,2026-09-29 02:49:53,text
99971001871,99971001857,2026-09-29 03:20:52,text
99971001812,99971001802,2026-09-29 03:27:33,text
99971002333,99971002337,2026-09-29 03:29:59,text
99971002008,99971001999,2026-09-29 03:36:03,text
99971001980,99971001975,2026-09-29 03:39:17,text
99971000404,99971000405,2026-09-29 03:46:52,text
99971000074,99971000076,2026-09-29 03:46:58,text
99971001852,99971001851,2026-09-29 03:51:30,text
99971002080,99971002084,2026-09-29 04:11:45,text
99971002296,99971002291,2026-09-29 04:20:00,text
99971002106,99971002107,2026-09-29 04:21:09,text
99971001418,99971001438,2026-09-29 04:48:54,text
99971000165,99971000158,2026-09-29 04:52:17,text
99971001394,99971001416,2026-09-29 05:10:07,text
99971000411,99971000412,2026-09-29 05:10:40,text
99971001877,99971001896,2026-09-29 05:22:04,text
99971000892,99971000903,2026-09-29 05:42:07,text
99971002206,99971002191,2026-09-29 06:02:11,text
99971000102,99971000110,2026-09-29 06:36:25,text
99971001123,99971001106,2026-09-29 07:03:32,text
99971000447,99971000444,2026-09-29 07:08:52,text
99971002362,99971002366,2026-09-29 07:20:02,text
99971000257,99971000242,2026-09-29 07:30:20,text
99971000559,99971000567,2026-09-29 07:39:28,text
99971001615,99971001621,2026-09-29 07:49:06,text
99971002010,99971002016,2026-09-29 07:50:30,text
99971000722,99971000739,2026-09-29 08:05:01,text
99971002259,99971002260,2026-09-29 08:26:32,text
99971000840,99971000837,2026-09-29 08:29:09,text
99971000171,99971000177,2026-09-29 08:41:58,text
99971002119,99971002117,2026-09-29 09:14:01,text
99971001545,99971001548,2026-09-29 09:22:16,text
99971000137,99971000127,2026-09-29 09:35:25,text
99971001330,99971001336,2026-09-29 09:41:33,text
99971001568,99971001571,2026-09-29 09:44:09,text
99971002004,99971001993,2026-09-29 09:46:36,text
99971002286,99971002293,2026-09-29 09:53:48,text
99971001554,99971001551,2026-09-29 09:56:34,text
99971000933,99971000928,2026-09-29 10:20:40,text
99971000762,99971000749,2026-09-29 10:27:13,text
99971001202,99971001209,2026-09-29 10:33:17,text
99971001776,99971001758,2026-09-29 11:20:05,text
99971000485,99971000483,2026-09-29 11:20:18,text
99971001384,99971001392,2026-09-29 11:30:08,text
99971000346,99971000348,2026-09-29 11:36:37,text
99971001513,99971001534,2026-09-29 11:37:53,text
99971000005,99971000014,2026-09-29 11:50:05,text
99971001758,99971001767,2026-09-29 12:00:40,text
99971000805,99971000798,2026-09-29 12:31:00,text
99971001473,99971001474,2026-09-29 12:53:02,text
99971000819,99971000832,2026-09-29 12:55:57,text
99971001518,99971001534,2026-09-29 13:13:34,text
99971001059,99971001075,2026-09-29 13:34:10,text
99971001272,99971001249,2026-09-29 13:37:45,text
99971000086,99971000091,2026-09-29 13:43:26,text
99971001971,99971001989,2026-09-29 13:52:08,text
99971001894,99971001888,2026-09-29 14:05:00,text
99971001535,99971001519,2026-09-29 14:06:37,text
99971001074,99971001071,2026-09-29 14:18:22,text
99971000609,99971000624,2026-09-29 14:18:31,text
99971000644,99971000646,2026-09-29 14:18:40,text
99971000611,99971000608,2026-09-29 14:29:10,text
99971000223,99971000238,2026-09-29 14:43:02,text
99971001513,99971001528,2026-09-29 15:05:28,text
99971000727,99971000726,2026-09-29 15:08:21,text
99971001912,99971001903,2026-09-29 15:25:01,text
99971001516,99971001522,2026-09-29 15:38:20,text
99971000372,99971000370,2026-09-29 15:56:03,text
99971001093,99971001081,2026-09-29 16:05:35,text
99971002285,99971002294,2026-09-29 16:22:29,text
99971000177,99971000187,2026-09-29 16:32:12,text
99971000592,99971000599,2026-09-29 16:34:47,text
99971000107,99971000099,2026-09-29 16:36:40,text
99971000601,99971000615,2026-09-29 16:49:15,text
99971001974,99971001986,2026-09-29 16:53:37,text
99971002399,99971002385,2026-09-29 17:19:34,text
99971001067,99971001057,2026-09-29 17:27:37,text
99971001390,99971001373,2026-09-29 17:44:52,text
99971002060,99971002059,2026-09-29 17:53:22,text
99971001308,99971001301,2026-09-29 18:11:53,text
99971000836,99971000835,2026-09-29 18:12:18,text
99971001012,99971001018,2026-09-29 18:20:14,text
99971000684,99971000680,2026-09-29 18:37:40,text
99971000833,99971000839,2026-09-29 18:38:54,text
99971002340,99971002335,2026-09-29 19:10:37,text
99971001663,99971001678,2026-09-29 19:39:43,text
99971000930,99971000929,2026-09-29 19:40:08,text
99971001723,99971001708,2026-09-29 19:47:08,text
99971001229,99971001225,2026-09-29 20:17:04,text
99971001832,99971001826,2026-09-29 20:37:43,text
99979300005,99979300002,2026-09-29 21:04:03,text
99971000207,99971000213,2026-09-29 21:07:51,text
99971001470,99971001482,2026-09-29 21:14:34,text
99971002080,99971002084,2026-09-29 21:29:36,text
99971002194,99971002198,2026-09-29 21:38:02,text
99971000047,99971000031,2026-09-29 21:42:05,text
99971002374,99971002362,2026-09-29 22:01:26,text
99971001041,99971001051,2026-09-29 22:08:29,text
99971001299,99971001302,2026-09-29 22:18:36,text
99971000679,99971000689,2026-09-29 22:29:45,text
99971002197,99971002202,2026-09-29 22:31:43,text
99971002078,99971002072,2026-09-29 22:38:44,text
99971001923,99971001925,2026-09-29 22:43:01,text
99971001452,99971001463,2026-09-29 22:50:30,text
99971000232,99971000240,2026-09-29 22:56:54,text
99971000347,99971000343,2026-09-29 23:07:32,text
99971001726,99971001716,2026-09-29 23:07:49,text
99971001315,99971001319,2026-09-29 23:09:11,text
99971000695,99971000691,2026-09-29 23:27:31,text
99971000823,99971000836,2026-09-29 23:29:20,text
99971001911,99971001909,2026-09-29 23:32:06,text
99971002120,99971002122,2026-09-29 23:36:29,text
99971001262,99971001257,2026-09-29 23:45:38,text
