record_id,start_ts,direction,service,a_number,b_number,duration_s,charge,roaming,cell_id
R0000001,2026-07-01 18:59:34,MO,VOICE,99970000001,99971031508,585,0.98,N,C101
R0000002,2026-07-01 21:01:56,MO,VOICE,99970000001,99971832106,159,0.27,N,C102
R0000003,2026-07-01 15:08:34,MO,VOICE,99970000001,99971773808,214,0.36,N,C101
R0000004,2026-07-01 12:28:53,MO,VOICE,99970000001,99971415628,390,0.65,N,C102
R0000005,2026-07-01 17:10:32,MO,VOICE,99970000001,99971689675,171,0.29,N,C101
R0000006,2026-07-01 01:20:21,MO,VOICE,99970000001,99971156791,196,0.33,N,C102
R0000007,2026-07-01 17:04:11,MO,VOICE,99970000001,99971887355,24,0.04,N,C101
R0000008,2026-07-01 19:53:43,MO,VOICE,99970000001,99971661343,181,0.30,N,C102
R0000009,2026-07-01 01:19:20,MT,VOICE,99970000161,99970000001,174,0.00,N,C101
R0000010,2026-07-01 02:15:26,MO,VOICE,99970000002,99971264422,133,0.22,N,C102
R0000011,2026-07-01 14:27:46,MO,VOICE,99970000002,99971481218,352,0.59,N,C102
R0000012,2026-07-01 10:07:06,MO,VOICE,99970000002,99971435179,22,0.04,N,C102
R0000013,2026-07-01 21:25:15,MO,VOICE,99970000002,99971806803,209,0.35,N,C102
R0000014,2026-07-01 06:37:18,MO,VOICE,99970000002,99971457613,359,0.60,N,C102
R0000015,2026-07-01 11:30:17,MO,VOICE,99970000002,99971761631,72,0.12,N,C102
R0000016,2026-07-01 10:32:25,MO,SMS,99970000002,99971806335,0,0.05,N,C102
R0000017,2026-07-01 08:44:57,MT,VOICE,99970000075,99970000002,118,0.00,N,C102
R0000018,2026-07-01 19:47:18,MT,VOICE,99970000071,99970000002,163,0.00,N,C102
R0000019,2026-07-01 04:54:48,MO,VOICE,99970000003,99971749002,128,0.21,N,C103
R0000020,2026-07-01 04:45:37,MO,VOICE,99970000003,99971162199,330,0.55,N,C103
R0000021,2026-07-01 13:29:17,MO,VOICE,99970000003,99971953549,137,0.23,N,C103
R0000022,2026-07-01 11:43:34,MO,VOICE,99970000003,99971764651,223,0.37,N,C103
R0000023,2026-07-01 07:07:37,MO,VOICE,99970000003,99971355999,51,0.09,N,C103
R0000024,2026-07-01 10:02:05,MO,VOICE,99970000003,99971557204,421,0.70,N,C103
R0000025,2026-07-01 11:16:26,MO,VOICE,99970000003,99971726334,103,0.17,N,C103
R0000026,2026-07-01 21:26:14,MO,SMS,99970000003,99971264571,0,0.05,N,C103
R0000027,2026-07-01 07:51:23,MT,VOICE,99970000023,99970000003,93,0.00,N,C103
R0000028,2026-07-01 03:45:52,MT,VOICE,99970000169,99970000003,88,0.00,N,C103
R0000029,2026-07-01 03:56:14,MT,VOICE,99970000108,99970000003,259,0.00,N,C103
R0000030,2026-07-01 13:24:42,MO,VOICE,99970000004,99971358084,202,0.34,N,C104
R0000031,2026-07-01 23:36:39,MO,VOICE,99970000004,99971936796,175,0.29,N,C105
R0000032,2026-07-01 18:31:28,MO,VOICE,99970000004,99971215131,237,0.40,N,C106
R0000033,2026-07-01 02:35:41,MO,VOICE,99970000004,99971146893,339,0.57,N,C104
R0000034,2026-07-01 21:14:34,MO,VOICE,99970000004,99971192663,255,0.43,N,C105
R0000035,2026-07-01 22:13:12,MO,VOICE,99970000004,99971666281,164,0.27,N,C106
R0000036,2026-07-01 03:27:58,MO,VOICE,99970000004,99971207366,33,0.06,N,C104
R0000037,2026-07-01 17:43:32,MO,VOICE,99970000004,99971524492,68,0.11,N,C105
R0000038,2026-07-01 23:30:43,MO,SMS,99970000004,99971271294,0,0.05,N,C104
R0000039,2026-07-01 01:54:52,MT,VOICE,99970000036,99970000004,265,0.00,N,C104
R0000040,2026-07-01 01:40:52,MO,VOICE,99970000005,99971391718,433,0.72,N,C105
R0000041,2026-07-01 17:29:22,MO,VOICE,99970000005,99971910851,389,0.65,N,C105
R0000042,2026-07-01 11:43:16,MO,VOICE,99970000005,99971099601,405,0.68,N,C105
R0000043,2026-07-01 06:09:31,MO,VOICE,99970000005,99971652032,470,0.78,N,C105
R0000044,2026-07-01 05:05:49,MO,SMS,99970000005,99971817195,0,0.05,N,C105
R0000045,2026-07-01 14:58:39,MT,VOICE,99970000118,99970000005,50,0.00,N,C105
R0000046,2026-07-01 08:33:12,MO,VOICE,99970000006,99971071363,58,0.10,N,C106
R0000047,2026-07-01 22:23:10,MO,VOICE,99970000006,99971273838,398,0.66,N,C107
R0000048,2026-07-01 03:25:19,MO,VOICE,99970000006,99971384284,483,0.81,N,C108
R0000049,2026-07-01 02:41:22,MO,VOICE,99970000006,99971102205,553,0.92,N,C106
R0000050,2026-07-01 22:25:29,MO,VOICE,99970000006,99971386190,227,0.38,N,C107
R0000051,2026-07-01 15:43:06,MO,VOICE,99970000006,99971195693,510,0.85,N,C108
R0000052,2026-07-01 00:19:13,MO,VOICE,99970000006,99971734868,565,0.94,N,C106
R0000053,2026-07-01 00:06:21,MT,VOICE,99970000005,99970000006,228,0.00,N,C106
R0000054,2026-07-01 12:44:32,MT,VOICE,99970000088,99970000006,226,0.00,N,C106
R0000055,2026-07-01 07:40:34,MT,VOICE,99970000025,99970000006,174,0.00,N,C106
R0000056,2026-07-01 07:58:47,MO,VOICE,99970000007,99971539580,241,0.40,N,C107
R0000057,2026-07-01 20:58:43,MO,VOICE,99970000007,99971573953,26,0.04,N,C108
R0000058,2026-07-01 23:27:05,MO,VOICE,99970000007,99971746860,356,0.59,N,C107
R0000059,2026-07-01 02:48:38,MT,VOICE,99970000108,99970000007,137,0.00,N,C107
R0000060,2026-07-01 23:48:12,MT,VOICE,99970000134,99970000007,105,0.00,N,C107
R0000061,2026-07-01 16:13:46,MO,VOICE,99970000008,99971619158,163,0.27,N,C108
R0000062,2026-07-01 00:39:27,MO,VOICE,99970000008,99971205328,378,0.63,N,C109
R0000063,2026-07-01 17:48:25,MO,VOICE,99970000008,99971243754,394,0.66,N,C108
R0000064,2026-07-01 17:46:49,MO,VOICE,99970000008,99971012584,387,0.65,N,C109
R0000065,2026-07-01 05:04:16,MT,VOICE,99970000166,99970000008,294,0.00,N,C108
R0000066,2026-07-01 20:00:26,MO,VOICE,99970000009,99971405994,563,0.94,N,C109
R0000067,2026-07-01 04:16:31,MO,VOICE,99970000009,99971850644,462,0.77,N,C109
R0000068,2026-07-01 07:51:47,MO,VOICE,99970000009,99971326826,435,0.73,N,C109
R0000069,2026-07-01 15:27:26,MO,VOICE,99970000009,99971589419,245,0.41,N,C109
R0000070,2026-07-01 14:07:04,MO,SMS,99970000009,99971070926,0,0.05,N,C109
R0000071,2026-07-01 22:16:08,MT,VOICE,99970000008,99970000009,298,0.00,N,C109
R0000072,2026-07-01 02:43:20,MT,VOICE,99970000191,99970000009,51,0.00,N,C109
R0000073,2026-07-01 22:45:48,MO,VOICE,99970000010,99971670761,324,0.54,N,C110
R0000074,2026-07-01 10:12:03,MO,VOICE,99970000010,99971117989,197,0.33,N,C111
R0000075,2026-07-01 15:25:43,MO,VOICE,99970000010,99971808938,350,0.58,N,C112
R0000076,2026-07-01 01:57:42,MO,VOICE,99970000010,99971448446,177,0.30,N,C110
R0000077,2026-07-01 12:49:26,MO,VOICE,99970000010,99971292800,219,0.37,N,C111
R0000078,2026-07-01 13:00:17,MO,VOICE,99970000010,99971631913,361,0.60,N,C112
R0000079,2026-07-01 07:50:50,MO,VOICE,99970000010,99971783027,467,0.78,N,C110
R0000080,2026-07-01 17:42:45,MO,SMS,99970000010,99971055145,0,0.05,N,C110
R0000081,2026-07-01 10:17:54,MT,VOICE,99970000151,99970000010,204,0.00,N,C110
R0000082,2026-07-01 03:21:04,MT,VOICE,99970000110,99970000010,146,0.00,N,C110
R0000083,2026-07-01 23:19:08,MO,VOICE,99970000011,99971180349,592,0.99,N,C111
R0000084,2026-07-01 17:05:19,MO,VOICE,99970000011,99971652958,515,0.86,N,C112
R0000085,2026-07-01 05:17:39,MO,VOICE,99970000011,99971604457,339,0.57,N,C113
R0000086,2026-07-01 20:13:43,MO,VOICE,99970000011,99971511932,25,0.04,N,C111
R0000087,2026-07-01 05:19:43,MO,VOICE,99970000011,99971909927,576,0.96,N,C112
R0000088,2026-07-01 14:29:00,MO,SMS,99970000011,99971428600,0,0.05,N,C111
R0000089,2026-07-01 03:30:41,MT,VOICE,99970000199,99970000011,144,0.00,N,C111
R0000090,2026-07-01 11:59:06,MO,VOICE,99970000012,99971090236,370,0.62,N,C112
R0000091,2026-07-01 17:29:46,MO,VOICE,99970000012,99971634675,559,0.93,N,C113
R0000092,2026-07-01 22:48:55,MO,VOICE,99970000012,99971767052,42,0.07,N,C112
R0000093,2026-07-01 03:52:35,MO,VOICE,99970000012,99971782014,103,0.17,N,C113
R0000094,2026-07-01 22:02:55,MO,VOICE,99970000012,99971639766,191,0.32,N,C112
R0000095,2026-07-01 07:19:03,MO,VOICE,99970000012,99971845594,198,0.33,N,C113
R0000096,2026-07-01 03:38:21,MO,VOICE,99970000012,99971043660,276,0.46,N,C112
R0000097,2026-07-01 17:26:00,MT,VOICE,99970000082,99970000012,264,0.00,N,C112
R0000098,2026-07-01 10:12:24,MT,VOICE,99970000176,99970000012,57,0.00,N,C112
R0000099,2026-07-01 19:48:30,MT,VOICE,99970000152,99970000012,268,0.00,N,C112
R0000100,2026-07-01 18:02:25,MO,VOICE,99970000013,99971053401,426,0.71,N,C113
R0000101,2026-07-01 15:02:13,MO,VOICE,99970000013,99971516808,215,0.36,N,C114
R0000102,2026-07-01 11:03:16,MO,VOICE,99970000013,99971714230,51,0.09,N,C115
R0000103,2026-07-01 02:34:36,MO,VOICE,99970000013,99971197468,212,0.35,N,C113
R0000104,2026-07-01 15:18:44,MO,VOICE,99970000013,99971482182,467,0.78,N,C114
R0000105,2026-07-01 16:29:18,MO,VOICE,99970000013,99971517103,109,0.18,N,C115
R0000106,2026-07-01 06:16:06,MO,SMS,99970000013,99971151264,0,0.05,N,C113
R0000107,2026-07-01 05:16:12,MT,VOICE,99970000091,99970000013,76,0.00,N,C113
R0000108,2026-07-01 15:39:59,MT,VOICE,99970000149,99970000013,35,0.00,N,C113
R0000109,2026-07-01 01:13:20,MO,VOICE,99970000014,99971063521,198,0.33,N,C114
R0000110,2026-07-01 17:55:14,MO,VOICE,99970000014,99971602728,596,0.99,N,C115
R0000111,2026-07-01 13:05:05,MO,VOICE,99970000014,99971255737,142,0.24,N,C114
R0000112,2026-07-01 23:39:22,MO,VOICE,99970000014,99971532232,392,0.65,N,C115
R0000113,2026-07-01 04:58:23,MO,SMS,99970000014,99971568942,0,0.05,N,C114
R0000114,2026-07-01 05:53:45,MT,VOICE,99970000047,99970000014,53,0.00,N,C114
R0000115,2026-07-01 22:13:50,MO,VOICE,99970000015,99971601185,166,0.28,N,C115
R0000116,2026-07-01 16:00:47,MO,VOICE,99970000015,99971705751,374,0.62,N,C116
R0000117,2026-07-01 18:40:03,MO,VOICE,99970000015,99971835191,214,0.36,N,C117
R0000118,2026-07-01 16:08:56,MO,VOICE,99970000015,99971937367,451,0.75,N,C115
R0000119,2026-07-01 13:18:31,MO,VOICE,99970000015,99971625042,257,0.43,N,C116
R0000120,2026-07-01 15:54:11,MO,VOICE,99970000015,99971715259,447,0.75,N,C117
R0000121,2026-07-01 02:32:40,MT,VOICE,99970000068,99970000015,48,0.00,N,C115
R0000122,2026-07-01 09:54:05,MT,VOICE,99970000182,99970000015,293,0.00,N,C115
R0000123,2026-07-01 21:47:05,MO,VOICE,99970000016,99971445946,342,0.57,N,C116
R0000124,2026-07-01 17:57:07,MO,VOICE,99970000016,99971276194,485,0.81,N,C117
R0000125,2026-07-01 10:12:08,MO,VOICE,99970000016,99971417152,400,0.67,N,C118
R0000126,2026-07-01 07:15:51,MO,VOICE,99970000016,99971629134,119,0.20,N,C116
R0000127,2026-07-01 19:02:30,MT,VOICE,99970000191,99970000016,77,0.00,N,C116
R0000128,2026-07-01 23:31:21,MO,VOICE,99970000017,99971821650,248,0.41,N,C117
R0000129,2026-07-01 05:35:23,MO,VOICE,99970000017,99971338799,292,0.49,N,C117
R0000130,2026-07-01 23:48:21,MO,VOICE,99970000017,99971461696,517,0.86,N,C117
R0000131,2026-07-01 10:21:17,MO,VOICE,99970000017,99971563097,599,1.00,N,C117
R0000132,2026-07-01 04:44:00,MO,VOICE,99970000017,99971763537,517,0.86,N,C117
R0000133,2026-07-01 14:48:31,MT,VOICE,99970000026,99970000017,201,0.00,N,C117
R0000134,2026-07-01 07:05:00,MT,VOICE,99970000016,99970000017,281,0.00,N,C117
R0000135,2026-07-01 19:21:06,MT,VOICE,99970000183,99970000017,136,0.00,N,C117
R0000136,2026-07-01 11:01:40,MO,VOICE,99970000018,99971848083,392,0.65,N,C118
R0000137,2026-07-01 21:14:04,MO,VOICE,99970000018,99971727252,247,0.41,N,C118
R0000138,2026-07-01 07:01:14,MO,VOICE,99970000018,99971236970,259,0.43,N,C118
R0000139,2026-07-01 21:29:50,MO,VOICE,99970000018,99971528866,548,0.91,N,C118
R0000140,2026-07-01 17:30:34,MO,VOICE,99970000018,99971902680,307,0.51,N,C118
R0000141,2026-07-01 13:23:02,MO,VOICE,99970000018,99971357591,384,0.64,N,C118
R0000142,2026-07-01 11:08:22,MO,VOICE,99970000018,99971414564,38,0.06,N,C118
R0000143,2026-07-01 02:20:42,MT,VOICE,99970000128,99970000018,284,0.00,N,C118
R0000144,2026-07-01 18:12:43,MT,VOICE,99970000038,99970000018,60,0.00,N,C118
R0000145,2026-07-01 02:52:00,MO,VOICE,99970000019,99971918729,67,0.11,N,C119
R0000146,2026-07-01 21:41:01,MO,VOICE,99970000019,99971761335,127,0.21,N,C120
R0000147,2026-07-01 09:58:08,MO,VOICE,99970000019,99971837112,235,0.39,N,C121
R0000148,2026-07-01 02:59:02,MO,VOICE,99970000019,99971689195,390,0.65,N,C119
R0000149,2026-07-01 00:29:27,MO,VOICE,99970000019,99971388398,430,0.72,N,C120
R0000150,2026-07-01 21:05:02,MO,VOICE,99970000019,99971089323,456,0.76,N,C121
R0000151,2026-07-01 19:13:38,MO,VOICE,99970000019,99971171937,519,0.87,N,C119
R0000152,2026-07-01 20:50:28,MO,SMS,99970000019,99971369346,0,0.05,N,C119
R0000153,2026-07-01 12:56:39,MT,VOICE,99970000117,99970000019,33,0.00,N,C119
R0000154,2026-07-01 02:37:27,MO,VOICE,99970000020,99971687441,410,0.68,N,C120
R0000155,2026-07-01 23:15:10,MO,VOICE,99970000020,99971940551,427,0.71,N,C121
R0000156,2026-07-01 14:22:46,MO,VOICE,99970000020,99971943431,45,0.08,N,C122
R0000157,2026-07-01 01:47:14,MO,VOICE,99970000020,99971232899,129,0.22,N,C120
R0000158,2026-07-01 13:48:45,MO,VOICE,99970000020,99971381185,106,0.18,N,C121
R0000159,2026-07-01 09:43:02,MT,VOICE,99970000140,99970000020,151,0.00,N,C120
R0000160,2026-07-01 01:49:57,MT,VOICE,99970000200,99970000020,160,0.00,N,C120
R0000161,2026-07-01 15:44:18,MO,VOICE,99970000021,99971699159,119,0.20,N,C121
R0000162,2026-07-01 19:21:33,MO,VOICE,99970000021,99971603547,412,0.69,N,C122
R0000163,2026-07-01 20:06:02,MO,VOICE,99970000021,99971753576,569,0.95,N,C121
R0000164,2026-07-01 08:04:20,MO,VOICE,99970000021,99971698450,168,0.28,N,C122
R0000165,2026-07-01 12:04:01,MO,VOICE,99970000021,99971831072,207,0.35,N,C121
R0000166,2026-07-01 08:40:16,MO,VOICE,99970000021,99971093139,323,0.54,N,C122
R0000167,2026-07-01 18:18:07,MO,SMS,99970000021,99971185643,0,0.05,N,C121
R0000168,2026-07-01 21:30:55,MT,VOICE,99970000030,99970000021,60,0.00,N,C121
R0000169,2026-07-01 10:42:07,MT,VOICE,99970000073,99970000021,115,0.00,N,C121
R0000170,2026-07-01 03:32:57,MT,VOICE,99970000070,99970000021,158,0.00,N,C121
R0000171,2026-07-01 16:12:39,MO,VOICE,99970000022,99971439919,214,0.36,N,C122
R0000172,2026-07-01 21:37:13,MO,VOICE,99970000022,99971583640,186,0.31,N,C123
R0000173,2026-07-01 01:45:04,MO,VOICE,99970000022,99971292130,57,0.10,N,C124
R0000174,2026-07-01 11:54:19,MO,VOICE,99970000022,99971609037,164,0.27,N,C122
R0000175,2026-07-01 08:16:45,MO,VOICE,99970000022,99971038436,501,0.84,N,C123
R0000176,2026-07-01 11:49:15,MO,VOICE,99970000022,99971441540,380,0.63,N,C124
R0000177,2026-07-01 00:50:40,MO,VOICE,99970000022,99971000819,76,0.13,N,C122
R0000178,2026-07-01 21:04:06,MT,VOICE,99970000038,99970000022,58,0.00,N,C122
R0000179,2026-07-01 14:31:08,MT,VOICE,99970000031,99970000022,134,0.00,N,C122
R0000180,2026-07-01 06:34:08,MT,VOICE,99970000121,99970000022,169,0.00,N,C122
R0000181,2026-07-01 20:41:46,MO,VOICE,99970000023,99971875226,58,0.10,N,C123
R0000182,2026-07-01 20:28:32,MO,VOICE,99970000023,99971737481,349,0.58,N,C124
R0000183,2026-07-01 06:08:05,MO,VOICE,99970000023,99971677308,129,0.22,N,C123
R0000184,2026-07-01 01:01:44,MO,VOICE,99970000023,99971012149,211,0.35,N,C124
R0000185,2026-07-01 11:24:59,MO,VOICE,99970000023,99971382582,557,0.93,N,C123
R0000186,2026-07-01 14:41:13,MT,VOICE,99970000134,99970000023,176,0.00,N,C123
R0000187,2026-07-01 03:52:41,MT,VOICE,99970000189,99970000023,243,0.00,N,C123
R0000188,2026-07-01 19:46:17,MO,VOICE,99970000024,99971053119,197,0.33,N,C124
R0000189,2026-07-01 23:01:22,MO,VOICE,99970000024,99971429676,200,0.33,N,C125
R0000190,2026-07-01 17:34:31,MO,VOICE,99970000024,99971126054,509,0.85,N,C126
R0000191,2026-07-01 05:31:06,MT,VOICE,99970000126,99970000024,114,0.00,N,C124
R0000192,2026-07-01 02:34:47,MT,VOICE,99970000038,99970000024,237,0.00,N,C124
R0000193,2026-07-01 11:42:06,MO,VOICE,99970000025,99971139197,211,0.35,N,C125
R0000194,2026-07-01 14:13:01,MO,VOICE,99970000025,99971612360,422,0.70,N,C126
R0000195,2026-07-01 13:39:29,MO,VOICE,99970000025,99971859850,397,0.66,N,C127
R0000196,2026-07-01 16:55:20,MO,SMS,99970000025,99971426522,0,0.05,N,C125
R0000197,2026-07-01 02:56:15,MT,VOICE,99970000166,99970000025,147,0.00,N,C125
R0000198,2026-07-01 01:26:28,MT,VOICE,99970000107,99970000025,92,0.00,N,C125
R0000199,2026-07-01 02:51:29,MT,VOICE,99970000164,99970000025,53,0.00,N,C125
R0000200,2026-07-01 05:44:15,MO,VOICE,99970000026,99971571744,256,0.43,N,C126
R0000201,2026-07-01 13:38:28,MO,VOICE,99970000026,99971091968,47,0.08,N,C126
R0000202,2026-07-01 10:08:30,MO,VOICE,99970000026,99971189460,332,0.55,N,C126
R0000203,2026-07-01 06:50:34,MO,VOICE,99970000026,99971130610,347,0.58,N,C126
R0000204,2026-07-01 07:05:04,MO,VOICE,99970000026,99971684082,93,0.16,N,C126
R0000205,2026-07-01 08:11:57,MO,VOICE,99970000026,99971899075,199,0.33,N,C126
R0000206,2026-07-01 03:24:09,MO,VOICE,99970000026,99971928603,160,0.27,N,C126
R0000207,2026-07-01 12:39:39,MO,VOICE,99970000026,99971889148,248,0.41,N,C126
R0000208,2026-07-01 13:00:36,MT,VOICE,99970000024,99970000026,108,0.00,N,C126
R0000209,2026-07-01 03:41:10,MT,VOICE,99970000162,99970000026,130,0.00,N,C126
R0000210,2026-07-01 12:30:49,MT,VOICE,99970000107,99970000026,260,0.00,N,C126
R0000211,2026-07-01 12:59:53,MO,VOICE,99970000027,99971699366,561,0.94,N,C127
R0000212,2026-07-01 01:09:48,MO,VOICE,99970000027,99971923593,270,0.45,N,C128
R0000213,2026-07-01 02:26:43,MO,VOICE,99970000027,99971883843,498,0.83,N,C127
R0000214,2026-07-01 05:50:17,MO,VOICE,99970000027,99971095919,526,0.88,N,C128
R0000215,2026-07-01 09:15:40,MO,VOICE,99970000027,99971515590,251,0.42,N,C127
R0000216,2026-07-01 20:12:22,MO,VOICE,99970000027,99971675303,398,0.66,N,C128
R0000217,2026-07-01 05:26:50,MO,SMS,99970000027,99971261990,0,0.05,N,C127
R0000218,2026-07-01 15:30:52,MT,VOICE,99970000098,99970000027,141,0.00,N,C127
R0000219,2026-07-01 07:00:50,MO,VOICE,99970000028,99971366602,151,0.25,N,C128
R0000220,2026-07-01 15:57:24,MO,VOICE,99970000028,99971730076,469,0.78,N,C129
R0000221,2026-07-01 09:08:13,MO,VOICE,99970000028,99971253230,350,0.58,N,C130
R0000222,2026-07-01 15:31:59,MO,VOICE,99970000028,99971097269,450,0.75,N,C128
R0000223,2026-07-01 17:19:14,MO,VOICE,99970000028,99971753735,58,0.10,N,C129
R0000224,2026-07-01 19:21:22,MO,VOICE,99970000028,99971459456,202,0.34,N,C130
R0000225,2026-07-01 05:25:30,MO,SMS,99970000028,99971626690,0,0.05,N,C128
R0000226,2026-07-01 19:59:00,MT,VOICE,99970000179,99970000028,185,0.00,N,C128
R0000227,2026-07-01 16:54:46,MT,VOICE,99970000085,99970000028,218,0.00,N,C128
R0000228,2026-07-01 13:05:59,MT,VOICE,99970000033,99970000028,122,0.00,N,C128
R0000229,2026-07-01 14:14:57,MO,VOICE,99970000029,99971901286,370,0.62,N,C129
R0000230,2026-07-01 13:39:17,MO,VOICE,99970000029,99971089090,494,0.82,N,C130
R0000231,2026-07-01 20:34:42,MO,VOICE,99970000029,99971074838,137,0.23,N,C129
R0000232,2026-07-01 16:17:25,MO,VOICE,99970000029,99971785627,101,0.17,N,C130
R0000233,2026-07-01 04:05:32,MO,VOICE,99970000029,99971204157,486,0.81,N,C129
R0000234,2026-07-01 13:06:47,MO,VOICE,99970000029,99971970652,464,0.77,N,C130
R0000235,2026-07-01 15:06:35,MO,VOICE,99970000029,99971780047,160,0.27,N,C129
R0000236,2026-07-01 20:40:23,MT,VOICE,99970000163,99970000029,131,0.00,N,C129
R0000237,2026-07-01 13:38:25,MT,VOICE,99970000124,99970000029,57,0.00,N,C129
R0000238,2026-07-01 10:35:27,MT,VOICE,99970000109,99970000029,265,0.00,N,C129
R0000239,2026-07-01 18:02:00,MO,VOICE,99970000030,99971824068,564,0.94,N,C130
R0000240,2026-07-01 06:56:50,MO,VOICE,99970000030,99971791027,207,0.35,N,C130
R0000241,2026-07-01 08:39:34,MO,VOICE,99970000030,99971915656,468,0.78,N,C130
R0000242,2026-07-01 17:00:00,MO,VOICE,99970000030,99971856992,225,0.38,N,C130
R0000243,2026-07-01 00:51:33,MO,SMS,99970000030,99971614409,0,0.05,N,C130
R0000244,2026-07-01 14:31:34,MT,VOICE,99970000156,99970000030,287,0.00,N,C130
R0000245,2026-07-01 16:22:29,MO,VOICE,99970000031,99971845058,240,0.40,N,C131
R0000246,2026-07-01 15:26:31,MO,VOICE,99970000031,99971121991,213,0.36,N,C132
R0000247,2026-07-01 04:30:16,MO,VOICE,99970000031,99971679547,443,0.74,N,C133
R0000248,2026-07-01 07:56:51,MO,VOICE,99970000031,99971134158,233,0.39,N,C131
R0000249,2026-07-01 16:58:56,MO,VOICE,99970000031,99971041695,125,0.21,N,C132
R0000250,2026-07-01 13:09:52,MO,VOICE,99970000031,99971477700,321,0.54,N,C133
R0000251,2026-07-01 20:06:49,MO,VOICE,99970000031,99971705827,268,0.45,N,C131
R0000252,2026-07-01 18:55:21,MT,VOICE,99970000160,99970000031,255,0.00,N,C131
R0000253,2026-07-01 22:52:57,MT,VOICE,99970000086,99970000031,126,0.00,N,C131
R0000254,2026-07-01 21:20:16,MO,VOICE,99970000032,99971564525,250,0.42,N,C132
R0000255,2026-07-01 17:12:43,MO,VOICE,99970000032,99971516097,558,0.93,N,C133
R0000256,2026-07-01 14:39:31,MO,VOICE,99970000032,99971724555,399,0.67,N,C134
R0000257,2026-07-01 13:58:44,MO,VOICE,99970000032,99971118396,442,0.74,N,C132
R0000258,2026-07-01 20:22:31,MT,VOICE,99970000013,99970000032,286,0.00,N,C132
R0000259,2026-07-01 03:15:19,MT,VOICE,99970000107,99970000032,256,0.00,N,C132
R0000260,2026-07-01 18:07:43,MO,VOICE,99970000033,99971844604,321,0.54,N,C133
R0000261,2026-07-01 20:56:09,MO,VOICE,99970000033,99971725434,334,0.56,N,C133
R0000262,2026-07-01 15:29:54,MO,VOICE,99970000033,99971950583,189,0.32,N,C133
R0000263,2026-07-01 16:11:11,MO,VOICE,99970000033,99971546972,91,0.15,N,C133
R0000264,2026-07-01 02:28:01,MO,VOICE,99970000033,99971174928,312,0.52,N,C133
R0000265,2026-07-01 07:28:41,MO,VOICE,99970000033,99971187712,280,0.47,N,C133
R0000266,2026-07-01 04:12:14,MT,VOICE,99970000084,99970000033,161,0.00,N,C133
R0000267,2026-07-01 06:13:15,MO,VOICE,99970000034,99971414631,359,0.60,N,C134
R0000268,2026-07-01 13:15:57,MO,VOICE,99970000034,99971624629,302,0.50,N,C134
R0000269,2026-07-01 08:01:16,MO,VOICE,99970000034,99971513988,125,0.21,N,C134
R0000270,2026-07-01 10:16:49,MO,VOICE,99970000034,99971057112,101,0.17,N,C134
R0000271,2026-07-01 01:23:34,MO,SMS,99970000034,99971121105,0,0.05,N,C134
R0000272,2026-07-01 01:53:22,MT,VOICE,99970000023,99970000034,35,0.00,N,C134
R0000273,2026-07-01 13:40:06,MO,VOICE,99970000035,99971536402,506,0.84,N,C135
R0000274,2026-07-01 00:01:25,MO,VOICE,99970000035,99971411546,239,0.40,N,C136
R0000275,2026-07-01 21:48:32,MO,VOICE,99970000035,99971938838,243,0.41,N,C135
R0000276,2026-07-01 07:35:09,MO,VOICE,99970000035,99971486632,556,0.93,N,C136
R0000277,2026-07-01 13:53:59,MO,SMS,99970000035,99971290481,0,0.05,N,C135
R0000278,2026-07-01 04:18:03,MT,VOICE,99970000010,99970000035,161,0.00,N,C135
R0000279,2026-07-01 18:13:40,MO,VOICE,99970000036,99971686672,580,0.97,N,C136
R0000280,2026-07-01 11:23:47,MO,VOICE,99970000036,99971326932,589,0.98,N,C136
R0000281,2026-07-01 04:05:16,MO,VOICE,99970000036,99971829385,47,0.08,N,C136
R0000282,2026-07-01 00:58:30,MO,VOICE,99970000036,99971664520,384,0.64,N,C136
R0000283,2026-07-01 11:45:19,MO,VOICE,99970000036,99971461865,545,0.91,N,C136
R0000284,2026-07-01 08:49:02,MO,VOICE,99970000036,99971626167,294,0.49,N,C136
R0000285,2026-07-01 00:35:14,MO,VOICE,99970000036,99971747643,297,0.50,N,C136
R0000286,2026-07-01 07:07:16,MO,SMS,99970000036,99971562622,0,0.05,N,C136
R0000287,2026-07-01 04:32:50,MT,VOICE,99970000046,99970000036,74,0.00,N,C136
R0000288,2026-07-01 11:43:04,MT,VOICE,99970000073,99970000036,131,0.00,N,C136
R0000289,2026-07-01 00:03:23,MT,VOICE,99970000023,99970000036,159,0.00,N,C136
R0000290,2026-07-01 12:18:48,MO,VOICE,99970000037,99971890969,186,0.31,N,C137
R0000291,2026-07-01 15:40:20,MO,VOICE,99970000037,99971805195,213,0.36,N,C138
R0000292,2026-07-01 12:06:34,MO,VOICE,99970000037,99971648820,556,0.93,N,C139
R0000293,2026-07-01 10:57:59,MO,VOICE,99970000037,99971132735,328,0.55,N,C137
R0000294,2026-07-01 16:27:00,MT,VOICE,99970000100,99970000037,299,0.00,N,C137
R0000295,2026-07-01 16:09:46,MO,VOICE,99970000038,99971017363,381,0.64,N,C138
R0000296,2026-07-01 11:29:40,MO,VOICE,99970000038,99971127637,569,0.95,N,C139
R0000297,2026-07-01 10:23:23,MO,VOICE,99970000038,99971667082,207,0.35,N,C138
R0000298,2026-07-01 03:22:54,MO,VOICE,99970000038,99971138653,331,0.55,N,C139
R0000299,2026-07-01 09:14:31,MT,VOICE,99970000088,99970000038,227,0.00,N,C138
R0000300,2026-07-01 23:34:15,MT,VOICE,99970000156,99970000038,137,0.00,N,C138
R0000301,2026-07-01 05:34:35,MT,VOICE,99970000198,99970000038,118,0.00,N,C138
R0000302,2026-07-01 03:56:05,MO,VOICE,99970000039,99971503047,494,0.82,N,C139
R0000303,2026-07-01 01:01:24,MO,VOICE,99970000039,99971811687,389,0.65,N,C140
R0000304,2026-07-01 16:43:19,MO,VOICE,99970000039,99971476164,435,0.73,N,C141
R0000305,2026-07-01 13:36:15,MO,SMS,99970000039,99971599958,0,0.05,N,C139
R0000306,2026-07-01 00:01:57,MT,VOICE,99970000175,99970000039,161,0.00,N,C139
R0000307,2026-07-01 11:54:18,MO,VOICE,99970000040,99971670307,540,0.90,N,C140
R0000308,2026-07-01 20:06:29,MO,VOICE,99970000040,99971777616,476,0.79,N,C140
R0000309,2026-07-01 08:43:42,MO,VOICE,99970000040,99971803471,91,0.15,N,C140
R0000310,2026-07-01 08:38:16,MO,VOICE,99970000040,99971052355,357,0.60,N,C140
R0000311,2026-07-01 18:12:48,MO,SMS,99970000040,99971470896,0,0.05,N,C140
R0000312,2026-07-01 05:26:17,MT,VOICE,99970000056,99970000040,32,0.00,N,C140
R0000313,2026-07-01 03:55:19,MT,VOICE,99970000060,99970000040,63,0.00,N,C140
R0000314,2026-07-01 17:09:07,MT,VOICE,99970000075,99970000040,187,0.00,N,C140
R0000315,2026-07-01 19:55:35,MO,VOICE,99970000041,99971140832,301,0.50,N,C141
R0000316,2026-07-01 05:39:50,MO,VOICE,99970000041,99971576462,186,0.31,N,C142
R0000317,2026-07-01 06:54:26,MO,VOICE,99970000041,99971834033,592,0.99,N,C143
R0000318,2026-07-01 16:59:00,MO,VOICE,99970000041,99971335948,438,0.73,N,C141
R0000319,2026-07-01 12:55:23,MO,VOICE,99970000041,99971600945,31,0.05,N,C142
R0000320,2026-07-01 11:41:33,MO,VOICE,99970000041,99971518530,559,0.93,N,C143
R0000321,2026-07-01 07:15:15,MO,VOICE,99970000041,99971125172,568,0.95,N,C141
R0000322,2026-07-01 22:34:26,MT,VOICE,99970000058,99970000041,222,0.00,N,C141
R0000323,2026-07-01 16:26:47,MO,VOICE,99970000042,99971908913,152,0.25,N,C142
R0000324,2026-07-01 09:08:22,MO,VOICE,99970000042,99971402990,277,0.46,N,C143
R0000325,2026-07-01 14:57:02,MO,VOICE,99970000042,99971455784,582,0.97,N,C142
R0000326,2026-07-01 04:06:46,MO,VOICE,99970000042,99971275365,443,0.74,N,C143
R0000327,2026-07-01 19:04:02,MO,VOICE,99970000042,99971986169,321,0.54,N,C142
R0000328,2026-07-01 03:32:55,MO,VOICE,99970000042,99971251475,100,0.17,N,C143
R0000329,2026-07-01 06:05:30,MO,VOICE,99970000042,99971760324,470,0.78,N,C142
R0000330,2026-07-01 04:12:44,MT,VOICE,99970000174,99970000042,120,0.00,N,C142
R0000331,2026-07-01 19:52:16,MT,VOICE,99970000004,99970000042,124,0.00,N,C142
R0000332,2026-07-01 06:19:31,MO,VOICE,99970000043,99971740056,214,0.36,N,C143
R0000333,2026-07-01 22:12:39,MO,VOICE,99970000043,99971934999,390,0.65,N,C144
R0000334,2026-07-01 20:46:37,MO,VOICE,99970000043,99971076408,523,0.87,N,C145
R0000335,2026-07-01 21:57:48,MO,VOICE,99970000043,99971076603,353,0.59,N,C143
R0000336,2026-07-01 06:05:57,MO,VOICE,99970000043,99971239567,203,0.34,N,C144
R0000337,2026-07-01 13:21:32,MO,VOICE,99970000043,99971640699,300,0.50,N,C145
R0000338,2026-07-01 13:03:44,MO,VOICE,99970000043,99971789782,175,0.29,N,C143
R0000339,2026-07-01 23:26:29,MO,VOICE,99970000043,99971590880,575,0.96,N,C144
R0000340,2026-07-01 17:34:09,MO,SMS,99970000043,99971521129,0,0.05,N,C143
R0000341,2026-07-01 06:38:31,MT,VOICE,99970000192,99970000043,178,0.00,N,C143
R0000342,2026-07-01 01:21:53,MO,VOICE,99970000044,99971884571,569,0.95,N,C144
R0000343,2026-07-01 07:58:31,MO,VOICE,99970000044,99971942300,101,0.17,N,C145
R0000344,2026-07-01 09:31:52,MO,VOICE,99970000044,99971589181,51,0.09,N,C146
R0000345,2026-07-01 03:44:08,MO,VOICE,99970000044,99971564109,94,0.16,N,C144
R0000346,2026-07-01 06:05:08,MO,SMS,99970000044,99971802293,0,0.05,N,C144
R0000347,2026-07-01 05:15:43,MT,VOICE,99970000121,99970000044,116,0.00,N,C144
R0000348,2026-07-01 11:29:02,MT,VOICE,99970000091,99970000044,169,0.00,N,C144
R0000349,2026-07-01 16:37:43,MT,VOICE,99970000136,99970000044,290,0.00,N,C144
R0000350,2026-07-01 18:45:15,MO,VOICE,99970000045,99971658670,305,0.51,N,C145
R0000351,2026-07-01 03:22:20,MO,VOICE,99970000045,99971581640,474,0.79,N,C145
R0000352,2026-07-01 12:06:06,MO,VOICE,99970000045,99971308460,392,0.65,N,C145
R0000353,2026-07-01 00:18:18,MO,VOICE,99970000045,99971233172,465,0.78,N,C145
R0000354,2026-07-01 22:09:50,MO,SMS,99970000045,99971361444,0,0.05,N,C145
R0000355,2026-07-01 15:30:46,MT,VOICE,99970000029,99970000045,264,0.00,N,C145
R0000356,2026-07-01 05:29:52,MO,VOICE,99970000046,99971538385,484,0.81,N,C146
R0000357,2026-07-01 05:55:28,MO,VOICE,99970000046,99971109241,347,0.58,N,C147
R0000358,2026-07-01 00:00:58,MO,VOICE,99970000046,99971337401,37,0.06,N,C148
R0000359,2026-07-01 05:33:20,MO,SMS,99970000046,99971365941,0,0.05,N,C146
R0000360,2026-07-01 16:17:39,MT,VOICE,99970000040,99970000046,266,0.00,N,C146
R0000361,2026-07-01 18:21:57,MO,VOICE,99970000047,99971853591,389,0.65,N,C147
R0000362,2026-07-01 20:23:39,MO,VOICE,99970000047,99971416720,496,0.83,N,C148
R0000363,2026-07-01 09:37:29,MO,VOICE,99970000047,99971581422,89,0.15,N,C147
R0000364,2026-07-01 04:01:32,MO,VOICE,99970000047,99971896872,44,0.07,N,C148
R0000365,2026-07-01 04:36:59,MO,VOICE,99970000047,99971565082,537,0.90,N,C147
R0000366,2026-07-01 05:40:14,MO,VOICE,99970000047,99971135777,386,0.64,N,C148
R0000367,2026-07-01 15:38:16,MO,VOICE,99970000047,99971044622,46,0.08,N,C147
R0000368,2026-07-01 05:36:01,MT,VOICE,99970000019,99970000047,230,0.00,N,C147
R0000369,2026-07-01 16:16:20,MO,VOICE,99970000048,99971990924,121,0.20,N,C148
R0000370,2026-07-01 02:40:43,MO,VOICE,99970000048,99971283369,465,0.78,N,C148
R0000371,2026-07-01 03:29:02,MO,VOICE,99970000048,99971126438,274,0.46,N,C148
R0000372,2026-07-01 14:59:55,MO,VOICE,99970000048,99971729757,265,0.44,N,C148
R0000373,2026-07-01 02:45:51,MO,VOICE,99970000048,99971062005,215,0.36,N,C148
R0000374,2026-07-01 12:05:16,MO,VOICE,99970000048,99971440632,486,0.81,N,C148
R0000375,2026-07-01 15:43:24,MO,VOICE,99970000048,99971072596,507,0.85,N,C148
R0000376,2026-07-01 14:44:54,MT,VOICE,99970000173,99970000048,237,0.00,N,C148
R0000377,2026-07-01 08:02:46,MO,VOICE,99970000049,99971779638,507,0.85,N,C149
R0000378,2026-07-01 06:27:25,MO,VOICE,99970000049,99971111185,114,0.19,N,C100
R0000379,2026-07-01 05:06:52,MO,VOICE,99970000049,99971257255,312,0.52,N,C149
R0000380,2026-07-01 14:20:45,MO,VOICE,99970000049,99971150116,158,0.26,N,C100
R0000381,2026-07-01 01:55:00,MO,VOICE,99970000049,99971669332,224,0.37,N,C149
R0000382,2026-07-01 07:08:24,MO,VOICE,99970000049,99971525781,532,0.89,N,C100
R0000383,2026-07-01 04:26:14,MT,VOICE,99970000194,99970000049,260,0.00,N,C149
R0000384,2026-07-01 01:14:30,MT,VOICE,99970000178,99970000049,234,0.00,N,C149
R0000385,2026-07-01 02:32:47,MO,VOICE,99970000050,99971085386,205,0.34,N,C100
R0000386,2026-07-01 10:59:48,MO,VOICE,99970000050,99971477262,400,0.67,N,C100
R0000387,2026-07-01 08:07:19,MO,VOICE,99970000050,99971287428,458,0.76,N,C100
R0000388,2026-07-01 04:12:54,MO,VOICE,99970000050,99971252769,24,0.04,N,C100
R0000389,2026-07-01 15:53:02,MO,SMS,99970000050,99971915693,0,0.05,N,C100
R0000390,2026-07-01 20:22:45,MT,VOICE,99970000012,99970000050,58,0.00,N,C100
R0000391,2026-07-01 16:21:03,MO,VOICE,99970000051,99971815175,389,0.65,N,C101
R0000392,2026-07-01 21:57:30,MO,VOICE,99970000051,99971014099,96,0.16,N,C102
R0000393,2026-07-01 00:08:59,MO,VOICE,99970000051,99971397715,421,0.70,N,C101
R0000394,2026-07-01 22:43:35,MO,VOICE,99970000051,99971315477,191,0.32,N,C102
R0000395,2026-07-01 06:22:27,MO,VOICE,99970000051,99971877331,510,0.85,N,C101
R0000396,2026-07-01 10:33:22,MO,VOICE,99970000051,99971394345,206,0.34,N,C102
R0000397,2026-07-01 21:48:23,MO,VOICE,99970000051,99971240881,223,0.37,N,C101
R0000398,2026-07-01 11:21:50,MO,SMS,99970000051,99971567480,0,0.05,N,C101
R0000399,2026-07-01 09:10:08,MT,VOICE,99970000066,99970000051,204,0.00,N,C101
R0000400,2026-07-01 20:02:10,MO,VOICE,99970000052,99971447763,427,0.71,N,C102
R0000401,2026-07-01 06:25:30,MO,VOICE,99970000052,99971750472,560,0.93,N,C102
R0000402,2026-07-01 01:07:43,MO,VOICE,99970000052,99971703838,227,0.38,N,C102
R0000403,2026-07-01 21:14:26,MO,VOICE,99970000052,99971628750,157,0.26,N,C102
R0000404,2026-07-01 14:33:52,MT,VOICE,99970000028,99970000052,129,0.00,N,C102
R0000405,2026-07-01 04:22:09,MT,VOICE,99970000065,99970000052,95,0.00,N,C102
R0000406,2026-07-01 10:35:20,MO,VOICE,99970000053,99971825344,37,0.06,N,C103
R0000407,2026-07-01 20:19:50,MO,VOICE,99970000053,99971613263,340,0.57,N,C104
R0000408,2026-07-01 00:09:57,MO,VOICE,99970000053,99971415370,147,0.25,N,C105
R0000409,2026-07-01 01:20:38,MO,VOICE,99970000053,99971479736,459,0.77,N,C103
R0000410,2026-07-01 18:58:48,MO,VOICE,99970000053,99971655021,358,0.60,N,C104
R0000411,2026-07-01 04:02:25,MO,SMS,99970000053,99971318672,0,0.05,N,C103
R0000412,2026-07-01 12:11:42,MT,VOICE,99970000147,99970000053,261,0.00,N,C103
R0000413,2026-07-01 03:29:20,MT,VOICE,99970000026,99970000053,46,0.00,N,C103
R0000414,2026-07-01 21:07:19,MT,VOICE,99970000185,99970000053,62,0.00,N,C103
R0000415,2026-07-01 10:05:14,MO,VOICE,99970000054,99971458828,560,0.93,N,C104
R0000416,2026-07-01 06:42:59,MO,VOICE,99970000054,99971195513,84,0.14,N,C104
R0000417,2026-07-01 01:17:45,MO,VOICE,99970000054,99971126487,568,0.95,N,C104
R0000418,2026-07-01 19:37:16,MO,SMS,99970000054,99971056970,0,0.05,N,C104
R0000419,2026-07-01 05:37:17,MT,VOICE,99970000110,99970000054,42,0.00,N,C104
R0000420,2026-07-01 08:48:21,MT,VOICE,99970000197,99970000054,193,0.00,N,C104
R0000421,2026-07-01 11:10:34,MT,VOICE,99970000084,99970000054,147,0.00,N,C104
R0000422,2026-07-01 01:38:55,MO,VOICE,99970000055,99971020329,33,0.06,N,C105
R0000423,2026-07-01 07:28:55,MO,VOICE,99970000055,99971423991,586,0.98,N,C106
R0000424,2026-07-01 18:41:22,MO,VOICE,99970000055,99971700246,97,0.16,N,C105
R0000425,2026-07-01 23:04:37,MO,VOICE,99970000055,99971306823,457,0.76,N,C106
R0000426,2026-07-01 01:29:23,MO,VOICE,99970000055,99971031333,23,0.04,N,C105
R0000427,2026-07-01 12:54:29,MO,VOICE,99970000055,99971120558,530,0.88,N,C106
R0000428,2026-07-01 16:41:49,MO,SMS,99970000055,99971932093,0,0.05,N,C105
R0000429,2026-07-01 10:22:28,MT,VOICE,99970000121,99970000055,217,0.00,N,C105
R0000430,2026-07-01 13:48:51,MO,VOICE,99970000056,99971954668,120,0.20,N,C106
R0000431,2026-07-01 23:22:12,MO,VOICE,99970000056,99971425917,186,0.31,N,C107
R0000432,2026-07-01 14:11:39,MO,VOICE,99970000056,99971583969,590,0.98,N,C108
R0000433,2026-07-01 08:01:23,MO,VOICE,99970000056,99971739952,328,0.55,N,C106
R0000434,2026-07-01 22:56:35,MO,VOICE,99970000056,99971048133,44,0.07,N,C107
R0000435,2026-07-01 09:57:16,MO,VOICE,99970000056,99971178774,166,0.28,N,C108
R0000436,2026-07-01 02:56:07,MO,VOICE,99970000056,99971324208,189,0.32,N,C106
R0000437,2026-07-01 19:51:55,MT,VOICE,99970000045,99970000056,99,0.00,N,C106
R0000438,2026-07-01 08:08:28,MO,VOICE,99970000057,99971148738,90,0.15,N,C107
R0000439,2026-07-01 21:07:49,MO,VOICE,99970000057,99971693242,184,0.31,N,C107
R0000440,2026-07-01 09:26:36,MO,VOICE,99970000057,99971230600,507,0.85,N,C107
R0000441,2026-07-01 23:30:57,MO,VOICE,99970000057,99971302667,534,0.89,N,C107
R0000442,2026-07-01 03:12:24,MO,VOICE,99970000057,99971134411,528,0.88,N,C107
R0000443,2026-07-01 14:30:12,MO,SMS,99970000057,99971209264,0,0.05,N,C107
R0000444,2026-07-01 05:34:05,MT,VOICE,99970000115,99970000057,77,0.00,N,C107
R0000445,2026-07-01 14:05:31,MT,VOICE,99970000040,99970000057,199,0.00,N,C107
R0000446,2026-07-01 11:01:24,MT,VOICE,99970000027,99970000057,139,0.00,N,C107
R0000447,2026-07-01 04:13:12,MO,VOICE,99970000058,99971413767,247,0.41,N,C108
R0000448,2026-07-01 22:38:02,MO,VOICE,99970000058,99971415891,158,0.26,N,C108
R0000449,2026-07-01 06:41:40,MO,VOICE,99970000058,99971894369,304,0.51,N,C108
R0000450,2026-07-01 13:06:35,MO,VOICE,99970000058,99971168977,136,0.23,N,C108
R0000451,2026-07-01 23:03:42,MO,VOICE,99970000058,99971959845,477,0.80,N,C108
R0000452,2026-07-01 19:20:20,MO,VOICE,99970000058,99971976408,414,0.69,N,C108
R0000453,2026-07-01 09:08:20,MO,SMS,99970000058,99971070603,0,0.05,N,C108
R0000454,2026-07-01 20:14:17,MT,VOICE,99970000118,99970000058,181,0.00,N,C108
R0000455,2026-07-01 01:57:13,MT,VOICE,99970000071,99970000058,110,0.00,N,C108
R0000456,2026-07-01 14:17:30,MO,VOICE,99970000059,99971277144,184,0.31,N,C109
R0000457,2026-07-01 10:32:01,MO,VOICE,99970000059,99971819229,481,0.80,N,C109
R0000458,2026-07-01 01:07:24,MO,VOICE,99970000059,99971392493,225,0.38,N,C109
R0000459,2026-07-01 07:45:38,MO,VOICE,99970000059,99971190956,129,0.22,N,C109
R0000460,2026-07-01 00:25:33,MO,VOICE,99970000059,99971888165,184,0.31,N,C109
R0000461,2026-07-01 06:14:17,MO,SMS,99970000059,99971921400,0,0.05,N,C109
R0000462,2026-07-01 06:05:14,MT,VOICE,99970000034,99970000059,244,0.00,N,C109
R0000463,2026-07-01 22:59:34,MO,VOICE,99970000060,99971175737,102,0.17,N,C110
R0000464,2026-07-01 01:10:27,MO,VOICE,99970000060,99971532068,194,0.32,N,C111
R0000465,2026-07-01 17:05:24,MO,VOICE,99970000060,99971149562,457,0.76,N,C112
R0000466,2026-07-01 13:26:26,MO,VOICE,99970000060,99971495291,426,0.71,N,C110
R0000467,2026-07-01 15:27:54,MT,VOICE,99970000147,99970000060,98,0.00,N,C110
R0000468,2026-07-01 00:52:24,MT,VOICE,99970000036,99970000060,148,0.00,N,C110
R0000469,2026-07-01 15:35:16,MT,VOICE,99970000162,99970000060,265,0.00,N,C110
R0000470,2026-07-01 10:29:28,MO,VOICE,99970000061,99971933160,250,0.42,N,C111
R0000471,2026-07-01 01:26:41,MO,VOICE,99970000061,99971634422,499,0.83,N,C112
R0000472,2026-07-01 19:29:39,MO,VOICE,99970000061,99971314725,163,0.27,N,C113
R0000473,2026-07-01 06:39:02,MO,SMS,99970000061,99971121164,0,0.05,N,C111
R0000474,2026-07-01 03:07:24,MT,VOICE,99970000145,99970000061,191,0.00,N,C111
R0000475,2026-07-01 10:50:31,MO,VOICE,99970000062,99971791620,62,0.10,N,C112
R0000476,2026-07-01 02:13:03,MO,VOICE,99970000062,99971590882,99,0.17,N,C113
R0000477,2026-07-01 23:34:24,MO,VOICE,99970000062,99971216542,425,0.71,N,C112
R0000478,2026-07-01 11:23:36,MO,VOICE,99970000062,99971926685,20,0.03,N,C113
R0000479,2026-07-01 08:11:24,MO,VOICE,99970000062,99971318486,548,0.91,N,C112
R0000480,2026-07-01 01:07:38,MO,VOICE,99970000062,99971614583,95,0.16,N,C113
R0000481,2026-07-01 12:06:41,MO,VOICE,99970000062,99971893950,361,0.60,N,C112
R0000482,2026-07-01 13:08:07,MT,VOICE,99970000186,99970000062,207,0.00,N,C112
R0000483,2026-07-01 12:56:59,MT,VOICE,99970000041,99970000062,162,0.00,N,C112
R0000484,2026-07-01 17:17:32,MO,VOICE,99970000063,99971853698,77,0.13,N,C113
R0000485,2026-07-01 01:52:51,MO,VOICE,99970000063,99971296841,548,0.91,N,C114
R0000486,2026-07-01 23:47:52,MO,VOICE,99970000063,99971064947,327,0.55,N,C113
R0000487,2026-07-01 20:12:04,MO,VOICE,99970000063,99971849498,330,0.55,N,C114
R0000488,2026-07-01 13:47:28,MT,VOICE,99970000094,99970000063,219,0.00,N,C113
R0000489,2026-07-01 11:10:09,MT,VOICE,99970000186,99970000063,97,0.00,N,C113
R0000490,2026-07-01 20:27:35,MT,VOICE,99970000033,99970000063,180,0.00,N,C113
R0000491,2026-07-01 07:52:39,MO,VOICE,99970000064,99971933059,165,0.28,N,C114
R0000492,2026-07-01 08:27:17,MO,VOICE,99970000064,99971229821,575,0.96,N,C114
R0000493,2026-07-01 18:57:25,MO,VOICE,99970000064,99971142573,404,0.67,N,C114
R0000494,2026-07-01 17:17:23,MO,SMS,99970000064,99971643534,0,0.05,N,C114
R0000495,2026-07-01 10:32:20,MT,VOICE,99970000185,99970000064,118,0.00,N,C114
R0000496,2026-07-01 20:50:38,MT,VOICE,99970000172,99970000064,165,0.00,N,C114
R0000497,2026-07-01 17:39:55,MT,VOICE,99970000067,99970000064,179,0.00,N,C114
R0000498,2026-07-01 08:47:03,MO,VOICE,99970000065,99971235042,491,0.82,N,C115
R0000499,2026-07-01 16:38:47,MO,VOICE,99970000065,99971000251,232,0.39,N,C115
R0000500,2026-07-01 19:12:02,MO,VOICE,99970000065,99971909839,321,0.54,N,C115
R0000501,2026-07-01 12:02:46,MO,VOICE,99970000065,99971397466,383,0.64,N,C115
R0000502,2026-07-01 03:31:08,MO,VOICE,99970000065,99971045403,46,0.08,N,C115
R0000503,2026-07-01 17:27:29,MO,VOICE,99970000065,99971217119,499,0.83,N,C115
R0000504,2026-07-01 06:57:29,MO,VOICE,99970000065,99971221147,142,0.24,N,C115
R0000505,2026-07-01 18:26:09,MO,SMS,99970000065,99971268339,0,0.05,N,C115
R0000506,2026-07-01 16:02:18,MT,VOICE,99970000027,99970000065,51,0.00,N,C115
R0000507,2026-07-01 10:47:30,MT,VOICE,99970000142,99970000065,39,0.00,N,C115
R0000508,2026-07-01 07:29:27,MO,VOICE,99970000066,99971304553,119,0.20,N,C116
R0000509,2026-07-01 17:48:03,MO,VOICE,99970000066,99971701862,489,0.82,N,C117
R0000510,2026-07-01 16:29:19,MO,VOICE,99970000066,99971733966,301,0.50,N,C116
R0000511,2026-07-01 17:38:30,MO,VOICE,99970000066,99971093554,557,0.93,N,C117
R0000512,2026-07-01 09:59:17,MO,VOICE,99970000066,99971500777,98,0.16,N,C116
R0000513,2026-07-01 13:37:28,MO,SMS,99970000066,99971175905,0,0.05,N,C116
R0000514,2026-07-01 04:11:58,MT,VOICE,99970000140,99970000066,64,0.00,N,C116
R0000515,2026-07-01 18:32:12,MT,VOICE,99970000079,99970000066,107,0.00,N,C116
R0000516,2026-07-01 15:03:59,MO,VOICE,99970000067,99971829875,540,0.90,N,C117
R0000517,2026-07-01 07:42:27,MO,VOICE,99970000067,99971669974,385,0.64,N,C118
R0000518,2026-07-01 11:28:44,MO,VOICE,99970000067,99971455638,163,0.27,N,C117
R0000519,2026-07-01 18:46:13,MO,VOICE,99970000067,99971449610,190,0.32,N,C118
R0000520,2026-07-01 20:41:45,MO,VOICE,99970000067,99971214219,505,0.84,N,C117
R0000521,2026-07-01 02:50:26,MT,VOICE,99970000033,99970000067,73,0.00,N,C117
R0000522,2026-07-01 03:32:34,MO,VOICE,99970000068,99971868119,111,0.19,N,C118
R0000523,2026-07-01 11:24:53,MO,VOICE,99970000068,99971253806,430,0.72,N,C119
R0000524,2026-07-01 10:10:32,MO,VOICE,99970000068,99971508063,369,0.62,N,C120
R0000525,2026-07-01 04:36:05,MO,VOICE,99970000068,99971681860,61,0.10,N,C118
R0000526,2026-07-01 17:55:29,MO,VOICE,99970000068,99971429509,590,0.98,N,C119
R0000527,2026-07-01 05:43:44,MO,VOICE,99970000068,99971429379,166,0.28,N,C120
R0000528,2026-07-01 05:59:00,MT,VOICE,99970000087,99970000068,65,0.00,N,C118
R0000529,2026-07-01 06:09:41,MO,VOICE,99970000069,99971819940,484,0.81,N,C119
R0000530,2026-07-01 14:40:06,MO,VOICE,99970000069,99971457151,240,0.40,N,C120
R0000531,2026-07-01 20:05:24,MO,VOICE,99970000069,99971526860,576,0.96,N,C121
R0000532,2026-07-01 22:52:20,MO,VOICE,99970000069,99971657665,193,0.32,N,C119
R0000533,2026-07-01 14:34:32,MO,VOICE,99970000069,99971355856,305,0.51,N,C120
R0000534,2026-07-01 19:18:50,MO,SMS,99970000069,99971188289,0,0.05,N,C119
R0000535,2026-07-01 04:35:36,MT,VOICE,99970000158,99970000069,108,0.00,N,C119
R0000536,2026-07-01 03:29:53,MT,VOICE,99970000108,99970000069,152,0.00,N,C119
R0000537,2026-07-01 11:29:17,MO,VOICE,99970000070,99971378649,278,0.46,N,C120
R0000538,2026-07-01 04:44:01,MO,VOICE,99970000070,99971717452,502,0.84,N,C121
R0000539,2026-07-01 20:23:03,MO,VOICE,99970000070,99971393516,595,0.99,N,C122
R0000540,2026-07-01 12:00:45,MO,VOICE,99970000070,99971176201,171,0.29,N,C120
R0000541,2026-07-01 22:27:38,MO,VOICE,99970000070,99971063166,183,0.31,N,C121
R0000542,2026-07-01 16:30:49,MT,VOICE,99970000094,99970000070,281,0.00,N,C120
R0000543,2026-07-01 00:20:29,MO,VOICE,99970000071,99971785857,88,0.15,N,C121
R0000544,2026-07-01 23:42:27,MO,VOICE,99970000071,99971556582,290,0.48,N,C121
R0000545,2026-07-01 02:56:47,MO,VOICE,99970000071,99971229487,78,0.13,N,C121
R0000546,2026-07-01 09:57:31,MT,VOICE,99970000031,99970000071,150,0.00,N,C121
R0000547,2026-07-01 08:38:41,MT,VOICE,99970000162,99970000071,291,0.00,N,C121
R0000548,2026-07-01 01:33:46,MT,VOICE,99970000172,99970000071,207,0.00,N,C121
R0000549,2026-07-01 15:20:07,MO,VOICE,99970000072,99971155557,191,0.32,N,C122
R0000550,2026-07-01 10:15:49,MO,VOICE,99970000072,99971210634,64,0.11,N,C123
R0000551,2026-07-01 16:15:35,MO,VOICE,99970000072,99971329925,96,0.16,N,C122
R0000552,2026-07-01 13:48:23,MO,VOICE,99970000072,99971828122,69,0.12,N,C123
R0000553,2026-07-01 07:39:18,MO,VOICE,99970000072,99971096157,562,0.94,N,C122
R0000554,2026-07-01 02:31:39,MO,VOICE,99970000072,99971969700,303,0.51,N,C123
R0000555,2026-07-01 10:24:15,MO,VOICE,99970000072,99971098486,347,0.58,N,C122
R0000556,2026-07-01 19:10:45,MO,VOICE,99970000072,99971450187,552,0.92,N,C123
R0000557,2026-07-01 13:03:17,MO,SMS,99970000072,99971253945,0,0.05,N,C122
R0000558,2026-07-01 04:20:20,MT,VOICE,99970000077,99970000072,121,0.00,N,C122
R0000559,2026-07-01 19:24:56,MT,VOICE,99970000079,99970000072,92,0.00,N,C122
R0000560,2026-07-01 18:38:10,MO,VOICE,99970000073,99971096907,103,0.17,N,C123
R0000561,2026-07-01 04:10:05,MO,VOICE,99970000073,99971888902,439,0.73,N,C124
R0000562,2026-07-01 14:21:58,MO,VOICE,99970000073,99971646560,405,0.68,N,C123
R0000563,2026-07-01 06:08:25,MO,VOICE,99970000073,99971692811,453,0.76,N,C124
R0000564,2026-07-01 14:05:50,MO,VOICE,99970000073,99971494312,511,0.85,N,C123
R0000565,2026-07-01 08:53:45,MO,VOICE,99970000073,99971740983,92,0.15,N,C124
R0000566,2026-07-01 17:13:08,MO,VOICE,99970000073,99971787358,389,0.65,N,C123
R0000567,2026-07-01 04:32:32,MO,SMS,99970000073,99971596463,0,0.05,N,C123
R0000568,2026-07-01 16:12:14,MT,VOICE,99970000145,99970000073,276,0.00,N,C123
R0000569,2026-07-01 08:45:21,MT,VOICE,99970000067,99970000073,258,0.00,N,C123
R0000570,2026-07-01 11:51:43,MT,VOICE,99970000090,99970000073,70,0.00,N,C123
R0000571,2026-07-01 19:44:26,MO,VOICE,99970000074,99971238361,205,0.34,N,C124
R0000572,2026-07-01 09:18:09,MO,VOICE,99970000074,99971186477,309,0.52,N,C125
R0000573,2026-07-01 16:42:54,MO,VOICE,99970000074,99971966832,104,0.17,N,C126
R0000574,2026-07-01 07:38:45,MT,VOICE,99970000147,99970000074,257,0.00,N,C124
R0000575,2026-07-01 11:23:52,MT,VOICE,99970000043,99970000074,299,0.00,N,C124
R0000576,2026-07-01 07:34:04,MT,VOICE,99970000069,99970000074,94,0.00,N,C124
R0000577,2026-07-01 15:02:59,MO,VOICE,99970000075,99971545966,284,0.47,N,C125
R0000578,2026-07-01 01:00:37,MO,VOICE,99970000075,99971252618,217,0.36,N,C126
R0000579,2026-07-01 10:37:50,MO,VOICE,99970000075,99971826033,238,0.40,N,C127
R0000580,2026-07-01 20:41:52,MO,VOICE,99970000075,99971050370,185,0.31,N,C125
R0000581,2026-07-01 18:13:43,MO,VOICE,99970000075,99971552899,491,0.82,N,C126
R0000582,2026-07-01 15:45:49,MO,VOICE,99970000075,99971765566,96,0.16,N,C127
R0000583,2026-07-01 06:58:33,MO,VOICE,99970000075,99971834965,535,0.89,N,C125
R0000584,2026-07-01 15:51:55,MT,VOICE,99970000154,99970000075,38,0.00,N,C125
R0000585,2026-07-01 02:17:38,MO,VOICE,99970000076,99971347631,297,0.50,N,C126
R0000586,2026-07-01 21:43:50,MO,VOICE,99970000076,99971977919,548,0.91,N,C127
R0000587,2026-07-01 10:52:29,MO,VOICE,99970000076,99971214356,211,0.35,N,C126
R0000588,2026-07-01 23:13:51,MO,VOICE,99970000076,99971218481,254,0.42,N,C127
R0000589,2026-07-01 12:39:13,MO,VOICE,99970000076,99971918280,317,0.53,N,C126
R0000590,2026-07-01 12:17:53,MO,VOICE,99970000076,99971472656,115,0.19,N,C127
R0000591,2026-07-01 15:08:37,MO,VOICE,99970000076,99971286426,558,0.93,N,C126
R0000592,2026-07-01 01:19:11,MT,VOICE,99970000052,99970000076,288,0.00,N,C126
R0000593,2026-07-01 02:17:08,MT,VOICE,99970000078,99970000076,201,0.00,N,C126
R0000594,2026-07-01 10:18:25,MO,VOICE,99970000077,99971924635,48,0.08,N,C127
R0000595,2026-07-01 02:09:16,MO,VOICE,99970000077,99971418951,312,0.52,N,C128
R0000596,2026-07-01 11:48:51,MO,VOICE,99970000077,99971612942,325,0.54,N,C129
R0000597,2026-07-01 10:20:47,MO,VOICE,99970000077,99971124130,20,0.03,N,C127
R0000598,2026-07-01 07:18:30,MO,VOICE,99970000077,99971028386,495,0.83,N,C128
R0000599,2026-07-01 21:30:20,MT,VOICE,99970000109,99970000077,271,0.00,N,C127
R0000600,2026-07-01 16:24:45,MT,VOICE,99970000040,99970000077,265,0.00,N,C127
R0000601,2026-07-01 02:59:04,MT,VOICE,99970000073,99970000077,245,0.00,N,C127
R0000602,2026-07-01 03:31:23,MO,VOICE,99970000078,99971733778,168,0.28,N,C128
R0000603,2026-07-01 20:08:46,MO,VOICE,99970000078,99971745804,377,0.63,N,C129
R0000604,2026-07-01 21:42:23,MO,VOICE,99970000078,99971507437,86,0.14,N,C130
R0000605,2026-07-01 12:51:17,MO,VOICE,99970000078,99971699701,490,0.82,N,C128
R0000606,2026-07-01 04:49:03,MO,VOICE,99970000078,99971511334,471,0.79,N,C129
R0000607,2026-07-01 06:31:07,MO,VOICE,99970000078,99971110191,504,0.84,N,C130
R0000608,2026-07-01 15:56:31,MO,VOICE,99970000078,99971263112,284,0.47,N,C128
R0000609,2026-07-01 09:26:44,MO,VOICE,99970000078,99971796422,440,0.73,N,C129
R0000610,2026-07-01 11:17:49,MT,VOICE,99970000116,99970000078,188,0.00,N,C128
R0000611,2026-07-01 22:43:51,MO,VOICE,99970000079,99971343081,411,0.69,N,C129
R0000612,2026-07-01 21:28:08,MO,VOICE,99970000079,99971337570,552,0.92,N,C129
R0000613,2026-07-01 02:46:15,MO,VOICE,99970000079,99971162660,564,0.94,N,C129
R0000614,2026-07-01 19:07:13,MO,VOICE,99970000079,99971514513,367,0.61,N,C129
R0000615,2026-07-01 08:45:01,MO,VOICE,99970000079,99971136903,200,0.33,N,C129
R0000616,2026-07-01 12:02:56,MO,VOICE,99970000079,99971852117,181,0.30,N,C129
R0000617,2026-07-01 17:43:19,MO,VOICE,99970000079,99971698770,278,0.46,N,C129
R0000618,2026-07-01 19:51:37,MT,VOICE,99970000015,99970000079,282,0.00,N,C129
R0000619,2026-07-01 17:44:00,MT,VOICE,99970000062,99970000079,133,0.00,N,C129
R0000620,2026-07-01 05:18:24,MT,VOICE,99970000077,99970000079,113,0.00,N,C129
R0000621,2026-07-01 20:36:09,MO,VOICE,99970000080,99971988245,342,0.57,N,C130
R0000622,2026-07-01 09:19:27,MO,VOICE,99970000080,99971190358,204,0.34,N,C131
R0000623,2026-07-01 17:22:05,MO,VOICE,99970000080,99971475991,29,0.05,N,C132
R0000624,2026-07-01 14:50:03,MO,VOICE,99970000080,99971473767,76,0.13,N,C130
R0000625,2026-07-01 04:45:53,MO,VOICE,99970000080,99971773009,89,0.15,N,C131
R0000626,2026-07-01 12:52:14,MO,VOICE,99970000080,99971295775,338,0.56,N,C132
R0000627,2026-07-01 15:15:49,MT,VOICE,99970000076,99970000080,100,0.00,N,C130
R0000628,2026-07-01 06:18:15,MT,VOICE,99970000083,99970000080,44,0.00,N,C130
R0000629,2026-07-01 18:18:56,MO,VOICE,99970000081,99971357739,324,0.54,N,C131
R0000630,2026-07-01 21:43:56,MO,VOICE,99970000081,99971860971,285,0.48,N,C132
R0000631,2026-07-01 21:17:36,MO,VOICE,99970000081,99971931813,175,0.29,N,C131
R0000632,2026-07-01 09:57:55,MO,VOICE,99970000081,99971789202,319,0.53,N,C132
R0000633,2026-07-01 22:52:55,MO,VOICE,99970000081,99971939879,522,0.87,N,C131
R0000634,2026-07-01 01:11:03,MO,VOICE,99970000081,99971846563,341,0.57,N,C132
R0000635,2026-07-01 03:04:34,MO,VOICE,99970000081,99971568525,539,0.90,N,C131
R0000636,2026-07-01 20:27:35,MO,VOICE,99970000081,99971775963,414,0.69,N,C132
R0000637,2026-07-01 21:22:22,MO,SMS,99970000081,99971600142,0,0.05,N,C131
R0000638,2026-07-01 07:40:52,MT,VOICE,99970000106,99970000081,115,0.00,N,C131
R0000639,2026-07-01 22:44:12,MT,VOICE,99970000143,99970000081,276,0.00,N,C131
R0000640,2026-07-01 19:28:00,MO,VOICE,99970000082,99971957678,227,0.38,N,C132
R0000641,2026-07-01 19:41:44,MO,VOICE,99970000082,99971993213,559,0.93,N,C133
R0000642,2026-07-01 09:03:16,MO,VOICE,99970000082,99971296625,355,0.59,N,C132
R0000643,2026-07-01 18:23:16,MO,VOICE,99970000082,99971824627,433,0.72,N,C133
R0000644,2026-07-01 13:08:30,MO,SMS,99970000082,99971126685,0,0.05,N,C132
R0000645,2026-07-01 05:46:31,MT,VOICE,99970000050,99970000082,80,0.00,N,C132
R0000646,2026-07-01 23:23:51,MT,VOICE,99970000143,99970000082,190,0.00,N,C132
R0000647,2026-07-01 19:55:36,MT,VOICE,99970000073,99970000082,123,0.00,N,C132
R0000648,2026-07-01 02:13:41,MO,VOICE,99970000083,99971761966,492,0.82,N,C133
R0000649,2026-07-01 02:29:26,MO,VOICE,99970000083,99971192295,55,0.09,N,C134
R0000650,2026-07-01 21:49:57,MO,VOICE,99970000083,99971926483,550,0.92,N,C133
R0000651,2026-07-01 10:59:33,MO,VOICE,99970000083,99971922484,98,0.16,N,C134
R0000652,2026-07-01 05:17:23,MO,VOICE,99970000083,99971764786,503,0.84,N,C133
R0000653,2026-07-01 17:44:58,MO,VOICE,99970000083,99971610334,283,0.47,N,C134
R0000654,2026-07-01 04:39:37,MO,VOICE,99970000083,99971399714,423,0.71,N,C133
R0000655,2026-07-01 03:27:52,MO,VOICE,99970000083,99971702667,399,0.67,N,C134
R0000656,2026-07-01 08:06:44,MT,VOICE,99970000052,99970000083,218,0.00,N,C133
R0000657,2026-07-01 23:25:20,MT,VOICE,99970000168,99970000083,78,0.00,N,C133
R0000658,2026-07-01 11:09:56,MT,VOICE,99970000058,99970000083,261,0.00,N,C133
R0000659,2026-07-01 17:02:04,MO,VOICE,99970000084,99971963143,337,0.56,N,C134
R0000660,2026-07-01 13:02:49,MO,VOICE,99970000084,99971541355,545,0.91,N,C135
R0000661,2026-07-01 03:05:17,MO,VOICE,99970000084,99971521311,277,0.46,N,C136
R0000662,2026-07-01 19:38:36,MT,VOICE,99970000113,99970000084,105,0.00,N,C134
R0000663,2026-07-01 12:10:11,MT,VOICE,99970000020,99970000084,207,0.00,N,C134
R0000664,2026-07-01 14:18:11,MT,VOICE,99970000190,99970000084,113,0.00,N,C134
R0000665,2026-07-01 15:53:35,MO,VOICE,99970000085,99971781041,491,0.82,N,C135
R0000666,2026-07-01 11:42:54,MO,VOICE,99970000085,99971523281,224,0.37,N,C136
R0000667,2026-07-01 01:26:08,MO,VOICE,99970000085,99971409249,37,0.06,N,C135
R0000668,2026-07-01 05:52:02,MO,VOICE,99970000085,99971901373,122,0.20,N,C136
R0000669,2026-07-01 19:51:09,MO,VOICE,99970000085,99971429168,486,0.81,N,C135
R0000670,2026-07-01 07:25:08,MO,VOICE,99970000085,99971856009,220,0.37,N,C136
R0000671,2026-07-01 07:31:26,MO,SMS,99970000085,99971288820,0,0.05,N,C135
R0000672,2026-07-01 21:48:01,MT,VOICE,99970000171,99970000085,68,0.00,N,C135
R0000673,2026-07-01 18:48:30,MT,VOICE,99970000028,99970000085,51,0.00,N,C135
R0000674,2026-07-01 14:54:56,MO,VOICE,99970000086,99971031632,172,0.29,N,C136
R0000675,2026-07-01 22:16:31,MO,VOICE,99970000086,99971754215,595,0.99,N,C137
R0000676,2026-07-01 21:18:57,MO,VOICE,99970000086,99971063745,514,0.86,N,C138
R0000677,2026-07-01 21:24:10,MO,VOICE,99970000086,99971871886,63,0.11,N,C136
R0000678,2026-07-01 07:33:16,MO,VOICE,99970000086,99971622581,419,0.70,N,C137
R0000679,2026-07-01 11:10:47,MO,VOICE,99970000086,99971008582,94,0.16,N,C138
R0000680,2026-07-01 02:35:42,MT,VOICE,99970000167,99970000086,152,0.00,N,C136
R0000681,2026-07-01 16:45:22,MT,VOICE,99970000055,99970000086,257,0.00,N,C136
R0000682,2026-07-01 20:03:23,MT,VOICE,99970000074,99970000086,51,0.00,N,C136
R0000683,2026-07-01 10:24:15,MO,VOICE,99970000087,99971828100,334,0.56,N,C137
R0000684,2026-07-01 17:57:14,MO,VOICE,99970000087,99971574954,194,0.32,N,C138
R0000685,2026-07-01 12:49:50,MO,VOICE,99970000087,99971456787,110,0.18,N,C139
R0000686,2026-07-01 00:46:06,MO,VOICE,99970000087,99971822015,293,0.49,N,C137
R0000687,2026-07-01 16:17:15,MT,VOICE,99970000031,99970000087,225,0.00,N,C137
R0000688,2026-07-01 12:27:46,MT,VOICE,99970000010,99970000087,255,0.00,N,C137
R0000689,2026-07-01 20:08:58,MO,VOICE,99970000088,99971084506,449,0.75,N,C138
R0000690,2026-07-01 01:10:31,MO,VOICE,99970000088,99971190148,74,0.12,N,C139
R0000691,2026-07-01 21:20:24,MO,VOICE,99970000088,99971684059,460,0.77,N,C138
R0000692,2026-07-01 03:53:50,MO,VOICE,99970000088,99971901778,205,0.34,N,C139
R0000693,2026-07-01 00:56:14,MO,VOICE,99970000088,99971569602,510,0.85,N,C138
R0000694,2026-07-01 18:26:16,MO,VOICE,99970000088,99971679444,105,0.18,N,C139
R0000695,2026-07-01 04:06:10,MT,VOICE,99970000105,99970000088,55,0.00,N,C138
R0000696,2026-07-01 15:44:02,MT,VOICE,99970000154,99970000088,135,0.00,N,C138
R0000697,2026-07-01 02:33:23,MO,VOICE,99970000089,99971880097,302,0.50,N,C139
R0000698,2026-07-01 22:06:50,MO,VOICE,99970000089,99971668446,361,0.60,N,C139
R0000699,2026-07-01 09:59:28,MO,VOICE,99970000089,99971897761,106,0.18,N,C139
R0000700,2026-07-01 16:35:12,MO,VOICE,99970000089,99971277628,60,0.10,N,C139
R0000701,2026-07-01 20:48:29,MO,VOICE,99970000089,99971419949,390,0.65,N,C139
R0000702,2026-07-01 18:32:29,MO,VOICE,99970000089,99971870106,597,1.00,N,C139
R0000703,2026-07-01 07:11:44,MO,SMS,99970000089,99971438799,0,0.05,N,C139
R0000704,2026-07-01 12:58:29,MT,VOICE,99970000075,99970000089,259,0.00,N,C139
R0000705,2026-07-01 08:19:12,MO,VOICE,99970000090,99971178926,471,0.79,N,C140
R0000706,2026-07-01 01:20:21,MO,VOICE,99970000090,99971252605,109,0.18,N,C141
R0000707,2026-07-01 05:22:01,MO,VOICE,99970000090,99971715433,591,0.99,N,C140
R0000708,2026-07-01 21:53:45,MO,VOICE,99970000090,99971802677,588,0.98,N,C141
R0000709,2026-07-01 10:35:31,MO,VOICE,99970000090,99971086383,52,0.09,N,C140
R0000710,2026-07-01 20:08:43,MO,VOICE,99970000090,99971866481,290,0.48,N,C141
R0000711,2026-07-01 00:14:51,MO,VOICE,99970000090,99971016653,559,0.93,N,C140
R0000712,2026-07-01 13:58:58,MO,SMS,99970000090,99971833913,0,0.05,N,C140
R0000713,2026-07-01 16:32:53,MT,VOICE,99970000148,99970000090,238,0.00,N,C140
R0000714,2026-07-01 20:35:04,MT,VOICE,99970000051,99970000090,209,0.00,N,C140
R0000715,2026-07-01 21:46:24,MT,VOICE,99970000153,99970000090,33,0.00,N,C140
R0000716,2026-07-01 15:17:10,MO,VOICE,99970000091,99971638897,132,0.22,N,C141
R0000717,2026-07-01 03:55:18,MO,VOICE,99970000091,99971672076,404,0.67,N,C142
R0000718,2026-07-01 16:15:07,MO,VOICE,99970000091,99971098728,333,0.56,N,C141
R0000719,2026-07-01 04:29:57,MO,VOICE,99970000091,99971062064,128,0.21,N,C142
R0000720,2026-07-01 04:40:09,MO,VOICE,99970000091,99971201754,504,0.84,N,C141
R0000721,2026-07-01 23:05:20,MO,VOICE,99970000091,99971783121,346,0.58,N,C142
R0000722,2026-07-01 16:12:26,MO,VOICE,99970000091,99971837537,260,0.43,N,C141
R0000723,2026-07-01 04:19:49,MO,VOICE,99970000091,99971461852,507,0.85,N,C142
R0000724,2026-07-01 08:54:52,MO,SMS,99970000091,99971346426,0,0.05,N,C141
R0000725,2026-07-01 22:08:54,MT,VOICE,99970000139,99970000091,227,0.00,N,C141
R0000726,2026-07-01 19:31:21,MT,VOICE,99970000153,99970000091,223,0.00,N,C141
R0000727,2026-07-01 03:16:28,MT,VOICE,99970000150,99970000091,85,0.00,N,C141
R0000728,2026-07-01 21:00:27,MO,VOICE,99970000092,99971363118,81,0.14,N,C142
R0000729,2026-07-01 20:57:06,MO,VOICE,99970000092,99971289704,114,0.19,N,C142
R0000730,2026-07-01 08:40:10,MO,VOICE,99970000092,99971801004,25,0.04,N,C142
R0000731,2026-07-01 10:59:15,MO,VOICE,99970000092,99971687702,502,0.84,N,C142
R0000732,2026-07-01 01:43:37,MO,SMS,99970000092,99971410449,0,0.05,N,C142
R0000733,2026-07-01 23:20:58,MT,VOICE,99970000063,99970000092,136,0.00,N,C142
R0000734,2026-07-01 00:53:05,MO,VOICE,99970000093,99971039716,326,0.54,N,C143
R0000735,2026-07-01 20:11:02,MO,VOICE,99970000093,99971963888,424,0.71,N,C144
R0000736,2026-07-01 11:44:14,MO,VOICE,99970000093,99971856293,520,0.87,N,C143
R0000737,2026-07-01 07:29:14,MO,VOICE,99970000093,99971258655,193,0.32,N,C144
R0000738,2026-07-01 20:42:34,MO,VOICE,99970000093,99971900078,450,0.75,N,C143
R0000739,2026-07-01 13:44:08,MO,VOICE,99970000093,99971153682,263,0.44,N,C144
R0000740,2026-07-01 08:44:40,MT,VOICE,99970000045,99970000093,140,0.00,N,C143
R0000741,2026-07-01 03:41:16,MT,VOICE,99970000196,99970000093,267,0.00,N,C143
R0000742,2026-07-01 04:11:25,MT,VOICE,99970000042,99970000093,189,0.00,N,C143
R0000743,2026-07-01 04:29:20,MO,VOICE,99970000094,99971992777,220,0.37,N,C144
R0000744,2026-07-01 08:54:22,MO,VOICE,99970000094,99971470295,562,0.94,N,C145
R0000745,2026-07-01 13:56:12,MO,VOICE,99970000094,99971321106,242,0.40,N,C146
R0000746,2026-07-01 05:32:15,MO,VOICE,99970000094,99971425358,489,0.82,N,C144
R0000747,2026-07-01 21:55:41,MO,VOICE,99970000094,99971343751,22,0.04,N,C145
R0000748,2026-07-01 19:45:19,MO,VOICE,99970000094,99971081356,512,0.85,N,C146
R0000749,2026-07-01 06:14:39,MO,VOICE,99970000094,99971724511,195,0.33,N,C144
R0000750,2026-07-01 21:09:22,MO,VOICE,99970000094,99971644754,221,0.37,N,C145
R0000751,2026-07-01 00:54:37,MO,SMS,99970000094,99971826474,0,0.05,N,C144
R0000752,2026-07-01 07:04:44,MT,VOICE,99970000088,99970000094,267,0.00,N,C144
R0000753,2026-07-01 16:58:05,MT,VOICE,99970000082,99970000094,246,0.00,N,C144
R0000754,2026-07-01 15:11:55,MO,VOICE,99970000095,99971882483,396,0.66,N,C145
R0000755,2026-07-01 09:05:41,MO,VOICE,99970000095,99971550928,275,0.46,N,C146
R0000756,2026-07-01 08:21:21,MO,VOICE,99970000095,99971671150,155,0.26,N,C147
R0000757,2026-07-01 03:45:04,MO,VOICE,99970000095,99971962139,429,0.72,N,C145
R0000758,2026-07-01 14:21:57,MO,VOICE,99970000095,99971986807,504,0.84,N,C146
R0000759,2026-07-01 15:49:12,MO,VOICE,99970000095,99971216885,114,0.19,N,C147
R0000760,2026-07-01 16:24:51,MT,VOICE,99970000138,99970000095,258,0.00,N,C145
R0000761,2026-07-01 09:12:41,MT,VOICE,99970000128,99970000095,227,0.00,N,C145
R0000762,2026-07-01 19:41:14,MO,VOICE,99970000096,99971836684,167,0.28,N,C146
R0000763,2026-07-01 15:28:01,MO,VOICE,99970000096,99971526354,122,0.20,N,C147
R0000764,2026-07-01 21:32:01,MO,VOICE,99970000096,99971753519,318,0.53,N,C146
R0000765,2026-07-01 07:22:59,MO,VOICE,99970000096,99971989652,359,0.60,N,C147
R0000766,2026-07-01 14:56:10,MO,VOICE,99970000096,99971238487,78,0.13,N,C146
R0000767,2026-07-01 01:51:54,MO,VOICE,99970000096,99971407514,44,0.07,N,C147
R0000768,2026-07-01 20:18:06,MO,VOICE,99970000096,99971141113,529,0.88,N,C146
R0000769,2026-07-01 03:11:00,MT,VOICE,99970000098,99970000096,244,0.00,N,C146
R0000770,2026-07-01 13:26:30,MT,VOICE,99970000096,99970000096,222,0.00,N,C146
R0000771,2026-07-01 01:26:29,MO,VOICE,99970000097,99971442457,293,0.49,N,C147
R0000772,2026-07-01 04:19:45,MO,VOICE,99970000097,99971668056,51,0.09,N,C147
R0000773,2026-07-01 22:03:22,MO,VOICE,99970000097,99971527599,302,0.50,N,C147
R0000774,2026-07-01 12:37:41,MO,VOICE,99970000097,99971245607,413,0.69,N,C147
R0000775,2026-07-01 15:38:47,MO,VOICE,99970000097,99971722194,36,0.06,N,C147
R0000776,2026-07-01 01:45:35,MO,VOICE,99970000097,99971720081,193,0.32,N,C147
R0000777,2026-07-01 16:46:41,MO,VOICE,99970000097,99971110499,143,0.24,N,C147
R0000778,2026-07-01 16:09:37,MO,VOICE,99970000097,99971631700,49,0.08,N,C147
R0000779,2026-07-01 07:55:36,MO,SMS,99970000097,99971556117,0,0.05,N,C147
R0000780,2026-07-01 04:32:30,MT,VOICE,99970000004,99970000097,225,0.00,N,C147
R0000781,2026-07-01 00:47:55,MT,VOICE,99970000107,99970000097,190,0.00,N,C147
R0000782,2026-07-01 17:07:04,MT,VOICE,99970000128,99970000097,291,0.00,N,C147
R0000783,2026-07-01 04:02:00,MO,VOICE,99970000098,99971556789,299,0.50,N,C148
R0000784,2026-07-01 16:20:16,MO,VOICE,99970000098,99971563504,499,0.83,N,C148
R0000785,2026-07-01 11:44:44,MO,VOICE,99970000098,99971859344,419,0.70,N,C148
R0000786,2026-07-01 11:11:02,MO,VOICE,99970000098,99971484260,94,0.16,N,C148
R0000787,2026-07-01 07:01:55,MO,SMS,99970000098,99971655897,0,0.05,N,C148
R0000788,2026-07-01 07:46:27,MT,VOICE,99970000131,99970000098,43,0.00,N,C148
R0000789,2026-07-01 16:23:42,MO,VOICE,99970000099,99971103301,331,0.55,N,C149
R0000790,2026-07-01 06:13:32,MO,VOICE,99970000099,99971314768,520,0.87,N,C100
R0000791,2026-07-01 11:13:43,MO,VOICE,99970000099,99971851137,118,0.20,N,C101
R0000792,2026-07-01 04:33:58,MO,VOICE,99970000099,99971351705,546,0.91,N,C149
R0000793,2026-07-01 04:04:24,MO,VOICE,99970000099,99971168471,143,0.24,N,C100
R0000794,2026-07-01 09:17:47,MO,VOICE,99970000099,99971378071,476,0.79,N,C101
R0000795,2026-07-01 12:07:56,MO,VOICE,99970000099,99971305137,198,0.33,N,C149
R0000796,2026-07-01 14:48:21,MT,VOICE,99970000035,99970000099,136,0.00,N,C149
R0000797,2026-07-01 00:56:56,MT,VOICE,99970000091,99970000099,242,0.00,N,C149
R0000798,2026-07-01 00:30:13,MO,VOICE,99970000100,99971016032,243,0.41,N,C100
R0000799,2026-07-01 19:56:46,MO,VOICE,99970000100,99971437281,484,0.81,N,C101
R0000800,2026-07-01 06:00:43,MO,VOICE,99970000100,99971837600,175,0.29,N,C100
R0000801,2026-07-01 04:10:07,MO,VOICE,99970000100,99971674708,138,0.23,N,C101
R0000802,2026-07-01 18:56:29,MO,VOICE,99970000100,99971001269,40,0.07,N,C100
R0000803,2026-07-01 18:05:03,MO,VOICE,99970000100,99971830383,127,0.21,N,C101
R0000804,2026-07-01 03:53:01,MO,VOICE,99970000100,99971191278,273,0.46,N,C100
R0000805,2026-07-01 14:38:07,MO,SMS,99970000100,99971643981,0,0.05,N,C100
R0000806,2026-07-01 16:54:37,MT,VOICE,99970000115,99970000100,193,0.00,N,C100
R0000807,2026-07-01 09:55:16,MO,VOICE,99970000101,99971623700,89,0.15,N,C101
R0000808,2026-07-01 12:08:20,MO,VOICE,99970000101,99971897905,96,0.16,N,C102
R0000809,2026-07-01 01:28:51,MO,VOICE,99970000101,99971929336,94,0.16,N,C103
R0000810,2026-07-01 09:01:12,MO,VOICE,99970000101,99971164882,279,0.47,N,C101
R0000811,2026-07-01 07:13:18,MO,VOICE,99970000101,99971105361,172,0.29,N,C102
R0000812,2026-07-01 18:55:52,MO,VOICE,99970000101,99971041225,325,0.54,N,C103
R0000813,2026-07-01 15:52:49,MT,VOICE,99970000151,99970000101,57,0.00,N,C101
R0000814,2026-07-01 02:00:38,MT,VOICE,99970000029,99970000101,127,0.00,N,C101
R0000815,2026-07-01 12:33:54,MT,VOICE,99970000176,99970000101,95,0.00,N,C101
R0000816,2026-07-01 01:36:25,MO,VOICE,99970000102,99971632317,201,0.34,N,C102
R0000817,2026-07-01 10:58:16,MO,VOICE,99970000102,99971158840,201,0.34,N,C103
R0000818,2026-07-01 03:11:14,MO,VOICE,99970000102,99971895358,585,0.98,N,C104
R0000819,2026-07-01 18:35:01,MO,VOICE,99970000102,99971835798,489,0.82,N,C102
R0000820,2026-07-01 14:22:39,MO,VOICE,99970000102,99971359743,431,0.72,N,C103
R0000821,2026-07-01 21:29:51,MO,VOICE,99970000102,99971560158,572,0.95,N,C104
R0000822,2026-07-01 03:40:00,MO,VOICE,99970000102,99971868607,599,1.00,N,C102
R0000823,2026-07-01 12:32:43,MO,VOICE,99970000102,99971462455,407,0.68,N,C103
R0000824,2026-07-01 06:01:50,MT,VOICE,99970000147,99970000102,60,0.00,N,C102
R0000825,2026-07-01 04:26:40,MO,VOICE,99970000103,99971270690,243,0.41,N,C103
R0000826,2026-07-01 02:12:16,MO,VOICE,99970000103,99971533318,245,0.41,N,C103
R0000827,2026-07-01 03:13:58,MO,VOICE,99970000103,99971337970,166,0.28,N,C103
R0000828,2026-07-01 23:03:01,MO,VOICE,99970000103,99971840566,401,0.67,N,C103
R0000829,2026-07-01 09:02:01,MO,VOICE,99970000103,99971974008,21,0.04,N,C103
R0000830,2026-07-01 15:55:38,MO,VOICE,99970000103,99971746814,355,0.59,N,C103
R0000831,2026-07-01 14:46:19,MT,VOICE,99970000113,99970000103,34,0.00,N,C103
R0000832,2026-07-01 00:28:19,MO,VOICE,99970000104,99971703127,475,0.79,N,C104
R0000833,2026-07-01 03:26:06,MO,VOICE,99970000104,99971741579,467,0.78,N,C105
R0000834,2026-07-01 16:12:07,MO,VOICE,99970000104,99971858382,68,0.11,N,C104
R0000835,2026-07-01 23:32:06,MO,VOICE,99970000104,99971362074,331,0.55,N,C105
R0000836,2026-07-01 22:34:55,MO,VOICE,99970000104,99971095087,263,0.44,N,C104
R0000837,2026-07-01 00:58:29,MT,VOICE,99970000113,99970000104,142,0.00,N,C104
R0000838,2026-07-01 13:36:30,MO,VOICE,99970000105,99971607347,274,0.46,N,C105
R0000839,2026-07-01 03:15:51,MO,VOICE,99970000105,99971127036,303,0.51,N,C106
R0000840,2026-07-01 01:36:16,MO,VOICE,99970000105,99971410349,300,0.50,N,C107
R0000841,2026-07-01 17:13:12,MO,VOICE,99970000105,99971338886,173,0.29,N,C105
R0000842,2026-07-01 20:30:50,MO,VOICE,99970000105,99971174393,512,0.85,N,C106
R0000843,2026-07-01 01:07:36,MO,SMS,99970000105,99971480128,0,0.05,N,C105
R0000844,2026-07-01 14:52:31,MT,VOICE,99970000001,99970000105,113,0.00,N,C105
R0000845,2026-07-01 16:20:44,MT,VOICE,99970000048,99970000105,78,0.00,N,C105
R0000846,2026-07-01 08:42:19,MT,VOICE,99970000083,99970000105,47,0.00,N,C105
R0000847,2026-07-01 19:02:27,MO,VOICE,99970000106,99971925077,380,0.63,N,C106
R0000848,2026-07-01 19:57:00,MO,VOICE,99970000106,99971476604,381,0.64,N,C107
R0000849,2026-07-01 00:02:29,MO,VOICE,99970000106,99971266417,452,0.75,N,C108
R0000850,2026-07-01 19:32:30,MT,VOICE,99970000149,99970000106,236,0.00,N,C106
R0000851,2026-07-01 06:43:14,MT,VOICE,99970000075,99970000106,205,0.00,N,C106
R0000852,2026-07-01 07:57:16,MT,VOICE,99970000061,99970000106,53,0.00,N,C106
R0000853,2026-07-01 01:45:42,MO,VOICE,99970000107,99971637467,404,0.67,N,C107
R0000854,2026-07-01 17:28:18,MO,VOICE,99970000107,99971935726,178,0.30,N,C107
R0000855,2026-07-01 09:35:00,MO,VOICE,99970000107,99971148704,372,0.62,N,C107
R0000856,2026-07-01 17:29:30,MO,VOICE,99970000107,99971825437,453,0.76,N,C107
R0000857,2026-07-01 18:39:56,MT,VOICE,99970000037,99970000107,296,0.00,N,C107
R0000858,2026-07-01 14:39:51,MT,VOICE,99970000147,99970000107,273,0.00,N,C107
R0000859,2026-07-01 22:56:13,MO,VOICE,99970000108,99971143259,365,0.61,N,C108
R0000860,2026-07-01 19:50:03,MO,VOICE,99970000108,99971778342,172,0.29,N,C108
R0000861,2026-07-01 21:10:21,MO,VOICE,99970000108,99971857749,482,0.80,N,C108
R0000862,2026-07-01 14:26:38,MO,VOICE,99970000108,99971032966,415,0.69,N,C108
R0000863,2026-07-01 19:52:31,MO,SMS,99970000108,99971043484,0,0.05,N,C108
R0000864,2026-07-01 17:31:42,MT,VOICE,99970000070,99970000108,245,0.00,N,C108
R0000865,2026-07-01 04:27:19,MT,VOICE,99970000080,99970000108,130,0.00,N,C108
R0000866,2026-07-01 10:53:04,MT,VOICE,99970000049,99970000108,232,0.00,N,C108
R0000867,2026-07-01 11:03:42,MO,VOICE,99970000109,99971146809,361,0.60,N,C109
R0000868,2026-07-01 12:39:19,MO,VOICE,99970000109,99971762735,318,0.53,N,C110
R0000869,2026-07-01 14:30:16,MO,VOICE,99970000109,99971519654,339,0.57,N,C111
R0000870,2026-07-01 01:45:30,MO,VOICE,99970000109,99971269289,60,0.10,N,C109
R0000871,2026-07-01 18:04:05,MO,VOICE,99970000109,99971792088,184,0.31,N,C110
R0000872,2026-07-01 19:27:25,MT,VOICE,99970000059,99970000109,133,0.00,N,C109
R0000873,2026-07-01 14:01:19,MO,VOICE,99970000110,99971723682,115,0.19,N,C110
R0000874,2026-07-01 01:42:21,MO,VOICE,99970000110,99971456972,49,0.08,N,C111
R0000875,2026-07-01 00:45:44,MO,VOICE,99970000110,99971980331,244,0.41,N,C110
R0000876,2026-07-01 02:58:06,MO,VOICE,99970000110,99971861247,582,0.97,N,C111
R0000877,2026-07-01 10:48:54,MT,VOICE,99970000033,99970000110,151,0.00,N,C110
R0000878,2026-07-01 03:23:38,MT,VOICE,99970000155,99970000110,277,0.00,N,C110
R0000879,2026-07-01 05:11:22,MO,VOICE,99970000111,99971054526,239,0.40,N,C111
R0000880,2026-07-01 13:23:33,MO,VOICE,99970000111,99971025362,86,0.14,N,C112
R0000881,2026-07-01 15:21:00,MO,VOICE,99970000111,99971828241,594,0.99,N,C113
R0000882,2026-07-01 23:47:11,MO,VOICE,99970000111,99971296749,279,0.47,N,C111
R0000883,2026-07-01 19:53:38,MO,VOICE,99970000111,99971870150,529,0.88,N,C112
R0000884,2026-07-01 10:31:45,MT,VOICE,99970000107,99970000111,259,0.00,N,C111
R0000885,2026-07-01 02:22:42,MO,VOICE,99970000112,99971208725,72,0.12,N,C112
R0000886,2026-07-01 09:20:38,MO,VOICE,99970000112,99971333732,370,0.62,N,C113
R0000887,2026-07-01 18:01:46,MO,VOICE,99970000112,99971398411,506,0.84,N,C112
R0000888,2026-07-01 00:27:36,MO,VOICE,99970000112,99971319110,372,0.62,N,C113
R0000889,2026-07-01 00:12:03,MO,SMS,99970000112,99971062518,0,0.05,N,C112
R0000890,2026-07-01 14:08:16,MT,VOICE,99970000103,99970000112,35,0.00,N,C112
R0000891,2026-07-01 09:45:46,MO,VOICE,99970000113,99971829554,48,0.08,N,C113
R0000892,2026-07-01 16:06:50,MO,VOICE,99970000113,99971704066,342,0.57,N,C114
R0000893,2026-07-01 04:38:49,MO,VOICE,99970000113,99971425867,389,0.65,N,C113
R0000894,2026-07-01 02:59:45,MO,VOICE,99970000113,99971132118,160,0.27,N,C114
R0000895,2026-07-01 23:46:31,MO,VOICE,99970000113,99971680401,242,0.40,N,C113
R0000896,2026-07-01 10:11:00,MT,VOICE,99970000075,99970000113,166,0.00,N,C113
R0000897,2026-07-01 15:26:33,MT,VOICE,99970000008,99970000113,244,0.00,N,C113
R0000898,2026-07-01 18:35:36,MO,VOICE,99970000114,99971298975,429,0.72,N,C114
R0000899,2026-07-01 10:01:09,MO,VOICE,99970000114,99971355739,427,0.71,N,C115
R0000900,2026-07-01 16:44:33,MO,VOICE,99970000114,99971000556,57,0.10,N,C114
R0000901,2026-07-01 03:00:31,MO,VOICE,99970000114,99971397946,524,0.87,N,C115
R0000902,2026-07-01 09:33:38,MO,VOICE,99970000114,99971838130,98,0.16,N,C114
R0000903,2026-07-01 05:22:10,MO,VOICE,99970000114,99971116835,34,0.06,N,C115
R0000904,2026-07-01 07:01:15,MO,VOICE,99970000114,99971312173,74,0.12,N,C114
R0000905,2026-07-01 23:49:38,MT,VOICE,99970000080,99970000114,266,0.00,N,C114
R0000906,2026-07-01 16:38:45,MO,VOICE,99970000115,99971254294,81,0.14,N,C115
R0000907,2026-07-01 21:55:20,MO,VOICE,99970000115,99971569913,55,0.09,N,C116
R0000908,2026-07-01 09:48:45,MO,VOICE,99970000115,99971724431,199,0.33,N,C117
R0000909,2026-07-01 02:54:30,MO,VOICE,99970000115,99971239730,462,0.77,N,C115
R0000910,2026-07-01 13:13:54,MO,VOICE,99970000115,99971397886,120,0.20,N,C116
R0000911,2026-07-01 05:37:55,MO,VOICE,99970000115,99971779572,244,0.41,N,C117
R0000912,2026-07-01 07:15:57,MO,VOICE,99970000115,99971589398,175,0.29,N,C115
R0000913,2026-07-01 04:51:46,MT,VOICE,99970000027,99970000115,251,0.00,N,C115
R0000914,2026-07-01 10:02:16,MT,VOICE,99970000164,99970000115,241,0.00,N,C115
R0000915,2026-07-01 01:39:44,MT,VOICE,99970000009,99970000115,50,0.00,N,C115
R0000916,2026-07-01 15:36:17,MO,VOICE,99970000116,99971507231,180,0.30,N,C116
R0000917,2026-07-01 01:39:31,MO,VOICE,99970000116,99971963896,502,0.84,N,C117
R0000918,2026-07-01 07:41:56,MO,VOICE,99970000116,99971754958,46,0.08,N,C116
R0000919,2026-07-01 09:39:43,MO,VOICE,99970000116,99971609704,363,0.61,N,C117
R0000920,2026-07-01 19:09:00,MO,VOICE,99970000116,99971831012,594,0.99,N,C116
R0000921,2026-07-01 10:32:40,MO,VOICE,99970000116,99971443084,110,0.18,N,C117
R0000922,2026-07-01 01:24:35,MO,VOICE,99970000116,99971489007,512,0.85,N,C116
R0000923,2026-07-01 19:23:30,MO,VOICE,99970000116,99971901033,113,0.19,N,C117
R0000924,2026-07-01 21:11:37,MT,VOICE,99970000039,99970000116,120,0.00,N,C116
R0000925,2026-07-01 22:23:26,MT,VOICE,99970000178,99970000116,241,0.00,N,C116
R0000926,2026-07-01 19:07:16,MT,VOICE,99970000164,99970000116,292,0.00,N,C116
R0000927,2026-07-01 14:01:12,MO,VOICE,99970000117,99971368931,104,0.17,N,C117
R0000928,2026-07-01 02:35:26,MO,VOICE,99970000117,99971973002,459,0.77,N,C117
R0000929,2026-07-01 02:06:29,MO,VOICE,99970000117,99971553462,164,0.27,N,C117
R0000930,2026-07-01 22:30:09,MO,SMS,99970000117,99971252090,0,0.05,N,C117
R0000931,2026-07-01 00:16:53,MT,VOICE,99970000108,99970000117,137,0.00,N,C117
R0000932,2026-07-01 03:03:11,MO,VOICE,99970000118,99971768965,126,0.21,N,C118
R0000933,2026-07-01 14:28:44,MO,VOICE,99970000118,99971509532,326,0.54,N,C119
R0000934,2026-07-01 00:17:37,MO,VOICE,99970000118,99971840272,207,0.35,N,C120
R0000935,2026-07-01 16:51:39,MO,VOICE,99970000118,99971762292,153,0.26,N,C118
R0000936,2026-07-01 00:50:31,MO,VOICE,99970000118,99971502998,413,0.69,N,C119
R0000937,2026-07-01 18:26:58,MO,VOICE,99970000118,99971042307,74,0.12,N,C120
R0000938,2026-07-01 03:48:14,MO,SMS,99970000118,99971631860,0,0.05,N,C118
R0000939,2026-07-01 00:35:14,MT,VOICE,99970000115,99970000118,147,0.00,N,C118
R0000940,2026-07-01 15:54:22,MT,VOICE,99970000128,99970000118,49,0.00,N,C118
R0000941,2026-07-01 16:56:22,MO,VOICE,99970000119,99971368302,328,0.55,N,C119
R0000942,2026-07-01 15:24:16,MO,VOICE,99970000119,99971327158,549,0.92,N,C120
R0000943,2026-07-01 04:50:05,MO,VOICE,99970000119,99971043412,270,0.45,N,C121
R0000944,2026-07-01 22:11:26,MO,VOICE,99970000119,99971937182,302,0.50,N,C119
R0000945,2026-07-01 01:52:34,MO,VOICE,99970000119,99971085703,476,0.79,N,C120
R0000946,2026-07-01 16:26:45,MO,VOICE,99970000119,99971215894,390,0.65,N,C121
R0000947,2026-07-01 12:29:29,MO,VOICE,99970000119,99971906030,458,0.76,N,C119
R0000948,2026-07-01 09:21:43,MO,SMS,99970000119,99971342313,0,0.05,N,C119
R0000949,2026-07-01 22:45:10,MT,VOICE,99970000134,99970000119,226,0.00,N,C119
R0000950,2026-07-01 17:23:04,MT,VOICE,99970000173,99970000119,43,0.00,N,C119
R0000951,2026-07-01 16:46:14,MO,VOICE,99970000120,99971147908,98,0.16,N,C120
R0000952,2026-07-01 04:56:18,MO,VOICE,99970000120,99971493030,467,0.78,N,C121
R0000953,2026-07-01 04:22:33,MO,VOICE,99970000120,99971632922,167,0.28,N,C120
R0000954,2026-07-01 01:05:53,MO,VOICE,99970000120,99971373746,307,0.51,N,C121
R0000955,2026-07-01 15:34:13,MO,VOICE,99970000120,99971805077,368,0.61,N,C120
R0000956,2026-07-01 16:29:28,MO,VOICE,99970000120,99971071274,72,0.12,N,C121
R0000957,2026-07-01 06:59:41,MO,SMS,99970000120,99971344226,0,0.05,N,C120
R0000958,2026-07-01 18:36:53,MT,VOICE,99970000003,99970000120,66,0.00,N,C120
R0000959,2026-07-01 22:03:07,MO,VOICE,99970000121,99971307409,383,0.64,N,C121
R0000960,2026-07-01 04:33:43,MO,VOICE,99970000121,99971114173,531,0.89,N,C122
R0000961,2026-07-01 03:58:22,MO,VOICE,99970000121,99971432236,469,0.78,N,C123
R0000962,2026-07-01 01:15:03,MO,VOICE,99970000121,99971622650,443,0.74,N,C121
R0000963,2026-07-01 23:01:02,MO,VOICE,99970000121,99971003099,267,0.45,N,C122
R0000964,2026-07-01 07:26:14,MO,VOICE,99970000121,99971553609,289,0.48,N,C123
R0000965,2026-07-01 16:34:14,MT,VOICE,99970000040,99970000121,265,0.00,N,C121
R0000966,2026-07-01 22:38:59,MT,VOICE,99970000048,99970000121,103,0.00,N,C121
R0000967,2026-07-01 18:24:26,MT,VOICE,99970000096,99970000121,108,0.00,N,C121
R0000968,2026-07-01 13:59:37,MO,VOICE,99970000122,99971165609,167,0.28,N,C122
R0000969,2026-07-01 02:18:39,MO,VOICE,99970000122,99971486437,99,0.17,N,C123
R0000970,2026-07-01 00:12:43,MO,VOICE,99970000122,99971250643,241,0.40,N,C124
R0000971,2026-07-01 00:57:27,MO,SMS,99970000122,99971719158,0,0.05,N,C122
R0000972,2026-07-01 11:47:08,MT,VOICE,99970000022,99970000122,210,0.00,N,C122
R0000973,2026-07-01 21:10:37,MT,VOICE,99970000027,99970000122,180,0.00,N,C122
R0000974,2026-07-01 09:22:40,MO,VOICE,99970000123,99971799906,396,0.66,N,C123
R0000975,2026-07-01 11:16:02,MO,VOICE,99970000123,99971590686,187,0.31,N,C123
R0000976,2026-07-01 22:08:58,MO,VOICE,99970000123,99971135169,562,0.94,N,C123
R0000977,2026-07-01 20:35:36,MO,VOICE,99970000123,99971645096,424,0.71,N,C123
R0000978,2026-07-01 02:08:08,MO,VOICE,99970000123,99971445782,584,0.97,N,C123
R0000979,2026-07-01 02:58:12,MT,VOICE,99970000146,99970000123,97,0.00,N,C123
R0000980,2026-07-01 08:58:36,MT,VOICE,99970000070,99970000123,34,0.00,N,C123
R0000981,2026-07-01 14:49:12,MT,VOICE,99970000120,99970000123,130,0.00,N,C123
R0000982,2026-07-01 01:29:45,MO,VOICE,99970000124,99971882190,419,0.70,N,C124
R0000983,2026-07-01 02:20:18,MO,VOICE,99970000124,99971299473,99,0.17,N,C124
R0000984,2026-07-01 23:17:29,MO,VOICE,99970000124,99971581315,232,0.39,N,C124
R0000985,2026-07-01 14:24:05,MO,VOICE,99970000124,99971637258,460,0.77,N,C124
R0000986,2026-07-01 20:06:19,MO,VOICE,99970000124,99971303949,402,0.67,N,C124
R0000987,2026-07-01 13:23:19,MT,VOICE,99970000144,99970000124,83,0.00,N,C124
R0000988,2026-07-01 18:29:16,MT,VOICE,99970000025,99970000124,112,0.00,N,C124
R0000989,2026-07-01 17:31:28,MT,VOICE,99970000064,99970000124,157,0.00,N,C124
R0000990,2026-07-01 12:22:44,MO,VOICE,99970000125,99971202280,550,0.92,N,C125
R0000991,2026-07-01 12:15:31,MO,VOICE,99970000125,99971255856,64,0.11,N,C125
R0000992,2026-07-01 01:25:04,MO,VOICE,99970000125,99971631810,445,0.74,N,C125
R0000993,2026-07-01 04:12:40,MO,VOICE,99970000125,99971385339,343,0.57,N,C125
R0000994,2026-07-01 14:41:43,MO,VOICE,99970000125,99971124115,202,0.34,N,C125
R0000995,2026-07-01 17:46:44,MO,VOICE,99970000125,99971984102,188,0.31,N,C125
R0000996,2026-07-01 10:30:15,MO,VOICE,99970000125,99971645551,382,0.64,N,C125
R0000997,2026-07-01 05:14:17,MO,VOICE,99970000125,99971355450,460,0.77,N,C125
R0000998,2026-07-01 09:33:32,MO,SMS,99970000125,99971857528,0,0.05,N,C125
R0000999,2026-07-01 10:41:20,MT,VOICE,99970000059,99970000125,203,0.00,N,C125
R0001000,2026-07-01 06:03:25,MT,VOICE,99970000068,99970000125,55,0.00,N,C125
R0001001,2026-07-01 11:13:20,MO,VOICE,99970000126,99971062822,332,0.55,N,C126
R0001002,2026-07-01 18:24:56,MO,VOICE,99970000126,99971863743,302,0.50,N,C127
R0001003,2026-07-01 02:04:01,MO,VOICE,99970000126,99971522006,481,0.80,N,C126
R0001004,2026-07-01 16:22:17,MO,VOICE,99970000126,99971599780,543,0.91,N,C127
R0001005,2026-07-01 02:24:28,MT,VOICE,99970000012,99970000126,226,0.00,N,C126
R0001006,2026-07-01 01:50:30,MT,VOICE,99970000178,99970000126,245,0.00,N,C126
R0001007,2026-07-01 13:56:27,MO,VOICE,99970000127,99971772377,267,0.45,N,C127
R0001008,2026-07-01 23:32:27,MO,VOICE,99970000127,99971603029,25,0.04,N,C127
R0001009,2026-07-01 18:00:52,MO,VOICE,99970000127,99971071204,159,0.27,N,C127
R0001010,2026-07-01 11:46:37,MO,VOICE,99970000127,99971277640,104,0.17,N,C127
R0001011,2026-07-01 20:10:35,MO,VOICE,99970000127,99971630704,346,0.58,N,C127
R0001012,2026-07-01 12:09:39,MO,VOICE,99970000127,99971397116,388,0.65,N,C127
R0001013,2026-07-01 22:54:01,MO,VOICE,99970000127,99971951998,64,0.11,N,C127
R0001014,2026-07-01 02:00:48,MT,VOICE,99970000116,99970000127,235,0.00,N,C127
R0001015,2026-07-01 21:42:34,MT,VOICE,99970000107,99970000127,89,0.00,N,C127
R0001016,2026-07-01 04:37:55,MO,VOICE,99970000128,99971836780,434,0.72,N,C128
R0001017,2026-07-01 12:41:37,MO,VOICE,99970000128,99971130228,271,0.45,N,C129
R0001018,2026-07-01 14:53:51,MO,VOICE,99970000128,99971593126,476,0.79,N,C130
R0001019,2026-07-01 20:29:34,MO,SMS,99970000128,99971828675,0,0.05,N,C128
R0001020,2026-07-01 16:33:14,MT,VOICE,99970000117,99970000128,157,0.00,N,C128
R0001021,2026-07-01 01:52:18,MT,VOICE,99970000071,99970000128,233,0.00,N,C128
R0001022,2026-07-01 13:08:13,MT,VOICE,99970000167,99970000128,43,0.00,N,C128
R0001023,2026-07-01 15:49:17,MO,VOICE,99970000129,99971456368,289,0.48,N,C129
R0001024,2026-07-01 08:43:44,MO,VOICE,99970000129,99971207218,196,0.33,N,C130
R0001025,2026-07-01 09:10:50,MO,VOICE,99970000129,99971835757,107,0.18,N,C131
R0001026,2026-07-01 03:21:02,MO,VOICE,99970000129,99971945204,587,0.98,N,C129
R0001027,2026-07-01 13:45:59,MO,VOICE,99970000129,99971455022,129,0.22,N,C130
R0001028,2026-07-01 20:55:12,MO,VOICE,99970000129,99971120625,390,0.65,N,C131
R0001029,2026-07-01 12:10:53,MO,VOICE,99970000129,99971288129,143,0.24,N,C129
R0001030,2026-07-01 07:35:03,MO,VOICE,99970000129,99971108788,389,0.65,N,C130
R0001031,2026-07-01 12:13:23,MO,SMS,99970000129,99971332289,0,0.05,N,C129
R0001032,2026-07-01 03:00:44,MT,VOICE,99970000109,99970000129,135,0.00,N,C129
R0001033,2026-07-01 11:08:53,MO,VOICE,99970000130,99971780906,80,0.13,N,C130
R0001034,2026-07-01 21:35:26,MO,VOICE,99970000130,99971583043,394,0.66,N,C130
R0001035,2026-07-01 15:44:32,MO,VOICE,99970000130,99971015303,428,0.71,N,C130
R0001036,2026-07-01 15:55:08,MO,VOICE,99970000130,99971313474,262,0.44,N,C130
R0001037,2026-07-01 01:13:54,MO,VOICE,99970000130,99971626604,460,0.77,N,C130
R0001038,2026-07-01 09:54:10,MO,VOICE,99970000130,99971888279,86,0.14,N,C130
R0001039,2026-07-01 05:32:06,MO,VOICE,99970000130,99971722032,111,0.19,N,C130
R0001040,2026-07-01 10:19:41,MO,VOICE,99970000130,99971152104,471,0.79,N,C130
R0001041,2026-07-01 08:35:01,MT,VOICE,99970000076,99970000130,226,0.00,N,C130
R0001042,2026-07-01 09:58:50,MT,VOICE,99970000085,99970000130,104,0.00,N,C130
R0001043,2026-07-01 01:46:12,MO,VOICE,99970000131,99971451998,466,0.78,N,C131
R0001044,2026-07-01 13:37:44,MO,VOICE,99970000131,99971052823,340,0.57,N,C132
R0001045,2026-07-01 21:12:00,MO,VOICE,99970000131,99971938295,279,0.47,N,C133
R0001046,2026-07-01 04:36:31,MO,VOICE,99970000131,99971540385,44,0.07,N,C131
R0001047,2026-07-01 01:41:29,MO,VOICE,99970000131,99971084063,261,0.44,N,C132
R0001048,2026-07-01 16:26:24,MT,VOICE,99970000077,99970000131,233,0.00,N,C131
R0001049,2026-07-01 17:33:10,MT,VOICE,99970000127,99970000131,54,0.00,N,C131
R0001050,2026-07-01 16:55:25,MT,VOICE,99970000175,99970000131,60,0.00,N,C131
R0001051,2026-07-01 16:23:24,MO,VOICE,99970000132,99971669377,461,0.77,N,C132
R0001052,2026-07-01 06:19:11,MO,VOICE,99970000132,99971694132,170,0.28,N,C133
R0001053,2026-07-01 04:07:25,MO,VOICE,99970000132,99971294641,81,0.14,N,C134
R0001054,2026-07-01 17:32:32,MO,VOICE,99970000132,99971101561,271,0.45,N,C132
R0001055,2026-07-01 03:29:03,MO,VOICE,99970000132,99971074946,303,0.51,N,C133
R0001056,2026-07-01 17:52:22,MT,VOICE,99970000155,99970000132,229,0.00,N,C132
R0001057,2026-07-01 02:05:08,MT,VOICE,99970000154,99970000132,235,0.00,N,C132
R0001058,2026-07-01 20:06:18,MT,VOICE,99970000090,99970000132,138,0.00,N,C132
R0001059,2026-07-01 18:02:05,MO,VOICE,99970000133,99971925716,232,0.39,N,C133
R0001060,2026-07-01 15:51:49,MO,VOICE,99970000133,99971060236,241,0.40,N,C133
R0001061,2026-07-01 18:43:42,MO,VOICE,99970000133,99971995039,572,0.95,N,C133
R0001062,2026-07-01 18:57:46,MO,VOICE,99970000133,99971987058,125,0.21,N,C133
R0001063,2026-07-01 23:28:14,MO,VOICE,99970000133,99971442367,478,0.80,N,C133
R0001064,2026-07-01 15:09:51,MT,VOICE,99970000171,99970000133,166,0.00,N,C133
R0001065,2026-07-01 10:32:02,MT,VOICE,99970000027,99970000133,143,0.00,N,C133
R0001066,2026-07-01 15:24:38,MO,VOICE,99970000134,99971661343,575,0.96,N,C134
R0001067,2026-07-01 00:25:31,MO,VOICE,99970000134,99971064249,48,0.08,N,C135
R0001068,2026-07-01 06:57:17,MO,VOICE,99970000134,99971067987,274,0.46,N,C136
R0001069,2026-07-01 03:10:46,MO,VOICE,99970000134,99971884100,507,0.85,N,C134
R0001070,2026-07-01 15:56:32,MO,VOICE,99970000134,99971423778,104,0.17,N,C135
R0001071,2026-07-01 20:10:33,MO,VOICE,99970000134,99971612153,215,0.36,N,C136
R0001072,2026-07-01 07:54:56,MO,VOICE,99970000134,99971421903,109,0.18,N,C134
R0001073,2026-07-01 08:01:46,MO,SMS,99970000134,99971851686,0,0.05,N,C134
R0001074,2026-07-01 17:14:57,MT,VOICE,99970000048,99970000134,130,0.00,N,C134
R0001075,2026-07-01 03:20:05,MT,VOICE,99970000135,99970000134,252,0.00,N,C134
R0001076,2026-07-01 08:15:07,MO,VOICE,99970000135,99971587724,591,0.99,N,C135
R0001077,2026-07-01 09:41:30,MO,VOICE,99970000135,99971526266,61,0.10,N,C136
R0001078,2026-07-01 15:02:56,MO,VOICE,99970000135,99971453768,80,0.13,N,C137
R0001079,2026-07-01 19:26:33,MO,VOICE,99970000135,99971707412,103,0.17,N,C135
R0001080,2026-07-01 04:56:41,MO,VOICE,99970000135,99971445469,559,0.93,N,C136
R0001081,2026-07-01 02:47:50,MO,VOICE,99970000135,99971181853,561,0.94,N,C137
R0001082,2026-07-01 06:07:42,MT,VOICE,99970000153,99970000135,131,0.00,N,C135
R0001083,2026-07-01 21:33:28,MO,VOICE,99970000136,99971314716,231,0.39,N,C136
R0001084,2026-07-01 12:06:45,MO,VOICE,99970000136,99971202823,144,0.24,N,C137
R0001085,2026-07-01 05:00:01,MO,VOICE,99970000136,99971611341,522,0.87,N,C138
R0001086,2026-07-01 12:27:35,MO,VOICE,99970000136,99971929027,131,0.22,N,C136
R0001087,2026-07-01 08:07:11,MO,VOICE,99970000136,99971723683,499,0.83,N,C137
R0001088,2026-07-01 02:21:47,MT,VOICE,99970000131,99970000136,246,0.00,N,C136
R0001089,2026-07-01 02:38:11,MT,VOICE,99970000020,99970000136,70,0.00,N,C136
R0001090,2026-07-01 07:24:56,MT,VOICE,99970000035,99970000136,239,0.00,N,C136
R0001091,2026-07-01 08:49:19,MO,VOICE,99970000137,99971520344,273,0.46,N,C137
R0001092,2026-07-01 20:09:16,MO,VOICE,99970000137,99971090592,381,0.64,N,C137
R0001093,2026-07-01 03:19:52,MO,VOICE,99970000137,99971665603,263,0.44,N,C137
R0001094,2026-07-01 08:25:39,MO,VOICE,99970000137,99971240103,241,0.40,N,C137
R0001095,2026-07-01 19:49:40,MO,VOICE,99970000137,99971028603,80,0.13,N,C137
R0001096,2026-07-01 19:07:57,MT,VOICE,99970000103,99970000137,82,0.00,N,C137
R0001097,2026-07-01 01:05:52,MT,VOICE,99970000094,99970000137,126,0.00,N,C137
R0001098,2026-07-01 17:33:42,MO,VOICE,99970000138,99971750750,386,0.64,N,C138
R0001099,2026-07-01 19:00:13,MO,VOICE,99970000138,99971652209,321,0.54,N,C139
R0001100,2026-07-01 14:09:55,MO,VOICE,99970000138,99971376795,37,0.06,N,C140
R0001101,2026-07-01 17:03:31,MO,VOICE,99970000138,99971364081,430,0.72,N,C138
R0001102,2026-07-01 04:21:12,MO,VOICE,99970000138,99971390552,23,0.04,N,C139
R0001103,2026-07-01 20:24:29,MO,SMS,99970000138,99971491918,0,0.05,N,C138
R0001104,2026-07-01 05:34:02,MT,VOICE,99970000184,99970000138,210,0.00,N,C138
R0001105,2026-07-01 20:43:35,MO,VOICE,99970000139,99971933072,352,0.59,N,C139
R0001106,2026-07-01 11:19:30,MO,VOICE,99970000139,99971427867,295,0.49,N,C139
R0001107,2026-07-01 20:33:03,MO,VOICE,99970000139,99971411221,360,0.60,N,C139
R0001108,2026-07-01 09:50:00,MO,VOICE,99970000139,99971906384,290,0.48,N,C139
R0001109,2026-07-01 06:45:41,MO,SMS,99970000139,99971537782,0,0.05,N,C139
R0001110,2026-07-01 14:39:48,MT,VOICE,99970000021,99970000139,293,0.00,N,C139
R0001111,2026-07-01 02:02:28,MT,VOICE,99970000079,99970000139,262,0.00,N,C139
R0001112,2026-07-01 06:49:32,MO,VOICE,99970000140,99971840036,135,0.23,N,C140
R0001113,2026-07-01 16:09:16,MO,VOICE,99970000140,99971730645,90,0.15,N,C141
R0001114,2026-07-01 07:24:45,MO,VOICE,99970000140,99971514640,319,0.53,N,C142
R0001115,2026-07-01 01:43:49,MO,VOICE,99970000140,99971860856,70,0.12,N,C140
R0001116,2026-07-01 22:11:19,MO,VOICE,99970000140,99971883543,567,0.95,N,C141
R0001117,2026-07-01 19:44:11,MO,VOICE,99970000140,99971476475,90,0.15,N,C142
R0001118,2026-07-01 02:14:11,MO,VOICE,99970000140,99971829257,582,0.97,N,C140
R0001119,2026-07-01 22:49:51,MO,VOICE,99970000140,99971769995,33,0.06,N,C141
R0001120,2026-07-01 19:42:34,MO,SMS,99970000140,99971818548,0,0.05,N,C140
R0001121,2026-07-01 05:38:29,MT,VOICE,99970000121,99970000140,101,0.00,N,C140
R0001122,2026-07-01 23:16:20,MO,VOICE,99970000141,99971196370,458,0.76,N,C141
R0001123,2026-07-01 06:08:23,MO,VOICE,99970000141,99971378953,420,0.70,N,C142
R0001124,2026-07-01 20:42:44,MO,VOICE,99970000141,99971911150,388,0.65,N,C141
R0001125,2026-07-01 13:08:23,MT,VOICE,99970000189,99970000141,203,0.00,N,C141
R0001126,2026-07-01 00:52:08,MO,VOICE,99970000142,99971881999,274,0.46,N,C142
R0001127,2026-07-01 20:25:42,MO,VOICE,99970000142,99971656279,124,0.21,N,C143
R0001128,2026-07-01 21:52:52,MO,VOICE,99970000142,99971925787,129,0.22,N,C144
R0001129,2026-07-01 05:02:15,MO,VOICE,99970000142,99971044269,332,0.55,N,C142
R0001130,2026-07-01 00:45:56,MT,VOICE,99970000163,99970000142,49,0.00,N,C142
R0001131,2026-07-01 14:48:08,MT,VOICE,99970000194,99970000142,30,0.00,N,C142
R0001132,2026-07-01 06:38:09,MT,VOICE,99970000009,99970000142,212,0.00,N,C142
R0001133,2026-07-01 13:21:23,MO,VOICE,99970000143,99971992183,51,0.09,N,C143
R0001134,2026-07-01 19:43:38,MO,VOICE,99970000143,99971386073,526,0.88,N,C144
R0001135,2026-07-01 15:20:59,MO,VOICE,99970000143,99971138536,87,0.15,N,C145
R0001136,2026-07-01 15:15:58,MO,VOICE,99970000143,99971056759,328,0.55,N,C143
R0001137,2026-07-01 21:03:57,MO,VOICE,99970000143,99971264833,342,0.57,N,C144
R0001138,2026-07-01 07:39:31,MO,SMS,99970000143,99971869749,0,0.05,N,C143
R0001139,2026-07-01 08:41:17,MT,VOICE,99970000174,99970000143,95,0.00,N,C143
R0001140,2026-07-01 14:12:27,MT,VOICE,99970000133,99970000143,36,0.00,N,C143
R0001141,2026-07-01 05:25:39,MO,VOICE,99970000144,99971811948,126,0.21,N,C144
R0001142,2026-07-01 01:18:10,MO,VOICE,99970000144,99971271213,467,0.78,N,C145
R0001143,2026-07-01 11:05:23,MO,VOICE,99970000144,99971521739,88,0.15,N,C146
R0001144,2026-07-01 04:38:39,MO,SMS,99970000144,99971241424,0,0.05,N,C144
R0001145,2026-07-01 00:14:19,MT,VOICE,99970000107,99970000144,220,0.00,N,C144
R0001146,2026-07-01 07:33:07,MO,VOICE,99970000145,99971562493,320,0.53,N,C145
R0001147,2026-07-01 06:35:33,MO,VOICE,99970000145,99971619900,407,0.68,N,C145
R0001148,2026-07-01 16:47:22,MO,VOICE,99970000145,99971432112,182,0.30,N,C145
R0001149,2026-07-01 17:34:11,MT,VOICE,99970000123,99970000145,38,0.00,N,C145
R0001150,2026-07-01 00:30:27,MT,VOICE,99970000038,99970000145,109,0.00,N,C145
R0001151,2026-07-01 10:43:59,MO,VOICE,99970000146,99971230309,122,0.20,N,C146
R0001152,2026-07-01 10:11:23,MO,VOICE,99970000146,99971634023,428,0.71,N,C146
R0001153,2026-07-01 15:14:51,MO,VOICE,99970000146,99971681262,46,0.08,N,C146
R0001154,2026-07-01 02:38:04,MO,VOICE,99970000146,99971929806,417,0.70,N,C146
R0001155,2026-07-01 20:39:39,MT,VOICE,99970000065,99970000146,176,0.00,N,C146
R0001156,2026-07-01 20:22:30,MO,VOICE,99970000147,99971121675,315,0.53,N,C147
R0001157,2026-07-01 22:09:14,MO,VOICE,99970000147,99971322662,191,0.32,N,C148
R0001158,2026-07-01 17:04:47,MO,VOICE,99970000147,99971619911,136,0.23,N,C147
R0001159,2026-07-01 02:08:50,MO,SMS,99970000147,99971116477,0,0.05,N,C147
R0001160,2026-07-01 15:10:53,MT,VOICE,99970000081,99970000147,113,0.00,N,C147
R0001161,2026-07-01 02:11:39,MT,VOICE,99970000162,99970000147,78,0.00,N,C147
R0001162,2026-07-01 00:44:43,MO,VOICE,99970000148,99971158020,209,0.35,N,C148
R0001163,2026-07-01 07:14:08,MO,VOICE,99970000148,99971738489,469,0.78,N,C149
R0001164,2026-07-01 12:26:56,MO,VOICE,99970000148,99971767988,181,0.30,N,C100
R0001165,2026-07-01 08:01:56,MO,VOICE,99970000148,99971217537,79,0.13,N,C148
R0001166,2026-07-01 23:39:43,MO,VOICE,99970000148,99971510420,477,0.80,N,C149
R0001167,2026-07-01 15:16:37,MO,VOICE,99970000148,99971629126,387,0.65,N,C100
R0001168,2026-07-01 09:29:15,MO,VOICE,99970000148,99971954718,242,0.40,N,C148
R0001169,2026-07-01 17:51:17,MO,VOICE,99970000148,99971738241,385,0.64,N,C149
R0001170,2026-07-01 12:44:38,MT,VOICE,99970000130,99970000148,156,0.00,N,C148
R0001171,2026-07-01 03:46:47,MT,VOICE,99970000151,99970000148,95,0.00,N,C148
R0001172,2026-07-01 05:24:32,MT,VOICE,99970000088,99970000148,221,0.00,N,C148
R0001173,2026-07-01 10:22:53,MO,VOICE,99970000149,99971806627,212,0.35,N,C149
R0001174,2026-07-01 06:52:29,MO,VOICE,99970000149,99971020002,154,0.26,N,C149
R0001175,2026-07-01 04:24:34,MO,VOICE,99970000149,99971807248,273,0.46,N,C149
R0001176,2026-07-01 06:10:14,MO,VOICE,99970000149,99971799985,412,0.69,N,C149
R0001177,2026-07-01 05:06:58,MO,VOICE,99970000149,99971207986,154,0.26,N,C149
R0001178,2026-07-01 12:41:42,MO,VOICE,99970000149,99971904127,104,0.17,N,C149
R0001179,2026-07-01 08:04:32,MO,SMS,99970000149,99971222596,0,0.05,N,C149
R0001180,2026-07-01 17:40:44,MT,VOICE,99970000033,99970000149,235,0.00,N,C149
R0001181,2026-07-01 01:57:38,MT,VOICE,99970000029,99970000149,279,0.00,N,C149
R0001182,2026-07-01 19:05:09,MO,VOICE,99970000150,99971995614,384,0.64,N,C100
R0001183,2026-07-01 20:59:55,MO,VOICE,99970000150,99971247405,324,0.54,N,C101
R0001184,2026-07-01 13:21:32,MO,VOICE,99970000150,99971868572,63,0.11,N,C100
R0001185,2026-07-01 06:10:50,MO,VOICE,99970000150,99971979516,407,0.68,N,C101
R0001186,2026-07-01 00:55:16,MO,VOICE,99970000150,99971197777,508,0.85,N,C100
R0001187,2026-07-01 05:30:19,MT,VOICE,99970000118,99970000150,63,0.00,N,C100
R0001188,2026-07-01 12:56:07,MT,VOICE,99970000200,99970000150,84,0.00,N,C100
R0001189,2026-07-01 10:50:06,MO,VOICE,99970000151,99971332499,428,0.71,N,C101
R0001190,2026-07-01 02:58:53,MO,VOICE,99970000151,99971144213,495,0.83,N,C102
R0001191,2026-07-01 20:53:58,MO,VOICE,99970000151,99971507770,255,0.43,N,C103
R0001192,2026-07-01 04:37:05,MO,VOICE,99970000151,99971826690,536,0.89,N,C101
R0001193,2026-07-01 04:03:23,MO,VOICE,99970000151,99971004952,35,0.06,N,C102
R0001194,2026-07-01 11:23:39,MO,VOICE,99970000151,99971437262,153,0.26,N,C103
R0001195,2026-07-01 14:46:56,MO,VOICE,99970000151,99971970105,503,0.84,N,C101
R0001196,2026-07-01 06:18:25,MO,VOICE,99970000151,99971849872,200,0.33,N,C102
R0001197,2026-07-01 18:32:09,MO,SMS,99970000151,99971338989,0,0.05,N,C101
R0001198,2026-07-01 09:46:56,MT,VOICE,99970000111,99970000151,162,0.00,N,C101
R0001199,2026-07-01 04:31:51,MO,VOICE,99970000152,99971586811,496,0.83,N,C102
R0001200,2026-07-01 22:34:14,MO,VOICE,99970000152,99971446352,373,0.62,N,C102
R0001201,2026-07-01 08:45:54,MO,VOICE,99970000152,99971063836,564,0.94,N,C102
R0001202,2026-07-01 15:23:52,MO,VOICE,99970000152,99971212321,46,0.08,N,C102
R0001203,2026-07-01 17:25:26,MO,VOICE,99970000152,99971850377,597,1.00,N,C102
R0001204,2026-07-01 18:36:40,MO,VOICE,99970000152,99971998940,595,0.99,N,C102
R0001205,2026-07-01 09:34:11,MT,VOICE,99970000043,99970000152,125,0.00,N,C102
R0001206,2026-07-01 02:29:52,MT,VOICE,99970000199,99970000152,190,0.00,N,C102
R0001207,2026-07-01 15:12:26,MT,VOICE,99970000002,99970000152,68,0.00,N,C102
R0001208,2026-07-01 05:47:41,MO,VOICE,99970000153,99971121563,462,0.77,N,C103
R0001209,2026-07-01 16:45:11,MO,VOICE,99970000153,99971352896,378,0.63,N,C104
R0001210,2026-07-01 15:46:49,MO,VOICE,99970000153,99971100074,201,0.34,N,C105
R0001211,2026-07-01 15:49:35,MO,VOICE,99970000153,99971880903,91,0.15,N,C103
R0001212,2026-07-01 06:13:20,MO,VOICE,99970000153,99971017315,309,0.52,N,C104
R0001213,2026-07-01 23:08:38,MO,VOICE,99970000153,99971364525,337,0.56,N,C105
R0001214,2026-07-01 11:00:14,MO,VOICE,99970000153,99971958948,69,0.12,N,C103
R0001215,2026-07-01 17:13:16,MT,VOICE,99970000106,99970000153,208,0.00,N,C103
R0001216,2026-07-01 01:01:01,MT,VOICE,99970000099,99970000153,253,0.00,N,C103
R0001217,2026-07-01 11:38:06,MT,VOICE,99970000031,99970000153,145,0.00,N,C103
R0001218,2026-07-01 19:14:01,MO,VOICE,99970000154,99971670219,119,0.20,N,C104
R0001219,2026-07-01 23:44:27,MO,VOICE,99970000154,99971455661,575,0.96,N,C105
R0001220,2026-07-01 16:50:46,MO,VOICE,99970000154,99971061000,306,0.51,N,C106
R0001221,2026-07-01 02:11:22,MT,VOICE,99970000117,99970000154,204,0.00,N,C104
R0001222,2026-07-01 19:48:17,MT,VOICE,99970000045,99970000154,46,0.00,N,C104
R0001223,2026-07-01 19:23:24,MO,VOICE,99970000155,99971176407,362,0.60,N,C105
R0001224,2026-07-01 07:59:56,MO,VOICE,99970000155,99971767258,294,0.49,N,C105
R0001225,2026-07-01 16:25:29,MO,VOICE,99970000155,99971537045,444,0.74,N,C105
R0001226,2026-07-01 12:19:22,MO,VOICE,99970000155,99971397094,486,0.81,N,C105
R0001227,2026-07-01 04:36:00,MT,VOICE,99970000079,99970000155,176,0.00,N,C105
R0001228,2026-07-01 08:28:17,MT,VOICE,99970000111,99970000155,265,0.00,N,C105
R0001229,2026-07-01 16:16:46,MT,VOICE,99970000108,99970000155,230,0.00,N,C105
R0001230,2026-07-01 09:53:48,MO,VOICE,99970000156,99971206105,474,0.79,N,C106
R0001231,2026-07-01 04:25:27,MO,VOICE,99970000156,99971124665,556,0.93,N,C107
R0001232,2026-07-01 10:50:35,MO,VOICE,99970000156,99971137302,277,0.46,N,C106
R0001233,2026-07-01 11:52:30,MO,VOICE,99970000156,99971419501,380,0.63,N,C107
R0001234,2026-07-01 23:27:30,MO,VOICE,99970000156,99971873952,247,0.41,N,C106
R0001235,2026-07-01 19:21:14,MO,SMS,99970000156,99971280131,0,0.05,N,C106
R0001236,2026-07-01 17:34:15,MT,VOICE,99970000121,99970000156,121,0.00,N,C106
R0001237,2026-07-01 07:03:30,MO,VOICE,99970000157,99971199248,133,0.22,N,C107
R0001238,2026-07-01 06:49:17,MO,VOICE,99970000157,99971211796,378,0.63,N,C108
R0001239,2026-07-01 11:01:09,MO,VOICE,99970000157,99971071659,23,0.04,N,C109
R0001240,2026-07-01 13:44:50,MO,VOICE,99970000157,99971340160,271,0.45,N,C107
R0001241,2026-07-01 22:04:22,MT,VOICE,99970000178,99970000157,70,0.00,N,C107
R0001242,2026-07-01 15:20:25,MO,VOICE,99970000158,99971221415,399,0.67,N,C108
R0001243,2026-07-01 20:39:57,MO,VOICE,99970000158,99971871021,420,0.70,N,C109
R0001244,2026-07-01 19:49:05,MO,VOICE,99970000158,99971311582,430,0.72,N,C108
R0001245,2026-07-01 08:34:52,MO,VOICE,99970000158,99971025244,254,0.42,N,C109
R0001246,2026-07-01 08:45:28,MO,VOICE,99970000158,99971357466,310,0.52,N,C108
R0001247,2026-07-01 18:56:13,MO,VOICE,99970000158,99971120188,150,0.25,N,C109
R0001248,2026-07-01 17:19:57,MO,VOICE,99970000158,99971956815,454,0.76,N,C108
R0001249,2026-07-01 20:39:47,MT,VOICE,99970000054,99970000158,164,0.00,N,C108
R0001250,2026-07-01 13:07:47,MT,VOICE,99970000058,99970000158,32,0.00,N,C108
R0001251,2026-07-01 00:41:52,MO,VOICE,99970000159,99971187673,280,0.47,N,C109
R0001252,2026-07-01 17:22:48,MO,VOICE,99970000159,99971793910,339,0.57,N,C110
R0001253,2026-07-01 20:58:23,MO,VOICE,99970000159,99971342433,555,0.93,N,C109
R0001254,2026-07-01 17:50:48,MO,VOICE,99970000159,99971039186,367,0.61,N,C110
R0001255,2026-07-01 13:11:40,MO,VOICE,99970000159,99971990525,78,0.13,N,C109
R0001256,2026-07-01 01:32:59,MO,VOICE,99970000159,99971896954,419,0.70,N,C110
R0001257,2026-07-01 01:04:24,MO,SMS,99970000159,99971249388,0,0.05,N,C109
R0001258,2026-07-01 16:35:20,MT,VOICE,99970000150,99970000159,243,0.00,N,C109
R0001259,2026-07-01 01:31:09,MT,VOICE,99970000014,99970000159,100,0.00,N,C109
R0001260,2026-07-01 09:55:02,MO,VOICE,99970000160,99971567803,189,0.32,N,C110
R0001261,2026-07-01 01:48:11,MO,VOICE,99970000160,99971863998,103,0.17,N,C111
R0001262,2026-07-01 20:32:24,MO,VOICE,99970000160,99971135376,20,0.03,N,C112
R0001263,2026-07-01 03:16:22,MT,VOICE,99970000140,99970000160,229,0.00,N,C110
R0001264,2026-07-01 12:23:10,MT,VOICE,99970000001,99970000160,244,0.00,N,C110
R0001265,2026-07-01 01:38:10,MO,VOICE,99970000161,99971678600,219,0.37,N,C111
R0001266,2026-07-01 03:09:41,MO,VOICE,99970000161,99971412623,218,0.36,N,C112
R0001267,2026-07-01 20:21:31,MO,VOICE,99970000161,99971609743,160,0.27,N,C111
R0001268,2026-07-01 19:13:22,MO,VOICE,99970000161,99971981423,312,0.52,N,C112
R0001269,2026-07-01 21:13:20,MO,VOICE,99970000161,99971732972,170,0.28,N,C111
R0001270,2026-07-01 18:21:29,MO,VOICE,99970000161,99971866084,199,0.33,N,C112
R0001271,2026-07-01 07:49:40,MO,VOICE,99970000161,99971771199,224,0.37,N,C111
R0001272,2026-07-01 03:27:00,MO,VOICE,99970000161,99971192619,330,0.55,N,C112
R0001273,2026-07-01 00:48:06,MO,SMS,99970000161,99971891166,0,0.05,N,C111
R0001274,2026-07-01 20:56:32,MT,VOICE,99970000083,99970000161,234,0.00,N,C111
R0001275,2026-07-01 14:06:08,MT,VOICE,99970000117,99970000161,298,0.00,N,C111
R0001276,2026-07-01 04:23:23,MT,VOICE,99970000133,99970000161,181,0.00,N,C111
R0001277,2026-07-01 18:48:32,MO,VOICE,99970000162,99971612336,463,0.77,N,C112
R0001278,2026-07-01 21:09:52,MO,VOICE,99970000162,99971898543,375,0.63,N,C112
R0001279,2026-07-01 13:24:20,MO,VOICE,99970000162,99971107845,589,0.98,N,C112
R0001280,2026-07-01 13:15:10,MO,VOICE,99970000162,99971142064,491,0.82,N,C112
R0001281,2026-07-01 18:28:38,MO,VOICE,99970000162,99971003902,458,0.76,N,C112
R0001282,2026-07-01 18:12:29,MO,SMS,99970000162,99971338412,0,0.05,N,C112
R0001283,2026-07-01 09:55:29,MT,VOICE,99970000098,99970000162,166,0.00,N,C112
R0001284,2026-07-01 01:09:32,MT,VOICE,99970000031,99970000162,262,0.00,N,C112
R0001285,2026-07-01 01:55:52,MO,VOICE,99970000163,99971523703,72,0.12,N,C113
R0001286,2026-07-01 02:25:14,MO,VOICE,99970000163,99971784193,400,0.67,N,C113
R0001287,2026-07-01 12:44:49,MO,VOICE,99970000163,99971367680,433,0.72,N,C113
R0001288,2026-07-01 07:30:37,MO,VOICE,99970000163,99971279163,127,0.21,N,C113
R0001289,2026-07-01 05:57:04,MT,VOICE,99970000179,99970000163,78,0.00,N,C113
R0001290,2026-07-01 11:04:39,MT,VOICE,99970000132,99970000163,133,0.00,N,C113
R0001291,2026-07-01 02:00:19,MT,VOICE,99970000109,99970000163,34,0.00,N,C113
R0001292,2026-07-01 13:03:40,MO,VOICE,99970000164,99971080611,490,0.82,N,C114
R0001293,2026-07-01 05:03:18,MO,VOICE,99970000164,99971011267,157,0.26,N,C115
R0001294,2026-07-01 15:17:06,MO,VOICE,99970000164,99971524671,88,0.15,N,C116
R0001295,2026-07-01 02:30:58,MO,VOICE,99970000164,99971375362,60,0.10,N,C114
R0001296,2026-07-01 07:07:55,MO,VOICE,99970000164,99971032492,363,0.61,N,C115
R0001297,2026-07-01 00:07:03,MO,VOICE,99970000164,99971012298,568,0.95,N,C116
R0001298,2026-07-01 20:47:12,MO,VOICE,99970000164,99971119968,448,0.75,N,C114
R0001299,2026-07-01 01:01:06,MO,SMS,99970000164,99971181804,0,0.05,N,C114
R0001300,2026-07-01 01:13:18,MT,VOICE,99970000192,99970000164,141,0.00,N,C114
R0001301,2026-07-01 16:58:11,MT,VOICE,99970000099,99970000164,268,0.00,N,C114
R0001302,2026-07-01 18:32:27,MT,VOICE,99970000027,99970000164,145,0.00,N,C114
R0001303,2026-07-01 02:47:15,MO,VOICE,99970000165,99971976608,347,0.58,N,C115
R0001304,2026-07-01 04:29:53,MO,VOICE,99970000165,99971109351,390,0.65,N,C116
R0001305,2026-07-01 22:45:23,MO,VOICE,99970000165,99971610548,78,0.13,N,C117
R0001306,2026-07-01 02:48:03,MO,VOICE,99970000165,99971162549,387,0.65,N,C115
R0001307,2026-07-01 19:07:07,MT,VOICE,99970000072,99970000165,210,0.00,N,C115
R0001308,2026-07-01 04:42:57,MT,VOICE,99970000021,99970000165,47,0.00,N,C115
R0001309,2026-07-01 21:04:57,MO,VOICE,99970000166,99971583334,546,0.91,N,C116
R0001310,2026-07-01 13:06:15,MO,VOICE,99970000166,99971854005,243,0.41,N,C117
R0001311,2026-07-01 09:07:14,MO,VOICE,99970000166,99971251997,359,0.60,N,C116
R0001312,2026-07-01 00:51:44,MO,VOICE,99970000166,99971905463,149,0.25,N,C117
R0001313,2026-07-01 15:09:00,MO,VOICE,99970000166,99971008016,433,0.72,N,C116
R0001314,2026-07-01 10:03:51,MO,VOICE,99970000166,99971613174,120,0.20,N,C117
R0001315,2026-07-01 21:10:01,MO,VOICE,99970000166,99971842482,154,0.26,N,C116
R0001316,2026-07-01 20:42:25,MO,VOICE,99970000166,99971257698,176,0.29,N,C117
R0001317,2026-07-01 07:32:59,MO,SMS,99970000166,99971450986,0,0.05,N,C116
R0001318,2026-07-01 21:02:18,MT,VOICE,99970000042,99970000166,238,0.00,N,C116
R0001319,2026-07-01 23:28:47,MT,VOICE,99970000002,99970000166,72,0.00,N,C116
R0001320,2026-07-01 09:13:27,MO,VOICE,99970000167,99971107553,163,0.27,N,C117
R0001321,2026-07-01 17:59:01,MO,VOICE,99970000167,99971685306,125,0.21,N,C118
R0001322,2026-07-01 01:46:51,MO,VOICE,99970000167,99971825345,349,0.58,N,C119
R0001323,2026-07-01 07:49:28,MT,VOICE,99970000171,99970000167,76,0.00,N,C117
R0001324,2026-07-01 11:50:16,MT,VOICE,99970000166,99970000167,39,0.00,N,C117
R0001325,2026-07-01 05:26:07,MO,VOICE,99970000168,99971691160,300,0.50,N,C118
R0001326,2026-07-01 17:19:30,MO,VOICE,99970000168,99971907913,384,0.64,N,C118
R0001327,2026-07-01 22:55:24,MO,VOICE,99970000168,99971439550,300,0.50,N,C118
R0001328,2026-07-01 13:07:35,MT,VOICE,99970000175,99970000168,91,0.00,N,C118
R0001329,2026-07-01 21:46:41,MT,VOICE,99970000074,99970000168,262,0.00,N,C118
R0001330,2026-07-01 00:22:27,MT,VOICE,99970000108,99970000168,212,0.00,N,C118
R0001331,2026-07-01 19:57:20,MO,VOICE,99970000169,99971541869,169,0.28,N,C119
R0001332,2026-07-01 03:20:20,MO,VOICE,99970000169,99971218138,384,0.64,N,C120
R0001333,2026-07-01 20:00:40,MO,VOICE,99970000169,99971383073,129,0.22,N,C121
R0001334,2026-07-01 05:00:41,MO,VOICE,99970000169,99971963243,376,0.63,N,C119
R0001335,2026-07-01 05:06:15,MO,VOICE,99970000169,99971640547,24,0.04,N,C120
R0001336,2026-07-01 17:31:23,MO,VOICE,99970000169,99971779479,276,0.46,N,C121
R0001337,2026-07-01 20:08:05,MT,VOICE,99970000167,99970000169,30,0.00,N,C119
R0001338,2026-07-01 04:16:03,MT,VOICE,99970000185,99970000169,52,0.00,N,C119
R0001339,2026-07-01 15:40:26,MT,VOICE,99970000154,99970000169,229,0.00,N,C119
R0001340,2026-07-01 06:58:35,MO,VOICE,99970000170,99971618002,152,0.25,N,C120
R0001341,2026-07-01 16:39:28,MO,VOICE,99970000170,99971139469,497,0.83,N,C121
R0001342,2026-07-01 20:41:17,MO,VOICE,99970000170,99971731770,553,0.92,N,C120
R0001343,2026-07-01 15:44:56,MO,SMS,99970000170,99971688860,0,0.05,N,C120
R0001344,2026-07-01 14:30:01,MT,VOICE,99970000077,99970000170,87,0.00,N,C120
R0001345,2026-07-01 01:15:20,MT,VOICE,99970000100,99970000170,278,0.00,N,C120
R0001346,2026-07-01 17:23:53,MO,VOICE,99970000171,99971729478,43,0.07,N,C121
R0001347,2026-07-01 12:16:10,MO,VOICE,99970000171,99971092899,31,0.05,N,C122
R0001348,2026-07-01 06:48:41,MO,VOICE,99970000171,99971641116,468,0.78,N,C123
R0001349,2026-07-01 20:04:24,MO,VOICE,99970000171,99971706235,122,0.20,N,C121
R0001350,2026-07-01 00:44:18,MO,VOICE,99970000171,99971517267,150,0.25,N,C122
R0001351,2026-07-01 01:55:21,MO,VOICE,99970000171,99971795889,476,0.79,N,C123
R0001352,2026-07-01 00:13:21,MO,VOICE,99970000171,99971230618,497,0.83,N,C121
R0001353,2026-07-01 21:55:07,MO,VOICE,99970000171,99971053467,571,0.95,N,C122
R0001354,2026-07-01 09:01:01,MT,VOICE,99970000077,99970000171,251,0.00,N,C121
R0001355,2026-07-01 17:08:55,MT,VOICE,99970000140,99970000171,204,0.00,N,C121
R0001356,2026-07-01 15:03:10,MO,VOICE,99970000172,99971314317,453,0.76,N,C122
R0001357,2026-07-01 10:08:03,MO,VOICE,99970000172,99971511886,438,0.73,N,C122
R0001358,2026-07-01 04:02:44,MO,VOICE,99970000172,99971185952,584,0.97,N,C122
R0001359,2026-07-01 03:58:58,MO,VOICE,99970000172,99971423528,554,0.92,N,C122
R0001360,2026-07-01 06:46:29,MO,VOICE,99970000172,99971257441,263,0.44,N,C122
R0001361,2026-07-01 18:31:31,MT,VOICE,99970000050,99970000172,145,0.00,N,C122
R0001362,2026-07-01 07:31:47,MT,VOICE,99970000013,99970000172,136,0.00,N,C122
R0001363,2026-07-01 20:33:24,MT,VOICE,99970000027,99970000172,212,0.00,N,C122
R0001364,2026-07-01 05:30:50,MO,VOICE,99970000173,99971223536,130,0.22,N,C123
R0001365,2026-07-01 22:16:09,MO,VOICE,99970000173,99971266412,166,0.28,N,C124
R0001366,2026-07-01 12:21:10,MO,VOICE,99970000173,99971872070,561,0.94,N,C125
R0001367,2026-07-01 13:27:06,MO,VOICE,99970000173,99971176016,584,0.97,N,C123
R0001368,2026-07-01 20:01:07,MT,VOICE,99970000046,99970000173,35,0.00,N,C123
R0001369,2026-07-01 14:53:07,MT,VOICE,99970000139,99970000173,160,0.00,N,C123
R0001370,2026-07-01 21:50:21,MO,VOICE,99970000174,99971641933,385,0.64,N,C124
R0001371,2026-07-01 07:12:56,MO,VOICE,99970000174,99971546245,318,0.53,N,C125
R0001372,2026-07-01 20:31:12,MO,VOICE,99970000174,99971763643,205,0.34,N,C124
R0001373,2026-07-01 02:14:23,MO,VOICE,99970000174,99971790810,270,0.45,N,C125
R0001374,2026-07-01 07:32:44,MO,VOICE,99970000174,99971673754,399,0.67,N,C124
R0001375,2026-07-01 16:19:51,MO,VOICE,99970000174,99971132429,277,0.46,N,C125
R0001376,2026-07-01 15:18:43,MT,VOICE,99970000066,99970000174,188,0.00,N,C124
R0001377,2026-07-01 17:24:15,MO,VOICE,99970000175,99971024824,535,0.89,N,C125
R0001378,2026-07-01 04:11:30,MO,VOICE,99970000175,99971526161,275,0.46,N,C126
R0001379,2026-07-01 17:36:35,MO,VOICE,99970000175,99971758485,91,0.15,N,C127
R0001380,2026-07-01 19:15:01,MO,VOICE,99970000175,99971837410,493,0.82,N,C125
R0001381,2026-07-01 00:51:04,MO,VOICE,99970000175,99971427226,550,0.92,N,C126
R0001382,2026-07-01 16:03:24,MO,VOICE,99970000175,99971847152,258,0.43,N,C127
R0001383,2026-07-01 15:06:36,MO,VOICE,99970000175,99971773506,107,0.18,N,C125
R0001384,2026-07-01 16:54:14,MT,VOICE,99970000151,99970000175,195,0.00,N,C125
R0001385,2026-07-01 18:49:49,MO,VOICE,99970000176,99971388527,84,0.14,N,C126
R0001386,2026-07-01 13:28:18,MO,VOICE,99970000176,99971032376,208,0.35,N,C127
R0001387,2026-07-01 12:56:43,MO,VOICE,99970000176,99971056856,131,0.22,N,C128
R0001388,2026-07-01 01:22:21,MO,VOICE,99970000176,99971554711,365,0.61,N,C126
R0001389,2026-07-01 20:36:57,MO,VOICE,99970000176,99971929842,351,0.59,N,C127
R0001390,2026-07-01 09:37:59,MO,VOICE,99970000176,99971664987,548,0.91,N,C128
R0001391,2026-07-01 05:10:37,MO,VOICE,99970000176,99971030357,140,0.23,N,C126
R0001392,2026-07-01 14:34:45,MO,SMS,99970000176,99971885808,0,0.05,N,C126
R0001393,2026-07-01 13:38:40,MT,VOICE,99970000034,99970000176,103,0.00,N,C126
R0001394,2026-07-01 11:45:41,MT,VOICE,99970000115,99970000176,86,0.00,N,C126
R0001395,2026-07-01 09:29:05,MO,VOICE,99970000177,99971635844,121,0.20,N,C127
R0001396,2026-07-01 00:54:38,MO,VOICE,99970000177,99971600779,431,0.72,N,C128
R0001397,2026-07-01 01:48:27,MO,VOICE,99970000177,99971040948,55,0.09,N,C127
R0001398,2026-07-01 17:54:50,MO,VOICE,99970000177,99971239796,334,0.56,N,C128
R0001399,2026-07-01 02:47:21,MO,SMS,99970000177,99971756975,0,0.05,N,C127
R0001400,2026-07-01 01:28:54,MT,VOICE,99970000118,99970000177,109,0.00,N,C127
R0001401,2026-07-01 06:23:07,MO,VOICE,99970000178,99971251709,119,0.20,N,C128
R0001402,2026-07-01 18:48:49,MO,VOICE,99970000178,99971962572,362,0.60,N,C129
R0001403,2026-07-01 00:38:05,MO,VOICE,99970000178,99971060418,483,0.81,N,C130
R0001404,2026-07-01 15:19:05,MO,VOICE,99970000178,99971345629,469,0.78,N,C128
R0001405,2026-07-01 13:43:11,MO,VOICE,99970000178,99971579235,21,0.04,N,C129
R0001406,2026-07-01 00:26:16,MO,VOICE,99970000178,99971183555,212,0.35,N,C130
R0001407,2026-07-01 23:13:57,MO,VOICE,99970000178,99971370805,544,0.91,N,C128
R0001408,2026-07-01 19:48:50,MO,VOICE,99970000178,99971564579,392,0.65,N,C129
R0001409,2026-07-01 15:00:38,MT,VOICE,99970000034,99970000178,159,0.00,N,C128
R0001410,2026-07-01 18:25:19,MT,VOICE,99970000016,99970000178,179,0.00,N,C128
R0001411,2026-07-01 05:50:11,MO,VOICE,99970000179,99971619108,336,0.56,N,C129
R0001412,2026-07-01 11:09:03,MO,VOICE,99970000179,99971383272,27,0.05,N,C130
R0001413,2026-07-01 14:50:17,MO,VOICE,99970000179,99971799067,541,0.90,N,C129
R0001414,2026-07-01 00:41:18,MO,VOICE,99970000179,99971052673,102,0.17,N,C130
R0001415,2026-07-01 15:00:26,MO,VOICE,99970000179,99971872514,34,0.06,N,C129
R0001416,2026-07-01 11:37:40,MO,VOICE,99970000179,99971764055,114,0.19,N,C130
R0001417,2026-07-01 14:20:49,MT,VOICE,99970000084,99970000179,100,0.00,N,C129
R0001418,2026-07-01 13:39:15,MT,VOICE,99970000046,99970000179,181,0.00,N,C129
R0001419,2026-07-01 12:17:51,MT,VOICE,99970000142,99970000179,235,0.00,N,C129
R0001420,2026-07-01 18:20:24,MO,VOICE,99970000180,99971545380,354,0.59,N,C130
R0001421,2026-07-01 03:12:03,MO,VOICE,99970000180,99971224264,276,0.46,N,C130
R0001422,2026-07-01 06:40:43,MO,VOICE,99970000180,99971667881,328,0.55,N,C130
R0001423,2026-07-01 13:41:26,MO,VOICE,99970000180,99971396834,247,0.41,N,C130
R0001424,2026-07-01 20:13:55,MO,VOICE,99970000180,99971481256,83,0.14,N,C130
R0001425,2026-07-01 12:30:02,MO,VOICE,99970000180,99971704017,85,0.14,N,C130
R0001426,2026-07-01 23:28:12,MO,VOICE,99970000180,99971623600,479,0.80,N,C130
R0001427,2026-07-01 21:24:55,MO,VOICE,99970000180,99971765737,481,0.80,N,C130
R0001428,2026-07-01 22:02:12,MT,VOICE,99970000144,99970000180,209,0.00,N,C130
R0001429,2026-07-01 18:33:54,MT,VOICE,99970000139,99970000180,216,0.00,N,C130
R0001430,2026-07-01 12:20:29,MT,VOICE,99970000130,99970000180,265,0.00,N,C130
R0001431,2026-07-01 22:01:15,MO,VOICE,99970000181,99971696090,390,0.65,N,C131
R0001432,2026-07-01 20:30:27,MO,VOICE,99970000181,99971070634,213,0.36,N,C131
R0001433,2026-07-01 07:57:53,MO,VOICE,99970000181,99971189548,451,0.75,N,C131
R0001434,2026-07-01 11:44:02,MO,VOICE,99970000181,99971963274,477,0.80,N,C131
R0001435,2026-07-01 01:27:57,MO,VOICE,99970000181,99971601281,418,0.70,N,C131
R0001436,2026-07-01 16:25:03,MO,VOICE,99970000181,99971637310,421,0.70,N,C131
R0001437,2026-07-01 22:00:21,MO,VOICE,99970000181,99971644808,208,0.35,N,C131
R0001438,2026-07-01 23:26:26,MO,VOICE,99970000181,99971436533,567,0.95,N,C131
R0001439,2026-07-01 12:48:54,MT,VOICE,99970000093,99970000181,82,0.00,N,C131
R0001440,2026-07-01 19:28:24,MO,VOICE,99970000182,99971675120,219,0.37,N,C132
R0001441,2026-07-01 21:52:55,MO,VOICE,99970000182,99971425219,513,0.86,N,C133
R0001442,2026-07-01 19:01:58,MO,VOICE,99970000182,99971878214,239,0.40,N,C132
R0001443,2026-07-01 13:27:25,MO,VOICE,99970000182,99971859626,502,0.84,N,C133
R0001444,2026-07-01 20:30:49,MO,VOICE,99970000182,99971484319,493,0.82,N,C132
R0001445,2026-07-01 02:41:44,MO,VOICE,99970000182,99971285894,224,0.37,N,C133
R0001446,2026-07-01 13:24:05,MO,VOICE,99970000182,99971577798,170,0.28,N,C132
R0001447,2026-07-01 10:49:37,MT,VOICE,99970000045,99970000182,207,0.00,N,C132
R0001448,2026-07-01 18:52:59,MT,VOICE,99970000031,99970000182,55,0.00,N,C132
R0001449,2026-07-01 23:28:47,MO,VOICE,99970000183,99971850556,403,0.67,N,C133
R0001450,2026-07-01 21:15:22,MO,VOICE,99970000183,99971528086,448,0.75,N,C134
R0001451,2026-07-01 10:41:31,MO,VOICE,99970000183,99971238440,228,0.38,N,C133
R0001452,2026-07-01 09:53:33,MT,VOICE,99970000086,99970000183,76,0.00,N,C133
R0001453,2026-07-01 14:10:58,MO,VOICE,99970000184,99971204497,459,0.77,N,C134
R0001454,2026-07-01 09:19:52,MO,VOICE,99970000184,99971900538,183,0.31,N,C135
R0001455,2026-07-01 02:30:38,MO,VOICE,99970000184,99971344057,68,0.11,N,C136
R0001456,2026-07-01 08:14:09,MO,VOICE,99970000184,99971341721,520,0.87,N,C134
R0001457,2026-07-01 03:27:42,MO,SMS,99970000184,99971070203,0,0.05,N,C134
R0001458,2026-07-01 02:28:19,MT,VOICE,99970000032,99970000184,74,0.00,N,C134
R0001459,2026-07-01 11:14:18,MT,VOICE,99970000064,99970000184,51,0.00,N,C134
R0001460,2026-07-01 09:09:54,MT,VOICE,99970000187,99970000184,297,0.00,N,C134
R0001461,2026-07-01 03:46:28,MO,VOICE,99970000185,99971979364,578,0.96,N,C135
R0001462,2026-07-01 06:31:26,MO,VOICE,99970000185,99971974902,202,0.34,N,C136
R0001463,2026-07-01 13:54:33,MO,VOICE,99970000185,99971857955,558,0.93,N,C137
R0001464,2026-07-01 11:46:55,MO,VOICE,99970000185,99971006541,32,0.05,N,C135
R0001465,2026-07-01 01:47:09,MO,VOICE,99970000185,99971056568,176,0.29,N,C136
R0001466,2026-07-01 22:31:49,MT,VOICE,99970000111,99970000185,270,0.00,N,C135
R0001467,2026-07-01 15:47:11,MO,VOICE,99970000186,99971227600,472,0.79,N,C136
R0001468,2026-07-01 04:10:59,MO,VOICE,99970000186,99971073914,434,0.72,N,C137
R0001469,2026-07-01 21:15:48,MO,VOICE,99970000186,99971451101,155,0.26,N,C136
R0001470,2026-07-01 21:47:30,MT,VOICE,99970000053,99970000186,52,0.00,N,C136
R0001471,2026-07-01 10:54:14,MT,VOICE,99970000076,99970000186,183,0.00,N,C136
R0001472,2026-07-01 05:18:38,MT,VOICE,99970000076,99970000186,88,0.00,N,C136
R0001473,2026-07-01 19:37:14,MO,VOICE,99970000187,99971940907,596,0.99,N,C137
R0001474,2026-07-01 08:31:01,MO,VOICE,99970000187,99971708918,185,0.31,N,C138
R0001475,2026-07-01 04:52:16,MO,VOICE,99970000187,99971350489,113,0.19,N,C137
R0001476,2026-07-01 13:35:43,MO,VOICE,99970000187,99971809916,27,0.05,N,C138
R0001477,2026-07-01 05:46:42,MO,VOICE,99970000187,99971478049,270,0.45,N,C137
R0001478,2026-07-01 21:40:31,MO,VOICE,99970000187,99971396786,315,0.53,N,C138
R0001479,2026-07-01 00:08:11,MO,VOICE,99970000187,99971809915,599,1.00,N,C137
R0001480,2026-07-01 20:31:00,MO,SMS,99970000187,99971603544,0,0.05,N,C137
R0001481,2026-07-01 23:09:12,MT,VOICE,99970000005,99970000187,197,0.00,N,C137
R0001482,2026-07-01 23:24:29,MO,VOICE,99970000188,99971436842,129,0.22,N,C138
R0001483,2026-07-01 05:50:19,MO,VOICE,99970000188,99971412108,599,1.00,N,C139
R0001484,2026-07-01 08:19:34,MO,VOICE,99970000188,99971933286,161,0.27,N,C140
R0001485,2026-07-01 14:22:29,MO,VOICE,99970000188,99971396756,530,0.88,N,C138
R0001486,2026-07-01 00:58:03,MO,VOICE,99970000188,99971966800,304,0.51,N,C139
R0001487,2026-07-01 20:45:08,MO,VOICE,99970000188,99971225349,406,0.68,N,C140
R0001488,2026-07-01 15:18:53,MO,VOICE,99970000188,99971585423,306,0.51,N,C138
R0001489,2026-07-01 17:43:44,MO,VOICE,99970000188,99971370783,568,0.95,N,C139
R0001490,2026-07-01 14:20:23,MT,VOICE,99970000199,99970000188,87,0.00,N,C138
R0001491,2026-07-01 11:05:44,MO,VOICE,99970000189,99971824743,76,0.13,N,C139
R0001492,2026-07-01 07:38:04,MO,VOICE,99970000189,99971578639,259,0.43,N,C140
R0001493,2026-07-01 14:05:33,MO,VOICE,99970000189,99971701212,115,0.19,N,C139
R0001494,2026-07-01 12:09:52,MO,VOICE,99970000189,99971881613,110,0.18,N,C140
R0001495,2026-07-01 17:20:39,MO,VOICE,99970000189,99971691168,76,0.13,N,C139
R0001496,2026-07-01 17:10:43,MO,SMS,99970000189,99971158651,0,0.05,N,C139
R0001497,2026-07-01 16:27:16,MT,VOICE,99970000156,99970000189,268,0.00,N,C139
R0001498,2026-07-01 06:03:44,MO,VOICE,99970000190,99971102315,135,0.23,N,C140
R0001499,2026-07-01 17:49:12,MO,VOICE,99970000190,99971749678,573,0.96,N,C141
R0001500,2026-07-01 20:27:15,MO,VOICE,99970000190,99971625455,354,0.59,N,C142
R0001501,2026-07-01 21:57:28,MO,SMS,99970000190,99971949231,0,0.05,N,C140
R0001502,2026-07-01 07:46:16,MT,VOICE,99970000154,99970000190,243,0.00,N,C140
R0001503,2026-07-01 16:17:49,MO,VOICE,99970000191,99971671832,169,0.28,N,C141
R0001504,2026-07-01 01:10:48,MO,VOICE,99970000191,99971615151,253,0.42,N,C142
R0001505,2026-07-01 07:22:33,MO,VOICE,99970000191,99971133235,277,0.46,N,C141
R0001506,2026-07-01 05:15:58,MO,VOICE,99970000191,99971788761,169,0.28,N,C142
R0001507,2026-07-01 23:26:34,MO,VOICE,99970000191,99971565594,326,0.54,N,C141
R0001508,2026-07-01 14:54:51,MO,VOICE,99970000191,99971438590,219,0.37,N,C142
R0001509,2026-07-01 15:06:10,MO,VOICE,99970000191,99971776208,93,0.16,N,C141
R0001510,2026-07-01 00:08:32,MT,VOICE,99970000010,99970000191,260,0.00,N,C141
R0001511,2026-07-01 05:54:27,MT,VOICE,99970000103,99970000191,201,0.00,N,C141
R0001512,2026-07-01 06:47:13,MT,VOICE,99970000088,99970000191,273,0.00,N,C141
R0001513,2026-07-01 22:01:55,MO,VOICE,99970000192,99971865889,91,0.15,N,C142
R0001514,2026-07-01 08:37:26,MO,VOICE,99970000192,99971839297,414,0.69,N,C143
R0001515,2026-07-01 19:50:46,MO,VOICE,99970000192,99971235213,507,0.85,N,C142
R0001516,2026-07-01 22:04:43,MO,VOICE,99970000192,99971329131,146,0.24,N,C143
R0001517,2026-07-01 03:33:16,MT,VOICE,99970000141,99970000192,44,0.00,N,C142
R0001518,2026-07-01 03:28:56,MT,VOICE,99970000167,99970000192,69,0.00,N,C142
R0001519,2026-07-01 09:12:48,MT,VOICE,99970000090,99970000192,89,0.00,N,C142
R0001520,2026-07-01 17:35:04,MO,VOICE,99970000193,99971773202,483,0.81,N,C143
R0001521,2026-07-01 14:30:14,MO,VOICE,99970000193,99971531653,527,0.88,N,C143
R0001522,2026-07-01 02:47:04,MO,VOICE,99970000193,99971885693,452,0.75,N,C143
R0001523,2026-07-01 04:16:35,MO,VOICE,99970000193,99971689990,451,0.75,N,C143
R0001524,2026-07-01 03:00:43,MO,VOICE,99970000193,99971008527,152,0.25,N,C143
R0001525,2026-07-01 19:30:00,MO,VOICE,99970000193,99971098015,312,0.52,N,C143
R0001526,2026-07-01 10:42:07,MO,SMS,99970000193,99971203203,0,0.05,N,C143
R0001527,2026-07-01 14:07:46,MT,VOICE,99970000089,99970000193,297,0.00,N,C143
R0001528,2026-07-01 08:53:20,MT,VOICE,99970000025,99970000193,256,0.00,N,C143
R0001529,2026-07-01 09:31:37,MT,VOICE,99970000092,99970000193,225,0.00,N,C143
R0001530,2026-07-01 10:22:44,MO,VOICE,99970000194,99971382167,267,0.45,N,C144
R0001531,2026-07-01 15:40:54,MO,VOICE,99970000194,99971474516,457,0.76,N,C144
R0001532,2026-07-01 11:57:03,MO,VOICE,99970000194,99971796205,361,0.60,N,C144
R0001533,2026-07-01 05:25:01,MO,VOICE,99970000194,99971793648,325,0.54,N,C144
R0001534,2026-07-01 06:02:36,MO,VOICE,99970000194,99971138453,158,0.26,N,C144
R0001535,2026-07-01 02:38:35,MO,SMS,99970000194,99971184868,0,0.05,N,C144
R0001536,2026-07-01 02:23:10,MT,VOICE,99970000106,99970000194,244,0.00,N,C144
R0001537,2026-07-01 11:17:36,MO,VOICE,99970000195,99971479715,435,0.73,N,C145
R0001538,2026-07-01 09:22:56,MO,VOICE,99970000195,99971668636,79,0.13,N,C146
R0001539,2026-07-01 08:27:28,MO,VOICE,99970000195,99971940935,231,0.39,N,C147
R0001540,2026-07-01 20:08:25,MO,VOICE,99970000195,99971347541,44,0.07,N,C145
R0001541,2026-07-01 02:48:09,MO,VOICE,99970000195,99971096580,230,0.38,N,C146
R0001542,2026-07-01 10:35:24,MO,VOICE,99970000195,99971014454,52,0.09,N,C147
R0001543,2026-07-01 03:23:00,MT,VOICE,99970000050,99970000195,247,0.00,N,C145
R0001544,2026-07-01 09:11:58,MO,VOICE,99970000196,99971596260,257,0.43,N,C146
R0001545,2026-07-01 13:35:44,MO,VOICE,99970000196,99971899561,270,0.45,N,C147
R0001546,2026-07-01 04:41:18,MO,VOICE,99970000196,99971947891,301,0.50,N,C148
R0001547,2026-07-01 09:58:40,MO,VOICE,99970000196,99971448786,104,0.17,N,C146
R0001548,2026-07-01 15:23:40,MO,VOICE,99970000196,99971262188,37,0.06,N,C147
R0001549,2026-07-01 10:39:04,MO,VOICE,99970000196,99971160785,359,0.60,N,C148
R0001550,2026-07-01 11:05:02,MO,SMS,99970000196,99971915105,0,0.05,N,C146
R0001551,2026-07-01 07:07:10,MT,VOICE,99970000186,99970000196,163,0.00,N,C146
R0001552,2026-07-01 15:21:46,MT,VOICE,99970000170,99970000196,33,0.00,N,C146
R0001553,2026-07-01 07:44:43,MO,VOICE,99970000197,99971138986,223,0.37,N,C147
R0001554,2026-07-01 23:36:45,MO,VOICE,99970000197,99971655106,355,0.59,N,C147
R0001555,2026-07-01 10:13:15,MO,VOICE,99970000197,99971681474,279,0.47,N,C147
R0001556,2026-07-01 02:09:25,MO,VOICE,99970000197,99971687348,177,0.30,N,C147
R0001557,2026-07-01 09:07:42,MO,VOICE,99970000197,99971539085,466,0.78,N,C147
R0001558,2026-07-01 02:02:03,MO,VOICE,99970000197,99971586279,437,0.73,N,C147
R0001559,2026-07-01 04:06:24,MO,VOICE,99970000197,99971549406,224,0.37,N,C147
R0001560,2026-07-01 19:31:57,MO,SMS,99970000197,99971805847,0,0.05,N,C147
R0001561,2026-07-01 15:29:12,MT,VOICE,99970000013,99970000197,179,0.00,N,C147
R0001562,2026-07-01 17:37:30,MT,VOICE,99970000040,99970000197,137,0.00,N,C147
R0001563,2026-07-01 10:57:34,MT,VOICE,99970000157,99970000197,160,0.00,N,C147
R0001564,2026-07-01 03:59:37,MO,VOICE,99970000198,99971376302,289,0.48,N,C148
R0001565,2026-07-01 22:37:54,MO,VOICE,99970000198,99971077701,414,0.69,N,C149
R0001566,2026-07-01 00:55:11,MO,VOICE,99970000198,99971341293,125,0.21,N,C148
R0001567,2026-07-01 18:40:24,MO,VOICE,99970000198,99971931849,528,0.88,N,C149
R0001568,2026-07-01 02:22:31,MO,VOICE,99970000198,99971571221,105,0.18,N,C148
R0001569,2026-07-01 23:32:43,MO,VOICE,99970000198,99971160844,327,0.55,N,C149
R0001570,2026-07-01 20:24:46,MO,SMS,99970000198,99971889594,0,0.05,N,C148
R0001571,2026-07-01 10:14:29,MT,VOICE,99970000078,99970000198,141,0.00,N,C148
R0001572,2026-07-01 07:04:35,MO,VOICE,99970000199,99971158844,456,0.76,N,C149
R0001573,2026-07-01 23:20:54,MO,VOICE,99970000199,99971562248,122,0.20,N,C100
R0001574,2026-07-01 22:10:19,MO,VOICE,99970000199,99971074375,250,0.42,N,C149
R0001575,2026-07-01 18:39:13,MO,VOICE,99970000199,99971833486,28,0.05,N,C100
R0001576,2026-07-01 00:44:08,MT,VOICE,99970000145,99970000199,63,0.00,N,C149
R0001577,2026-07-01 02:03:30,MT,VOICE,99970000017,99970000199,193,0.00,N,C149
R0001578,2026-07-01 01:43:47,MO,VOICE,99970000200,99971728407,192,0.32,N,C100
R0001579,2026-07-01 04:47:39,MO,VOICE,99970000200,99971407779,110,0.18,N,C100
R0001580,2026-07-01 06:08:08,MO,VOICE,99970000200,99971084634,455,0.76,N,C100
R0001581,2026-07-01 22:24:07,MO,VOICE,99970000200,99971707313,94,0.16,N,C100
R0001582,2026-07-01 13:14:20,MO,VOICE,99970000200,99971666134,323,0.54,N,C100
R0001583,2026-07-01 16:35:05,MO,VOICE,99970000200,99971667652,216,0.36,N,C100
R0001584,2026-07-01 23:37:49,MT,VOICE,99970000195,99970000200,252,0.00,N,C100
R0001585,2026-07-01 10:45:55,MT,VOICE,99970000049,99970000200,243,0.00,N,C100
R0001586,2026-07-01 02:00:00,MO,VOICE,99970001001,8827010010,600,9.00,N,C200
R0001587,2026-07-01 02:11:00,MO,VOICE,99970001001,8827010011,600,9.00,N,C200
R0001588,2026-07-01 02:22:00,MO,VOICE,99970001001,8827010012,600,9.00,N,C200
R0001589,2026-07-01 02:33:00,MO,VOICE,99970001001,8827010013,600,9.00,N,C200
R0001590,2026-07-01 02:44:00,MO,VOICE,99970001001,8827010014,600,9.00,N,C200
R0001591,2026-07-01 02:55:00,MO,VOICE,99970001001,8827010015,600,9.00,N,C200
R0001592,2026-07-01 03:06:00,MO,VOICE,99970001001,8827010016,600,9.00,N,C200
R0001593,2026-07-01 03:17:00,MO,VOICE,99970001001,8827010017,600,9.00,N,C200
R0001594,2026-07-01 03:28:00,MO,VOICE,99970001001,8827010018,600,9.00,N,C200
R0001595,2026-07-01 03:39:00,MO,VOICE,99970001001,8827010019,600,9.00,N,C200
R0001596,2026-07-01 02:00:00,MO,VOICE,99970001002,8827010020,600,9.00,N,C200
R0001597,2026-07-01 02:11:00,MO,VOICE,99970001002,8827010021,600,9.00,N,C200
R0001598,2026-07-01 02:22:00,MO,VOICE,99970001002,8827010022,600,9.00,N,C200
R0001599,2026-07-01 02:33:00,MO,VOICE,99970001002,8827010023,600,9.00,N,C200
R0001600,2026-07-01 02:44:00,MO,VOICE,99970001002,8827010024,600,9.00,N,C200
R0001601,2026-07-01 02:55:00,MO,VOICE,99970001002,8827010025,600,9.00,N,C200
R0001602,2026-07-01 03:06:00,MO,VOICE,99970001002,8827010026,600,9.00,N,C200
R0001603,2026-07-01 03:17:00,MO,VOICE,99970001002,8827010027,600,9.00,N,C200
R0001604,2026-07-01 03:28:00,MO,VOICE,99970001002,8827010028,600,9.00,N,C200
R0001605,2026-07-01 03:39:00,MO,VOICE,99970001002,8827010029,600,9.00,N,C200
R0001606,2026-07-01 02:00:00,MO,VOICE,99970001003,8827010030,600,9.00,N,C200
R0001607,2026-07-01 02:11:00,MO,VOICE,99970001003,8827010031,600,9.00,N,C200
R0001608,2026-07-01 02:22:00,MO,VOICE,99970001003,8827010032,600,9.00,N,C200
R0001609,2026-07-01 02:33:00,MO,VOICE,99970001003,8827010033,600,9.00,N,C200
R0001610,2026-07-01 02:44:00,MO,VOICE,99970001003,8827010034,600,9.00,N,C200
R0001611,2026-07-01 02:55:00,MO,VOICE,99970001003,8827010035,600,9.00,N,C200
R0001612,2026-07-01 03:06:00,MO,VOICE,99970001003,8827010036,600,9.00,N,C200
R0001613,2026-07-01 03:17:00,MO,VOICE,99970001003,8827010037,600,9.00,N,C200
R0001614,2026-07-01 03:28:00,MO,VOICE,99970001003,8827010038,600,9.00,N,C200
R0001615,2026-07-01 03:39:00,MO,VOICE,99970001003,8827010039,600,9.00,N,C200
R0001616,2026-07-01 02:00:00,MO,VOICE,99970001004,8827010040,600,9.00,N,C200
R0001617,2026-07-01 02:11:00,MO,VOICE,99970001004,8827010041,600,9.00,N,C200
R0001618,2026-07-01 02:22:00,MO,VOICE,99970001004,8827010042,600,9.00,N,C200
R0001619,2026-07-01 02:33:00,MO,VOICE,99970001004,8827010043,600,9.00,N,C200
R0001620,2026-07-01 02:44:00,MO,VOICE,99970001004,8827010044,600,9.00,N,C200
R0001621,2026-07-01 02:55:00,MO,VOICE,99970001004,8827010045,600,9.00,N,C200
R0001622,2026-07-01 03:06:00,MO,VOICE,99970001004,8827010046,600,9.00,N,C200
R0001623,2026-07-01 03:17:00,MO,VOICE,99970001004,8827010047,600,9.00,N,C200
R0001624,2026-07-01 03:28:00,MO,VOICE,99970001004,8827010048,600,9.00,N,C200
R0001625,2026-07-01 03:39:00,MO,VOICE,99970001004,8827010049,600,9.00,N,C200
R0001626,2026-07-01 03:00:00,MO,VOICE,99970001011,8835010110,300,4.50,N,C201
R0001627,2026-07-01 03:07:00,MO,VOICE,99970001011,8835010111,300,4.50,N,C201
R0001628,2026-07-01 03:00:00,MO,VOICE,99970001012,8835010120,300,4.50,N,C201
R0001629,2026-07-01 03:07:00,MO,VOICE,99970001012,8835010121,300,4.50,N,C201
R0001630,2026-07-01 03:00:00,MO,VOICE,99970001013,8835010130,300,4.50,N,C201
R0001631,2026-07-01 03:07:00,MO,VOICE,99970001013,8835010131,300,4.50,N,C201
R0001632,2026-07-01 04:00:00,MO,VOICE,99970001014,4412010140,600,3.00,N,C202
R0001633,2026-07-01 04:11:00,MO,VOICE,99970001014,4412010141,600,3.00,N,C202
R0001634,2026-07-01 04:22:00,MO,VOICE,99970001014,4412010142,600,3.00,N,C202
R0001635,2026-07-01 04:33:00,MO,VOICE,99970001014,4412010143,600,3.00,N,C202
R0001636,2026-07-01 04:44:00,MO,VOICE,99970001014,4412010144,600,3.00,N,C202
R0001637,2026-07-01 04:55:00,MO,VOICE,99970001014,4412010145,600,3.00,N,C202
R0001638,2026-07-01 05:06:00,MO,VOICE,99970001014,4412010146,600,3.00,N,C202
R0001639,2026-07-01 05:17:00,MO,VOICE,99970001014,4412010147,600,3.00,N,C202
R0001640,2026-07-01 05:28:00,MO,VOICE,99970001014,4412010148,600,3.00,N,C202
R0001641,2026-07-01 05:39:00,MO,VOICE,99970001014,4412010149,600,3.00,N,C202
R0001642,2026-07-01 05:50:00,MO,VOICE,99970001014,4412010150,600,3.00,N,C202
R0001643,2026-07-01 06:01:00,MO,VOICE,99970001014,4412010151,600,3.00,N,C202
R0001644,2026-07-01 06:12:00,MO,VOICE,99970001014,4412010152,600,3.00,N,C202
R0001645,2026-07-01 06:23:00,MO,VOICE,99970001014,4412010153,600,3.00,N,C202
R0001646,2026-07-01 04:00:00,MO,VOICE,99970001015,4412010150,600,3.00,N,C202
R0001647,2026-07-01 04:11:00,MO,VOICE,99970001015,4412010151,600,3.00,N,C202
R0001648,2026-07-01 04:22:00,MO,VOICE,99970001015,4412010152,600,3.00,N,C202
R0001649,2026-07-01 04:33:00,MO,VOICE,99970001015,4412010153,600,3.00,N,C202
R0001650,2026-07-01 04:44:00,MO,VOICE,99970001015,4412010154,600,3.00,N,C202
R0001651,2026-07-01 04:55:00,MO,VOICE,99970001015,4412010155,600,3.00,N,C202
R0001652,2026-07-01 05:06:00,MO,VOICE,99970001015,4412010156,600,3.00,N,C202
R0001653,2026-07-01 05:17:00,MO,VOICE,99970001015,4412010157,600,3.00,N,C202
R0001654,2026-07-01 05:28:00,MO,VOICE,99970001015,4412010158,600,3.00,N,C202
R0001655,2026-07-01 05:39:00,MO,VOICE,99970001015,4412010159,600,3.00,N,C202
R0001656,2026-07-01 05:50:00,MO,VOICE,99970001015,4412010160,600,3.00,N,C202
R0001657,2026-07-01 06:01:00,MO,VOICE,99970001015,4412010161,600,3.00,N,C202
R0001658,2026-07-01 06:12:00,MO,VOICE,99970001015,4412010162,600,3.00,N,C202
R0001659,2026-07-01 06:23:00,MO,VOICE,99970001015,4412010163,600,3.00,N,C202
R0001660,2026-07-01 05:01:00,MT,VOICE,23277000001,99970000041,1,0.00,N,C300
R0001661,2026-07-01 05:02:00,MT,VOICE,23277000001,99970000042,1,0.00,N,C300
R0001662,2026-07-01 05:03:00,MT,VOICE,23277000001,99970000043,1,0.00,N,C300
R0001663,2026-07-01 05:04:00,MT,VOICE,23277000001,99970000044,1,0.00,N,C300
R0001664,2026-07-01 05:05:00,MT,VOICE,23277000001,99970000045,1,0.00,N,C300
R0001665,2026-07-01 05:06:00,MT,VOICE,23277000001,99970000046,1,0.00,N,C300
R0001666,2026-07-01 05:07:00,MT,VOICE,23277000001,99970000047,1,0.00,N,C300
R0001667,2026-07-01 05:08:00,MT,VOICE,23277000001,99970000048,1,0.00,N,C300
R0001668,2026-07-01 05:09:00,MT,VOICE,23277000001,99970000049,1,0.00,N,C300
R0001669,2026-07-01 05:10:00,MT,VOICE,23277000001,99970000050,1,0.00,N,C300
R0001670,2026-07-01 05:11:00,MT,VOICE,23277000001,99970000051,1,0.00,N,C300
R0001671,2026-07-01 05:12:00,MT,VOICE,23277000001,99970000052,1,0.00,N,C300
R0001672,2026-07-01 05:13:00,MT,VOICE,23277000001,99970000053,1,0.00,N,C300
R0001673,2026-07-01 05:14:00,MT,VOICE,23277000001,99970000054,1,0.00,N,C300
R0001674,2026-07-01 05:15:00,MT,VOICE,23277000001,99970000055,1,0.00,N,C300
R0001675,2026-07-01 05:16:00,MT,VOICE,23277000001,99970000056,1,0.00,N,C300
R0001676,2026-07-01 05:17:00,MT,VOICE,23277000001,99970000057,1,0.00,N,C300
R0001677,2026-07-01 05:18:00,MT,VOICE,23277000001,99970000058,1,0.00,N,C300
R0001678,2026-07-01 05:19:00,MT,VOICE,23277000001,99970000059,1,0.00,N,C300
R0001679,2026-07-01 05:20:00,MT,VOICE,23277000001,99970000060,1,0.00,N,C300
R0001680,2026-07-01 05:21:00,MT,VOICE,23277000001,99970000061,1,0.00,N,C300
R0001681,2026-07-01 05:22:00,MT,VOICE,23277000001,99970000062,1,0.00,N,C300
R0001682,2026-07-01 05:23:00,MT,VOICE,23277000001,99970000063,1,0.00,N,C300
R0001683,2026-07-01 05:24:00,MT,VOICE,23277000001,99970000064,1,0.00,N,C300
R0001684,2026-07-01 05:25:00,MT,VOICE,23277000001,99970000065,1,0.00,N,C300
R0001685,2026-07-01 05:26:00,MT,VOICE,23277000001,99970000066,1,0.00,N,C300
R0001686,2026-07-01 05:27:00,MT,VOICE,23277000001,99970000067,1,0.00,N,C300
R0001687,2026-07-01 05:28:00,MT,VOICE,23277000001,99970000068,1,0.00,N,C300
R0001688,2026-07-01 05:29:00,MT,VOICE,23277000001,99970000069,1,0.00,N,C300
R0001689,2026-07-01 05:30:00,MT,VOICE,23277000001,99970000070,1,0.00,N,C300
R0001690,2026-07-01 05:31:00,MT,VOICE,23277000001,99970000071,1,0.00,N,C300
R0001691,2026-07-01 05:32:00,MT,VOICE,23277000001,99970000072,1,0.00,N,C300
R0001692,2026-07-01 05:33:00,MT,VOICE,23277000001,99970000073,1,0.00,N,C300
R0001693,2026-07-01 05:34:00,MT,VOICE,23277000001,99970000074,1,0.00,N,C300
R0001694,2026-07-01 05:35:00,MT,VOICE,23277000001,99970000075,1,0.00,N,C300
R0001695,2026-07-01 05:36:00,MT,VOICE,23277000001,99970000076,1,0.00,N,C300
R0001696,2026-07-01 05:37:00,MT,VOICE,23277000001,99970000077,1,0.00,N,C300
R0001697,2026-07-01 05:38:00,MT,VOICE,23277000001,99970000078,1,0.00,N,C300
R0001698,2026-07-01 05:39:00,MT,VOICE,23277000001,99970000079,1,0.00,N,C300
R0001699,2026-07-01 05:40:00,MT,VOICE,23277000001,99970000080,1,0.00,N,C300
R0001700,2026-07-01 05:01:00,MT,VOICE,23277000002,99970000081,1,0.00,N,C300
R0001701,2026-07-01 05:02:00,MT,VOICE,23277000002,99970000082,1,0.00,N,C300
R0001702,2026-07-01 05:03:00,MT,VOICE,23277000002,99970000083,1,0.00,N,C300
R0001703,2026-07-01 05:04:00,MT,VOICE,23277000002,99970000084,1,0.00,N,C300
R0001704,2026-07-01 05:05:00,MT,VOICE,23277000002,99970000085,1,0.00,N,C300
R0001705,2026-07-01 05:06:00,MT,VOICE,23277000002,99970000086,1,0.00,N,C300
R0001706,2026-07-01 05:07:00,MT,VOICE,23277000002,99970000087,1,0.00,N,C300
R0001707,2026-07-01 05:08:00,MT,VOICE,23277000002,99970000088,1,0.00,N,C300
R0001708,2026-07-01 05:09:00,MT,VOICE,23277000002,99970000089,1,0.00,N,C300
R0001709,2026-07-01 05:10:00,MT,VOICE,23277000002,99970000090,1,0.00,N,C300
R0001710,2026-07-01 05:11:00,MT,VOICE,23277000002,99970000091,1,0.00,N,C300
R0001711,2026-07-01 05:12:00,MT,VOICE,23277000002,99970000092,1,0.00,N,C300
R0001712,2026-07-01 05:13:00,MT,VOICE,23277000002,99970000093,1,0.00,N,C300
R0001713,2026-07-01 05:14:00,MT,VOICE,23277000002,99970000094,1,0.00,N,C300
R0001714,2026-07-01 05:15:00,MT,VOICE,23277000002,99970000095,1,0.00,N,C300
R0001715,2026-07-01 05:16:00,MT,VOICE,23277000002,99970000096,1,0.00,N,C300
R0001716,2026-07-01 05:17:00,MT,VOICE,23277000002,99970000097,1,0.00,N,C300
R0001717,2026-07-01 05:18:00,MT,VOICE,23277000002,99970000098,1,0.00,N,C300
R0001718,2026-07-01 05:19:00,MT,VOICE,23277000002,99970000099,1,0.00,N,C300
R0001719,2026-07-01 05:20:00,MT,VOICE,23277000002,99970000100,1,0.00,N,C300
R0001720,2026-07-01 05:21:00,MT,VOICE,23277000002,99970000101,1,0.00,N,C300
R0001721,2026-07-01 05:22:00,MT,VOICE,23277000002,99970000102,1,0.00,N,C300
R0001722,2026-07-01 05:23:00,MT,VOICE,23277000002,99970000103,1,0.00,N,C300
R0001723,2026-07-01 05:24:00,MT,VOICE,23277000002,99970000104,1,0.00,N,C300
R0001724,2026-07-01 05:25:00,MT,VOICE,23277000002,99970000105,1,0.00,N,C300
R0001725,2026-07-01 05:26:00,MT,VOICE,23277000002,99970000106,1,0.00,N,C300
R0001726,2026-07-01 05:27:00,MT,VOICE,23277000002,99970000107,1,0.00,N,C300
R0001727,2026-07-01 05:28:00,MT,VOICE,23277000002,99970000108,1,0.00,N,C300
R0001728,2026-07-01 05:29:00,MT,VOICE,23277000002,99970000109,1,0.00,N,C300
R0001729,2026-07-01 05:30:00,MT,VOICE,23277000002,99970000110,1,0.00,N,C300
R0001730,2026-07-01 05:31:00,MT,VOICE,23277000002,99970000111,1,0.00,N,C300
R0001731,2026-07-01 05:32:00,MT,VOICE,23277000002,99970000112,1,0.00,N,C300
R0001732,2026-07-01 05:33:00,MT,VOICE,23277000002,99970000113,1,0.00,N,C300
R0001733,2026-07-01 05:34:00,MT,VOICE,23277000002,99970000114,1,0.00,N,C300
R0001734,2026-07-01 05:35:00,MT,VOICE,23277000002,99970000115,1,0.00,N,C300
R0001735,2026-07-01 05:36:00,MT,VOICE,23277000002,99970000116,1,0.00,N,C300
R0001736,2026-07-01 05:37:00,MT,VOICE,23277000002,99970000117,1,0.00,N,C300
R0001737,2026-07-01 05:38:00,MT,VOICE,23277000002,99970000118,1,0.00,N,C300
R0001738,2026-07-01 05:39:00,MT,VOICE,23277000002,99970000119,1,0.00,N,C300
R0001739,2026-07-01 05:40:00,MT,VOICE,23277000002,99970000120,1,0.00,N,C300
R0001740,2026-07-01 05:01:00,MT,VOICE,23277000003,99970000121,1,0.00,N,C300
R0001741,2026-07-01 05:02:00,MT,VOICE,23277000003,99970000122,1,0.00,N,C300
R0001742,2026-07-01 05:03:00,MT,VOICE,23277000003,99970000123,1,0.00,N,C300
R0001743,2026-07-01 05:04:00,MT,VOICE,23277000003,99970000124,1,0.00,N,C300
R0001744,2026-07-01 05:05:00,MT,VOICE,23277000003,99970000125,1,0.00,N,C300
R0001745,2026-07-01 05:06:00,MT,VOICE,23277000003,99970000126,1,0.00,N,C300
R0001746,2026-07-01 05:07:00,MT,VOICE,23277000003,99970000127,1,0.00,N,C300
R0001747,2026-07-01 05:08:00,MT,VOICE,23277000003,99970000128,1,0.00,N,C300
R0001748,2026-07-01 05:09:00,MT,VOICE,23277000003,99970000129,1,0.00,N,C300
R0001749,2026-07-01 05:10:00,MT,VOICE,23277000003,99970000130,1,0.00,N,C300
R0001750,2026-07-01 05:11:00,MT,VOICE,23277000003,99970000131,1,0.00,N,C300
R0001751,2026-07-01 05:12:00,MT,VOICE,23277000003,99970000132,1,0.00,N,C300
R0001752,2026-07-01 05:13:00,MT,VOICE,23277000003,99970000133,1,0.00,N,C300
R0001753,2026-07-01 05:14:00,MT,VOICE,23277000003,99970000134,1,0.00,N,C300
R0001754,2026-07-01 05:15:00,MT,VOICE,23277000003,99970000135,1,0.00,N,C300
R0001755,2026-07-01 05:16:00,MT,VOICE,23277000003,99970000136,1,0.00,N,C300
R0001756,2026-07-01 05:17:00,MT,VOICE,23277000003,99970000137,1,0.00,N,C300
R0001757,2026-07-01 05:18:00,MT,VOICE,23277000003,99970000138,1,0.00,N,C300
R0001758,2026-07-01 05:19:00,MT,VOICE,23277000003,99970000139,1,0.00,N,C300
R0001759,2026-07-01 05:20:00,MT,VOICE,23277000003,99970000140,1,0.00,N,C300
R0001760,2026-07-01 05:21:00,MT,VOICE,23277000003,99970000141,1,0.00,N,C300
R0001761,2026-07-01 05:22:00,MT,VOICE,23277000003,99970000142,1,0.00,N,C300
R0001762,2026-07-01 05:23:00,MT,VOICE,23277000003,99970000143,1,0.00,N,C300
R0001763,2026-07-01 05:24:00,MT,VOICE,23277000003,99970000144,1,0.00,N,C300
R0001764,2026-07-01 05:25:00,MT,VOICE,23277000003,99970000145,1,0.00,N,C300
R0001765,2026-07-01 05:26:00,MT,VOICE,23277000003,99970000146,1,0.00,N,C300
R0001766,2026-07-01 05:27:00,MT,VOICE,23277000003,99970000147,1,0.00,N,C300
R0001767,2026-07-01 05:28:00,MT,VOICE,23277000003,99970000148,1,0.00,N,C300
R0001768,2026-07-01 05:29:00,MT,VOICE,23277000003,99970000149,1,0.00,N,C300
R0001769,2026-07-01 05:30:00,MT,VOICE,23277000003,99970000150,1,0.00,N,C300
R0001770,2026-07-01 05:31:00,MT,VOICE,23277000003,99970000151,1,0.00,N,C300
R0001771,2026-07-01 05:32:00,MT,VOICE,23277000003,99970000152,1,0.00,N,C300
R0001772,2026-07-01 05:33:00,MT,VOICE,23277000003,99970000153,1,0.00,N,C300
R0001773,2026-07-01 05:34:00,MT,VOICE,23277000003,99970000154,1,0.00,N,C300
R0001774,2026-07-01 05:35:00,MT,VOICE,23277000003,99970000155,1,0.00,N,C300
R0001775,2026-07-01 05:36:00,MT,VOICE,23277000003,99970000156,1,0.00,N,C300
R0001776,2026-07-01 05:37:00,MT,VOICE,23277000003,99970000157,1,0.00,N,C300
R0001777,2026-07-01 05:38:00,MT,VOICE,23277000003,99970000158,1,0.00,N,C300
R0001778,2026-07-01 05:39:00,MT,VOICE,23277000003,99970000159,1,0.00,N,C300
R0001779,2026-07-01 05:40:00,MT,VOICE,23277000003,99970000160,1,0.00,N,C300
R0001780,2026-07-01 06:01:00,MT,VOICE,23288000001,99970000021,120,0.00,N,C301
R0001781,2026-07-01 06:02:00,MT,VOICE,23288000001,99970000022,120,0.00,N,C301
R0001782,2026-07-01 06:03:00,MT,VOICE,23288000001,99970000023,120,0.00,N,C301
R0001783,2026-07-01 06:04:00,MT,VOICE,23288000001,99970000024,120,0.00,N,C301
R0001784,2026-07-01 06:05:00,MT,VOICE,23288000001,99970000025,120,0.00,N,C301
R0001785,2026-07-01 06:06:00,MT,VOICE,23288000001,99970000026,120,0.00,N,C301
R0001786,2026-07-01 06:07:00,MT,VOICE,23288000001,99970000027,120,0.00,N,C301
R0001787,2026-07-01 06:08:00,MT,VOICE,23288000001,99970000028,120,0.00,N,C301
R0001788,2026-07-01 06:09:00,MT,VOICE,23288000001,99970000029,120,0.00,N,C301
R0001789,2026-07-01 06:10:00,MT,VOICE,23288000001,99970000030,120,0.00,N,C301
R0001790,2026-07-01 06:11:00,MT,VOICE,23288000001,99970000031,120,0.00,N,C301
R0001791,2026-07-01 06:12:00,MT,VOICE,23288000001,99970000032,120,0.00,N,C301
R0001792,2026-07-01 06:13:00,MT,VOICE,23288000001,99970000033,120,0.00,N,C301
R0001793,2026-07-01 06:14:00,MT,VOICE,23288000001,99970000034,120,0.00,N,C301
R0001794,2026-07-01 06:15:00,MT,VOICE,23288000001,99970000035,120,0.00,N,C301
R0001795,2026-07-01 06:16:00,MT,VOICE,23288000001,99970000036,120,0.00,N,C301
R0001796,2026-07-01 06:17:00,MT,VOICE,23288000001,99970000037,120,0.00,N,C301
R0001797,2026-07-01 06:18:00,MT,VOICE,23288000001,99970000038,120,0.00,N,C301
R0001798,2026-07-01 06:19:00,MT,VOICE,23288000001,99970000039,120,0.00,N,C301
R0001799,2026-07-01 06:20:00,MT,VOICE,23288000001,99970000040,120,0.00,N,C301
R0001800,2026-07-01 06:21:00,MT,VOICE,23288000001,99970000041,120,0.00,N,C301
R0001801,2026-07-01 06:22:00,MT,VOICE,23288000001,99970000042,120,0.00,N,C301
R0001802,2026-07-01 06:23:00,MT,VOICE,23288000001,99970000043,120,0.00,N,C301
R0001803,2026-07-01 06:24:00,MT,VOICE,23288000001,99970000044,120,0.00,N,C301
R0001804,2026-07-01 06:25:00,MT,VOICE,23288000001,99970000045,120,0.00,N,C301
R0001805,2026-07-01 06:26:00,MT,VOICE,23288000001,99970000046,120,0.00,N,C301
R0001806,2026-07-01 06:27:00,MT,VOICE,23288000001,99970000047,120,0.00,N,C301
R0001807,2026-07-01 06:28:00,MT,VOICE,23288000001,99970000048,120,0.00,N,C301
R0001808,2026-07-01 06:29:00,MT,VOICE,23288000001,99970000049,120,0.00,N,C301
R0001809,2026-07-01 06:30:00,MT,VOICE,23288000001,99970000050,120,0.00,N,C301
R0001810,2026-07-01 06:31:00,MT,VOICE,23288000001,99970000051,120,0.00,N,C301
R0001811,2026-07-01 06:32:00,MT,VOICE,23288000001,99970000052,120,0.00,N,C301
R0001812,2026-07-01 06:33:00,MT,VOICE,23288000001,99970000053,120,0.00,N,C301
R0001813,2026-07-01 06:34:00,MT,VOICE,23288000001,99970000054,120,0.00,N,C301
R0001814,2026-07-01 06:35:00,MT,VOICE,23288000001,99970000055,120,0.00,N,C301
R0001815,2026-07-01 06:36:00,MT,VOICE,23288000001,99970000056,120,0.00,N,C301
R0001816,2026-07-01 06:37:00,MT,VOICE,23288000001,99970000057,120,0.00,N,C301
R0001817,2026-07-01 06:38:00,MT,VOICE,23288000001,99970000058,120,0.00,N,C301
R0001818,2026-07-01 06:39:00,MT,VOICE,23288000001,99970000059,120,0.00,N,C301
R0001819,2026-07-01 06:40:00,MT,VOICE,23288000001,99970000060,120,0.00,N,C301
R0001820,2026-07-01 07:01:00,MT,VOICE,23299000001,99970000101,1,0.00,N,C302
R0001821,2026-07-01 07:02:00,MT,VOICE,23299000001,99970000102,1,0.00,N,C302
R0001822,2026-07-01 07:03:00,MT,VOICE,23299000001,99970000103,1,0.00,N,C302
R0001823,2026-07-01 07:04:00,MT,VOICE,23299000001,99970000104,1,0.00,N,C302
R0001824,2026-07-01 07:05:00,MT,VOICE,23299000001,99970000105,1,0.00,N,C302
R0001825,2026-07-01 07:06:00,MT,VOICE,23299000001,99970000106,1,0.00,N,C302
R0001826,2026-07-01 07:07:00,MT,VOICE,23299000001,99970000107,1,0.00,N,C302
R0001827,2026-07-01 07:08:00,MT,VOICE,23299000001,99970000108,1,0.00,N,C302
R0001828,2026-07-01 07:09:00,MT,VOICE,23299000001,99970000109,1,0.00,N,C302
R0001829,2026-07-01 07:10:00,MT,VOICE,23299000001,99970000110,1,0.00,N,C302
R0001830,2026-07-01 06:01:00,MT,VOICE,23288000002,99970000041,120,0.00,N,C301
R0001831,2026-07-01 06:02:00,MT,VOICE,23288000002,99970000042,120,0.00,N,C301
R0001832,2026-07-01 06:03:00,MT,VOICE,23288000002,99970000043,120,0.00,N,C301
R0001833,2026-07-01 06:04:00,MT,VOICE,23288000002,99970000044,120,0.00,N,C301
R0001834,2026-07-01 06:05:00,MT,VOICE,23288000002,99970000045,120,0.00,N,C301
R0001835,2026-07-01 06:06:00,MT,VOICE,23288000002,99970000046,120,0.00,N,C301
R0001836,2026-07-01 06:07:00,MT,VOICE,23288000002,99970000047,120,0.00,N,C301
R0001837,2026-07-01 06:08:00,MT,VOICE,23288000002,99970000048,120,0.00,N,C301
R0001838,2026-07-01 06:09:00,MT,VOICE,23288000002,99970000049,120,0.00,N,C301
R0001839,2026-07-01 06:10:00,MT,VOICE,23288000002,99970000050,120,0.00,N,C301
R0001840,2026-07-01 06:11:00,MT,VOICE,23288000002,99970000051,120,0.00,N,C301
R0001841,2026-07-01 06:12:00,MT,VOICE,23288000002,99970000052,120,0.00,N,C301
R0001842,2026-07-01 06:13:00,MT,VOICE,23288000002,99970000053,120,0.00,N,C301
R0001843,2026-07-01 06:14:00,MT,VOICE,23288000002,99970000054,120,0.00,N,C301
R0001844,2026-07-01 06:15:00,MT,VOICE,23288000002,99970000055,120,0.00,N,C301
R0001845,2026-07-01 06:16:00,MT,VOICE,23288000002,99970000056,120,0.00,N,C301
R0001846,2026-07-01 06:17:00,MT,VOICE,23288000002,99970000057,120,0.00,N,C301
R0001847,2026-07-01 06:18:00,MT,VOICE,23288000002,99970000058,120,0.00,N,C301
R0001848,2026-07-01 06:19:00,MT,VOICE,23288000002,99970000059,120,0.00,N,C301
R0001849,2026-07-01 06:20:00,MT,VOICE,23288000002,99970000060,120,0.00,N,C301
R0001850,2026-07-01 06:21:00,MT,VOICE,23288000002,99970000061,120,0.00,N,C301
R0001851,2026-07-01 06:22:00,MT,VOICE,23288000002,99970000062,120,0.00,N,C301
R0001852,2026-07-01 06:23:00,MT,VOICE,23288000002,99970000063,120,0.00,N,C301
R0001853,2026-07-01 06:24:00,MT,VOICE,23288000002,99970000064,120,0.00,N,C301
R0001854,2026-07-01 06:25:00,MT,VOICE,23288000002,99970000065,120,0.00,N,C301
R0001855,2026-07-01 06:26:00,MT,VOICE,23288000002,99970000066,120,0.00,N,C301
R0001856,2026-07-01 06:27:00,MT,VOICE,23288000002,99970000067,120,0.00,N,C301
R0001857,2026-07-01 06:28:00,MT,VOICE,23288000002,99970000068,120,0.00,N,C301
R0001858,2026-07-01 06:29:00,MT,VOICE,23288000002,99970000069,120,0.00,N,C301
R0001859,2026-07-01 06:30:00,MT,VOICE,23288000002,99970000070,120,0.00,N,C301
R0001860,2026-07-01 06:31:00,MT,VOICE,23288000002,99970000071,120,0.00,N,C301
R0001861,2026-07-01 06:32:00,MT,VOICE,23288000002,99970000072,120,0.00,N,C301
R0001862,2026-07-01 06:33:00,MT,VOICE,23288000002,99970000073,120,0.00,N,C301
R0001863,2026-07-01 06:34:00,MT,VOICE,23288000002,99970000074,120,0.00,N,C301
R0001864,2026-07-01 06:35:00,MT,VOICE,23288000002,99970000075,120,0.00,N,C301
R0001865,2026-07-01 06:36:00,MT,VOICE,23288000002,99970000076,120,0.00,N,C301
R0001866,2026-07-01 06:37:00,MT,VOICE,23288000002,99970000077,120,0.00,N,C301
R0001867,2026-07-01 06:38:00,MT,VOICE,23288000002,99970000078,120,0.00,N,C301
R0001868,2026-07-01 06:39:00,MT,VOICE,23288000002,99970000079,120,0.00,N,C301
R0001869,2026-07-01 06:40:00,MT,VOICE,23288000002,99970000080,120,0.00,N,C301
R0001870,2026-07-01 07:01:00,MT,VOICE,23299000002,99970000101,1,0.00,N,C302
R0001871,2026-07-01 07:02:00,MT,VOICE,23299000002,99970000102,1,0.00,N,C302
R0001872,2026-07-01 07:03:00,MT,VOICE,23299000002,99970000103,1,0.00,N,C302
R0001873,2026-07-01 07:04:00,MT,VOICE,23299000002,99970000104,1,0.00,N,C302
R0001874,2026-07-01 07:05:00,MT,VOICE,23299000002,99970000105,1,0.00,N,C302
R0001875,2026-07-01 07:06:00,MT,VOICE,23299000002,99970000106,1,0.00,N,C302
R0001876,2026-07-01 07:07:00,MT,VOICE,23299000002,99970000107,1,0.00,N,C302
R0001877,2026-07-01 07:08:00,MT,VOICE,23299000002,99970000108,1,0.00,N,C302
R0001878,2026-07-01 07:09:00,MT,VOICE,23299000002,99970000109,1,0.00,N,C302
R0001879,2026-07-01 07:10:00,MT,VOICE,23299000002,99970000110,1,0.00,N,C302
R0001880,2026-07-01 08:00:00,MO,VOICE,99970001101,99972210100,90,0.15,N,C400
R0001881,2026-07-01 08:01:00,MO,VOICE,99970001101,99972210101,90,0.15,N,C400
R0001882,2026-07-01 08:02:00,MO,VOICE,99970001101,99972210102,90,0.15,N,C400
R0001883,2026-07-01 08:03:00,MO,VOICE,99970001101,99972210103,90,0.15,N,C400
R0001884,2026-07-01 08:04:00,MO,VOICE,99970001101,99972210104,90,0.15,N,C400
R0001885,2026-07-01 08:05:00,MO,VOICE,99970001101,99972210105,90,0.15,N,C400
R0001886,2026-07-01 08:06:00,MO,VOICE,99970001101,99972210106,90,0.15,N,C400
R0001887,2026-07-01 08:07:00,MO,VOICE,99970001101,99972210107,90,0.15,N,C400
R0001888,2026-07-01 08:08:00,MO,VOICE,99970001101,99972210108,90,0.15,N,C400
R0001889,2026-07-01 08:09:00,MO,VOICE,99970001101,99972210109,90,0.15,N,C400
R0001890,2026-07-01 08:10:00,MO,VOICE,99970001101,99972210110,90,0.15,N,C400
R0001891,2026-07-01 08:11:00,MO,VOICE,99970001101,99972210111,90,0.15,N,C400
R0001892,2026-07-01 08:12:00,MO,VOICE,99970001101,99972210112,90,0.15,N,C400
R0001893,2026-07-01 08:13:00,MO,VOICE,99970001101,99972210113,90,0.15,N,C400
R0001894,2026-07-01 08:14:00,MO,VOICE,99970001101,99972210114,90,0.15,N,C400
R0001895,2026-07-01 08:15:00,MO,VOICE,99970001101,99972210115,90,0.15,N,C400
R0001896,2026-07-01 08:16:00,MO,VOICE,99970001101,99972210116,90,0.15,N,C400
R0001897,2026-07-01 08:17:00,MO,VOICE,99970001101,99972210117,90,0.15,N,C400
R0001898,2026-07-01 08:18:00,MO,VOICE,99970001101,99972210118,90,0.15,N,C400
R0001899,2026-07-01 08:19:00,MO,VOICE,99970001101,99972210119,90,0.15,N,C400
R0001900,2026-07-01 08:20:00,MO,VOICE,99970001101,99972210120,90,0.15,N,C400
R0001901,2026-07-01 08:21:00,MO,VOICE,99970001101,99972210121,90,0.15,N,C400
R0001902,2026-07-01 08:22:00,MO,VOICE,99970001101,99972210122,90,0.15,N,C400
R0001903,2026-07-01 08:23:00,MO,VOICE,99970001101,99972210123,90,0.15,N,C400
R0001904,2026-07-01 08:24:00,MO,VOICE,99970001101,99972210124,90,0.15,N,C400
R0001905,2026-07-01 08:25:00,MO,VOICE,99970001101,99972210125,90,0.15,N,C400
R0001906,2026-07-01 08:26:00,MO,VOICE,99970001101,99972210126,90,0.15,N,C400
R0001907,2026-07-01 08:27:00,MO,VOICE,99970001101,99972210127,90,0.15,N,C400
R0001908,2026-07-01 08:28:00,MO,VOICE,99970001101,99972210128,90,0.15,N,C400
R0001909,2026-07-01 08:29:00,MO,VOICE,99970001101,99972210129,90,0.15,N,C400
R0001910,2026-07-01 08:30:00,MO,VOICE,99970001101,99972210130,90,0.15,N,C400
R0001911,2026-07-01 08:31:00,MO,VOICE,99970001101,99972210131,90,0.15,N,C400
R0001912,2026-07-01 08:32:00,MO,VOICE,99970001101,99972210132,90,0.15,N,C400
R0001913,2026-07-01 08:33:00,MO,VOICE,99970001101,99972210133,90,0.15,N,C400
R0001914,2026-07-01 08:34:00,MO,VOICE,99970001101,99972210134,90,0.15,N,C400
R0001915,2026-07-01 08:35:00,MO,VOICE,99970001101,99972210135,90,0.15,N,C400
R0001916,2026-07-01 08:36:00,MO,VOICE,99970001101,99972210136,90,0.15,N,C400
R0001917,2026-07-01 08:37:00,MO,VOICE,99970001101,99972210137,90,0.15,N,C400
R0001918,2026-07-01 08:38:00,MO,VOICE,99970001101,99972210138,90,0.15,N,C400
R0001919,2026-07-01 08:39:00,MO,VOICE,99970001101,99972210139,90,0.15,N,C400
R0001920,2026-07-01 08:40:00,MO,VOICE,99970001101,99972210140,90,0.15,N,C400
R0001921,2026-07-01 08:41:00,MO,VOICE,99970001101,99972210141,90,0.15,N,C400
R0001922,2026-07-01 08:42:00,MO,VOICE,99970001101,99972210142,90,0.15,N,C400
R0001923,2026-07-01 08:43:00,MO,VOICE,99970001101,99972210143,90,0.15,N,C400
R0001924,2026-07-01 08:44:00,MO,VOICE,99970001101,99972210144,90,0.15,N,C400
R0001925,2026-07-01 08:45:00,MO,VOICE,99970001101,99972210145,90,0.15,N,C400
R0001926,2026-07-01 08:46:00,MO,VOICE,99970001101,99972210146,90,0.15,N,C400
R0001927,2026-07-01 08:47:00,MO,VOICE,99970001101,99972210147,90,0.15,N,C400
R0001928,2026-07-01 08:48:00,MO,VOICE,99970001101,99972210148,90,0.15,N,C400
R0001929,2026-07-01 08:49:00,MO,VOICE,99970001101,99972210149,90,0.15,N,C400
R0001930,2026-07-01 08:50:00,MO,VOICE,99970001101,99972210150,90,0.15,N,C400
R0001931,2026-07-01 08:51:00,MO,VOICE,99970001101,99972210151,90,0.15,N,C400
R0001932,2026-07-01 08:52:00,MO,VOICE,99970001101,99972210152,90,0.15,N,C400
R0001933,2026-07-01 08:53:00,MO,VOICE,99970001101,99972210153,90,0.15,N,C400
R0001934,2026-07-01 08:54:00,MO,VOICE,99970001101,99972210154,90,0.15,N,C400
R0001935,2026-07-01 08:55:00,MO,VOICE,99970001101,99972210155,90,0.15,N,C400
R0001936,2026-07-01 08:56:00,MO,VOICE,99970001101,99972210156,90,0.15,N,C400
R0001937,2026-07-01 08:57:00,MO,VOICE,99970001101,99972210157,90,0.15,N,C400
R0001938,2026-07-01 08:58:00,MO,VOICE,99970001101,99972210158,90,0.15,N,C400
R0001939,2026-07-01 08:59:00,MO,VOICE,99970001101,99972210159,90,0.15,N,C400
R0001940,2026-07-01 08:00:00,MO,VOICE,99970001101,99972210160,90,0.15,N,C400
R0001941,2026-07-01 08:01:00,MO,VOICE,99970001101,99972210161,90,0.15,N,C400
R0001942,2026-07-01 08:02:00,MO,VOICE,99970001101,99972210162,90,0.15,N,C400
R0001943,2026-07-01 08:03:00,MO,VOICE,99970001101,99972210163,90,0.15,N,C400
R0001944,2026-07-01 08:04:00,MO,VOICE,99970001101,99972210164,90,0.15,N,C400
R0001945,2026-07-01 08:05:00,MO,VOICE,99970001101,99972210165,90,0.15,N,C400
R0001946,2026-07-01 08:06:00,MO,VOICE,99970001101,99972210166,90,0.15,N,C400
R0001947,2026-07-01 08:07:00,MO,VOICE,99970001101,99972210167,90,0.15,N,C400
R0001948,2026-07-01 08:08:00,MO,VOICE,99970001101,99972210168,90,0.15,N,C400
R0001949,2026-07-01 08:09:00,MO,VOICE,99970001101,99972210169,90,0.15,N,C400
R0001950,2026-07-01 08:10:00,MO,VOICE,99970001101,99972210170,90,0.15,N,C400
R0001951,2026-07-01 08:11:00,MO,VOICE,99970001101,99972210171,90,0.15,N,C400
R0001952,2026-07-01 08:12:00,MO,VOICE,99970001101,99972210172,90,0.15,N,C400
R0001953,2026-07-01 08:13:00,MO,VOICE,99970001101,99972210173,90,0.15,N,C400
R0001954,2026-07-01 08:14:00,MO,VOICE,99970001101,99972210174,90,0.15,N,C400
R0001955,2026-07-01 08:15:00,MO,VOICE,99970001101,99972210175,90,0.15,N,C400
R0001956,2026-07-01 08:16:00,MO,VOICE,99970001101,99972210176,90,0.15,N,C400
R0001957,2026-07-01 08:17:00,MO,VOICE,99970001101,99972210177,90,0.15,N,C400
R0001958,2026-07-01 08:18:00,MO,VOICE,99970001101,99972210178,90,0.15,N,C400
R0001959,2026-07-01 08:19:00,MO,VOICE,99970001101,99972210179,90,0.15,N,C400
R0001960,2026-07-01 08:00:00,MO,VOICE,99970001102,99972210200,90,0.15,N,C400
R0001961,2026-07-01 08:01:00,MO,VOICE,99970001102,99972210201,90,0.15,N,C400
R0001962,2026-07-01 08:02:00,MO,VOICE,99970001102,99972210202,90,0.15,N,C400
R0001963,2026-07-01 08:03:00,MO,VOICE,99970001102,99972210203,90,0.15,N,C400
R0001964,2026-07-01 08:04:00,MO,VOICE,99970001102,99972210204,90,0.15,N,C400
R0001965,2026-07-01 08:05:00,MO,VOICE,99970001102,99972210205,90,0.15,N,C400
R0001966,2026-07-01 08:06:00,MO,VOICE,99970001102,99972210206,90,0.15,N,C400
R0001967,2026-07-01 08:07:00,MO,VOICE,99970001102,99972210207,90,0.15,N,C400
R0001968,2026-07-01 08:08:00,MO,VOICE,99970001102,99972210208,90,0.15,N,C400
R0001969,2026-07-01 08:09:00,MO,VOICE,99970001102,99972210209,90,0.15,N,C400
R0001970,2026-07-01 08:10:00,MO,VOICE,99970001102,99972210210,90,0.15,N,C400
R0001971,2026-07-01 08:11:00,MO,VOICE,99970001102,99972210211,90,0.15,N,C400
R0001972,2026-07-01 08:12:00,MO,VOICE,99970001102,99972210212,90,0.15,N,C400
R0001973,2026-07-01 08:13:00,MO,VOICE,99970001102,99972210213,90,0.15,N,C400
R0001974,2026-07-01 08:14:00,MO,VOICE,99970001102,99972210214,90,0.15,N,C400
R0001975,2026-07-01 08:15:00,MO,VOICE,99970001102,99972210215,90,0.15,N,C400
R0001976,2026-07-01 08:16:00,MO,VOICE,99970001102,99972210216,90,0.15,N,C400
R0001977,2026-07-01 08:17:00,MO,VOICE,99970001102,99972210217,90,0.15,N,C400
R0001978,2026-07-01 08:18:00,MO,VOICE,99970001102,99972210218,90,0.15,N,C400
R0001979,2026-07-01 08:19:00,MO,VOICE,99970001102,99972210219,90,0.15,N,C400
R0001980,2026-07-01 08:20:00,MO,VOICE,99970001102,99972210220,90,0.15,N,C400
R0001981,2026-07-01 08:21:00,MO,VOICE,99970001102,99972210221,90,0.15,N,C400
R0001982,2026-07-01 08:22:00,MO,VOICE,99970001102,99972210222,90,0.15,N,C400
R0001983,2026-07-01 08:23:00,MO,VOICE,99970001102,99972210223,90,0.15,N,C400
R0001984,2026-07-01 08:24:00,MO,VOICE,99970001102,99972210224,90,0.15,N,C400
R0001985,2026-07-01 08:25:00,MO,VOICE,99970001102,99972210225,90,0.15,N,C400
R0001986,2026-07-01 08:26:00,MO,VOICE,99970001102,99972210226,90,0.15,N,C400
R0001987,2026-07-01 08:27:00,MO,VOICE,99970001102,99972210227,90,0.15,N,C400
R0001988,2026-07-01 08:28:00,MO,VOICE,99970001102,99972210228,90,0.15,N,C400
R0001989,2026-07-01 08:29:00,MO,VOICE,99970001102,99972210229,90,0.15,N,C400
R0001990,2026-07-01 08:30:00,MO,VOICE,99970001102,99972210230,90,0.15,N,C400
R0001991,2026-07-01 08:31:00,MO,VOICE,99970001102,99972210231,90,0.15,N,C400
R0001992,2026-07-01 08:32:00,MO,VOICE,99970001102,99972210232,90,0.15,N,C400
R0001993,2026-07-01 08:33:00,MO,VOICE,99970001102,99972210233,90,0.15,N,C400
R0001994,2026-07-01 08:34:00,MO,VOICE,99970001102,99972210234,90,0.15,N,C400
R0001995,2026-07-01 08:35:00,MO,VOICE,99970001102,99972210235,90,0.15,N,C400
R0001996,2026-07-01 08:36:00,MO,VOICE,99970001102,99972210236,90,0.15,N,C400
R0001997,2026-07-01 08:37:00,MO,VOICE,99970001102,99972210237,90,0.15,N,C400
R0001998,2026-07-01 08:38:00,MO,VOICE,99970001102,99972210238,90,0.15,N,C400
R0001999,2026-07-01 08:39:00,MO,VOICE,99970001102,99972210239,90,0.15,N,C400
R0002000,2026-07-01 08:40:00,MO,VOICE,99970001102,99972210240,90,0.15,N,C400
R0002001,2026-07-01 08:41:00,MO,VOICE,99970001102,99972210241,90,0.15,N,C400
R0002002,2026-07-01 08:42:00,MO,VOICE,99970001102,99972210242,90,0.15,N,C400
R0002003,2026-07-01 08:43:00,MO,VOICE,99970001102,99972210243,90,0.15,N,C400
R0002004,2026-07-01 08:44:00,MO,VOICE,99970001102,99972210244,90,0.15,N,C400
R0002005,2026-07-01 08:45:00,MO,VOICE,99970001102,99972210245,90,0.15,N,C400
R0002006,2026-07-01 08:46:00,MO,VOICE,99970001102,99972210246,90,0.15,N,C400
R0002007,2026-07-01 08:47:00,MO,VOICE,99970001102,99972210247,90,0.15,N,C400
R0002008,2026-07-01 08:48:00,MO,VOICE,99970001102,99972210248,90,0.15,N,C400
R0002009,2026-07-01 08:49:00,MO,VOICE,99970001102,99972210249,90,0.15,N,C400
R0002010,2026-07-01 08:50:00,MO,VOICE,99970001102,99972210250,90,0.15,N,C400
R0002011,2026-07-01 08:51:00,MO,VOICE,99970001102,99972210251,90,0.15,N,C400
R0002012,2026-07-01 08:52:00,MO,VOICE,99970001102,99972210252,90,0.15,N,C400
R0002013,2026-07-01 08:53:00,MO,VOICE,99970001102,99972210253,90,0.15,N,C400
R0002014,2026-07-01 08:54:00,MO,VOICE,99970001102,99972210254,90,0.15,N,C400
R0002015,2026-07-01 08:55:00,MO,VOICE,99970001102,99972210255,90,0.15,N,C400
R0002016,2026-07-01 08:56:00,MO,VOICE,99970001102,99972210256,90,0.15,N,C400
R0002017,2026-07-01 08:57:00,MO,VOICE,99970001102,99972210257,90,0.15,N,C400
R0002018,2026-07-01 08:58:00,MO,VOICE,99970001102,99972210258,90,0.15,N,C400
R0002019,2026-07-01 08:59:00,MO,VOICE,99970001102,99972210259,90,0.15,N,C400
R0002020,2026-07-01 08:00:00,MO,VOICE,99970001102,99972210260,90,0.15,N,C400
R0002021,2026-07-01 08:01:00,MO,VOICE,99970001102,99972210261,90,0.15,N,C400
R0002022,2026-07-01 08:02:00,MO,VOICE,99970001102,99972210262,90,0.15,N,C400
R0002023,2026-07-01 08:03:00,MO,VOICE,99970001102,99972210263,90,0.15,N,C400
R0002024,2026-07-01 08:04:00,MO,VOICE,99970001102,99972210264,90,0.15,N,C400
R0002025,2026-07-01 08:05:00,MO,VOICE,99970001102,99972210265,90,0.15,N,C400
R0002026,2026-07-01 08:06:00,MO,VOICE,99970001102,99972210266,90,0.15,N,C400
R0002027,2026-07-01 08:07:00,MO,VOICE,99970001102,99972210267,90,0.15,N,C400
R0002028,2026-07-01 08:08:00,MO,VOICE,99970001102,99972210268,90,0.15,N,C400
R0002029,2026-07-01 08:09:00,MO,VOICE,99970001102,99972210269,90,0.15,N,C400
R0002030,2026-07-01 08:10:00,MO,VOICE,99970001102,99972210270,90,0.15,N,C400
R0002031,2026-07-01 08:11:00,MO,VOICE,99970001102,99972210271,90,0.15,N,C400
R0002032,2026-07-01 08:12:00,MO,VOICE,99970001102,99972210272,90,0.15,N,C400
R0002033,2026-07-01 08:13:00,MO,VOICE,99970001102,99972210273,90,0.15,N,C400
R0002034,2026-07-01 08:14:00,MO,VOICE,99970001102,99972210274,90,0.15,N,C400
R0002035,2026-07-01 08:15:00,MO,VOICE,99970001102,99972210275,90,0.15,N,C400
R0002036,2026-07-01 08:16:00,MO,VOICE,99970001102,99972210276,90,0.15,N,C400
R0002037,2026-07-01 08:17:00,MO,VOICE,99970001102,99972210277,90,0.15,N,C400
R0002038,2026-07-01 08:18:00,MO,VOICE,99970001102,99972210278,90,0.15,N,C400
R0002039,2026-07-01 08:19:00,MO,VOICE,99970001102,99972210279,90,0.15,N,C400
R0002040,2026-07-01 08:00:00,MO,VOICE,99970001103,99972210300,90,0.15,N,C400
R0002041,2026-07-01 08:01:00,MO,VOICE,99970001103,99972210301,90,0.15,N,C400
R0002042,2026-07-01 08:02:00,MO,VOICE,99970001103,99972210302,90,0.15,N,C400
R0002043,2026-07-01 08:03:00,MO,VOICE,99970001103,99972210303,90,0.15,N,C400
R0002044,2026-07-01 08:04:00,MO,VOICE,99970001103,99972210304,90,0.15,N,C400
R0002045,2026-07-01 08:05:00,MO,VOICE,99970001103,99972210305,90,0.15,N,C400
R0002046,2026-07-01 08:06:00,MO,VOICE,99970001103,99972210306,90,0.15,N,C400
R0002047,2026-07-01 08:07:00,MO,VOICE,99970001103,99972210307,90,0.15,N,C400
R0002048,2026-07-01 08:08:00,MO,VOICE,99970001103,99972210308,90,0.15,N,C400
R0002049,2026-07-01 08:09:00,MO,VOICE,99970001103,99972210309,90,0.15,N,C400
R0002050,2026-07-01 08:10:00,MO,VOICE,99970001103,99972210310,90,0.15,N,C400
R0002051,2026-07-01 08:11:00,MO,VOICE,99970001103,99972210311,90,0.15,N,C400
R0002052,2026-07-01 08:12:00,MO,VOICE,99970001103,99972210312,90,0.15,N,C400
R0002053,2026-07-01 08:13:00,MO,VOICE,99970001103,99972210313,90,0.15,N,C400
R0002054,2026-07-01 08:14:00,MO,VOICE,99970001103,99972210314,90,0.15,N,C400
R0002055,2026-07-01 08:15:00,MO,VOICE,99970001103,99972210315,90,0.15,N,C400
R0002056,2026-07-01 08:16:00,MO,VOICE,99970001103,99972210316,90,0.15,N,C400
R0002057,2026-07-01 08:17:00,MO,VOICE,99970001103,99972210317,90,0.15,N,C400
R0002058,2026-07-01 08:18:00,MO,VOICE,99970001103,99972210318,90,0.15,N,C400
R0002059,2026-07-01 08:19:00,MO,VOICE,99970001103,99972210319,90,0.15,N,C400
R0002060,2026-07-01 08:20:00,MO,VOICE,99970001103,99972210320,90,0.15,N,C400
R0002061,2026-07-01 08:21:00,MO,VOICE,99970001103,99972210321,90,0.15,N,C400
R0002062,2026-07-01 08:22:00,MO,VOICE,99970001103,99972210322,90,0.15,N,C400
R0002063,2026-07-01 08:23:00,MO,VOICE,99970001103,99972210323,90,0.15,N,C400
R0002064,2026-07-01 08:24:00,MO,VOICE,99970001103,99972210324,90,0.15,N,C400
R0002065,2026-07-01 08:25:00,MO,VOICE,99970001103,99972210325,90,0.15,N,C400
R0002066,2026-07-01 08:26:00,MO,VOICE,99970001103,99972210326,90,0.15,N,C400
R0002067,2026-07-01 08:27:00,MO,VOICE,99970001103,99972210327,90,0.15,N,C400
R0002068,2026-07-01 08:28:00,MO,VOICE,99970001103,99972210328,90,0.15,N,C400
R0002069,2026-07-01 08:29:00,MO,VOICE,99970001103,99972210329,90,0.15,N,C400
R0002070,2026-07-01 08:30:00,MO,VOICE,99970001103,99972210330,90,0.15,N,C400
R0002071,2026-07-01 08:31:00,MO,VOICE,99970001103,99972210331,90,0.15,N,C400
R0002072,2026-07-01 08:32:00,MO,VOICE,99970001103,99972210332,90,0.15,N,C400
R0002073,2026-07-01 08:33:00,MO,VOICE,99970001103,99972210333,90,0.15,N,C400
R0002074,2026-07-01 08:34:00,MO,VOICE,99970001103,99972210334,90,0.15,N,C400
R0002075,2026-07-01 08:35:00,MO,VOICE,99970001103,99972210335,90,0.15,N,C400
R0002076,2026-07-01 08:36:00,MO,VOICE,99970001103,99972210336,90,0.15,N,C400
R0002077,2026-07-01 08:37:00,MO,VOICE,99970001103,99972210337,90,0.15,N,C400
R0002078,2026-07-01 08:38:00,MO,VOICE,99970001103,99972210338,90,0.15,N,C400
R0002079,2026-07-01 08:39:00,MO,VOICE,99970001103,99972210339,90,0.15,N,C400
R0002080,2026-07-01 08:40:00,MO,VOICE,99970001103,99972210340,90,0.15,N,C400
R0002081,2026-07-01 08:41:00,MO,VOICE,99970001103,99972210341,90,0.15,N,C400
R0002082,2026-07-01 08:42:00,MO,VOICE,99970001103,99972210342,90,0.15,N,C400
R0002083,2026-07-01 08:43:00,MO,VOICE,99970001103,99972210343,90,0.15,N,C400
R0002084,2026-07-01 08:44:00,MO,VOICE,99970001103,99972210344,90,0.15,N,C400
R0002085,2026-07-01 08:45:00,MO,VOICE,99970001103,99972210345,90,0.15,N,C400
R0002086,2026-07-01 08:46:00,MO,VOICE,99970001103,99972210346,90,0.15,N,C400
R0002087,2026-07-01 08:47:00,MO,VOICE,99970001103,99972210347,90,0.15,N,C400
R0002088,2026-07-01 08:48:00,MO,VOICE,99970001103,99972210348,90,0.15,N,C400
R0002089,2026-07-01 08:49:00,MO,VOICE,99970001103,99972210349,90,0.15,N,C400
R0002090,2026-07-01 08:50:00,MO,VOICE,99970001103,99972210350,90,0.15,N,C400
R0002091,2026-07-01 08:51:00,MO,VOICE,99970001103,99972210351,90,0.15,N,C400
R0002092,2026-07-01 08:52:00,MO,VOICE,99970001103,99972210352,90,0.15,N,C400
R0002093,2026-07-01 08:53:00,MO,VOICE,99970001103,99972210353,90,0.15,N,C400
R0002094,2026-07-01 08:54:00,MO,VOICE,99970001103,99972210354,90,0.15,N,C400
R0002095,2026-07-01 08:55:00,MO,VOICE,99970001103,99972210355,90,0.15,N,C400
R0002096,2026-07-01 08:56:00,MO,VOICE,99970001103,99972210356,90,0.15,N,C400
R0002097,2026-07-01 08:57:00,MO,VOICE,99970001103,99972210357,90,0.15,N,C400
R0002098,2026-07-01 08:58:00,MO,VOICE,99970001103,99972210358,90,0.15,N,C400
R0002099,2026-07-01 08:59:00,MO,VOICE,99970001103,99972210359,90,0.15,N,C400
R0002100,2026-07-01 08:00:00,MO,VOICE,99970001103,99972210360,90,0.15,N,C400
R0002101,2026-07-01 08:01:00,MO,VOICE,99970001103,99972210361,90,0.15,N,C400
R0002102,2026-07-01 08:02:00,MO,VOICE,99970001103,99972210362,90,0.15,N,C400
R0002103,2026-07-01 08:03:00,MO,VOICE,99970001103,99972210363,90,0.15,N,C400
R0002104,2026-07-01 08:04:00,MO,VOICE,99970001103,99972210364,90,0.15,N,C400
R0002105,2026-07-01 08:05:00,MO,VOICE,99970001103,99972210365,90,0.15,N,C400
R0002106,2026-07-01 08:06:00,MO,VOICE,99970001103,99972210366,90,0.15,N,C400
R0002107,2026-07-01 08:07:00,MO,VOICE,99970001103,99972210367,90,0.15,N,C400
R0002108,2026-07-01 08:08:00,MO,VOICE,99970001103,99972210368,90,0.15,N,C400
R0002109,2026-07-01 08:09:00,MO,VOICE,99970001103,99972210369,90,0.15,N,C400
R0002110,2026-07-01 08:10:00,MO,VOICE,99970001103,99972210370,90,0.15,N,C400
R0002111,2026-07-01 08:11:00,MO,VOICE,99970001103,99972210371,90,0.15,N,C400
R0002112,2026-07-01 08:12:00,MO,VOICE,99970001103,99972210372,90,0.15,N,C400
R0002113,2026-07-01 08:13:00,MO,VOICE,99970001103,99972210373,90,0.15,N,C400
R0002114,2026-07-01 08:14:00,MO,VOICE,99970001103,99972210374,90,0.15,N,C400
R0002115,2026-07-01 08:15:00,MO,VOICE,99970001103,99972210375,90,0.15,N,C400
R0002116,2026-07-01 08:16:00,MO,VOICE,99970001103,99972210376,90,0.15,N,C400
R0002117,2026-07-01 08:17:00,MO,VOICE,99970001103,99972210377,90,0.15,N,C400
R0002118,2026-07-01 08:18:00,MO,VOICE,99970001103,99972210378,90,0.15,N,C400
R0002119,2026-07-01 08:19:00,MO,VOICE,99970001103,99972210379,90,0.15,N,C400
R0002120,2026-07-01 09:00:00,MO,VOICE,99970001111,99973211100,90,0.15,N,C410
R0002121,2026-07-01 09:01:00,MO,VOICE,99970001111,99973211101,90,0.15,N,C410
R0002122,2026-07-01 09:02:00,MO,VOICE,99970001111,99973211102,90,0.15,N,C410
R0002123,2026-07-01 09:03:00,MO,VOICE,99970001111,99973211103,90,0.15,N,C410
R0002124,2026-07-01 09:04:00,MO,VOICE,99970001111,99973211104,90,0.15,N,C410
R0002125,2026-07-01 09:05:00,MO,VOICE,99970001111,99973211105,90,0.15,N,C410
R0002126,2026-07-01 09:06:00,MO,VOICE,99970001111,99973211106,90,0.15,N,C410
R0002127,2026-07-01 09:07:00,MO,VOICE,99970001111,99973211107,90,0.15,N,C410
R0002128,2026-07-01 09:08:00,MO,VOICE,99970001111,99973211108,90,0.15,N,C410
R0002129,2026-07-01 09:09:00,MO,VOICE,99970001111,99973211109,90,0.15,N,C410
R0002130,2026-07-01 09:10:00,MO,VOICE,99970001111,99973211110,90,0.15,N,C410
R0002131,2026-07-01 09:11:00,MO,VOICE,99970001111,99973211111,90,0.15,N,C410
R0002132,2026-07-01 09:12:00,MO,VOICE,99970001111,99973211112,90,0.15,N,C410
R0002133,2026-07-01 09:13:00,MO,VOICE,99970001111,99973211113,90,0.15,N,C410
R0002134,2026-07-01 09:14:00,MO,VOICE,99970001111,99973211114,90,0.15,N,C410
R0002135,2026-07-01 09:15:00,MO,VOICE,99970001111,99973211115,90,0.15,N,C410
R0002136,2026-07-01 09:16:00,MO,VOICE,99970001111,99973211116,90,0.15,N,C410
R0002137,2026-07-01 09:17:00,MO,VOICE,99970001111,99973211117,90,0.15,N,C410
R0002138,2026-07-01 09:18:00,MO,VOICE,99970001111,99973211118,90,0.15,N,C410
R0002139,2026-07-01 09:19:00,MO,VOICE,99970001111,99973211119,90,0.15,N,C410
R0002140,2026-07-01 09:20:00,MO,VOICE,99970001111,99973211120,90,0.15,N,C410
R0002141,2026-07-01 09:21:00,MO,VOICE,99970001111,99973211121,90,0.15,N,C410
R0002142,2026-07-01 09:22:00,MO,VOICE,99970001111,99973211122,90,0.15,N,C410
R0002143,2026-07-01 09:23:00,MO,VOICE,99970001111,99973211123,90,0.15,N,C410
R0002144,2026-07-01 09:24:00,MO,VOICE,99970001111,99973211124,90,0.15,N,C410
R0002145,2026-07-01 09:25:00,MO,VOICE,99970001111,99973211125,90,0.15,N,C410
R0002146,2026-07-01 09:26:00,MO,VOICE,99970001111,99973211126,90,0.15,N,C410
R0002147,2026-07-01 09:27:00,MO,VOICE,99970001111,99973211127,90,0.15,N,C410
R0002148,2026-07-01 09:28:00,MO,VOICE,99970001111,99973211128,90,0.15,N,C410
R0002149,2026-07-01 09:29:00,MO,VOICE,99970001111,99973211129,90,0.15,N,C410
R0002150,2026-07-01 09:30:00,MO,VOICE,99970001111,99973211130,90,0.15,N,C410
R0002151,2026-07-01 09:31:00,MO,VOICE,99970001111,99973211131,90,0.15,N,C410
R0002152,2026-07-01 09:32:00,MO,VOICE,99970001111,99973211132,90,0.15,N,C410
R0002153,2026-07-01 09:33:00,MO,VOICE,99970001111,99973211133,90,0.15,N,C410
R0002154,2026-07-01 09:34:00,MO,VOICE,99970001111,99973211134,90,0.15,N,C410
R0002155,2026-07-01 09:35:00,MO,VOICE,99970001111,99973211135,90,0.15,N,C410
R0002156,2026-07-01 09:36:00,MO,VOICE,99970001111,99973211136,90,0.15,N,C410
R0002157,2026-07-01 09:37:00,MO,VOICE,99970001111,99973211137,90,0.15,N,C410
R0002158,2026-07-01 09:38:00,MO,VOICE,99970001111,99973211138,90,0.15,N,C410
R0002159,2026-07-01 09:39:00,MO,VOICE,99970001111,99973211139,90,0.15,N,C410
R0002160,2026-07-01 09:40:00,MO,VOICE,99970001111,99973211140,90,0.15,N,C410
R0002161,2026-07-01 09:41:00,MO,VOICE,99970001111,99973211141,90,0.15,N,C410
R0002162,2026-07-01 09:42:00,MO,VOICE,99970001111,99973211142,90,0.15,N,C410
R0002163,2026-07-01 09:43:00,MO,VOICE,99970001111,99973211143,90,0.15,N,C410
R0002164,2026-07-01 09:44:00,MO,VOICE,99970001111,99973211144,90,0.15,N,C410
R0002165,2026-07-01 09:45:00,MO,VOICE,99970001111,99973211145,90,0.15,N,C410
R0002166,2026-07-01 09:46:00,MO,VOICE,99970001111,99973211146,90,0.15,N,C410
R0002167,2026-07-01 09:47:00,MO,VOICE,99970001111,99973211147,90,0.15,N,C410
R0002168,2026-07-01 09:48:00,MO,VOICE,99970001111,99973211148,90,0.15,N,C410
R0002169,2026-07-01 09:49:00,MO,VOICE,99970001111,99973211149,90,0.15,N,C410
R0002170,2026-07-01 09:50:00,MO,VOICE,99970001111,99973211150,90,0.15,N,C410
R0002171,2026-07-01 09:51:00,MO,VOICE,99970001111,99973211151,90,0.15,N,C410
R0002172,2026-07-01 09:52:00,MO,VOICE,99970001111,99973211152,90,0.15,N,C410
R0002173,2026-07-01 09:53:00,MO,VOICE,99970001111,99973211153,90,0.15,N,C410
R0002174,2026-07-01 09:54:00,MO,VOICE,99970001111,99973211154,90,0.15,N,C410
R0002175,2026-07-01 09:55:00,MO,VOICE,99970001111,99973211155,90,0.15,N,C410
R0002176,2026-07-01 09:56:00,MO,VOICE,99970001111,99973211156,90,0.15,N,C410
R0002177,2026-07-01 09:57:00,MO,VOICE,99970001111,99973211157,90,0.15,N,C410
R0002178,2026-07-01 09:58:00,MO,VOICE,99970001111,99973211158,90,0.15,N,C410
R0002179,2026-07-01 09:59:00,MO,VOICE,99970001111,99973211159,90,0.15,N,C410
R0002180,2026-07-01 09:00:00,MO,VOICE,99970001111,99973211160,90,0.15,N,C410
R0002181,2026-07-01 09:01:00,MO,VOICE,99970001111,99973211161,90,0.15,N,C410
R0002182,2026-07-01 09:02:00,MO,VOICE,99970001111,99973211162,90,0.15,N,C410
R0002183,2026-07-01 09:03:00,MO,VOICE,99970001111,99973211163,90,0.15,N,C410
R0002184,2026-07-01 09:04:00,MO,VOICE,99970001111,99973211164,90,0.15,N,C410
R0002185,2026-07-01 09:05:00,MO,VOICE,99970001111,99973211165,90,0.15,N,C410
R0002186,2026-07-01 09:06:00,MO,VOICE,99970001111,99973211166,90,0.15,N,C410
R0002187,2026-07-01 09:07:00,MO,VOICE,99970001111,99973211167,90,0.15,N,C410
R0002188,2026-07-01 09:08:00,MO,VOICE,99970001111,99973211168,90,0.15,N,C410
R0002189,2026-07-01 09:09:00,MO,VOICE,99970001111,99973211169,90,0.15,N,C410
R0002190,2026-07-01 09:10:00,MO,VOICE,99970001111,99973211170,90,0.15,N,C410
R0002191,2026-07-01 09:11:00,MO,VOICE,99970001111,99973211171,90,0.15,N,C410
R0002192,2026-07-01 09:12:00,MO,VOICE,99970001111,99973211172,90,0.15,N,C410
R0002193,2026-07-01 09:13:00,MO,VOICE,99970001111,99973211173,90,0.15,N,C410
R0002194,2026-07-01 09:14:00,MO,VOICE,99970001111,99973211174,90,0.15,N,C410
R0002195,2026-07-01 09:15:00,MO,VOICE,99970001111,99973211175,90,0.15,N,C410
R0002196,2026-07-01 09:16:00,MO,VOICE,99970001111,99973211176,90,0.15,N,C410
R0002197,2026-07-01 09:17:00,MO,VOICE,99970001111,99973211177,90,0.15,N,C410
R0002198,2026-07-01 09:18:00,MO,VOICE,99970001111,99973211178,90,0.15,N,C410
R0002199,2026-07-01 09:19:00,MO,VOICE,99970001111,99973211179,90,0.15,N,C410
R0002200,2026-07-01 10:00:00,MT,VOICE,99970000001,99970001111,60,0.00,N,C410
R0002201,2026-07-01 10:01:00,MT,VOICE,99970000002,99970001111,60,0.00,N,C410
R0002202,2026-07-01 10:02:00,MT,VOICE,99970000003,99970001111,60,0.00,N,C410
R0002203,2026-07-01 10:03:00,MT,VOICE,99970000004,99970001111,60,0.00,N,C410
R0002204,2026-07-01 10:04:00,MT,VOICE,99970000005,99970001111,60,0.00,N,C410
R0002205,2026-07-01 09:00:00,MO,VOICE,99970001112,99973211200,90,0.15,N,C410
R0002206,2026-07-01 09:01:00,MO,VOICE,99970001112,99973211201,90,0.15,N,C410
R0002207,2026-07-01 09:02:00,MO,VOICE,99970001112,99973211202,90,0.15,N,C410
R0002208,2026-07-01 09:03:00,MO,VOICE,99970001112,99973211203,90,0.15,N,C410
R0002209,2026-07-01 09:04:00,MO,VOICE,99970001112,99973211204,90,0.15,N,C410
R0002210,2026-07-01 09:05:00,MO,VOICE,99970001112,99973211205,90,0.15,N,C410
R0002211,2026-07-01 09:06:00,MO,VOICE,99970001112,99973211206,90,0.15,N,C410
R0002212,2026-07-01 09:07:00,MO,VOICE,99970001112,99973211207,90,0.15,N,C410
R0002213,2026-07-01 09:08:00,MO,VOICE,99970001112,99973211208,90,0.15,N,C410
R0002214,2026-07-01 09:09:00,MO,VOICE,99970001112,99973211209,90,0.15,N,C410
R0002215,2026-07-01 09:10:00,MO,VOICE,99970001112,99973211210,90,0.15,N,C410
R0002216,2026-07-01 09:11:00,MO,VOICE,99970001112,99973211211,90,0.15,N,C410
R0002217,2026-07-01 09:12:00,MO,VOICE,99970001112,99973211212,90,0.15,N,C410
R0002218,2026-07-01 09:13:00,MO,VOICE,99970001112,99973211213,90,0.15,N,C410
R0002219,2026-07-01 09:14:00,MO,VOICE,99970001112,99973211214,90,0.15,N,C410
R0002220,2026-07-01 09:15:00,MO,VOICE,99970001112,99973211215,90,0.15,N,C410
R0002221,2026-07-01 09:16:00,MO,VOICE,99970001112,99973211216,90,0.15,N,C410
R0002222,2026-07-01 09:17:00,MO,VOICE,99970001112,99973211217,90,0.15,N,C410
R0002223,2026-07-01 09:18:00,MO,VOICE,99970001112,99973211218,90,0.15,N,C410
R0002224,2026-07-01 09:19:00,MO,VOICE,99970001112,99973211219,90,0.15,N,C410
R0002225,2026-07-01 09:20:00,MO,VOICE,99970001112,99973211220,90,0.15,N,C410
R0002226,2026-07-01 09:21:00,MO,VOICE,99970001112,99973211221,90,0.15,N,C410
R0002227,2026-07-01 09:22:00,MO,VOICE,99970001112,99973211222,90,0.15,N,C410
R0002228,2026-07-01 09:23:00,MO,VOICE,99970001112,99973211223,90,0.15,N,C410
R0002229,2026-07-01 09:24:00,MO,VOICE,99970001112,99973211224,90,0.15,N,C410
R0002230,2026-07-01 09:25:00,MO,VOICE,99970001112,99973211225,90,0.15,N,C410
R0002231,2026-07-01 09:26:00,MO,VOICE,99970001112,99973211226,90,0.15,N,C410
R0002232,2026-07-01 09:27:00,MO,VOICE,99970001112,99973211227,90,0.15,N,C410
R0002233,2026-07-01 09:28:00,MO,VOICE,99970001112,99973211228,90,0.15,N,C410
R0002234,2026-07-01 09:29:00,MO,VOICE,99970001112,99973211229,90,0.15,N,C410
R0002235,2026-07-01 09:30:00,MO,VOICE,99970001112,99973211230,90,0.15,N,C410
R0002236,2026-07-01 09:31:00,MO,VOICE,99970001112,99973211231,90,0.15,N,C410
R0002237,2026-07-01 09:32:00,MO,VOICE,99970001112,99973211232,90,0.15,N,C410
R0002238,2026-07-01 09:33:00,MO,VOICE,99970001112,99973211233,90,0.15,N,C410
R0002239,2026-07-01 09:34:00,MO,VOICE,99970001112,99973211234,90,0.15,N,C410
R0002240,2026-07-01 09:35:00,MO,VOICE,99970001112,99973211235,90,0.15,N,C410
R0002241,2026-07-01 09:36:00,MO,VOICE,99970001112,99973211236,90,0.15,N,C410
R0002242,2026-07-01 09:37:00,MO,VOICE,99970001112,99973211237,90,0.15,N,C410
R0002243,2026-07-01 09:38:00,MO,VOICE,99970001112,99973211238,90,0.15,N,C410
R0002244,2026-07-01 09:39:00,MO,VOICE,99970001112,99973211239,90,0.15,N,C410
R0002245,2026-07-01 09:40:00,MO,VOICE,99970001112,99973211240,90,0.15,N,C410
R0002246,2026-07-01 09:41:00,MO,VOICE,99970001112,99973211241,90,0.15,N,C410
R0002247,2026-07-01 09:42:00,MO,VOICE,99970001112,99973211242,90,0.15,N,C410
R0002248,2026-07-01 09:43:00,MO,VOICE,99970001112,99973211243,90,0.15,N,C410
R0002249,2026-07-01 09:44:00,MO,VOICE,99970001112,99973211244,90,0.15,N,C410
R0002250,2026-07-01 09:45:00,MO,VOICE,99970001112,99973211245,90,0.15,N,C410
R0002251,2026-07-01 09:46:00,MO,VOICE,99970001112,99973211246,90,0.15,N,C410
R0002252,2026-07-01 09:47:00,MO,VOICE,99970001112,99973211247,90,0.15,N,C410
R0002253,2026-07-01 09:48:00,MO,VOICE,99970001112,99973211248,90,0.15,N,C410
R0002254,2026-07-01 09:49:00,MO,VOICE,99970001112,99973211249,90,0.15,N,C410
R0002255,2026-07-01 09:50:00,MO,VOICE,99970001112,99973211250,90,0.15,N,C410
R0002256,2026-07-01 09:51:00,MO,VOICE,99970001112,99973211251,90,0.15,N,C410
R0002257,2026-07-01 09:52:00,MO,VOICE,99970001112,99973211252,90,0.15,N,C410
R0002258,2026-07-01 09:53:00,MO,VOICE,99970001112,99973211253,90,0.15,N,C410
R0002259,2026-07-01 09:54:00,MO,VOICE,99970001112,99973211254,90,0.15,N,C410
R0002260,2026-07-01 09:55:00,MO,VOICE,99970001112,99973211255,90,0.15,N,C410
R0002261,2026-07-01 09:56:00,MO,VOICE,99970001112,99973211256,90,0.15,N,C410
R0002262,2026-07-01 09:57:00,MO,VOICE,99970001112,99973211257,90,0.15,N,C410
R0002263,2026-07-01 09:58:00,MO,VOICE,99970001112,99973211258,90,0.15,N,C410
R0002264,2026-07-01 09:59:00,MO,VOICE,99970001112,99973211259,90,0.15,N,C410
R0002265,2026-07-01 09:00:00,MO,VOICE,99970001112,99973211260,90,0.15,N,C410
R0002266,2026-07-01 09:01:00,MO,VOICE,99970001112,99973211261,90,0.15,N,C410
R0002267,2026-07-01 09:02:00,MO,VOICE,99970001112,99973211262,90,0.15,N,C410
R0002268,2026-07-01 09:03:00,MO,VOICE,99970001112,99973211263,90,0.15,N,C410
R0002269,2026-07-01 09:04:00,MO,VOICE,99970001112,99973211264,90,0.15,N,C410
R0002270,2026-07-01 09:05:00,MO,VOICE,99970001112,99973211265,90,0.15,N,C410
R0002271,2026-07-01 09:06:00,MO,VOICE,99970001112,99973211266,90,0.15,N,C410
R0002272,2026-07-01 09:07:00,MO,VOICE,99970001112,99973211267,90,0.15,N,C410
R0002273,2026-07-01 09:08:00,MO,VOICE,99970001112,99973211268,90,0.15,N,C410
R0002274,2026-07-01 09:09:00,MO,VOICE,99970001112,99973211269,90,0.15,N,C410
R0002275,2026-07-01 09:10:00,MO,VOICE,99970001112,99973211270,90,0.15,N,C410
R0002276,2026-07-01 09:11:00,MO,VOICE,99970001112,99973211271,90,0.15,N,C410
R0002277,2026-07-01 09:12:00,MO,VOICE,99970001112,99973211272,90,0.15,N,C410
R0002278,2026-07-01 09:13:00,MO,VOICE,99970001112,99973211273,90,0.15,N,C410
R0002279,2026-07-01 09:14:00,MO,VOICE,99970001112,99973211274,90,0.15,N,C410
R0002280,2026-07-01 09:15:00,MO,VOICE,99970001112,99973211275,90,0.15,N,C410
R0002281,2026-07-01 09:16:00,MO,VOICE,99970001112,99973211276,90,0.15,N,C410
R0002282,2026-07-01 09:17:00,MO,VOICE,99970001112,99973211277,90,0.15,N,C410
R0002283,2026-07-01 09:18:00,MO,VOICE,99970001112,99973211278,90,0.15,N,C410
R0002284,2026-07-01 09:19:00,MO,VOICE,99970001112,99973211279,90,0.15,N,C410
R0002285,2026-07-01 10:00:00,MT,VOICE,99970000001,99970001112,60,0.00,N,C410
R0002286,2026-07-01 10:01:00,MT,VOICE,99970000002,99970001112,60,0.00,N,C410
R0002287,2026-07-01 10:02:00,MT,VOICE,99970000003,99970001112,60,0.00,N,C410
R0002288,2026-07-01 10:03:00,MT,VOICE,99970000004,99970001112,60,0.00,N,C410
R0002289,2026-07-01 10:04:00,MT,VOICE,99970000005,99970001112,60,0.00,N,C410
R0002290,2026-07-01 09:00:00,MO,VOICE,99970001113,99973211300,90,0.15,N,C400
R0002291,2026-07-01 09:01:00,MO,VOICE,99970001113,99973211301,90,0.15,N,C401
R0002292,2026-07-01 09:02:00,MO,VOICE,99970001113,99973211302,90,0.15,N,C402
R0002293,2026-07-01 09:03:00,MO,VOICE,99970001113,99973211303,90,0.15,N,C403
R0002294,2026-07-01 09:04:00,MO,VOICE,99970001113,99973211304,90,0.15,N,C400
R0002295,2026-07-01 09:05:00,MO,VOICE,99970001113,99973211305,90,0.15,N,C401
R0002296,2026-07-01 09:06:00,MO,VOICE,99970001113,99973211306,90,0.15,N,C402
R0002297,2026-07-01 09:07:00,MO,VOICE,99970001113,99973211307,90,0.15,N,C403
R0002298,2026-07-01 09:08:00,MO,VOICE,99970001113,99973211308,90,0.15,N,C400
R0002299,2026-07-01 09:09:00,MO,VOICE,99970001113,99973211309,90,0.15,N,C401
R0002300,2026-07-01 09:10:00,MO,VOICE,99970001113,99973211310,90,0.15,N,C402
R0002301,2026-07-01 09:11:00,MO,VOICE,99970001113,99973211311,90,0.15,N,C403
R0002302,2026-07-01 09:12:00,MO,VOICE,99970001113,99973211312,90,0.15,N,C400
R0002303,2026-07-01 09:13:00,MO,VOICE,99970001113,99973211313,90,0.15,N,C401
R0002304,2026-07-01 09:14:00,MO,VOICE,99970001113,99973211314,90,0.15,N,C402
R0002305,2026-07-01 09:15:00,MO,VOICE,99970001113,99973211315,90,0.15,N,C403
R0002306,2026-07-01 09:16:00,MO,VOICE,99970001113,99973211316,90,0.15,N,C400
R0002307,2026-07-01 09:17:00,MO,VOICE,99970001113,99973211317,90,0.15,N,C401
R0002308,2026-07-01 09:18:00,MO,VOICE,99970001113,99973211318,90,0.15,N,C402
R0002309,2026-07-01 09:19:00,MO,VOICE,99970001113,99973211319,90,0.15,N,C403
R0002310,2026-07-01 09:20:00,MO,VOICE,99970001113,99973211320,90,0.15,N,C400
R0002311,2026-07-01 09:21:00,MO,VOICE,99970001113,99973211321,90,0.15,N,C401
R0002312,2026-07-01 09:22:00,MO,VOICE,99970001113,99973211322,90,0.15,N,C402
R0002313,2026-07-01 09:23:00,MO,VOICE,99970001113,99973211323,90,0.15,N,C403
R0002314,2026-07-01 09:24:00,MO,VOICE,99970001113,99973211324,90,0.15,N,C400
R0002315,2026-07-01 09:25:00,MO,VOICE,99970001113,99973211325,90,0.15,N,C401
R0002316,2026-07-01 09:26:00,MO,VOICE,99970001113,99973211326,90,0.15,N,C402
R0002317,2026-07-01 09:27:00,MO,VOICE,99970001113,99973211327,90,0.15,N,C403
R0002318,2026-07-01 09:28:00,MO,VOICE,99970001113,99973211328,90,0.15,N,C400
R0002319,2026-07-01 09:29:00,MO,VOICE,99970001113,99973211329,90,0.15,N,C401
R0002320,2026-07-01 09:30:00,MO,VOICE,99970001113,99973211330,90,0.15,N,C402
R0002321,2026-07-01 09:31:00,MO,VOICE,99970001113,99973211331,90,0.15,N,C403
R0002322,2026-07-01 09:32:00,MO,VOICE,99970001113,99973211332,90,0.15,N,C400
R0002323,2026-07-01 09:33:00,MO,VOICE,99970001113,99973211333,90,0.15,N,C401
R0002324,2026-07-01 09:34:00,MO,VOICE,99970001113,99973211334,90,0.15,N,C402
R0002325,2026-07-01 09:35:00,MO,VOICE,99970001113,99973211335,90,0.15,N,C403
R0002326,2026-07-01 09:36:00,MO,VOICE,99970001113,99973211336,90,0.15,N,C400
R0002327,2026-07-01 09:37:00,MO,VOICE,99970001113,99973211337,90,0.15,N,C401
R0002328,2026-07-01 09:38:00,MO,VOICE,99970001113,99973211338,90,0.15,N,C402
R0002329,2026-07-01 09:39:00,MO,VOICE,99970001113,99973211339,90,0.15,N,C403
R0002330,2026-07-01 09:40:00,MO,VOICE,99970001113,99973211340,90,0.15,N,C400
R0002331,2026-07-01 09:41:00,MO,VOICE,99970001113,99973211341,90,0.15,N,C401
R0002332,2026-07-01 09:42:00,MO,VOICE,99970001113,99973211342,90,0.15,N,C402
R0002333,2026-07-01 09:43:00,MO,VOICE,99970001113,99973211343,90,0.15,N,C403
R0002334,2026-07-01 09:44:00,MO,VOICE,99970001113,99973211344,90,0.15,N,C400
R0002335,2026-07-01 09:45:00,MO,VOICE,99970001113,99973211345,90,0.15,N,C401
R0002336,2026-07-01 09:46:00,MO,VOICE,99970001113,99973211346,90,0.15,N,C402
R0002337,2026-07-01 09:47:00,MO,VOICE,99970001113,99973211347,90,0.15,N,C403
R0002338,2026-07-01 09:48:00,MO,VOICE,99970001113,99973211348,90,0.15,N,C400
R0002339,2026-07-01 09:49:00,MO,VOICE,99970001113,99973211349,90,0.15,N,C401
R0002340,2026-07-01 09:50:00,MO,VOICE,99970001113,99973211350,90,0.15,N,C402
R0002341,2026-07-01 09:51:00,MO,VOICE,99970001113,99973211351,90,0.15,N,C403
R0002342,2026-07-01 09:52:00,MO,VOICE,99970001113,99973211352,90,0.15,N,C400
R0002343,2026-07-01 09:53:00,MO,VOICE,99970001113,99973211353,90,0.15,N,C401
R0002344,2026-07-01 09:54:00,MO,VOICE,99970001113,99973211354,90,0.15,N,C402
R0002345,2026-07-01 09:55:00,MO,VOICE,99970001113,99973211355,90,0.15,N,C403
R0002346,2026-07-01 09:56:00,MO,VOICE,99970001113,99973211356,90,0.15,N,C400
R0002347,2026-07-01 09:57:00,MO,VOICE,99970001113,99973211357,90,0.15,N,C401
R0002348,2026-07-01 09:58:00,MO,VOICE,99970001113,99973211358,90,0.15,N,C402
R0002349,2026-07-01 09:59:00,MO,VOICE,99970001113,99973211359,90,0.15,N,C403
R0002350,2026-07-01 09:00:00,MO,VOICE,99970001113,99973211360,90,0.15,N,C400
R0002351,2026-07-01 09:01:00,MO,VOICE,99970001113,99973211361,90,0.15,N,C401
R0002352,2026-07-01 09:02:00,MO,VOICE,99970001113,99973211362,90,0.15,N,C402
R0002353,2026-07-01 09:03:00,MO,VOICE,99970001113,99973211363,90,0.15,N,C403
R0002354,2026-07-01 09:04:00,MO,VOICE,99970001113,99973211364,90,0.15,N,C400
R0002355,2026-07-01 09:05:00,MO,VOICE,99970001113,99973211365,90,0.15,N,C401
R0002356,2026-07-01 09:06:00,MO,VOICE,99970001113,99973211366,90,0.15,N,C402
R0002357,2026-07-01 09:07:00,MO,VOICE,99970001113,99973211367,90,0.15,N,C403
R0002358,2026-07-01 09:08:00,MO,VOICE,99970001113,99973211368,90,0.15,N,C400
R0002359,2026-07-01 09:09:00,MO,VOICE,99970001113,99973211369,90,0.15,N,C401
R0002360,2026-07-01 09:10:00,MO,VOICE,99970001113,99973211370,90,0.15,N,C402
R0002361,2026-07-01 09:11:00,MO,VOICE,99970001113,99973211371,90,0.15,N,C403
R0002362,2026-07-01 09:12:00,MO,VOICE,99970001113,99973211372,90,0.15,N,C400
R0002363,2026-07-01 09:13:00,MO,VOICE,99970001113,99973211373,90,0.15,N,C401
R0002364,2026-07-01 09:14:00,MO,VOICE,99970001113,99973211374,90,0.15,N,C402
R0002365,2026-07-01 09:15:00,MO,VOICE,99970001113,99973211375,90,0.15,N,C403
R0002366,2026-07-01 09:16:00,MO,VOICE,99970001113,99973211376,90,0.15,N,C400
R0002367,2026-07-01 09:17:00,MO,VOICE,99970001113,99973211377,90,0.15,N,C401
R0002368,2026-07-01 09:18:00,MO,VOICE,99970001113,99973211378,90,0.15,N,C402
R0002369,2026-07-01 09:19:00,MO,VOICE,99970001113,99973211379,90,0.15,N,C403
R0002370,2026-07-01 11:00:00,MO,VOICE,99970001201,9001000000,60,5.00,N,C500
R0002371,2026-07-01 11:01:00,MO,VOICE,99970001201,9001000001,60,5.00,N,C500
R0002372,2026-07-01 11:02:00,MO,VOICE,99970001201,9001000002,60,5.00,N,C500
R0002373,2026-07-01 11:03:00,MO,VOICE,99970001201,9001000003,60,5.00,N,C500
R0002374,2026-07-01 11:04:00,MO,VOICE,99970001201,9001000004,60,5.00,N,C500
R0002375,2026-07-01 11:05:00,MO,VOICE,99970001201,9001000005,60,5.00,N,C500
R0002376,2026-07-01 11:06:00,MO,VOICE,99970001201,9001000006,60,5.00,N,C500
R0002377,2026-07-01 11:07:00,MO,VOICE,99970001201,9001000007,60,5.00,N,C500
R0002378,2026-07-01 11:08:00,MO,VOICE,99970001201,9001000008,60,5.00,N,C500
R0002379,2026-07-01 11:09:00,MO,VOICE,99970001201,9001000009,60,5.00,N,C500
R0002380,2026-07-01 11:10:00,MO,VOICE,99970001201,9001000010,60,5.00,N,C500
R0002381,2026-07-01 11:11:00,MO,VOICE,99970001201,9001000011,60,5.00,N,C500
R0002382,2026-07-01 11:12:00,MO,VOICE,99970001201,9001000012,60,5.00,N,C500
R0002383,2026-07-01 11:13:00,MO,VOICE,99970001201,9001000013,60,5.00,N,C500
R0002384,2026-07-01 11:14:00,MO,VOICE,99970001201,9001000014,60,5.00,N,C500
R0002385,2026-07-01 11:15:00,MO,VOICE,99970001201,9001000015,60,5.00,N,C500
R0002386,2026-07-01 11:16:00,MO,VOICE,99970001201,9001000016,60,5.00,N,C500
R0002387,2026-07-01 11:17:00,MO,VOICE,99970001201,9001000017,60,5.00,N,C500
R0002388,2026-07-01 11:18:00,MO,VOICE,99970001201,9001000018,60,5.00,N,C500
R0002389,2026-07-01 11:19:00,MO,VOICE,99970001201,9001000019,60,5.00,N,C500
R0002390,2026-07-01 11:20:00,MO,VOICE,99970001201,9001000020,60,5.00,N,C500
R0002391,2026-07-01 11:21:00,MO,VOICE,99970001201,9001000021,60,5.00,N,C500
R0002392,2026-07-01 11:22:00,MO,VOICE,99970001201,9001000022,60,5.00,N,C500
R0002393,2026-07-01 11:23:00,MO,VOICE,99970001201,9001000023,60,5.00,N,C500
R0002394,2026-07-01 11:24:00,MO,VOICE,99970001201,9001000024,60,5.00,N,C500
R0002395,2026-07-01 11:25:00,MO,VOICE,99970001201,9001000025,60,5.00,N,C500
R0002396,2026-07-01 11:26:00,MO,VOICE,99970001201,9001000026,60,5.00,N,C500
R0002397,2026-07-01 11:27:00,MO,VOICE,99970001201,9001000027,60,5.00,N,C500
R0002398,2026-07-01 11:28:00,MO,VOICE,99970001201,9001000028,60,5.00,N,C500
R0002399,2026-07-01 11:29:00,MO,VOICE,99970001201,9001000029,60,5.00,N,C500
R0002400,2026-07-01 11:00:00,MO,VOICE,99970001202,9001000000,60,5.00,N,C500
R0002401,2026-07-01 11:01:00,MO,VOICE,99970001202,9001000001,60,5.00,N,C500
R0002402,2026-07-01 11:02:00,MO,VOICE,99970001202,9001000002,60,5.00,N,C500
R0002403,2026-07-01 11:03:00,MO,VOICE,99970001202,9001000003,60,5.00,N,C500
R0002404,2026-07-01 11:04:00,MO,VOICE,99970001202,9001000004,60,5.00,N,C500
R0002405,2026-07-01 11:05:00,MO,VOICE,99970001202,9001000005,60,5.00,N,C500
R0002406,2026-07-01 11:06:00,MO,VOICE,99970001202,9001000006,60,5.00,N,C500
R0002407,2026-07-01 11:07:00,MO,VOICE,99970001202,9001000007,60,5.00,N,C500
R0002408,2026-07-01 11:08:00,MO,VOICE,99970001202,9001000008,60,5.00,N,C500
R0002409,2026-07-01 11:09:00,MO,VOICE,99970001202,9001000009,60,5.00,N,C500
R0002410,2026-07-01 11:10:00,MO,VOICE,99970001202,9001000010,60,5.00,N,C500
R0002411,2026-07-01 11:11:00,MO,VOICE,99970001202,9001000011,60,5.00,N,C500
R0002412,2026-07-01 11:12:00,MO,VOICE,99970001202,9001000012,60,5.00,N,C500
R0002413,2026-07-01 11:13:00,MO,VOICE,99970001202,9001000013,60,5.00,N,C500
R0002414,2026-07-01 11:14:00,MO,VOICE,99970001202,9001000014,60,5.00,N,C500
R0002415,2026-07-01 11:15:00,MO,VOICE,99970001202,9001000015,60,5.00,N,C500
R0002416,2026-07-01 11:16:00,MO,VOICE,99970001202,9001000016,60,5.00,N,C500
R0002417,2026-07-01 11:17:00,MO,VOICE,99970001202,9001000017,60,5.00,N,C500
R0002418,2026-07-01 11:18:00,MO,VOICE,99970001202,9001000018,60,5.00,N,C500
R0002419,2026-07-01 11:19:00,MO,VOICE,99970001202,9001000019,60,5.00,N,C500
R0002420,2026-07-01 11:20:00,MO,VOICE,99970001202,9001000020,60,5.00,N,C500
R0002421,2026-07-01 11:21:00,MO,VOICE,99970001202,9001000021,60,5.00,N,C500
R0002422,2026-07-01 11:22:00,MO,VOICE,99970001202,9001000022,60,5.00,N,C500
R0002423,2026-07-01 11:23:00,MO,VOICE,99970001202,9001000023,60,5.00,N,C500
R0002424,2026-07-01 11:24:00,MO,VOICE,99970001202,9001000024,60,5.00,N,C500
R0002425,2026-07-01 11:25:00,MO,VOICE,99970001202,9001000025,60,5.00,N,C500
R0002426,2026-07-01 11:26:00,MO,VOICE,99970001202,9001000026,60,5.00,N,C500
R0002427,2026-07-01 11:27:00,MO,VOICE,99970001202,9001000027,60,5.00,N,C500
R0002428,2026-07-01 11:28:00,MO,VOICE,99970001202,9001000028,60,5.00,N,C500
R0002429,2026-07-01 11:29:00,MO,VOICE,99970001202,9001000029,60,5.00,N,C500
R0002430,2026-07-01 11:00:00,MO,VOICE,99970001203,9001000000,60,5.00,N,C500
R0002431,2026-07-01 11:01:00,MO,VOICE,99970001203,9001000001,60,5.00,N,C500
R0002432,2026-07-01 11:02:00,MO,VOICE,99970001203,9001000002,60,5.00,N,C500
R0002433,2026-07-01 11:03:00,MO,VOICE,99970001203,9001000003,60,5.00,N,C500
R0002434,2026-07-01 11:04:00,MO,VOICE,99970001203,9001000004,60,5.00,N,C500
R0002435,2026-07-01 11:05:00,MO,VOICE,99970001203,9001000005,60,5.00,N,C500
R0002436,2026-07-01 11:06:00,MO,VOICE,99970001203,9001000006,60,5.00,N,C500
R0002437,2026-07-01 11:07:00,MO,VOICE,99970001203,9001000007,60,5.00,N,C500
R0002438,2026-07-01 11:08:00,MO,VOICE,99970001203,9001000008,60,5.00,N,C500
R0002439,2026-07-01 11:09:00,MO,VOICE,99970001203,9001000009,60,5.00,N,C500
R0002440,2026-07-01 11:10:00,MO,VOICE,99970001203,9001000010,60,5.00,N,C500
R0002441,2026-07-01 11:11:00,MO,VOICE,99970001203,9001000011,60,5.00,N,C500
R0002442,2026-07-01 11:12:00,MO,VOICE,99970001203,9001000012,60,5.00,N,C500
R0002443,2026-07-01 11:13:00,MO,VOICE,99970001203,9001000013,60,5.00,N,C500
R0002444,2026-07-01 11:14:00,MO,VOICE,99970001203,9001000014,60,5.00,N,C500
R0002445,2026-07-01 11:15:00,MO,VOICE,99970001203,9001000015,60,5.00,N,C500
R0002446,2026-07-01 11:16:00,MO,VOICE,99970001203,9001000016,60,5.00,N,C500
R0002447,2026-07-01 11:17:00,MO,VOICE,99970001203,9001000017,60,5.00,N,C500
R0002448,2026-07-01 11:18:00,MO,VOICE,99970001203,9001000018,60,5.00,N,C500
R0002449,2026-07-01 11:19:00,MO,VOICE,99970001203,9001000019,60,5.00,N,C500
R0002450,2026-07-01 11:20:00,MO,VOICE,99970001203,9001000020,60,5.00,N,C500
R0002451,2026-07-01 11:21:00,MO,VOICE,99970001203,9001000021,60,5.00,N,C500
R0002452,2026-07-01 11:22:00,MO,VOICE,99970001203,9001000022,60,5.00,N,C500
R0002453,2026-07-01 11:23:00,MO,VOICE,99970001203,9001000023,60,5.00,N,C500
R0002454,2026-07-01 11:24:00,MO,VOICE,99970001203,9001000024,60,5.00,N,C500
R0002455,2026-07-01 11:25:00,MO,VOICE,99970001203,9001000025,60,5.00,N,C500
R0002456,2026-07-01 11:26:00,MO,VOICE,99970001203,9001000026,60,5.00,N,C500
R0002457,2026-07-01 11:27:00,MO,VOICE,99970001203,9001000027,60,5.00,N,C500
R0002458,2026-07-01 11:28:00,MO,VOICE,99970001203,9001000028,60,5.00,N,C500
R0002459,2026-07-01 11:29:00,MO,VOICE,99970001203,9001000029,60,5.00,N,C500
R0002460,2026-07-01 11:00:00,MO,VOICE,99970001204,9001000000,60,5.00,N,C500
R0002461,2026-07-01 11:01:00,MO,VOICE,99970001204,9001000001,60,5.00,N,C500
R0002462,2026-07-01 11:02:00,MO,VOICE,99970001204,9001000002,60,5.00,N,C500
R0002463,2026-07-01 11:03:00,MO,VOICE,99970001204,9001000003,60,5.00,N,C500
R0002464,2026-07-01 11:04:00,MO,VOICE,99970001204,9001000004,60,5.00,N,C500
R0002465,2026-07-01 11:05:00,MO,VOICE,99970001204,9001000005,60,5.00,N,C500
R0002466,2026-07-01 11:06:00,MO,VOICE,99970001204,9001000006,60,5.00,N,C500
R0002467,2026-07-01 11:07:00,MO,VOICE,99970001204,9001000007,60,5.00,N,C500
R0002468,2026-07-01 11:08:00,MO,VOICE,99970001204,9001000008,60,5.00,N,C500
R0002469,2026-07-01 11:09:00,MO,VOICE,99970001204,9001000009,60,5.00,N,C500
R0002470,2026-07-01 11:10:00,MO,VOICE,99970001204,9001000010,60,5.00,N,C500
R0002471,2026-07-01 11:11:00,MO,VOICE,99970001204,9001000011,60,5.00,N,C500
R0002472,2026-07-01 11:12:00,MO,VOICE,99970001204,9001000012,60,5.00,N,C500
R0002473,2026-07-01 11:13:00,MO,VOICE,99970001204,9001000013,60,5.00,N,C500
R0002474,2026-07-01 11:14:00,MO,VOICE,99970001204,9001000014,60,5.00,N,C500
R0002475,2026-07-01 11:15:00,MO,VOICE,99970001204,9001000015,60,5.00,N,C500
R0002476,2026-07-01 11:16:00,MO,VOICE,99970001204,9001000016,60,5.00,N,C500
R0002477,2026-07-01 11:17:00,MO,VOICE,99970001204,9001000017,60,5.00,N,C500
R0002478,2026-07-01 11:18:00,MO,VOICE,99970001204,9001000018,60,5.00,N,C500
R0002479,2026-07-01 11:19:00,MO,VOICE,99970001204,9001000019,60,5.00,N,C500
R0002480,2026-07-01 11:20:00,MO,VOICE,99970001204,9001000020,60,5.00,N,C500
R0002481,2026-07-01 11:21:00,MO,VOICE,99970001204,9001000021,60,5.00,N,C500
R0002482,2026-07-01 11:22:00,MO,VOICE,99970001204,9001000022,60,5.00,N,C500
R0002483,2026-07-01 11:23:00,MO,VOICE,99970001204,9001000023,60,5.00,N,C500
R0002484,2026-07-01 11:24:00,MO,VOICE,99970001204,9001000024,60,5.00,N,C500
R0002485,2026-07-01 11:25:00,MO,VOICE,99970001204,9001000025,60,5.00,N,C500
R0002486,2026-07-01 11:26:00,MO,VOICE,99970001204,9001000026,60,5.00,N,C500
R0002487,2026-07-01 11:27:00,MO,VOICE,99970001204,9001000027,60,5.00,N,C500
R0002488,2026-07-01 11:28:00,MO,VOICE,99970001204,9001000028,60,5.00,N,C500
R0002489,2026-07-01 11:29:00,MO,VOICE,99970001204,9001000029,60,5.00,N,C500
R0002490,2026-07-01 12:00:00,MO,VOICE,99970001211,9091000000,60,5.00,N,C501
R0002491,2026-07-01 12:01:00,MO,VOICE,99970001211,9091000001,60,5.00,N,C501
R0002492,2026-07-01 12:02:00,MO,VOICE,99970001211,9091000002,60,5.00,N,C501
R0002493,2026-07-01 12:03:00,MO,VOICE,99970001211,9091000003,60,5.00,N,C501
R0002494,2026-07-01 12:04:00,MO,VOICE,99970001211,9091000004,60,5.00,N,C501
R0002495,2026-07-01 12:05:00,MO,VOICE,99970001211,9091000005,60,5.00,N,C501
R0002496,2026-07-01 12:06:00,MO,VOICE,99970001211,9091000006,60,5.00,N,C501
R0002497,2026-07-01 12:07:00,MO,VOICE,99970001211,9091000007,60,5.00,N,C501
R0002498,2026-07-01 12:08:00,MO,VOICE,99970001211,9091000008,60,5.00,N,C501
R0002499,2026-07-01 12:09:00,MO,VOICE,99970001211,9091000009,60,5.00,N,C501
R0002500,2026-07-01 12:00:00,MO,VOICE,99970001212,9091000000,60,5.00,N,C501
R0002501,2026-07-01 12:01:00,MO,VOICE,99970001212,9091000001,60,5.00,N,C501
R0002502,2026-07-01 12:02:00,MO,VOICE,99970001212,9091000002,60,5.00,N,C501
R0002503,2026-07-01 12:03:00,MO,VOICE,99970001212,9091000003,60,5.00,N,C501
R0002504,2026-07-01 12:04:00,MO,VOICE,99970001212,9091000004,60,5.00,N,C501
R0002505,2026-07-01 12:05:00,MO,VOICE,99970001212,9091000005,60,5.00,N,C501
R0002506,2026-07-01 12:06:00,MO,VOICE,99970001212,9091000006,60,5.00,N,C501
R0002507,2026-07-01 12:07:00,MO,VOICE,99970001212,9091000007,60,5.00,N,C501
R0002508,2026-07-01 12:08:00,MO,VOICE,99970001212,9091000008,60,5.00,N,C501
R0002509,2026-07-01 12:09:00,MO,VOICE,99970001212,9091000009,60,5.00,N,C501
R0002510,2026-07-01 12:00:00,MO,VOICE,99970001213,9091000000,60,5.00,N,C501
R0002511,2026-07-01 12:01:00,MO,VOICE,99970001213,9091000001,60,5.00,N,C501
R0002512,2026-07-01 12:02:00,MO,VOICE,99970001213,9091000002,60,5.00,N,C501
R0002513,2026-07-01 12:03:00,MO,VOICE,99970001213,9091000003,60,5.00,N,C501
R0002514,2026-07-01 12:04:00,MO,VOICE,99970001213,9091000004,60,5.00,N,C501
R0002515,2026-07-01 12:05:00,MO,VOICE,99970001213,9091000005,60,5.00,N,C501
R0002516,2026-07-01 12:06:00,MO,VOICE,99970001213,9091000006,60,5.00,N,C501
R0002517,2026-07-01 12:07:00,MO,VOICE,99970001213,9091000007,60,5.00,N,C501
R0002518,2026-07-01 12:08:00,MO,VOICE,99970001213,9091000008,60,5.00,N,C501
R0002519,2026-07-01 12:09:00,MO,VOICE,99970001213,9091000009,60,5.00,N,C501
R0002520,2026-07-01 13:00:00,MO,VOICE,99970001301,99970000001,120,12.00,Y,RX1
R0002521,2026-07-01 13:01:00,MO,VOICE,99970001301,99970000002,120,12.00,Y,RX1
R0002522,2026-07-01 13:02:00,MO,VOICE,99970001301,99970000003,120,12.00,Y,RX1
R0002523,2026-07-01 13:03:00,MO,VOICE,99970001301,99970000004,120,12.00,Y,RX1
R0002524,2026-07-01 13:04:00,MO,VOICE,99970001301,99970000005,120,12.00,Y,RX1
R0002525,2026-07-01 13:05:00,MO,VOICE,99970001301,99970000001,120,12.00,Y,RX1
R0002526,2026-07-01 13:06:00,MO,VOICE,99970001301,99970000002,120,12.00,Y,RX1
R0002527,2026-07-01 13:07:00,MO,VOICE,99970001301,99970000003,120,12.00,Y,RX1
R0002528,2026-07-01 13:08:00,MO,VOICE,99970001301,99970000004,120,12.00,Y,RX1
R0002529,2026-07-01 13:09:00,MO,VOICE,99970001301,99970000005,120,12.00,Y,RX1
R0002530,2026-07-01 13:10:00,MO,VOICE,99970001301,99970000001,120,12.00,Y,RX1
R0002531,2026-07-01 13:11:00,MO,VOICE,99970001301,99970000002,120,12.00,Y,RX1
R0002532,2026-07-01 13:12:00,MO,VOICE,99970001301,99970000003,120,12.00,Y,RX1
R0002533,2026-07-01 13:13:00,MO,VOICE,99970001301,99970000004,120,12.00,Y,RX1
R0002534,2026-07-01 13:14:00,MO,VOICE,99970001301,99970000005,120,12.00,Y,RX1
R0002535,2026-07-01 13:15:00,MO,VOICE,99970001301,99970000001,120,12.00,Y,RX1
R0002536,2026-07-01 13:16:00,MO,VOICE,99970001301,99970000002,120,12.00,Y,RX1
R0002537,2026-07-01 13:17:00,MO,VOICE,99970001301,99970000003,120,12.00,Y,RX1
R0002538,2026-07-01 13:18:00,MO,VOICE,99970001301,99970000004,120,12.00,Y,RX1
R0002539,2026-07-01 13:19:00,MO,VOICE,99970001301,99970000005,120,12.00,Y,RX1
R0002540,2026-07-01 13:20:00,MO,VOICE,99970001301,99970000001,120,12.00,Y,RX1
R0002541,2026-07-01 13:21:00,MO,VOICE,99970001301,99970000002,120,12.00,Y,RX1
R0002542,2026-07-01 13:22:00,MO,VOICE,99970001301,99970000003,120,12.00,Y,RX1
R0002543,2026-07-01 13:23:00,MO,VOICE,99970001301,99970000004,120,12.00,Y,RX1
R0002544,2026-07-01 13:24:00,MO,VOICE,99970001301,99970000005,120,12.00,Y,RX1
R0002545,2026-07-01 13:25:00,MO,VOICE,99970001301,99970000001,120,12.00,Y,RX1
R0002546,2026-07-01 13:26:00,MO,VOICE,99970001301,99970000002,120,12.00,Y,RX1
R0002547,2026-07-01 13:27:00,MO,VOICE,99970001301,99970000003,120,12.00,Y,RX1
R0002548,2026-07-01 13:28:00,MO,VOICE,99970001301,99970000004,120,12.00,Y,RX1
R0002549,2026-07-01 13:29:00,MO,VOICE,99970001301,99970000005,120,12.00,Y,RX1
R0002550,2026-07-01 13:30:00,MO,VOICE,99970001301,99970000001,120,12.00,Y,RX1
R0002551,2026-07-01 13:31:00,MO,VOICE,99970001301,99970000002,120,12.00,Y,RX1
R0002552,2026-07-01 13:32:00,MO,VOICE,99970001301,99970000003,120,12.00,Y,RX1
R0002553,2026-07-01 13:33:00,MO,VOICE,99970001301,99970000004,120,12.00,Y,RX1
R0002554,2026-07-01 13:34:00,MO,VOICE,99970001301,99970000005,120,12.00,Y,RX1
R0002555,2026-07-01 13:35:00,MO,VOICE,99970001301,99970000001,120,12.00,Y,RX1
R0002556,2026-07-01 13:36:00,MO,VOICE,99970001301,99970000002,120,12.00,Y,RX1
R0002557,2026-07-01 13:37:00,MO,VOICE,99970001301,99970000003,120,12.00,Y,RX1
R0002558,2026-07-01 13:38:00,MO,VOICE,99970001301,99970000004,120,12.00,Y,RX1
R0002559,2026-07-01 13:39:00,MO,VOICE,99970001301,99970000005,120,12.00,Y,RX1
R0002560,2026-07-01 13:40:00,MO,VOICE,99970001301,99970000001,120,12.00,Y,RX1
R0002561,2026-07-01 13:41:00,MO,VOICE,99970001301,99970000002,120,12.00,Y,RX1
R0002562,2026-07-01 13:42:00,MO,VOICE,99970001301,99970000003,120,12.00,Y,RX1
R0002563,2026-07-01 13:43:00,MO,VOICE,99970001301,99970000004,120,12.00,Y,RX1
R0002564,2026-07-01 13:44:00,MO,VOICE,99970001301,99970000005,120,12.00,Y,RX1
R0002565,2026-07-01 13:45:00,MO,VOICE,99970001301,99970000001,120,12.00,Y,RX1
R0002566,2026-07-01 13:46:00,MO,VOICE,99970001301,99970000002,120,12.00,Y,RX1
R0002567,2026-07-01 13:47:00,MO,VOICE,99970001301,99970000003,120,12.00,Y,RX1
R0002568,2026-07-01 13:48:00,MO,VOICE,99970001301,99970000004,120,12.00,Y,RX1
R0002569,2026-07-01 13:49:00,MO,VOICE,99970001301,99970000005,120,12.00,Y,RX1
R0002570,2026-07-01 13:50:00,MO,VOICE,99970001301,99970000001,120,12.00,Y,RX1
R0002571,2026-07-01 13:51:00,MO,VOICE,99970001301,99970000002,120,12.00,Y,RX1
R0002572,2026-07-01 13:52:00,MO,VOICE,99970001301,99970000003,120,12.00,Y,RX1
R0002573,2026-07-01 13:53:00,MO,VOICE,99970001301,99970000004,120,12.00,Y,RX1
R0002574,2026-07-01 13:54:00,MO,VOICE,99970001301,99970000005,120,12.00,Y,RX1
R0002575,2026-07-01 13:55:00,MO,VOICE,99970001301,99970000001,120,12.00,Y,RX1
R0002576,2026-07-01 13:56:00,MO,VOICE,99970001301,99970000002,120,12.00,Y,RX1
R0002577,2026-07-01 13:57:00,MO,VOICE,99970001301,99970000003,120,12.00,Y,RX1
R0002578,2026-07-01 13:58:00,MO,VOICE,99970001301,99970000004,120,12.00,Y,RX1
R0002579,2026-07-01 13:59:00,MO,VOICE,99970001301,99970000005,120,12.00,Y,RX1
R0002580,2026-07-01 13:00:00,MO,VOICE,99970001302,99970000001,120,12.00,Y,RX1
R0002581,2026-07-01 13:01:00,MO,VOICE,99970001302,99970000002,120,12.00,Y,RX1
R0002582,2026-07-01 13:02:00,MO,VOICE,99970001302,99970000003,120,12.00,Y,RX1
R0002583,2026-07-01 13:03:00,MO,VOICE,99970001302,99970000004,120,12.00,Y,RX1
R0002584,2026-07-01 13:04:00,MO,VOICE,99970001302,99970000005,120,12.00,Y,RX1
R0002585,2026-07-01 13:05:00,MO,VOICE,99970001302,99970000001,120,12.00,Y,RX1
R0002586,2026-07-01 13:06:00,MO,VOICE,99970001302,99970000002,120,12.00,Y,RX1
R0002587,2026-07-01 13:07:00,MO,VOICE,99970001302,99970000003,120,12.00,Y,RX1
R0002588,2026-07-01 13:08:00,MO,VOICE,99970001302,99970000004,120,12.00,Y,RX1
R0002589,2026-07-01 13:09:00,MO,VOICE,99970001302,99970000005,120,12.00,Y,RX1
R0002590,2026-07-01 13:10:00,MO,VOICE,99970001302,99970000001,120,12.00,Y,RX1
R0002591,2026-07-01 13:11:00,MO,VOICE,99970001302,99970000002,120,12.00,Y,RX1
R0002592,2026-07-01 13:12:00,MO,VOICE,99970001302,99970000003,120,12.00,Y,RX1
R0002593,2026-07-01 13:13:00,MO,VOICE,99970001302,99970000004,120,12.00,Y,RX1
R0002594,2026-07-01 13:14:00,MO,VOICE,99970001302,99970000005,120,12.00,Y,RX1
R0002595,2026-07-01 13:15:00,MO,VOICE,99970001302,99970000001,120,12.00,Y,RX1
R0002596,2026-07-01 13:16:00,MO,VOICE,99970001302,99970000002,120,12.00,Y,RX1
R0002597,2026-07-01 13:17:00,MO,VOICE,99970001302,99970000003,120,12.00,Y,RX1
R0002598,2026-07-01 13:18:00,MO,VOICE,99970001302,99970000004,120,12.00,Y,RX1
R0002599,2026-07-01 13:19:00,MO,VOICE,99970001302,99970000005,120,12.00,Y,RX1
R0002600,2026-07-01 13:20:00,MO,VOICE,99970001302,99970000001,120,12.00,Y,RX1
R0002601,2026-07-01 13:21:00,MO,VOICE,99970001302,99970000002,120,12.00,Y,RX1
R0002602,2026-07-01 13:22:00,MO,VOICE,99970001302,99970000003,120,12.00,Y,RX1
R0002603,2026-07-01 13:23:00,MO,VOICE,99970001302,99970000004,120,12.00,Y,RX1
R0002604,2026-07-01 13:24:00,MO,VOICE,99970001302,99970000005,120,12.00,Y,RX1
R0002605,2026-07-01 13:25:00,MO,VOICE,99970001302,99970000001,120,12.00,Y,RX1
R0002606,2026-07-01 13:26:00,MO,VOICE,99970001302,99970000002,120,12.00,Y,RX1
R0002607,2026-07-01 13:27:00,MO,VOICE,99970001302,99970000003,120,12.00,Y,RX1
R0002608,2026-07-01 13:28:00,MO,VOICE,99970001302,99970000004,120,12.00,Y,RX1
R0002609,2026-07-01 13:29:00,MO,VOICE,99970001302,99970000005,120,12.00,Y,RX1
R0002610,2026-07-01 13:30:00,MO,VOICE,99970001302,99970000001,120,12.00,Y,RX1
R0002611,2026-07-01 13:31:00,MO,VOICE,99970001302,99970000002,120,12.00,Y,RX1
R0002612,2026-07-01 13:32:00,MO,VOICE,99970001302,99970000003,120,12.00,Y,RX1
R0002613,2026-07-01 13:33:00,MO,VOICE,99970001302,99970000004,120,12.00,Y,RX1
R0002614,2026-07-01 13:34:00,MO,VOICE,99970001302,99970000005,120,12.00,Y,RX1
R0002615,2026-07-01 13:35:00,MO,VOICE,99970001302,99970000001,120,12.00,Y,RX1
R0002616,2026-07-01 13:36:00,MO,VOICE,99970001302,99970000002,120,12.00,Y,RX1
R0002617,2026-07-01 13:37:00,MO,VOICE,99970001302,99970000003,120,12.00,Y,RX1
R0002618,2026-07-01 13:38:00,MO,VOICE,99970001302,99970000004,120,12.00,Y,RX1
R0002619,2026-07-01 13:39:00,MO,VOICE,99970001302,99970000005,120,12.00,Y,RX1
R0002620,2026-07-01 13:40:00,MO,VOICE,99970001302,99970000001,120,12.00,Y,RX1
R0002621,2026-07-01 13:41:00,MO,VOICE,99970001302,99970000002,120,12.00,Y,RX1
R0002622,2026-07-01 13:42:00,MO,VOICE,99970001302,99970000003,120,12.00,Y,RX1
R0002623,2026-07-01 13:43:00,MO,VOICE,99970001302,99970000004,120,12.00,Y,RX1
R0002624,2026-07-01 13:44:00,MO,VOICE,99970001302,99970000005,120,12.00,Y,RX1
R0002625,2026-07-01 13:45:00,MO,VOICE,99970001302,99970000001,120,12.00,Y,RX1
R0002626,2026-07-01 13:46:00,MO,VOICE,99970001302,99970000002,120,12.00,Y,RX1
R0002627,2026-07-01 13:47:00,MO,VOICE,99970001302,99970000003,120,12.00,Y,RX1
R0002628,2026-07-01 13:48:00,MO,VOICE,99970001302,99970000004,120,12.00,Y,RX1
R0002629,2026-07-01 13:49:00,MO,VOICE,99970001302,99970000005,120,12.00,Y,RX1
R0002630,2026-07-01 13:50:00,MO,VOICE,99970001302,99970000001,120,12.00,Y,RX1
R0002631,2026-07-01 13:51:00,MO,VOICE,99970001302,99970000002,120,12.00,Y,RX1
R0002632,2026-07-01 13:52:00,MO,VOICE,99970001302,99970000003,120,12.00,Y,RX1
R0002633,2026-07-01 13:53:00,MO,VOICE,99970001302,99970000004,120,12.00,Y,RX1
R0002634,2026-07-01 13:54:00,MO,VOICE,99970001302,99970000005,120,12.00,Y,RX1
R0002635,2026-07-01 13:55:00,MO,VOICE,99970001302,99970000001,120,12.00,Y,RX1
R0002636,2026-07-01 13:56:00,MO,VOICE,99970001302,99970000002,120,12.00,Y,RX1
R0002637,2026-07-01 13:57:00,MO,VOICE,99970001302,99970000003,120,12.00,Y,RX1
R0002638,2026-07-01 13:58:00,MO,VOICE,99970001302,99970000004,120,12.00,Y,RX1
R0002639,2026-07-01 13:59:00,MO,VOICE,99970001302,99970000005,120,12.00,Y,RX1
R0002640,2026-07-01 13:00:00,MO,VOICE,99970001303,99970000001,120,12.00,Y,RX1
R0002641,2026-07-01 13:01:00,MO,VOICE,99970001303,99970000002,120,12.00,Y,RX1
R0002642,2026-07-01 13:02:00,MO,VOICE,99970001303,99970000003,120,12.00,Y,RX1
R0002643,2026-07-01 13:03:00,MO,VOICE,99970001303,99970000004,120,12.00,Y,RX1
R0002644,2026-07-01 13:04:00,MO,VOICE,99970001303,99970000005,120,12.00,Y,RX1
R0002645,2026-07-01 13:05:00,MO,VOICE,99970001303,99970000001,120,12.00,Y,RX1
R0002646,2026-07-01 13:06:00,MO,VOICE,99970001303,99970000002,120,12.00,Y,RX1
R0002647,2026-07-01 13:07:00,MO,VOICE,99970001303,99970000003,120,12.00,Y,RX1
R0002648,2026-07-01 13:08:00,MO,VOICE,99970001303,99970000004,120,12.00,Y,RX1
R0002649,2026-07-01 13:09:00,MO,VOICE,99970001303,99970000005,120,12.00,Y,RX1
R0002650,2026-07-01 13:10:00,MO,VOICE,99970001303,99970000001,120,12.00,Y,RX1
R0002651,2026-07-01 13:11:00,MO,VOICE,99970001303,99970000002,120,12.00,Y,RX1
R0002652,2026-07-01 13:12:00,MO,VOICE,99970001303,99970000003,120,12.00,Y,RX1
R0002653,2026-07-01 13:13:00,MO,VOICE,99970001303,99970000004,120,12.00,Y,RX1
R0002654,2026-07-01 13:14:00,MO,VOICE,99970001303,99970000005,120,12.00,Y,RX1
R0002655,2026-07-01 13:15:00,MO,VOICE,99970001303,99970000001,120,12.00,Y,RX1
R0002656,2026-07-01 13:16:00,MO,VOICE,99970001303,99970000002,120,12.00,Y,RX1
R0002657,2026-07-01 13:17:00,MO,VOICE,99970001303,99970000003,120,12.00,Y,RX1
R0002658,2026-07-01 13:18:00,MO,VOICE,99970001303,99970000004,120,12.00,Y,RX1
R0002659,2026-07-01 13:19:00,MO,VOICE,99970001303,99970000005,120,12.00,Y,RX1
R0002660,2026-07-01 13:20:00,MO,VOICE,99970001303,99970000001,120,12.00,Y,RX1
R0002661,2026-07-01 13:21:00,MO,VOICE,99970001303,99970000002,120,12.00,Y,RX1
R0002662,2026-07-01 13:22:00,MO,VOICE,99970001303,99970000003,120,12.00,Y,RX1
R0002663,2026-07-01 13:23:00,MO,VOICE,99970001303,99970000004,120,12.00,Y,RX1
R0002664,2026-07-01 13:24:00,MO,VOICE,99970001303,99970000005,120,12.00,Y,RX1
R0002665,2026-07-01 13:25:00,MO,VOICE,99970001303,99970000001,120,12.00,Y,RX1
R0002666,2026-07-01 13:26:00,MO,VOICE,99970001303,99970000002,120,12.00,Y,RX1
R0002667,2026-07-01 13:27:00,MO,VOICE,99970001303,99970000003,120,12.00,Y,RX1
R0002668,2026-07-01 13:28:00,MO,VOICE,99970001303,99970000004,120,12.00,Y,RX1
R0002669,2026-07-01 13:29:00,MO,VOICE,99970001303,99970000005,120,12.00,Y,RX1
R0002670,2026-07-01 13:30:00,MO,VOICE,99970001303,99970000001,120,12.00,Y,RX1
R0002671,2026-07-01 13:31:00,MO,VOICE,99970001303,99970000002,120,12.00,Y,RX1
R0002672,2026-07-01 13:32:00,MO,VOICE,99970001303,99970000003,120,12.00,Y,RX1
R0002673,2026-07-01 13:33:00,MO,VOICE,99970001303,99970000004,120,12.00,Y,RX1
R0002674,2026-07-01 13:34:00,MO,VOICE,99970001303,99970000005,120,12.00,Y,RX1
R0002675,2026-07-01 13:35:00,MO,VOICE,99970001303,99970000001,120,12.00,Y,RX1
R0002676,2026-07-01 13:36:00,MO,VOICE,99970001303,99970000002,120,12.00,Y,RX1
R0002677,2026-07-01 13:37:00,MO,VOICE,99970001303,99970000003,120,12.00,Y,RX1
R0002678,2026-07-01 13:38:00,MO,VOICE,99970001303,99970000004,120,12.00,Y,RX1
R0002679,2026-07-01 13:39:00,MO,VOICE,99970001303,99970000005,120,12.00,Y,RX1
R0002680,2026-07-01 13:40:00,MO,VOICE,99970001303,99970000001,120,12.00,Y,RX1
R0002681,2026-07-01 13:41:00,MO,VOICE,99970001303,99970000002,120,12.00,Y,RX1
R0002682,2026-07-01 13:42:00,MO,VOICE,99970001303,99970000003,120,12.00,Y,RX1
R0002683,2026-07-01 13:43:00,MO,VOICE,99970001303,99970000004,120,12.00,Y,RX1
R0002684,2026-07-01 13:44:00,MO,VOICE,99970001303,99970000005,120,12.00,Y,RX1
R0002685,2026-07-01 13:45:00,MO,VOICE,99970001303,99970000001,120,12.00,Y,RX1
R0002686,2026-07-01 13:46:00,MO,VOICE,99970001303,99970000002,120,12.00,Y,RX1
R0002687,2026-07-01 13:47:00,MO,VOICE,99970001303,99970000003,120,12.00,Y,RX1
R0002688,2026-07-01 13:48:00,MO,VOICE,99970001303,99970000004,120,12.00,Y,RX1
R0002689,2026-07-01 13:49:00,MO,VOICE,99970001303,99970000005,120,12.00,Y,RX1
R0002690,2026-07-01 13:50:00,MO,VOICE,99970001303,99970000001,120,12.00,Y,RX1
R0002691,2026-07-01 13:51:00,MO,VOICE,99970001303,99970000002,120,12.00,Y,RX1
R0002692,2026-07-01 13:52:00,MO,VOICE,99970001303,99970000003,120,12.00,Y,RX1
R0002693,2026-07-01 13:53:00,MO,VOICE,99970001303,99970000004,120,12.00,Y,RX1
R0002694,2026-07-01 13:54:00,MO,VOICE,99970001303,99970000005,120,12.00,Y,RX1
R0002695,2026-07-01 13:55:00,MO,VOICE,99970001303,99970000001,120,12.00,Y,RX1
R0002696,2026-07-01 13:56:00,MO,VOICE,99970001303,99970000002,120,12.00,Y,RX1
R0002697,2026-07-01 13:57:00,MO,VOICE,99970001303,99970000003,120,12.00,Y,RX1
R0002698,2026-07-01 13:58:00,MO,VOICE,99970001303,99970000004,120,12.00,Y,RX1
R0002699,2026-07-01 13:59:00,MO,VOICE,99970001303,99970000005,120,12.00,Y,RX1
R0002700,2026-07-01 14:00:00,MO,VOICE,99970001311,99970000001,120,10.00,Y,RX2
R0002701,2026-07-01 14:01:00,MO,VOICE,99970001311,99970000002,120,10.00,Y,RX2
R0002702,2026-07-01 14:02:00,MO,VOICE,99970001311,99970000003,120,10.00,Y,RX2
R0002703,2026-07-01 14:03:00,MO,VOICE,99970001311,99970000004,120,10.00,Y,RX2
R0002704,2026-07-01 14:04:00,MO,VOICE,99970001311,99970000005,120,10.00,Y,RX2
R0002705,2026-07-01 14:05:00,MO,VOICE,99970001311,99970000001,120,10.00,Y,RX2
R0002706,2026-07-01 14:06:00,MO,VOICE,99970001311,99970000002,120,10.00,Y,RX2
R0002707,2026-07-01 14:07:00,MO,VOICE,99970001311,99970000003,120,10.00,Y,RX2
R0002708,2026-07-01 14:08:00,MO,VOICE,99970001311,99970000004,120,10.00,Y,RX2
R0002709,2026-07-01 14:09:00,MO,VOICE,99970001311,99970000005,120,10.00,Y,RX2
R0002710,2026-07-01 14:10:00,MO,VOICE,99970001311,99970000001,120,10.00,Y,RX2
R0002711,2026-07-01 14:11:00,MO,VOICE,99970001311,99970000002,120,10.00,Y,RX2
R0002712,2026-07-01 14:12:00,MO,VOICE,99970001311,99970000003,120,10.00,Y,RX2
R0002713,2026-07-01 14:13:00,MO,VOICE,99970001311,99970000004,120,10.00,Y,RX2
R0002714,2026-07-01 14:14:00,MO,VOICE,99970001311,99970000005,120,10.00,Y,RX2
R0002715,2026-07-01 14:15:00,MO,VOICE,99970001311,99970000001,120,10.00,Y,RX2
R0002716,2026-07-01 14:16:00,MO,VOICE,99970001311,99970000002,120,10.00,Y,RX2
R0002717,2026-07-01 14:17:00,MO,VOICE,99970001311,99970000003,120,10.00,Y,RX2
R0002718,2026-07-01 14:18:00,MO,VOICE,99970001311,99970000004,120,10.00,Y,RX2
R0002719,2026-07-01 14:19:00,MO,VOICE,99970001311,99970000005,120,10.00,Y,RX2
R0002720,2026-07-01 14:00:00,MO,VOICE,99970001312,99970000001,120,10.00,Y,RX2
R0002721,2026-07-01 14:01:00,MO,VOICE,99970001312,99970000002,120,10.00,Y,RX2
R0002722,2026-07-01 14:02:00,MO,VOICE,99970001312,99970000003,120,10.00,Y,RX2
R0002723,2026-07-01 14:03:00,MO,VOICE,99970001312,99970000004,120,10.00,Y,RX2
R0002724,2026-07-01 14:04:00,MO,VOICE,99970001312,99970000005,120,10.00,Y,RX2
R0002725,2026-07-01 14:05:00,MO,VOICE,99970001312,99970000001,120,10.00,Y,RX2
R0002726,2026-07-01 14:06:00,MO,VOICE,99970001312,99970000002,120,10.00,Y,RX2
R0002727,2026-07-01 14:07:00,MO,VOICE,99970001312,99970000003,120,10.00,Y,RX2
R0002728,2026-07-01 14:08:00,MO,VOICE,99970001312,99970000004,120,10.00,Y,RX2
R0002729,2026-07-01 14:09:00,MO,VOICE,99970001312,99970000005,120,10.00,Y,RX2
R0002730,2026-07-01 14:10:00,MO,VOICE,99970001312,99970000001,120,10.00,Y,RX2
R0002731,2026-07-01 14:11:00,MO,VOICE,99970001312,99970000002,120,10.00,Y,RX2
R0002732,2026-07-01 14:12:00,MO,VOICE,99970001312,99970000003,120,10.00,Y,RX2
R0002733,2026-07-01 14:13:00,MO,VOICE,99970001312,99970000004,120,10.00,Y,RX2
R0002734,2026-07-01 14:14:00,MO,VOICE,99970001312,99970000005,120,10.00,Y,RX2
R0002735,2026-07-01 14:15:00,MO,VOICE,99970001312,99970000001,120,10.00,Y,RX2
R0002736,2026-07-01 14:16:00,MO,VOICE,99970001312,99970000002,120,10.00,Y,RX2
R0002737,2026-07-01 14:17:00,MO,VOICE,99970001312,99970000003,120,10.00,Y,RX2
R0002738,2026-07-01 14:18:00,MO,VOICE,99970001312,99970000004,120,10.00,Y,RX2
R0002739,2026-07-01 14:19:00,MO,VOICE,99970001312,99970000005,120,10.00,Y,RX2
R0002740,2026-07-01 14:00:00,MO,VOICE,99970001313,99970000001,120,10.00,Y,RX2
R0002741,2026-07-01 14:01:00,MO,VOICE,99970001313,99970000002,120,10.00,Y,RX2
R0002742,2026-07-01 14:02:00,MO,VOICE,99970001313,99970000003,120,10.00,Y,RX2
R0002743,2026-07-01 14:03:00,MO,VOICE,99970001313,99970000004,120,10.00,Y,RX2
R0002744,2026-07-01 14:04:00,MO,VOICE,99970001313,99970000005,120,10.00,Y,RX2
R0002745,2026-07-01 14:05:00,MO,VOICE,99970001313,99970000001,120,10.00,Y,RX2
R0002746,2026-07-01 14:06:00,MO,VOICE,99970001313,99970000002,120,10.00,Y,RX2
R0002747,2026-07-01 14:07:00,MO,VOICE,99970001313,99970000003,120,10.00,Y,RX2
R0002748,2026-07-01 14:08:00,MO,VOICE,99970001313,99970000004,120,10.00,Y,RX2
R0002749,2026-07-01 14:09:00,MO,VOICE,99970001313,99970000005,120,10.00,Y,RX2
R0002750,2026-07-01 14:10:00,MO,VOICE,99970001313,99970000001,120,10.00,Y,RX2
R0002751,2026-07-01 14:11:00,MO,VOICE,99970001313,99970000002,120,10.00,Y,RX2
R0002752,2026-07-01 14:12:00,MO,VOICE,99970001313,99970000003,120,10.00,Y,RX2
R0002753,2026-07-01 14:13:00,MO,VOICE,99970001313,99970000004,120,10.00,Y,RX2
R0002754,2026-07-01 14:14:00,MO,VOICE,99970001313,99970000005,120,10.00,Y,RX2
R0002755,2026-07-01 14:15:00,MO,VOICE,99970001313,99970000001,120,10.00,Y,RX2
R0002756,2026-07-01 14:16:00,MO,VOICE,99970001313,99970000002,120,10.00,Y,RX2
R0002757,2026-07-01 14:17:00,MO,VOICE,99970001313,99970000003,120,10.00,Y,RX2
R0002758,2026-07-01 14:18:00,MO,VOICE,99970001313,99970000004,120,10.00,Y,RX2
R0002759,2026-07-01 14:19:00,MO,VOICE,99970001313,99970000005,120,10.00,Y,RX2
R0002760,2026-07-01 16:51:00,MO,VOICE,99970001501,99971660809,60,0.10,N,C600
R0002761,2026-07-01 16:38:00,MO,VOICE,99970001502,99971624476,60,0.10,N,C600
R0002762,2026-07-01 16:24:00,MO,VOICE,99970001503,99971790152,60,0.10,N,C600
R0002763,2026-07-01 16:50:00,MO,VOICE,99970001504,99971640230,60,0.10,N,C600
R0002764,2026-07-01 16:26:00,MO,VOICE,99970001505,99971338911,60,0.10,N,C600
R0002765,2026-07-01 16:35:00,MO,VOICE,99970001506,99971897886,60,0.10,N,C600
R0002766,2026-07-01 16:12:00,MO,VOICE,99970001507,99971772559,60,0.10,N,C600
R0002767,2026-07-01 16:08:00,MO,VOICE,99970001508,99971518890,60,0.10,N,C600
R0002768,2026-07-01 16:00:00,MO,VOICE,99970001509,99971344898,60,0.10,N,C600
R0002769,2026-07-01 16:38:00,MO,VOICE,99970001510,99971746893,60,0.10,N,C600
R0002770,2026-07-01 16:27:00,MO,VOICE,99970001511,99971372813,60,0.10,N,C600
R0002771,2026-07-01 16:01:00,MO,VOICE,99970001512,99971190904,60,0.10,N,C600
R0002772,2026-07-01 16:23:00,MO,VOICE,99970001513,99971955183,60,0.10,N,C600
R0002773,2026-07-01 16:47:00,MO,VOICE,99970001514,99971115660,60,0.10,N,C600
R0002774,2026-07-01 16:33:00,MO,VOICE,99970001515,99971118790,60,0.10,N,C600
R0002775,2026-07-01 16:52:00,MO,VOICE,99970001516,99971147789,60,0.10,N,C600
R0002776,2026-07-01 16:54:00,MO,VOICE,99970001521,99971213174,60,0.10,N,C600
R0002777,2026-07-01 16:03:00,MO,VOICE,99970001522,99971069800,60,0.10,N,C600
R0002778,2026-07-01 16:11:00,MO,VOICE,99970001523,99971845821,60,0.10,N,C600
R0002779,2026-07-01 16:26:00,MO,VOICE,99970001524,99971728055,60,0.10,N,C600
R0002780,2026-07-01 16:09:00,MO,VOICE,99970001525,99971428214,60,0.10,N,C600
R0002781,2026-07-01 16:19:00,MO,VOICE,99970001526,99971881650,60,0.10,N,C600
R0002782,2026-07-01 16:46:00,MO,VOICE,99970001527,99971275263,60,0.10,N,C600
R0002783,2026-07-01 16:37:00,MO,VOICE,99970001528,99971673595,60,0.10,N,C600
