msisdn,id_doc_hash,address_hash,account_holder,activation_date,subscriber_type,kyc_complete
99970000100,8a2b407ea90b8693,b02138cd535a4456,CUST-7D220702,2026-02-06,business,true
99971000001,f61e27230fa5ef82,ffab445841ba00f9,CUST-B01E1A05,2024-02-15,prepaid,true
99971000002,612d50b7b9880cc4,1f3aeb1002d297b1,CUST-FAACCFD4,2019-01-04,prepaid,true
99971000003,e38c835891d084b0,8fd1dda048c15a1f,CUST-9F3C9741,2023-11-13,prepaid,true
99971000004,d3d5b97dd2e762f7,c170907bbf9c5473,CUST-7072BC10,2023-12-04,prepaid,true
99971000005,cbca2d23a0b040d5,927b5440f0a6ca9c,CUST-4D5F8FB6,2022-03-16,prepaid,true
99971000006,bcc551b37fb28dd8,1faadd985e97adad,CUST-5066EA7B,2021-11-04,prepaid,true
99971000007,bcd0bb0d60c6f1d4,36ab186afcbc9f01,CUST-862C273F,2019-12-31,prepaid,true
99971000008,766bbedb94132b74,d8e7873a4ea40266,CUST-CCEE8D09,2019-08-15,postpaid,true
99971000009,b4a0fd8bd57f44b6,d05869db1e45415b,CUST-256BC91D,2025-03-26,prepaid,true
99971000010,5c9b23d4e37992e7,21d0f332daecf582,CUST-3ED4F22C,2024-01-07,prepaid,true
99971000011,f4242400ae3202f4,21d0f332daecf582,CUST-72080CFF,2025-12-05,prepaid,true
99971000012,8a4e880e9963b5f4,21d0f332daecf582,CUST-DC75408B,2025-12-06,prepaid,true
99971000013,668164e0993435f9,cb1157021908f752,CUST-B20E16A4,2023-07-30,prepaid,true
99971000014,8d9b356041c38366,52f9ac8695a4317d,CUST-20DEF1F7,2022-02-11,prepaid,true
99971000015,157a4bdc8e470627,d8e7873a4ea40266,CUST-37AA569E,2021-11-18,postpaid,true
99971000016,157a4bdc8e470627,87bd16641b36436b,CUST-37AA569E,2020-12-22,postpaid,true
99971000017,35a7ff29ccb7d452,34c63541868c0fca,CUST-985837FB,2025-08-15,prepaid,true
99971000018,6f4bba0e4f435818,9c7eb5421773dcc5,CUST-DD8847AF,2025-12-03,prepaid,true
99971000019,89179274fe9fd0e4,8861a33c93c64d20,CUST-35BDB37B,2020-07-06,postpaid,true
99971000020,74be6882ea3e6374,9ac3deb28ec315e9,CUST-465570A9,2025-01-05,prepaid,true
99971000021,898c6c0da84897ef,2a598590e9a1e2d9,CUST-F62E3E3F,2021-05-22,prepaid,true
99971000022,df13bf66dacc148f,65c5c67a66e01b67,CUST-A7AD45D6,2023-10-19,postpaid,true
99971000023,5bb8747d6064e085,59f09714c60c3b57,CUST-C6F1F3FA,2019-04-10,prepaid,true
99971000024,85980e888944b0c9,d8e7873a4ea40266,CUST-01DCA02B,2024-05-05,postpaid,true
99971000025,06b318f01907ed27,b0a530cf67447c27,CUST-459280D0,2021-09-18,prepaid,true
99971000026,f5c9493e687e1bfd,aac0fe3795d099a6,CUST-7FE57702,2020-11-04,postpaid,true
99971000027,59c7455622a93741,81af6bb9d0e2ef8b,CUST-05DCC3A6,2023-03-02,prepaid,true
99971000028,66a91e6c92be59e5,aac0fe3795d099a6,CUST-20B4DA00,2019-08-09,prepaid,true
99971000029,e4041f6c141a7317,ab25a4746ddf373f,CUST-40D0F742,2024-01-17,postpaid,true
99971000030,f4832663aadfd60a,e6c19c3ecf6929c5,CUST-0AE95D4C,2023-08-25,prepaid,true
99971000031,4c2da5cff6bf95ba,e0b8734cc0d93751,CUST-4C3A2BE3,2020-03-17,postpaid,true
99971000032,637d1f9062cb9957,0eea2895d0851309,CUST-4294A09A,2019-02-01,prepaid,true
99971000033,09e25c6ff40ca887,327cbfcfa6e6175a,CUST-AB497925,2025-06-01,prepaid,true
99971000034,c8488f126b58eef1,3eec7da28ce70faf,CUST-296329B6,2024-06-30,prepaid,true
99971000035,727c593fa778e37f,e9d3e239785036fe,CUST-93BC5787,2020-02-19,prepaid,true
99971000036,f97f428612e323a8,90f1faa20b6ae3d0,CUST-7209697F,2019-11-14,prepaid,true
99971000037,476dbfd8440d8453,ce18dce731fa9544,CUST-AFF3DA28,2025-11-26,postpaid,true
99971000038,42e576ca78ff48fc,92f5c5ffe4dc7bbd,CUST-F56E100F,2024-09-01,prepaid,true
99971000039,973ac8b67c56dc53,9196b26fb21aed6d,CUST-229FAE59,2024-05-03,prepaid,true
99971000040,96a20e799aa12280,5e458e1ff5406324,CUST-DD2C07C8,2025-04-19,prepaid,true
99971000041,379b3d22a4f5d034,2f02d4c8b583be6b,CUST-9881AA68,2023-01-29,prepaid,true
99971000042,1304378d143bb559,f6bf1766e2cc897a,CUST-E7874C33,2023-05-18,prepaid,true
99971000043,5ddaa4be63eed996,26b39c9305a31932,CUST-97352E4F,2023-01-29,postpaid,true
99971000044,72ab3dc65c6a6d91,b0a530cf67447c27,CUST-22E40783,2024-01-13,postpaid,true
99971000045,3befa15253b7fca2,15dfa2e31ef706c9,CUST-653B005B,2024-11-09,prepaid,true
99971000046,3e5f8d9fc3a4ec2e,e1bbacd71ec4a701,CUST-F7B2320E,2020-05-20,prepaid,true
99971000047,18b782aa22970753,175500a8524fdc50,CUST-16477C3A,2024-05-13,prepaid,true
99971000048,c6a21415b1d2d30f,76fdf42cf4d538bd,CUST-63AFCC8D,2021-08-04,prepaid,true
99971000049,b13bd95320de5bbf,afc611a1243a1c7f,CUST-B7F9F076,2026-05-18,postpaid,true
99971000050,d67d269f8d5e525d,b6f6c3bc8e0b25e5,CUST-FF727D1B,2022-05-12,prepaid,true
99971000051,a932663247c6e1ad,7843286189e49f8a,CUST-4ABB5161,2024-04-19,postpaid,true
99971000052,c1a71f3411129b9d,3165ce8fc10d0dba,CUST-1DE79BA6,2024-09-27,prepaid,true
99971000053,98f492825bdd0c32,bc69729892d37f90,CUST-E02F198C,2023-11-30,prepaid,true
99971000054,3f8b8a22b7c40233,26f4c135c13a4187,CUST-56B1B834,2024-01-14,prepaid,true
99971000055,ba00afc10fea6f2b,2a5fcea45291f24d,CUST-399A136D,2024-02-26,prepaid,true
99971000056,a67021f9e8d2fddb,65183df11ee81cd8,CUST-54B63C03,2020-12-07,prepaid,true
99971000057,e5b24ded7eafd605,03f327011bba5f12,CUST-75791E0C,2021-03-11,postpaid,true
99971000058,43ed91d4fb0a3268,03f327011bba5f12,CUST-34FB245F,2024-05-27,prepaid,true
99971000059,3d8d7dd84dc614ec,e542d53833efd2ba,CUST-47121EA9,2023-09-29,prepaid,true
99971000060,3d8d7dd84dc614ec,e542d53833efd2ba,CUST-47121EA9,2019-12-20,prepaid,true
99971000061,62e7b5c9c6eb37ac,26f4c135c13a4187,CUST-6EC9CDB4,2026-05-10,prepaid,true
99971000062,e2d12687ce636866,47aff0974aef2fea,CUST-E94B6C36,2023-08-06,prepaid,true
99971000063,736ddd4e292038d5,0579b51f873da72b,CUST-3D6FC7DF,2020-01-04,prepaid,true
99971000064,5ecadbef5f269c59,8bd0d6b3c01be181,CUST-3D18113F,2025-12-25,prepaid,true
99971000065,a03c118c01602add,e6735cbc1d2f15e4,CUST-5954DBE1,2024-02-18,postpaid,true
99971000066,e2b2dfc255bc01a6,03f327011bba5f12,CUST-90DF5986,2020-01-24,postpaid,true
99971000067,231920bc106d17d7,887322d92fad82f5,CUST-C4D1F836,2026-04-18,prepaid,true
99971000068,231920bc106d17d7,887322d92fad82f5,CUST-C4D1F836,2019-10-27,postpaid,true
99971000069,0137760780db2ab6,57877007f3d71827,CUST-C3CDF58B,2020-04-19,postpaid,true
99971000070,31cd98791cc7d0c2,8012cfac513333c4,CUST-1E39FEC9,2021-03-27,prepaid,true
99971000071,dda7459ef45e86fe,c2fc13e2edf07acd,CUST-9A7754C0,2025-05-12,postpaid,true
99971000072,53f1333e5158a2a7,c3d1eccd596e1ece,CUST-F62C318D,2020-02-19,postpaid,true
99971000073,3b01f4cc69fd85c3,12ddb59834d9cf89,CUST-FC60A33D,2024-12-09,prepaid,true
99971000074,fd7dcdb0a97361ab,4d4d1d7181517ebc,CUST-0238D614,2020-07-14,prepaid,true
99971000075,c55fe4a03e8a347f,5d9191e90ee7ff0a,CUST-45480DD2,2023-12-10,prepaid,true
99971000076,8ba6846e12484a84,896f5c238127a15f,CUST-8BB9601E,2024-09-23,prepaid,true
99971000077,6d88a1c81ecc8429,2c1f55ac19b4f86b,CUST-2AA95ACC,2019-10-02,prepaid,true
99971000078,0b1a14481b49bdfe,6f6b111e9c5cc501,CUST-0114E981,2019-05-22,prepaid,true
99971000079,a5057c280a507d52,cab127b37dfb77b0,CUST-ED57B52C,2021-11-22,prepaid,true
99971000080,b94025633e53c779,781935ebfd31caa4,CUST-12FC0217,2023-11-20,prepaid,true
99971000081,448ca5f2d30fd459,cadc966751acedc4,CUST-73DF7971,2020-02-19,postpaid,true
99971000082,5ccfcd786fb18234,a0304698acdbaa84,CUST-DC608ECF,2019-06-13,prepaid,true
99971000083,607f0c6321dad078,fafdaee60ef0eb54,CUST-5057177E,2023-03-04,prepaid,true
99971000084,a5356033d693572a,6f163caca9f8ef12,CUST-A709F027,2024-06-16,prepaid,true
99971000085,787e7eab0dd3ade6,cab127b37dfb77b0,CUST-7ED6F545,2019-11-13,prepaid,true
99971000086,cafbd03327172d2c,3dcded3c85319f3e,CUST-0967CA82,2020-08-30,prepaid,true
99971000087,745f97438fb287f0,8bf0dd2a2e66b0f4,CUST-9D47B56E,2020-07-10,postpaid,true
99971000088,9eeb6cea6e4444d5,d37b04e9d980fa6a,CUST-FD64A03B,2021-08-07,prepaid,true
99971000089,3ad06611517050f0,c78aa81edc11a016,CUST-08B8ABC1,2019-06-11,prepaid,true
99971000090,7fbd86213f66b9a8,16c0ca8664e39e6e,CUST-E2AFBF37,2024-06-03,postpaid,true
99971000091,59be7d3705f0060e,3dcded3c85319f3e,CUST-2B4805D1,2023-01-15,prepaid,true
99971000092,f2a0369eca1e5ffd,922c9f2a65b6ce37,CUST-391B4100,2022-01-19,prepaid,true
99971000093,a81ac142f985a191,cab127b37dfb77b0,CUST-219D9D91,2026-02-15,prepaid,true
99971000094,4b71c14a09516c47,90dc80aef414fbf3,CUST-8B811D6C,2020-08-21,prepaid,true
99971000095,bda81ff308781d58,942f441340d30e5b,CUST-D944CE3B,2022-06-01,prepaid,true
99971000096,48dc739f35fabecd,3dcded3c85319f3e,CUST-A5D6886E,2020-12-11,postpaid,true
99971000097,e55c0c3c984e28d3,317eaaeef372e779,CUST-E5722F11,2025-08-21,prepaid,true
99971000098,6c01e631bd2e42b7,929d3a7ec58bdaf1,CUST-B67B9736,2024-07-14,prepaid,true
99971000099,0da9bd24a4a0a337,1f45a4bcfb139f00,CUST-6833BDE7,2023-02-18,postpaid,true
99971000100,bb6ac612167bbff6,6ff3bcb170ed085e,CUST-3677628D,2021-09-01,postpaid,true
99971000101,6c9522a83959b88b,b3e8a5b60b983995,CUST-28252588,2023-04-17,prepaid,true
99971000102,887f050c62a8e6b2,e9d921674c6bd805,CUST-AD9319B6,2019-11-10,prepaid,true
99971000103,7ece36b0d98954e5,1f45a4bcfb139f00,CUST-C368CB5C,2025-05-12,postpaid,true
99971000104,4a326148df7b5681,1f2dfdc871a6e87b,CUST-D74DB177,2023-08-12,prepaid,true
99971000105,c72a8e30ee627782,7a774deaad91c6e2,CUST-27335327,2025-05-28,prepaid,true
99971000106,baa52ab882177712,346e2e0dae7637ff,CUST-73D34720,2025-06-03,prepaid,true
99971000107,13e732114ba89ae0,07ebb2b74670beb7,CUST-6109EBEF,2020-09-25,prepaid,true
99971000108,13e732114ba89ae0,07ebb2b74670beb7,CUST-6109EBEF,2020-12-27,prepaid,true
99971000109,fbbead6566e4c618,9a7bdeedd58bbb53,CUST-C2F1694F,2023-09-12,prepaid,true
99971000110,215892a5a3b48818,18bf4a4e7fa7b9c3,CUST-4A675FF3,2019-09-09,prepaid,true
99971000111,2cca24e076d4170e,e315f2690e13cea4,CUST-2A1BBADD,2022-06-02,prepaid,true
99971000112,faf846619a939837,1f45a4bcfb139f00,CUST-5D2BD687,2025-04-12,prepaid,true
99971000113,3f964faf6eaa17aa,1a350dad77628afa,CUST-A3BD64D7,2024-08-31,postpaid,true
99971000114,8c37c3d69cd1ede3,b31fc72d35f548ec,CUST-7AE26AA4,2026-01-26,prepaid,true
99971000115,76d6c5195365785e,f33bcb1e3da905ea,CUST-DCD46A06,2026-03-09,prepaid,true
99971000116,8a08399f3a0ccb7c,6ff3bcb170ed085e,CUST-8DFCC840,2025-09-18,postpaid,true
99971000117,f55b45cf68171185,9bc45dc4ee501803,CUST-EE28814C,2019-03-18,prepaid,true
99971000118,ae820b859565f384,e359dd1f2b8a7478,CUST-60415048,2022-08-24,prepaid,true
99971000119,633abaa9d5d70994,365fd76ff4f31953,CUST-5D1B8FC0,2020-11-29,prepaid,true
99971000120,a42c26cda2a7ae00,f29b0ec37ecf154a,CUST-AC9FB457,2020-10-07,prepaid,true
99971000121,dafc675e8b55d3a1,14be49ca09ef6c7b,CUST-3C840261,2024-05-14,prepaid,true
99971000122,932a4d9ee7a7c873,91cf0f4d48a4b7bb,CUST-A88837E0,2022-03-22,prepaid,true
99971000123,d413423c90504eac,8ea73e89f3a5b388,CUST-129F2DD9,2023-01-15,prepaid,true
99971000124,477172a7c890f203,9be3cfdc3dca3e69,CUST-B56255F9,2024-12-05,prepaid,true
99971000125,97055ddd9ce17c3d,33b4e3cd87a2e9df,CUST-94F8747F,2023-08-06,prepaid,true
99971000126,3b144eb019f2e42e,fbffad8b95fa0682,CUST-357B5570,2021-12-07,prepaid,true
99971000127,6e83de6b413c6340,2ed825b32e45f998,CUST-3A12ACE5,2019-12-22,postpaid,true
99971000128,8dd3737b8c4232c7,8b6685ecc13c6458,CUST-7D5B84CC,2020-08-01,prepaid,true
99971000129,e756137b7267c17e,5474cebe56556647,CUST-FA2041D8,2022-01-21,prepaid,true
99971000130,d66393b37da256cb,2c56a9cbb641bb6a,CUST-3D06CB3F,2025-11-12,postpaid,true
99971000131,27033c2cc09f1e9f,a1b905d997758615,CUST-4D1F3584,2019-03-29,prepaid,true
99971000132,3a33d84bee9d2ffe,1cfedd412569e66b,CUST-5036BA35,2022-06-11,prepaid,true
99971000133,289335ccd31c5f62,442a4b418baf75b1,CUST-C4BA391D,2020-08-09,prepaid,true
99971000134,d0a8dfb64d66de3c,4da692bbf606f908,CUST-54CECE1A,2025-07-01,prepaid,true
99971000135,d2222a0422d2ab18,c941579654564dfa,CUST-436CB7E3,2019-06-24,prepaid,true
99971000136,8efe185df1597c52,c8a4aebe69491bdd,CUST-0C009F4E,2020-10-01,prepaid,true
99971000137,aa1492f1a47b0c0b,c548500f193bc491,CUST-F1B02A7D,2021-11-18,postpaid,true
99971000138,0b5e7802f458c5b4,174415dbb56a0cad,CUST-0BC9D201,2019-12-17,prepaid,true
99971000139,76b7990d7d2de128,70d2a0f838763b75,CUST-8153B853,2025-07-15,prepaid,true
99971000140,3659500c107c8b4d,fbffad8b95fa0682,CUST-B28B0239,2025-03-11,prepaid,true
99971000141,74a04607ac0c1148,c548500f193bc491,CUST-E718B17D,2023-10-03,prepaid,true
99971000142,89d3606de44bac4b,1f7b461306fe9e60,CUST-BB434799,2020-03-16,postpaid,true
99971000143,6ee3ba65ae95c359,fbffad8b95fa0682,CUST-0E31CBAC,2019-03-18,prepaid,true
99971000144,3da07d97088494a1,c548500f193bc491,CUST-5A69679C,2019-06-06,postpaid,true
99971000145,e326cdeb1452323f,74b589fae3c07c34,CUST-A9A12464,2026-05-10,prepaid,true
99971000146,ec80c85a5e1adf87,680e50989c2f3bb4,CUST-722DBF0E,2025-12-06,prepaid,true
99971000147,ce0a1fc9a064dda6,8008cc6dbd858434,CUST-87B9995B,2022-07-03,prepaid,true
99971000148,ee272466d870874a,c28447c11c0ef375,CUST-34779B34,2019-09-01,prepaid,true
99971000149,61de58f8a7977a32,70b4ffcba02fc4e1,CUST-1DE1E40A,2022-01-13,prepaid,true
99971000150,360f22a19198be96,8ee28be207fd4d96,CUST-A83FE4EA,2024-11-06,postpaid,true
99971000151,1a4732ac9a42f46d,ee21754949c2dc86,CUST-25C47CBA,2022-01-31,postpaid,true
99971000152,326a28e279977e59,01d158c77c281095,CUST-64976F01,2023-12-09,prepaid,true
99971000153,df5b3b195b3120c6,376057c90a50ba21,CUST-6998DB99,2019-08-12,prepaid,true
99971000154,df5b3b195b3120c6,376057c90a50ba21,CUST-6998DB99,2020-12-26,prepaid,true
99971000155,65b010c403b7c60d,ee21754949c2dc86,CUST-0F1A8D1B,2020-08-20,prepaid,true
99971000156,da60757834615485,a8e6a0efebd6b58f,CUST-667F29F5,2022-01-11,prepaid,true
99971000157,01d2192777ad21f9,ba8d60dd25947b89,CUST-780554EE,2023-10-27,postpaid,true
99971000158,25226452841274d6,bcec07d890801655,CUST-FD7E0B8E,2025-10-15,prepaid,true
99971000159,c7f37145c497c532,890e87f4d524aaba,CUST-26E3ABA4,2019-01-28,postpaid,true
99971000160,bb369e9397c06a8b,ade1d71b78c04973,CUST-F2B02676,2019-01-30,postpaid,true
99971000161,e59dc48d1cf8a0c8,505af22dfb773c5d,CUST-FC3986D6,2019-03-04,prepaid,true
99971000162,d9d299af008126c2,5a4c00631637c29a,CUST-9ED360EB,2019-03-25,prepaid,true
99971000163,ca1e6c8a6678e2a2,aa4c1b2bc71f3ca0,CUST-D90975AF,2025-07-26,prepaid,true
99971000164,ca1e6c8a6678e2a2,ee21754949c2dc86,CUST-D90975AF,2022-02-24,prepaid,true
99971000165,420cff16e9d16afd,e66bc0fa4ab314f0,CUST-B138B9B6,2019-11-11,postpaid,true
99971000166,8302961081cd2010,9421b8374e263ae8,CUST-2D08071E,2019-03-14,prepaid,true
99971000167,27b66204202d3dcd,eea3d23e21678d79,CUST-57C865B1,2020-12-12,postpaid,true
99971000168,9ffc6bb7b0ff2569,c28447c11c0ef375,CUST-8D6CB40D,2023-10-24,prepaid,true
99971000169,3a095845bfb3ed21,12ba0d4adcc967fd,CUST-F8A0CD98,2025-10-04,prepaid,true
99971000170,33f89f8d67ae75df,6acc4b33fa7ad875,CUST-E2071F2A,2023-03-21,prepaid,true
99971000171,6ef672a0eb86f277,88eb0943c5a06c5b,CUST-08A0665F,2019-06-05,prepaid,true
99971000172,692568f55d29ea86,5685351cdae23475,CUST-8B39EF00,2022-10-23,prepaid,true
99971000173,e4eb7d25746b84f7,7d5be229636b5f5a,CUST-0FFD3025,2022-01-09,prepaid,true
99971000174,be1974f918e58f52,fb1276969bd0a707,CUST-F40BA969,2026-04-24,prepaid,true
99971000175,db3971f76c28f7fd,bbc551e86fa8bf8f,CUST-5B2487BC,2019-07-23,prepaid,true
99971000176,65f6bddfa2a21ca1,61ce0b17dcb32f99,CUST-DC29EF43,2020-08-09,postpaid,true
99971000177,01993fd0edccb681,f8ba47d7ced913d4,CUST-AF0C7452,2023-08-28,prepaid,true
99971000178,44db1fe5b310a358,9a5b85e4a9e6f482,CUST-010D9759,2025-05-20,prepaid,true
99971000179,cb2edd102d8e17cd,7d5be229636b5f5a,CUST-D032CCFF,2022-05-29,postpaid,true
99971000180,fe09e96c7866f88f,d735378da3a3d067,CUST-AEE86B11,2024-10-27,postpaid,true
99971000181,af36ccb2f4001f41,d1ad7a9d1a209b0b,CUST-F43E6EE9,2024-05-07,prepaid,true
99971000182,7863491b5f22cf5a,d8d4aaf4e021f058,CUST-7D40002F,2020-01-20,prepaid,true
99971000183,f8f0f1c8dcfae07d,eba72221004d1466,CUST-F74F276F,2019-09-09,prepaid,true
99971000184,4d792e42301726c3,d1ad7a9d1a209b0b,CUST-1F107FB2,2021-02-08,prepaid,true
99971000185,68a6527efb6c9a70,069eca5d06c3311a,CUST-34986FBE,2021-01-10,postpaid,true
99971000186,c5ca173a602b9e4a,ac1c794ea571af4f,CUST-934216DD,2020-05-08,prepaid,true
99971000187,4d748c2eff7568fa,265d3db31edd5921,CUST-158C9C01,2022-10-23,prepaid,true
99971000188,132be77f2d357c2b,e95e6ae3dc8ce64c,CUST-156B5EC0,2019-06-29,prepaid,true
99971000189,aa37058cc5776260,31ed209fa1a99628,CUST-8769F983,2022-08-17,prepaid,true
99971000190,6ad2d4c5b1e022eb,81b28edc55aa849f,CUST-CAE91E77,2021-09-23,prepaid,true
99971000191,89dfb5aec430c046,11378aa5f9736bc1,CUST-A18170D1,2022-01-10,prepaid,true
99971000192,f926da9e29cbdd3c,dfa3495fc337457e,CUST-FF507DD0,2025-10-03,prepaid,true
99971000193,4b613308264a5d33,bb475d88fcd1dfc1,CUST-606401AD,2020-02-04,prepaid,true
99971000194,6339e9d6bc0d26b6,9b5cb51924627e80,CUST-62C62EBF,2019-08-27,prepaid,true
99971000195,37d1dc9a71031754,ab3bc02b521fcd27,CUST-CFB6FBE0,2021-04-23,prepaid,true
99971000196,9600aa47d8006ef7,c386d678dcad1d52,CUST-7353F155,2025-08-12,prepaid,true
99971000197,e4395fb2bd49ee50,d3d6612efd435f55,CUST-020946D3,2024-10-02,prepaid,true
99971000198,deeccfe2deaaac4d,451b5c19d270b61c,CUST-D7C86A93,2025-12-27,prepaid,true
99971000199,03946a5e4313d367,866f1e9f6968a219,CUST-D3F9DC2E,2026-03-22,postpaid,true
99971000200,3fb37a519fad56b2,f94ff776435f8b68,CUST-2943174A,2024-08-04,prepaid,true
99971000201,8d2e423411bab56f,f1e7b0205d2b1a9c,CUST-AE27370D,2021-04-07,prepaid,true
99971000202,601354d5cff93d0d,997be0d316e9688a,CUST-B797F61C,2021-08-29,prepaid,true
99971000203,f76e5a22fc63d31c,2d3b4b3f724a3291,CUST-AB6DE8F6,2022-02-16,postpaid,true
99971000204,fad3951df2f89a98,bb475d88fcd1dfc1,CUST-CA122A35,2025-04-22,postpaid,true
99971000205,2749478df41a4829,6cff15898cda1958,CUST-1E160CC9,2024-06-29,prepaid,true
99971000206,496435a1479274e4,f45ccad34d400bcd,CUST-E9E6C6E2,2022-03-31,prepaid,true
99971000207,a59c46dbf8b6c303,866f1e9f6968a219,CUST-39EE972B,2023-05-15,postpaid,true
99971000208,bd0fd33d6ae2e797,98206eb5a78b64aa,CUST-39637D35,2024-10-25,prepaid,true
99971000209,42200c9bdda2cd45,73130a87c7df7f1e,CUST-1511DF09,2024-03-02,postpaid,true
99971000210,90198477df1d32f7,ef1bc5c9f4fae89b,CUST-F87610D6,2021-02-19,prepaid,true
99971000211,8d34ed7a9e374fa7,0039829e0c0524c8,CUST-38B8E922,2023-03-11,prepaid,true
99971000212,afad6e41edb1d6fa,e09177273f5d134c,CUST-24A49139,2023-11-04,prepaid,true
99971000213,4ab926927a508203,d23922e28e3aebee,CUST-0B818CAF,2019-05-15,prepaid,true
99971000214,6c748b3da7bf2714,ac4de99fb99b7eac,CUST-6209E9D9,2020-08-17,prepaid,true
99971000215,19882512d59109a1,efa76a95d7ac8e1f,CUST-A4D35C03,2020-07-21,prepaid,true
99971000216,a9c093e5afa08081,866f1e9f6968a219,CUST-326E02A1,2024-11-04,prepaid,true
99971000217,2540775c34eb68b7,e006f54a3b8b65b9,CUST-C3316157,2022-10-12,prepaid,true
99971000218,dce0690c9fae79fe,d99ce0c7882fefd2,CUST-E9A11DCD,2020-11-22,prepaid,true
99971000219,365ff88529c34cf3,78d522785cc39aed,CUST-36ED2972,2019-05-07,prepaid,true
99971000220,7e7d2e6e3e5296b0,8cbf5457bbdebfc1,CUST-EDCB1590,2021-05-03,prepaid,true
99971000221,7af3f1fe7873d730,f6797121b68508cb,CUST-F469CCD7,2021-04-11,prepaid,true
99971000222,2476eee7e2acfc6a,145487c1503bcd87,CUST-DFDF4FAC,2026-03-08,prepaid,true
99971000223,3ba279081e82592e,32b0723fc838732c,CUST-091319A8,2025-10-12,prepaid,true
99971000224,b8b47ba598c3520e,7851ca156966c586,CUST-127897FA,2026-04-28,postpaid,true
99971000225,22ac688bfb930dd2,b3483ae53f4041ac,CUST-C4F60815,2019-05-15,postpaid,true
99971000226,22ac688bfb930dd2,e006f54a3b8b65b9,CUST-C4F60815,2019-03-03,postpaid,true
99971000227,f2da1dc2b41f775b,e89004336b8aa1fd,CUST-4B47F199,2023-02-27,postpaid,true
99971000228,44f2155275df6443,44804c28f72e78cc,CUST-C1ED2808,2021-12-21,postpaid,true
99971000229,d02e36ed8135c7ea,ebd939e98c54832b,CUST-E782CCA3,2024-03-04,postpaid,true
99971000230,a4622b2f252c2eb6,a93cdf4f58889d77,CUST-917A5B3E,2024-12-24,prepaid,true
99971000231,045d0c11edd73f6e,a35c438991bce2b6,CUST-8298BD66,2023-02-25,prepaid,true
99971000232,ac9bc57d78227669,a35c438991bce2b6,CUST-290CF380,2025-10-29,prepaid,true
99971000233,6efb8771073f92c8,e006f54a3b8b65b9,CUST-E834137B,2019-12-16,postpaid,true
99971000234,62ec206d8df27559,8d6e70c3f71aa10f,CUST-EB961EFC,2024-12-29,prepaid,true
99971000235,39dea33c5210cc7f,cc6d30a25435e5cb,CUST-0D662986,2022-07-27,prepaid,true
99971000236,d4693fd33255444d,cb8dec34bf94e100,CUST-0391252F,2021-08-22,prepaid,true
99971000237,5bb0e7dfef7529f5,83be1bffa94ee7b8,CUST-5326D8E7,2020-07-05,postpaid,true
99971000238,9224b2a70423780a,5388ecd39dff9ef2,CUST-2CFCDF1D,2025-07-01,prepaid,true
99971000239,6f07ac1dd59b8b2e,98fb88dc6a36424a,CUST-15A7210C,2023-02-26,prepaid,true
99971000240,bd59679fa11927c4,2c1ce8bf69ca82f2,CUST-3259480F,2025-07-12,prepaid,true
99971000241,e219abd55a432a4e,14b590622fc4dfc6,CUST-8B9E50D3,2020-03-14,postpaid,true
99971000242,4099ebb441ce69bf,8a44c9dee38abd68,CUST-68FA8557,2021-03-26,prepaid,true
99971000243,acb802e12a6ce53e,b8d66b4c8d383453,CUST-70FF2ADA,2023-11-17,prepaid,true
99971000244,3d282701e3510c18,f2945262ef5ace57,CUST-3CDB0129,2026-02-09,prepaid,true
99971000245,830da8095a52d301,ad9b825a7abcb9fe,CUST-8CBB4FBC,2024-12-22,prepaid,true
99971000246,6c436115fc58d374,0c0f104a3f327a7d,CUST-5AE7FAC5,2025-10-20,postpaid,true
99971000247,c4139b35a50479b7,f2945262ef5ace57,CUST-5211C2A9,2024-09-27,postpaid,true
99971000248,07c684cfdad97094,18088f3004c97e3c,CUST-FFECE508,2022-08-08,prepaid,true
99971000249,e15dbbf679ee7d6a,ad90384e2af67739,CUST-8356D0F4,2019-09-27,postpaid,true
99971000250,142751ba61b5a7a1,5add2fa7ebfbc874,CUST-211A8AC8,2022-11-24,prepaid,true
99971000251,f28686ccfbd45b57,ed7de6b5cdf234c0,CUST-DA6A0988,2025-11-19,postpaid,true
99971000252,012bc57bc714cc8a,9c15d09dc7dab097,CUST-9149BCA3,2021-09-25,prepaid,true
99971000253,5c98131fee76f9ab,3d061c51caf05a03,CUST-4C225712,2021-05-21,postpaid,true
99971000254,c2d33e50ec561803,c2b64f6773784f02,CUST-47FAD0AE,2023-09-28,prepaid,true
99971000255,dc5fb201fd296b62,92c0dabeb29819d8,CUST-2728E71D,2020-03-18,prepaid,true
99971000256,966b54a63f7500dc,af460fbe4cb3b4ec,CUST-41F962C0,2019-10-27,prepaid,true
99971000257,1b654a2d324e0bcd,f2945262ef5ace57,CUST-B6935EE2,2020-04-05,prepaid,true
99971000258,ab91a9858548b57d,5d4f12020a3b0703,CUST-32C575CA,2023-08-15,prepaid,true
99971000259,2b4d6c7e9cb0b8d7,af460fbe4cb3b4ec,CUST-3B85A109,2019-06-14,prepaid,true
99971000260,295b7f1107973fb2,39200f2850052114,CUST-98CCB241,2019-03-26,prepaid,true
99971000261,e05872e43fcf4020,c68ece828ce0faf0,CUST-3236E629,2026-04-15,prepaid,true
99971000262,d02e66e0031322fc,e7104fd304bc5cc7,CUST-84A47DD7,2021-12-02,postpaid,true
99971000263,693e133e677f5734,195c22a919de07cf,CUST-4CEA51BD,2021-05-31,prepaid,true
99971000264,c99c36223af0cabc,3ba66d92917526ba,CUST-478B4BFC,2020-02-20,postpaid,true
99971000265,2be1ac3d523218f2,a1f12963e17a8350,CUST-8BCE03F9,2023-08-01,prepaid,true
99971000266,ef1a008d259da180,2083065680743274,CUST-C8793C0A,2025-03-21,postpaid,true
99971000267,7b87d68a53d7f59b,4fb4db0e240f64f0,CUST-5FDF4269,2023-04-15,postpaid,true
99971000268,76c3ff384a1b6e34,45865bbb77d92c21,CUST-53EB11D2,2023-10-22,prepaid,true
99971000269,349f275a78f13c07,7c35b359cab574d6,CUST-9920000E,2022-05-25,postpaid,true
99971000270,89baa75051462c1b,70b1b075ee447c96,CUST-44F829FA,2023-06-19,postpaid,true
99971000271,7271cd874f3c78c3,3d6a6c8aab7beba8,CUST-A1EBD517,2021-02-26,prepaid,true
99971000272,ab94402962f99b81,3bbf99dd077c0f7a,CUST-23E67424,2019-01-07,prepaid,true
99971000273,889dd76624a94fa6,3549fe9f17cd5695,CUST-2124ADA8,2020-09-19,prepaid,true
99971000274,081952fd4b88ce3f,ca76ddc2afde0988,CUST-5BE408BF,2019-05-15,prepaid,true
99971000275,2deebbe9388e23bb,22d30eb0782fc6b9,CUST-D8689D53,2021-06-07,postpaid,true
99971000276,58e366e70a42d03c,2fe2e214deeed74d,CUST-484712A8,2019-03-29,prepaid,true
99971000277,c667c802d11ede9f,1aaa0f66523a233a,CUST-F7126DC5,2021-10-13,postpaid,true
99971000278,54103673b8faf167,14670f818e9e6a97,CUST-E3AF5B26,2022-03-18,postpaid,true
99971000279,ada63e3c9a23b149,50af09d2af09ee71,CUST-92A2B316,2024-03-08,prepaid,true
99971000280,0ea1cad8141ef43d,4f554c69538ce6f9,CUST-42F6B8A6,2020-06-09,prepaid,true
99971000281,984db8dfe48915a9,03043dadf42ca2c0,CUST-025035F5,2019-07-18,prepaid,true
99971000282,984db8dfe48915a9,03043dadf42ca2c0,CUST-025035F5,2025-05-26,prepaid,true
99971000283,fa981a5983e7dab6,22d30eb0782fc6b9,CUST-076AB309,2020-05-17,prepaid,true
99971000284,d9dbfb3fcfcfdeb0,2083065680743274,CUST-CA2DB7D9,2023-09-11,prepaid,true
99971000285,13ce937b869a924d,4a237810295b748a,CUST-26EDF146,2020-09-02,prepaid,true
99971000286,ee674a837d2bdbb9,2083065680743274,CUST-D23B5F84,2019-05-22,prepaid,true
99971000287,5567a1e853684246,c368b119ef860dad,CUST-10170885,2022-10-21,prepaid,true
99971000288,762f0f3bd8ef5184,22d30eb0782fc6b9,CUST-DA31371C,2020-02-14,postpaid,true
99971000289,a872e35e22301b09,67b13ffd86b1b673,CUST-588A1C90,2021-06-11,prepaid,true
99971000290,4a450b5d100f093f,2d730a6534e5f16d,CUST-6276E295,2019-04-30,prepaid,true
99971000291,1ecd5308ce5e260d,01cabedc60c11b26,CUST-59A517D4,2025-06-24,prepaid,true
99971000292,6aa552c6ec64b835,7b2bc3224dbea8c1,CUST-69B381EE,2019-07-09,prepaid,true
99971000293,993a96976321fd33,1fbae83a6dfba326,CUST-507DF156,2026-05-02,postpaid,true
99971000294,07f8d1313798a47a,b2bb228b2d40b201,CUST-C8A93379,2021-01-27,prepaid,true
99971000295,e2e951fbeb143c2b,f0d0779d4d539452,CUST-D6799A17,2022-11-18,prepaid,true
99971000296,f55b60bdcb4f80b4,e736ecc0c25584b5,CUST-3C5685CB,2025-09-04,prepaid,true
99971000297,fce1471fd244e3f6,67b13ffd86b1b673,CUST-2B03808A,2025-05-21,prepaid,true
99971000298,f6ad786d67342261,971c88120ad94425,CUST-133A6ED7,2025-02-15,prepaid,true
99971000299,2e3db42663a4644c,a1f4bc2a90e8aba8,CUST-6D344EB1,2025-07-25,postpaid,true
99971000300,b246187e5dbaf3e7,4669c60292fe8ba0,CUST-C31BE2AC,2020-02-09,prepaid,true
99971000301,a5dd500fb1e3223f,00ebdb0ba87645f8,CUST-6BCB7EAB,2023-05-13,prepaid,true
99971000302,9fd4f416040ec456,8793479641dfeaf0,CUST-BBECD0BF,2024-07-09,prepaid,true
99971000303,6102e61ced4ecf76,e9846c1683c0a240,CUST-9402EE62,2024-09-16,prepaid,true
99971000304,5513bd48544cf664,d31368cb1c69b00b,CUST-5F8C2B6D,2026-03-27,prepaid,true
99971000305,3dcd2232a541ef68,e54a6a80a4e4ca7f,CUST-C3226A0A,2020-06-01,prepaid,true
99971000306,ee698982444164c0,749bcfcff38ee879,CUST-AFF27D42,2022-07-28,prepaid,true
99971000307,d5f45580fb1726ef,1907cc9895ebb1d9,CUST-430142B5,2023-10-01,prepaid,true
99971000308,1d807a723fcbe834,1a8d86d623b3a647,CUST-969C2E20,2024-02-20,postpaid,true
99971000309,12070aba913c8b34,67b13ffd86b1b673,CUST-68A26C91,2026-02-26,prepaid,true
99971000310,51e4122ef83b60c5,5b75402571efca90,CUST-64CA1A06,2025-04-30,prepaid,true
99971000311,d3af74bbcffc726f,8c844a370125d7b6,CUST-E2DDD3F1,2020-01-12,prepaid,true
99971000312,bdfc49ceb931231e,971c88120ad94425,CUST-7D6A2957,2020-11-05,postpaid,true
99971000313,dd09b14adb50b6d1,b2d5bafa2a9b4816,CUST-AB29D502,2024-04-18,postpaid,true
99971000314,6fe138503e3f8fc1,ba5ce6b6e6ab3464,CUST-E96459B0,2021-08-30,postpaid,true
99971000315,140fd91b04818246,1abe01025eb6b5fe,CUST-4ACBBCCA,2023-07-16,prepaid,true
99971000316,dd805d3db5d845cf,b9a54bb1bee923f2,CUST-99AF175D,2023-03-14,prepaid,true
99971000317,c409ca9f35948fcd,c1b17526cd3e4cc9,CUST-FCC2CB0F,2025-03-08,prepaid,true
99971000318,fbc4e3cad5709620,8bd0f57cac6592cf,CUST-64E6F2ED,2022-04-09,prepaid,true
99971000319,13084c9c4dd9a5f6,d09868f3e1c48327,CUST-84D2ADC1,2020-05-27,prepaid,true
99971000320,32589e364a6972a0,07bdd8f6795b08d2,CUST-0BE4C23F,2022-04-16,prepaid,true
99971000321,6f0b2453ba99e628,a6cc623564ed7883,CUST-BA1DC9EB,2025-11-24,prepaid,true
99971000322,99135ebe813dbd8b,f9c9acf6c94ad2a3,CUST-F56D6417,2019-05-28,prepaid,true
99971000323,1653ecbf35c1397e,d703140542916e11,CUST-7DAD5886,2026-02-13,prepaid,true
99971000324,297c5aacf2f7a58c,b2d5bafa2a9b4816,CUST-6F7116A8,2019-11-28,prepaid,true
99971000325,50ea89419a1148e9,df046086f6c4c8a7,CUST-C825C5E5,2020-01-28,prepaid,true
99971000326,72f1dbccf74a647d,41c4b8c74f58644f,CUST-A036A3A5,2021-08-08,prepaid,true
99971000327,87feae4733228c67,c8fcd3cf584dc2b8,CUST-F2839369,2025-10-01,prepaid,true
99971000328,65b70809db5de2ef,5f5f94137930adb8,CUST-9B73753F,2020-02-19,postpaid,true
99971000329,384581d1c4a0e39a,86f5ea0b62c46d77,CUST-9E195B21,2019-07-04,prepaid,true
99971000330,c185433b2407530d,0426c649927ebd70,CUST-927359C3,2024-08-08,postpaid,true
99971000331,a4aa9713764d2a61,48654102ffe98479,CUST-90DE93BA,2021-01-21,postpaid,true
99971000332,1b8a0291f9c25ee3,909aa201704eeba3,CUST-11C75F64,2024-12-03,prepaid,true
99971000333,f900ef645b4486da,0adebc696a702d9d,CUST-E05F0A70,2020-11-26,prepaid,true
99971000334,1e043d4f95a56245,6f3d8436f1da8d99,CUST-3AD17AC5,2020-06-01,prepaid,true
99971000335,8a69a727f9364d5d,89b838ee19dbe08d,CUST-A448C22B,2023-02-28,prepaid,true
99971000336,3813d463aad3e6ad,b2d5bafa2a9b4816,CUST-C8E13F84,2019-05-03,postpaid,true
99971000337,9c66cc0a013ebca3,b057f650f2636e50,CUST-51DCE7BD,2019-01-11,prepaid,true
99971000338,3db9deff4c47316b,cd22f9da4b7eba35,CUST-9BD90784,2025-10-16,prepaid,true
99971000339,5ce80a6491d5682d,2940a721c069eaf8,CUST-4E1AB4CD,2021-11-19,prepaid,true
99971000340,f7c2adf941bc3e81,46bd82ce0a1f488a,CUST-C533EF2E,2024-04-22,prepaid,true
99971000341,a2b7106806f55d85,d34b5dc760d10cc9,CUST-0EA4E232,2022-09-11,postpaid,true
99971000342,c25ef87fb0ffd42c,32e71b0d4c4dd455,CUST-60C05A50,2024-12-10,prepaid,true
99971000343,4f8f77f85f2ebb96,8a3eb5e00d8784c0,CUST-10656C39,2019-04-14,prepaid,true
99971000344,626ba05d36344962,efe017c7a1bbb638,CUST-FF1BC524,2022-06-02,prepaid,true
99971000345,6d662c83f8e7ca46,a4bc07d04f7fff0c,CUST-7A232DD7,2021-04-04,prepaid,true
99971000346,46d2f4712c971c4c,8a9036476c21f409,CUST-1C4EB81D,2019-07-27,prepaid,true
99971000347,22b75d1089c98996,cd22f9da4b7eba35,CUST-5FA584DE,2019-04-19,prepaid,true
99971000348,50a51c3ed3ed6328,08e911f7ceb93219,CUST-34624A05,2022-01-23,prepaid,true
99971000349,d0962c6afd831521,c6343f32414e3089,CUST-6B6F3EA2,2024-05-02,prepaid,true
99971000350,73e2ff12e111acb8,d4c3dff05c8d1d9b,CUST-EB8CFBA5,2022-09-11,postpaid,true
99971000351,6212317d6632bc4c,b60311da2712de6e,CUST-34C50933,2020-11-28,prepaid,true
99971000352,2b9bcc12427eaeeb,d4c3dff05c8d1d9b,CUST-9CF15D7A,2023-10-15,prepaid,true
99971000353,2dffd5ee1d190c38,9455276fc210e944,CUST-2FFFBAAA,2020-08-06,prepaid,true
99971000354,ef5e7ed305701d25,cd22f9da4b7eba35,CUST-62DAF877,2019-11-20,prepaid,true
99971000355,dfec5c8e0de2c298,d4c3dff05c8d1d9b,CUST-B8239299,2019-08-13,prepaid,true
99971000356,2c51fae44067033e,0085e491f74fd522,CUST-411AF2E0,2021-10-15,prepaid,true
99971000357,560c2c31722ff177,4f0aed844cf68c02,CUST-820569CF,2020-09-11,prepaid,true
99971000358,e624b61d24fea15b,5af09894bc162832,CUST-DE1724C2,2021-05-21,prepaid,true
99971000359,a11d836f03765f92,7768f1058d2bc1da,CUST-99DA7598,2024-11-12,prepaid,true
99971000360,8d5338c0d7c543c5,acdc2467497a6535,CUST-B7C542D8,2026-01-15,prepaid,true
99971000361,149f12a9beb2599a,1f7d88edb9b26e5a,CUST-26783EA1,2019-02-21,prepaid,true
99971000362,61b9aa25736efd72,722fd534776b3325,CUST-953C4140,2023-06-07,prepaid,true
99971000363,11d3a55775199060,3795a62b764c7e4b,CUST-9B0D91DB,2023-05-27,prepaid,true
99971000364,14fae397245377f3,50429f839893d1b9,CUST-A4A9C261,2019-12-30,prepaid,true
99971000365,3930a08b641c88ec,ce4c957955a1be5a,CUST-C0AF801A,2023-01-08,prepaid,true
99971000366,c295da839bb6e9ef,0fd930552835d710,CUST-5B9E0F03,2025-02-20,prepaid,true
99971000367,74960c8e392f842a,0bfd3f10255a615c,CUST-86D077BB,2024-01-31,prepaid,true
99971000368,a484dcbe455e8826,34e2e240a9313092,CUST-4AD09ABF,2022-05-29,postpaid,true
99971000369,c0b5b159932d9e3a,3989c06875ff07c8,CUST-112870E7,2021-04-21,postpaid,true
99971000370,7dcbdff975c77c1b,e2a0b6502f96778c,CUST-B8F8E1FA,2020-03-14,postpaid,true
99971000371,d73356f9f671829b,df857e9732c3fcc4,CUST-ABE1AAE8,2019-01-14,prepaid,true
99971000372,947f2d602d6b9363,c1ef59bf2ca24c38,CUST-E4396B8B,2019-08-20,prepaid,true
99971000373,f4d1ebe5c8445bd1,a11d74af9d96a24b,CUST-9A676E36,2022-09-05,prepaid,true
99971000374,e4043e42464bb075,8b671974cb7b8fb4,CUST-1EE4EB0A,2025-08-04,postpaid,true
99971000375,d1eacfb16b3880ac,ce4c957955a1be5a,CUST-336F7B4F,2023-03-16,prepaid,true
99971000376,0c082dfdaad8c3db,31db00d91d287472,CUST-D51A219D,2022-09-29,prepaid,true
99971000377,094503bd47786bb6,edafbd7b6424c27c,CUST-78853E17,2026-02-19,prepaid,true
99971000378,07d9edc1e1e6a635,7e801d90ba5acb06,CUST-C4248285,2020-04-19,prepaid,true
99971000379,58f97d8b940ee2ba,a11d74af9d96a24b,CUST-C07BDAD8,2023-03-11,prepaid,true
99971000380,600619a0dc92c1d1,19d60dfd0a44d13a,CUST-C3CC8590,2022-07-07,prepaid,true
99971000381,6f5a201c4bd00857,f23e4b1dd3bf0dce,CUST-5A6D9BEA,2023-04-13,prepaid,true
99971000382,5876f3831399d5a1,ce4c957955a1be5a,CUST-A5CDBF62,2019-06-23,postpaid,true
99971000383,fb07edd318a9d49c,fecd1d22c18547bd,CUST-15EB3DA2,2025-05-23,prepaid,true
99971000384,062314b655536de4,0878bd8cb0b92903,CUST-AE226C5D,2021-06-09,prepaid,true
99971000385,ea1880308d7515ad,4059cf5c81cde4f1,CUST-0DC39B1A,2026-02-25,prepaid,true
99971000386,6d21bf443dc0ac28,f3915a2a681a1b84,CUST-C90D2288,2024-02-26,prepaid,true
99971000387,19e535d77ec5722e,8cb0fcd87cc97a58,CUST-3F567B94,2024-10-12,postpaid,true
99971000388,42f03dfd821b364e,caa9a4baa5fd0086,CUST-26C404EF,2023-10-04,prepaid,true
99971000389,da7f8fd6769a7030,2612124530496cba,CUST-A009A461,2025-05-15,prepaid,true
99971000390,781201859c78925d,9b879d9fd0237308,CUST-A9872438,2021-11-13,prepaid,true
99971000391,b9729b6f913085a1,bfd383fa6d0235f9,CUST-81F0B915,2024-10-30,postpaid,true
99971000392,10fb9d226600977a,8ef080100b1dd0ae,CUST-D6C8B82B,2020-02-23,prepaid,true
99971000393,aa8cac4c322e8271,baae2e2f67470724,CUST-DD176C9E,2023-10-31,prepaid,true
99971000394,3b953d18d5704db2,5fea9baa38c01b53,CUST-CD98FB0C,2019-09-26,prepaid,true
99971000395,2da5db509bc943e2,7a5605425f02c8d0,CUST-BE0E2ABA,2019-10-04,prepaid,true
99971000396,d08c8ed14a235148,af361f2a148b4aca,CUST-1D31796A,2025-10-16,postpaid,true
99971000397,9f3080fd7ee6a370,4057f89285824eb6,CUST-66608BC4,2025-10-07,prepaid,true
99971000398,8d135f931131ea71,408eeaeb65052c24,CUST-40E0ECFA,2020-06-05,postpaid,true
99971000399,137b19b23eb62c17,eeda5d9c45d7c82f,CUST-A2D7EC39,2021-02-11,prepaid,true
99971000400,366e188ff7b44989,ee7ba98429754dc4,CUST-D3F37310,2023-03-05,prepaid,true
99971000401,72ee1ba0c33eaeac,d1c1081a543d01fe,CUST-957640E4,2022-12-09,prepaid,true
99971000402,bf6649d694c6a5e5,8cb0fcd87cc97a58,CUST-B88016C2,2022-11-04,prepaid,true
99971000403,1b41439bf6dd119b,57cc1cd714b7a3e8,CUST-0D589432,2025-10-20,prepaid,true
99971000404,24a30c12471d6fa8,09b6222bf42a0a58,CUST-367A3037,2024-10-12,prepaid,true
99971000405,5ac8d351243b8ad7,b7ed4c63137c09a6,CUST-C420D912,2022-02-17,prepaid,true
99971000406,9eaee696245a2715,8cb0fcd87cc97a58,CUST-C07D6F49,2025-02-17,prepaid,true
99971000407,73454aedda2305c7,57cc1cd714b7a3e8,CUST-2278BF41,2025-04-21,prepaid,true
99971000408,f8a9cbbcc340d78e,af7534893938be91,CUST-F571EEAF,2022-02-04,postpaid,true
99971000409,b6eda290aad44e3b,b0e498ee7a2f038c,CUST-CC991AA7,2023-09-07,prepaid,true
99971000410,3e4199b6fc6e2956,396ef076a2dcf4e8,CUST-300183FF,2025-02-23,prepaid,true
99971000411,e6ce1c164aa5b203,aef49f076d70aa85,CUST-E43A733A,2022-11-08,prepaid,true
99971000412,d9ea535faccdcf70,cc4f1b5fa5baefca,CUST-50DF4C3E,2021-04-01,postpaid,true
99971000413,395b03b756abf8ba,38f4f68dc52dba27,CUST-EB9F99C1,2025-09-17,prepaid,true
99971000414,efd050582e69bbdf,e766f2b5493c0fcc,CUST-C6BE9AAC,2022-03-20,postpaid,true
99971000415,926fbbfd576c37e7,b3b860780ce40913,CUST-57C1BA53,2019-08-22,prepaid,true
99971000416,9ebf764b0a3cf291,0545c5b181d3eff9,CUST-01B0405A,2025-07-03,prepaid,true
99971000417,47dbc19b4d6a254a,479fa969485a6b99,CUST-8C53F048,2019-07-31,prepaid,true
99971000418,ea14c17892b4a901,fa4a42f4a90355aa,CUST-5F2A44B1,2019-10-09,prepaid,true
99971000419,f449ef7f39dae4fa,623cd30096a648c5,CUST-1648BEFE,2025-01-20,prepaid,true
99971000420,934eb225f3386ca3,7038e421fac84945,CUST-1A6089F9,2023-12-21,prepaid,true
99971000421,836f08c16aa198db,ddb770bc76cf50ed,CUST-24BD0C3F,2020-03-29,prepaid,true
99971000422,33de052fbf53ee15,c6bbf8b7eb1d6dc3,CUST-6B358387,2021-04-05,postpaid,true
99971000423,8417039bcd525345,94d4d31971df3d67,CUST-76ADA342,2024-01-06,prepaid,true
99971000424,bcb3996a0031c79a,6ef9685a6b665435,CUST-17739ADC,2020-01-06,postpaid,true
99971000425,29687bb2e54acde4,6ef9685a6b665435,CUST-48C8BB2D,2024-10-24,prepaid,true
99971000426,705c1646ce15d85b,36feb2a3dc9412b9,CUST-D28472A1,2020-02-08,postpaid,true
99971000427,b04dcf05f69f17b6,35a6691afbf90693,CUST-3C98F164,2024-10-24,prepaid,true
99971000428,7d96c7f6dd0d5406,89ce1c94df290c69,CUST-EBE77325,2020-05-08,prepaid,true
99971000429,d3148c7443efa00d,6ef9685a6b665435,CUST-6B2B321C,2024-10-30,prepaid,true
99971000430,4cc7ccdfd6083d96,67c8f96cb4c40133,CUST-FBE76D30,2019-05-14,prepaid,true
99971000431,b2d6fc72d7d4b0f1,c2e6b247078f34db,CUST-A39D2C6D,2026-01-12,prepaid,true
99971000432,7edf4e38c5a393e4,4fe673c89b579f03,CUST-96791CC9,2024-07-15,prepaid,true
99971000433,7fea9b862b1014e5,5fdab016abc3f468,CUST-436EF8B8,2020-09-01,prepaid,true
99971000434,5da5ec170721d5d3,3ba148fbe5d1aa50,CUST-5DCB1471,2024-11-30,prepaid,true
99971000435,c37c54b2a841257e,faaf86361e1987d2,CUST-65709B25,2019-01-24,prepaid,true
99971000436,36c3271129278c10,e1975553eb0fcd98,CUST-5D2D0A66,2024-02-03,postpaid,true
99971000437,9285ebd039b42bfd,8a8bea241f719222,CUST-A77CEE47,2022-05-27,postpaid,true
99971000438,043c9639b5d9653a,faaf86361e1987d2,CUST-AFBE89EB,2023-06-05,postpaid,true
99971000439,316c3238f5338b8e,a330ea112c74d40a,CUST-F32DFD57,2019-12-04,postpaid,true
99971000440,28b848223f7517e7,7b6b151079477e1f,CUST-A8E1DBCE,2024-10-20,postpaid,true
99971000441,1d6101098375d645,b19ac5168c6a25ed,CUST-9B6B9B1B,2023-12-07,prepaid,true
99971000442,1d6101098375d645,b19ac5168c6a25ed,CUST-9B6B9B1B,2020-05-30,prepaid,true
99971000443,11413b55700e658c,faaf86361e1987d2,CUST-0406C202,2024-06-04,prepaid,true
99971000444,41f261db2a06d938,c822b16cdc0309eb,CUST-CCDB642F,2019-03-03,prepaid,true
99971000445,36357ba5c8b6def2,ba506f7b825aae1e,CUST-1F6CEEFA,2025-08-10,prepaid,true
99971000446,154ef03e199ea2a7,8a8bea241f719222,CUST-B8B70586,2021-10-14,postpaid,true
99971000447,9e5e81ca3b931058,774a47190f0d1633,CUST-CB6F1B31,2022-06-12,prepaid,true
99971000448,b3a1d068e53e1f87,78010e417b690828,CUST-AFF336FB,2020-04-30,prepaid,true
99971000449,978063d6bb2c6ada,2432b665138aa234,CUST-169B292C,2020-03-20,postpaid,true
99971000450,80a72ddcb7e05262,437078ebc660d46e,CUST-A81A14DA,2022-03-06,prepaid,true
99971000451,b8429786296b3d65,01df3ba95f8ab799,CUST-7FDE2659,2022-06-30,prepaid,true
99971000452,45f29afa7bce75f3,fabf555d67567c51,CUST-555691B9,2021-05-27,prepaid,true
99971000453,1084eea3817cfea3,64c891155e246930,CUST-228C612E,2021-01-20,postpaid,true
99971000454,5618ea4291aac47a,fc861dfaa7c5bbae,CUST-21544611,2024-05-04,prepaid,true
99971000455,d2a556cf73291ea1,5e6ed5f617e42d44,CUST-E8DAABC4,2023-07-09,prepaid,true
99971000456,feba2ae575edb588,8a8bea241f719222,CUST-DBB849DB,2020-05-24,prepaid,true
99971000457,46d07f615509e8b6,a179a37dfea30d3f,CUST-DABB908E,2019-06-24,postpaid,true
99971000458,c802d5801f7111d5,1e045ba8453383cc,CUST-3CF3C59F,2022-03-28,prepaid,true
99971000459,eceac2efbb9cd809,a179a37dfea30d3f,CUST-E2FF7766,2024-09-28,prepaid,true
99971000460,5df28e3164ee22b9,191189124403f06b,CUST-470617DF,2022-10-11,prepaid,true
99971000461,756a88efa5d61972,267b2d18c4f14b23,CUST-4F6AD0A4,2023-01-30,prepaid,true
99971000462,cfbb4e512aed517f,a179a37dfea30d3f,CUST-4666FD8E,2025-09-20,postpaid,true
99971000463,9ef57ea04c41c43c,d056d873b6798ccf,CUST-3FF442C5,2023-01-19,prepaid,true
99971000464,f7c55ec9ffecc372,63d32fed56e359c1,CUST-B950F12A,2019-11-30,prepaid,true
99971000465,f443029f75a8f115,051ac4ea9bd42049,CUST-14ADB87D,2022-02-27,postpaid,true
99971000466,b37025c0efe5f8e0,e0b8ced403476744,CUST-DF7EDFC8,2024-10-03,prepaid,true
99971000467,6b0d5ce79912846b,674a9879fdb4f5e3,CUST-E4C92E40,2022-01-25,prepaid,true
99971000468,5f27af0c964014a7,00038fb7f4764baa,CUST-0104B3A0,2021-12-31,prepaid,true
99971000469,50c8a379ca8e3095,22595b2eb646e9e5,CUST-278F9DB4,2024-10-31,prepaid,true
99971000470,dc544b9907b23b87,a2695d624c3a8037,CUST-4CA51237,2026-05-24,postpaid,true
99971000471,4615eb63aa0fffe6,2867d490f51786cf,CUST-AA663DD5,2020-02-05,prepaid,true
99971000472,6b9e389fd43858b4,39666a74917a11f9,CUST-7F556ECA,2022-11-25,prepaid,true
99971000473,50e20100ed52d91b,67ce9c0c0b45f687,CUST-54A12FB1,2023-05-03,postpaid,true
99971000474,96e5d9d1a8997b3d,148f56a65774cca1,CUST-CBEE85F9,2019-06-08,prepaid,true
99971000475,b5dfdaa22fd1bc08,4b43f1593233ca83,CUST-3BE39661,2021-10-29,prepaid,true
99971000476,4870e3e30628d920,c6685f58303cfaff,CUST-1D96F219,2020-11-01,prepaid,true
99971000477,2ed49a46e813580c,0468748ee176b72f,CUST-8F7693FD,2024-02-08,prepaid,true
99971000478,296303f95a34abc8,62c41d1624712b89,CUST-7C91A083,2022-01-25,prepaid,true
99971000479,cbf0cf315cb812db,7ac8b9a42cf0f579,CUST-F1DC2581,2024-10-04,prepaid,true
99971000480,397298086aad97f2,67ce9c0c0b45f687,CUST-668C80DF,2023-04-28,prepaid,true
99971000481,9c1546ddff3de9dd,0f6eae04ce3da6b3,CUST-8D986372,2022-08-06,prepaid,true
99971000482,a95475d3853855c3,234ef41fc1c77b58,CUST-D36CE021,2024-09-29,prepaid,true
99971000483,85293e41653361a3,987d98864c8f1987,CUST-555CCB9A,2022-05-30,prepaid,true
99971000484,4186892330014661,26fa884a5efe3232,CUST-F221E77B,2019-12-24,prepaid,true
99971000485,c1c4e3b8e8e990ab,db6df80330b9b76c,CUST-1C81ADC1,2021-08-17,prepaid,true
99971000486,683f7e8feca538e7,a7496d55fdf4cef6,CUST-DFC57F11,2020-05-07,prepaid,true
99971000487,68d79b0c93d90f56,b2f2580014bf8b86,CUST-43C449FD,2022-09-02,prepaid,true
99971000488,f9463162604fe37d,5113645563a3ff1f,CUST-741EBFE2,2023-01-12,prepaid,true
99971000489,55cac824eff8642e,04eadeb0cc1f84ea,CUST-7536E8C0,2020-01-14,postpaid,true
99971000490,858aa4ca41dd5d10,a7496d55fdf4cef6,CUST-DBBA8BD8,2020-07-25,postpaid,true
99971000491,ba97f3817b5e188f,13f33d567aa9f2f6,CUST-B6D9B19A,2026-01-09,prepaid,true
99971000492,2205ef8f2729b576,aa133e340a425578,CUST-B5DC1E49,2020-07-30,prepaid,true
99971000493,219ffffaf4c96fde,67df6088913e4c29,CUST-7DB3E998,2026-02-06,prepaid,true
99971000494,a91ec2bf3164b893,967a517f3bc6d05c,CUST-DF88AD94,2022-04-21,prepaid,true
99971000495,ffde6add3e39f2d3,eccd4677b43b4e11,CUST-686DD508,2022-11-19,postpaid,true
99971000496,bee5a93a3c671886,b92d6b0a23390dbf,CUST-E7063C80,2024-11-25,prepaid,true
99971000497,ab99a79e7fafcb05,fb4f70ee8df5a460,CUST-A61E560C,2024-10-06,prepaid,true
99971000498,d7e1e7d1b3b6926c,1bae9d840537dcb6,CUST-A13DAD84,2022-06-21,postpaid,true
99971000499,775150db7681b309,ec294e29b2f963c9,CUST-9F527551,2021-09-04,prepaid,true
99971000500,5efa4b4bc3add90b,00812ed6beeac827,CUST-167842F9,2022-01-28,prepaid,true
99971000501,0c3a3d18a56b4652,a7608e5c62af4a6c,CUST-E203EB2D,2022-01-21,prepaid,true
99971000502,c232e27a7ef911ed,0a9383d336267bc9,CUST-2FC7FEE5,2021-01-29,prepaid,true
99971000503,7b17ef7c47f806d0,d2ec0b92bd87bb98,CUST-82438769,2021-11-19,prepaid,true
99971000504,2bddd62e5895e243,04eadeb0cc1f84ea,CUST-2605586F,2022-02-19,prepaid,true
99971000505,31fadf726aaad9d0,bd4b08a3bfbae46d,CUST-829F4DCD,2019-11-30,prepaid,true
99971000506,5cd6ec30a8bcddd7,e38e7fda7a2a2d1e,CUST-95B55289,2024-01-30,prepaid,true
99971000507,74661704fa30e08a,831c250b64127e01,CUST-532935B2,2020-08-04,prepaid,true
99971000508,6b1e53aeaf9800ca,afdf44fa745dbf45,CUST-169A818E,2022-11-16,prepaid,true
99971000509,2a1883b605c78b19,ebeab58d30b2f6f5,CUST-EF9907E2,2024-03-23,prepaid,true
99971000510,621bf4508322cbd8,bd4b08a3bfbae46d,CUST-6914BCA1,2024-07-12,prepaid,true
99971000511,7ba75b8543e0f5d2,a6d79e0303444077,CUST-0AE4F27D,2025-05-21,prepaid,true
99971000512,73c45456a452e45f,f86ee855ed737f77,CUST-05F861F0,2024-05-17,prepaid,true
99971000513,acbefd2abab75db8,78310111f1acda44,CUST-DC40FB50,2019-02-11,prepaid,true
99971000514,8574723846a7fec4,98cf9e1298f7e08d,CUST-7275FF08,2019-12-19,prepaid,true
99971000515,2502defdd1721e82,6c6d198f3f52a6dd,CUST-C961A180,2025-01-04,prepaid,true
99971000516,dedc222460310f75,e6eee1dda83efcb7,CUST-8C823D30,2023-06-03,prepaid,true
99971000517,b57e9855a54838de,7c376d06ba70b893,CUST-DE45B741,2024-10-05,postpaid,true
99971000518,d9b11ce8e817c2f1,84485a3f5f09c5c4,CUST-8E01453A,2020-01-26,prepaid,true
99971000519,971b3653de18b5f6,de2d2d15d8bc6b94,CUST-285846E2,2020-07-15,postpaid,true
99971000520,e5da7f219fde5fbb,e1988248d1cb018b,CUST-C8E7C64A,2022-01-09,prepaid,true
99971000521,8fcc583d86b494d3,9bc7311f3ad66466,CUST-1C4E060D,2019-11-01,prepaid,true
99971000522,df04863dac790c95,8162053cb11e8dda,CUST-1652047B,2020-07-21,prepaid,true
99971000523,908d4945351de0b1,8162053cb11e8dda,CUST-320BF338,2019-08-27,prepaid,true
99971000524,9587b0ff3d4cf243,d2ca43f1f86c3d56,CUST-95BA7980,2023-07-21,prepaid,true
99971000525,dfda74ab5ea27465,bde6d171facc0ddc,CUST-A86D814A,2022-10-21,prepaid,true
99971000526,dfda74ab5ea27465,bde6d171facc0ddc,CUST-A86D814A,2025-01-26,prepaid,true
99971000527,a1cf12a343a72104,ced70ad3f4281705,CUST-9B9FCC81,2020-12-14,prepaid,true
99971000528,fb5cb02f1b0fe858,76a55f58c87dad20,CUST-706FDA47,2019-11-02,prepaid,true
99971000529,d2aa4bedd52b80f3,c565288b9ebc47a7,CUST-1DD1EBD7,2025-03-26,prepaid,true
99971000530,24fdc72f1e0db47f,8d0ea45f84c54ff6,CUST-9B8AD572,2021-09-10,postpaid,true
99971000531,4307a4cd3439dacd,8d0ea45f84c54ff6,CUST-6797D224,2021-06-07,prepaid,true
99971000532,c60873f4d9f55e19,cba1f4262af06555,CUST-673796A6,2021-05-15,prepaid,true
99971000533,2be957ae7194147d,d8dbafb3e089e29c,CUST-DC51AC94,2021-12-04,postpaid,true
99971000534,82108b94c4437140,888f4752c3ba59b4,CUST-8D81CC0C,2021-05-07,prepaid,true
99971000535,1643f63a88c50975,9ab108c679bd5c80,CUST-B6F1C6CC,2026-04-12,prepaid,true
99971000536,0215d94219e62a82,93aa674c40a5b4fd,CUST-60569092,2024-12-19,prepaid,true
99971000537,a44a56585c7e60e6,9a9c064c0b7f3870,CUST-C6AA38B1,2023-06-09,prepaid,true
99971000538,80ddd1ab3e10a8fa,6044fd8b8ed6f573,CUST-AC09F9C9,2026-01-16,postpaid,true
99971000539,f52066c5b56e2616,9ab108c679bd5c80,CUST-D8D6DE78,2026-04-24,prepaid,true
99971000540,477b1270acd42b55,c79ad8cf6490722a,CUST-49E82E64,2022-06-03,prepaid,true
99971000541,4fad604b76e21429,a5079c2ac7b9f618,CUST-D49F02EF,2024-01-09,postpaid,true
99971000542,efc1ff73986baadd,431ce86e97ce5126,CUST-67B69D7F,2021-02-17,prepaid,true
99971000543,27bed3b9a3917c4c,23b240fd5ddb5591,CUST-DC539785,2024-11-17,prepaid,true
99971000544,e2e33e17a92ed1d7,9ab108c679bd5c80,CUST-74A8C6CD,2025-06-13,prepaid,true
99971000545,b7d6b9ef64435551,d3d216ff3f6cff8f,CUST-406D5B58,2024-09-13,prepaid,true
99971000546,e4f1123e56eba3ee,504e2dc8a839b9c9,CUST-0BDB0672,2019-12-20,prepaid,true
99971000547,de449490f9101448,b069ef3e0ed757a2,CUST-DAE7B086,2024-12-11,prepaid,true
99971000548,3970795795d8cf5f,bd31a7efb3017d64,CUST-BAB72601,2025-12-29,postpaid,true
99971000549,77bf403bfa2a4fc7,d16b89572b546e95,CUST-7C20441A,2025-09-04,prepaid,true
99971000550,6f0ec35ddd3313e9,16612bf9cbe36907,CUST-D7EFF5F6,2021-05-02,prepaid,true
99971000551,600122e90f4704f1,fae74ed566f875e1,CUST-76DF1EF5,2023-10-04,prepaid,true
99971000552,2442a2234c8e6cc7,56309965ca7b869a,CUST-727DAEAF,2020-08-21,prepaid,true
99971000553,8957e1f9966cdcf8,9b34563d0fec3368,CUST-CAFD2F3A,2021-10-30,prepaid,true
99971000554,2cef31cd70495e2f,f8777850e6ae6f33,CUST-E2FAB84F,2025-05-09,prepaid,true
99971000555,cf5c954404cc72c3,2c572345c1b80dfe,CUST-1C259175,2023-07-15,prepaid,true
99971000556,86fb64dc034ec72f,130ea2c2938e3db5,CUST-D98F2B59,2024-11-06,prepaid,true
99971000557,42796f58e0ff4f84,bc6343927ef8d425,CUST-FEFD85D9,2022-06-11,prepaid,true
99971000558,07fd5cf99863e95e,bfa2e020ea970b88,CUST-FD198603,2022-10-10,prepaid,true
99971000559,ea7f166605ea6118,d6299233b561beb0,CUST-81DD85A7,2019-02-28,prepaid,true
99971000560,d0ed1a8a2462feef,9ec49547e98c8a9d,CUST-309017BC,2019-10-02,postpaid,true
99971000561,5c949fc65c7da5af,b0ba976567e3aaf1,CUST-B8EE9456,2024-07-30,prepaid,true
99971000562,e607e06efef74ed8,e0ff04ef7785c85c,CUST-F3333B3A,2026-01-26,prepaid,true
99971000563,87ec96371334e224,2fa1c3e52ebb3de3,CUST-DE0DE6F9,2024-06-12,prepaid,true
99971000564,c952d2a1bdbe03d6,3752304a3bdec239,CUST-723D7688,2019-01-25,prepaid,true
99971000565,0beeecd3a200eded,da3ce8ffa184b8c6,CUST-19C90026,2022-10-29,prepaid,true
99971000566,53a50470f7f05c4e,7c67541aeda981d3,CUST-7A9260E3,2022-06-20,prepaid,true
99971000567,432fef0ecc469fa8,2fa1c3e52ebb3de3,CUST-C289210D,2023-05-09,postpaid,true
99971000568,7023eb7216abcf3b,a4b32586b835e54f,CUST-E2EA353C,2026-02-07,prepaid,true
99971000569,fd776fdd158ca459,233283d82438dd2d,CUST-AFCFEBCD,2025-11-10,postpaid,true
99971000570,e0c4f85ecc3015bd,49dff59a8c2cb411,CUST-0788E8FB,2022-09-07,prepaid,true
99971000571,0598482810d87e0b,d8e1a740c600ccc7,CUST-CC034B1A,2023-02-22,prepaid,true
99971000572,7b90cfdc94a6c0b6,80e68517852b4b79,CUST-441FCC1A,2020-08-17,postpaid,true
99971000573,d9f9d70d733f14cc,2fa1c3e52ebb3de3,CUST-9EBF6C12,2019-01-17,postpaid,true
99971000574,a6152d3473826358,1a0c5684d6d87df9,CUST-A93E74DE,2022-04-25,postpaid,true
99971000575,83575556d19b45f7,9b34563d0fec3368,CUST-68E857C2,2024-08-13,postpaid,true
99971000576,83575556d19b45f7,b6c0f58f8eb3f6c8,CUST-68E857C2,2023-08-07,postpaid,true
99971000577,f08c1bf90924d2d0,5eec28a9a6133bf3,CUST-A05F533D,2022-09-23,postpaid,true
99971000578,05d75a39c1d5b577,bbad401796310498,CUST-AAC79BD9,2024-10-02,postpaid,true
99971000579,9472ac3a92d362c6,0121b3ab891e7df2,CUST-8F84140F,2021-08-09,postpaid,true
99971000580,697283f074a4ec40,f3e1cb4f4b1855a2,CUST-76175FE3,2022-04-25,prepaid,true
99971000581,740794216f7da31f,073e035902948d6b,CUST-FED8AAFE,2021-12-07,postpaid,true
99971000582,0ba6db27510e50a3,fa4ba30726f13551,CUST-5AC7B6CE,2021-05-11,prepaid,true
99971000583,1093485dad360b18,6137ab71b53a3c82,CUST-037BC7B2,2019-08-25,prepaid,true
99971000584,bd6583415b38e2c8,e324f2feb80f37ee,CUST-167E7D60,2022-06-26,prepaid,true
99971000585,81c0f3e04b12e050,25385491331c3f43,CUST-950CAF7D,2026-02-09,prepaid,true
99971000586,06d63dd830757578,9706eb1d7f381e8d,CUST-0D0B57B7,2020-12-02,prepaid,true
99971000587,2a7812ed4610d452,c393cb5d34ff1fe5,CUST-5B815AB1,2020-01-31,prepaid,true
99971000588,ee245000c1aea3f1,2f65c85f39faad3d,CUST-CB259FB1,2021-01-28,prepaid,true
99971000589,2d35cc891a454176,91f9205b27e9542b,CUST-3A1F4A96,2020-01-15,postpaid,true
99971000590,c6fb90a7cc37927c,7a4bbd8ea45fdde3,CUST-C7AE8FAD,2022-03-08,prepaid,true
99971000591,cb5c9a7e39a72935,7bf5f5dc919cf063,CUST-2B1667E6,2024-04-30,prepaid,true
99971000592,a92cb8c768b30fbd,c89f3788bc4ad80d,CUST-35844657,2021-08-11,prepaid,true
99971000593,d5755cc39f0bd5b6,0121b3ab891e7df2,CUST-AF2E2863,2021-09-30,prepaid,true
99971000594,b0e07dfd6eec9ad5,c393cb5d34ff1fe5,CUST-72FC32EC,2023-06-08,prepaid,true
99971000595,d483acfb730dae20,3e268c335a477b2f,CUST-3DC972E2,2019-12-31,prepaid,true
99971000596,66157233627ad03f,0121b3ab891e7df2,CUST-77799668,2020-10-26,prepaid,true
99971000597,991776419eff482b,1add8d95a4227f59,CUST-9685B683,2021-05-15,prepaid,true
99971000598,e690a489a084780e,a23821851236d9ef,CUST-6ED9F92A,2024-01-04,prepaid,true
99971000599,ee83dadb13e5f813,e93100e6020cb838,CUST-B4CB3851,2022-11-21,prepaid,true
99971000600,f31c467492591be2,c1c46f9716049e5a,CUST-3B9D4AC8,2024-03-24,prepaid,true
99971000601,70345ce420ffb455,8604d749f1cf924c,CUST-FBB798C3,2021-07-25,prepaid,true
99971000602,123f9616b7d66ec7,2134ecee10e59c33,CUST-6BBB60C6,2019-05-03,prepaid,true
99971000603,845ae49eb988eed2,1d38f31c54ef72d4,CUST-9C7BDE7B,2024-01-19,prepaid,true
99971000604,91537596e8b7e191,b925fcf510e7fe80,CUST-5F8B76E0,2026-04-14,prepaid,true
99971000605,0a6d56cc484b701a,2710c2a5bf827fdd,CUST-67354916,2020-12-05,postpaid,true
99971000606,1c91791e87193fca,22cd6359d21504aa,CUST-F9496598,2024-02-14,prepaid,true
99971000607,e5fdb34979559884,6d3916e4098b32c7,CUST-577E15FD,2024-04-26,prepaid,true
99971000608,b5543e6b72fb2189,f1610c3cacbeb701,CUST-7F06A05B,2024-10-18,prepaid,true
99971000609,e11372d9045e13cb,eb77c0e9de13b6dd,CUST-26EB1221,2023-11-03,prepaid,true
99971000610,da2580680453de8e,17c48949835afc08,CUST-1520F90C,2021-02-18,postpaid,true
99971000611,4531e6a97b3c6b7c,4fbd569aabc04cdb,CUST-52F76072,2023-08-26,prepaid,true
99971000612,1a8fc32d5c4530a8,e15cfcde45977765,CUST-9C3C9092,2021-05-25,prepaid,true
99971000613,a6c39f4a9992d3e5,decec438b0141d33,CUST-0DD618B7,2022-06-17,prepaid,true
99971000614,6e6ac885212c21b8,f1610c3cacbeb701,CUST-1A6CA7A9,2024-07-24,prepaid,true
99971000615,55d28a08ecece399,9651382f5495e911,CUST-364ED701,2020-05-24,postpaid,true
99971000616,4eefb42e31d50817,e3b81b0bb836bf95,CUST-AD96922E,2020-12-03,prepaid,true
99971000617,6045f948d90d967b,2ca22bc505f43f4a,CUST-579B6B95,2021-06-13,postpaid,true
99971000618,6045f948d90d967b,3c3a2b1a36426774,CUST-579B6B95,2020-06-18,prepaid,true
99971000619,504d571de7a16943,9b0e3aff3055ee7c,CUST-EC1D650A,2024-10-04,prepaid,true
99971000620,9378ae1666afc71b,f1610c3cacbeb701,CUST-D3E30691,2025-07-18,prepaid,true
99971000621,c6507c4b03c471ee,3c3a2b1a36426774,CUST-E89E5AF7,2023-06-21,prepaid,true
99971000622,5b8f2a7903f42d61,3c3a2b1a36426774,CUST-45E509EC,2023-01-28,postpaid,true
99971000623,21c34a34c50330b8,d4877b100109f997,CUST-79F4AF95,2019-03-02,postpaid,true
99971000624,60214c57a4298a90,46183da6b690f786,CUST-B17AB4AC,2024-03-19,prepaid,true
99971000625,b2c3c97cdbd9d178,b9db80d49f925274,CUST-6A013E2E,2024-04-26,prepaid,true
99971000626,9b831a1543f2106f,41d56ef4866e265a,CUST-E422AC2E,2023-01-27,prepaid,true
99971000627,6ef9843f1620fa5d,8552890eb75238ee,CUST-6887950C,2022-04-15,prepaid,true
99971000628,1389b69dcfd2b099,cbe203a7c0720ef9,CUST-2A8E9190,2021-10-30,postpaid,true
99971000629,0dbc956a5cdc4c08,93fa2981902787ba,CUST-0269EA9B,2026-04-10,prepaid,true
99971000630,f464f227f74409e1,767547bd85b4fcdf,CUST-7783F277,2020-02-09,postpaid,true
99971000631,321c25ddc650697b,2dee0d1e0791a71d,CUST-AA83ADD1,2024-02-21,prepaid,true
99971000632,0ffb4ba319b71c39,5cce67102f3bd48b,CUST-78E6D6F7,2023-04-05,prepaid,true
99971000633,141abb57ea3d2283,d9b380fd3e7612e6,CUST-3C11C2BE,2019-06-05,prepaid,true
99971000634,30677f6886a0a926,b60a4d6097e71523,CUST-331B5986,2026-03-11,prepaid,true
99971000635,417372e5bb36e4ba,7fc06d9bef73c56f,CUST-BEA9C335,2023-02-18,prepaid,true
99971000636,5efbf0765b986494,9d5a68b27651ad5c,CUST-04BB9D80,2021-07-14,prepaid,true
99971000637,65f6994095623854,7989851f80be7ea4,CUST-D6B5B758,2025-04-18,prepaid,true
99971000638,5b1942e996d04266,6109f97014e17d5a,CUST-E9899F86,2021-07-03,prepaid,true
99971000639,b31b65ef8506f459,95f92743340700fb,CUST-13281321,2019-01-02,prepaid,true
99971000640,da44e81ec9bb4035,53ef828299b519f1,CUST-9F39EBC1,2026-02-22,prepaid,true
99971000641,8c13da46e7a0d2fa,6109f97014e17d5a,CUST-56F25B74,2019-01-25,postpaid,true
99971000642,33aabf74465106cd,e3b054dcc763b434,CUST-1C3345AE,2025-09-20,postpaid,true
99971000643,2a37ea0ede12caa9,bb3c3659a61496c7,CUST-5D5A0D9D,2021-04-29,prepaid,true
99971000644,cdeb633878cb960f,ec1ef21a5d19c3bb,CUST-768126A1,2026-02-17,prepaid,true
99971000645,80aecb3ef2e858a9,95f92743340700fb,CUST-7AD510CA,2020-02-24,prepaid,true
99971000646,a3f6381505fe4a43,ee81fa4f15a6f5d8,CUST-D3950D52,2024-05-21,postpaid,true
99971000647,726397e14c65fe4e,95f92743340700fb,CUST-C52937CF,2020-05-22,prepaid,true
99971000648,0ddac01b8c327b5d,b2f763960022d4bc,CUST-3DA883DB,2020-03-27,prepaid,true
99971000649,92eec0ae327d461f,86939537bf6ceaa3,CUST-A96FB3DB,2024-04-02,prepaid,true
99971000650,639f936e8067e711,db727c0a4ec94723,CUST-734088FD,2023-03-10,postpaid,true
99971000651,6a26e39f24df38db,633ad1eab45bf521,CUST-EFD49981,2025-12-14,prepaid,true
99971000652,681986e80bf7fe06,169bfdebba3e1ce6,CUST-E6472D59,2020-08-12,prepaid,true
99971000653,c06eeb743c23c921,b36863d1ace19c22,CUST-2D0F8369,2021-02-05,prepaid,true
99971000654,fbf71583f2569a74,c2639c41cd86f5de,CUST-4FE7119A,2019-11-29,prepaid,true
99971000655,faf984b235edaa5a,db727c0a4ec94723,CUST-63726A8D,2022-01-29,postpaid,true
99971000656,4ed520b6eff0f296,b49e362ebdaed87c,CUST-771722D5,2023-03-18,prepaid,true
99971000657,00d4ea1dca6efec2,bef657570c44e1bb,CUST-DBCF0B46,2022-03-01,prepaid,true
99971000658,6b325c2f6f902eac,10059c25c5e80988,CUST-01DAB504,2020-04-14,postpaid,true
99971000659,6f99c3ca689d1246,d0c3bb0420955fe0,CUST-C13C3EE2,2019-07-24,postpaid,true
99971000660,8d6ea639900bff52,82cfbdb3756a6f30,CUST-E55C643F,2020-04-30,prepaid,true
99971000661,94a3cedfe1b97686,0c826a852e869e0b,CUST-98523F39,2022-12-30,prepaid,true
99971000662,b9e0b25b62178191,054a20cb9e6ead7d,CUST-9AB2272B,2020-03-22,prepaid,true
99971000663,91e737ebe2d9ef5b,2e53717aacd65aab,CUST-49E5CA40,2020-02-02,prepaid,true
99971000664,24b8db2f7bd5c55c,75a34a4bb2214a53,CUST-44AB444B,2024-12-14,prepaid,true
99971000665,1ffc58471f1477c2,80c43160fc142843,CUST-02609E4D,2019-11-16,postpaid,true
99971000666,1ffc58471f1477c2,80c43160fc142843,CUST-02609E4D,2023-05-05,postpaid,true
99971000667,c88ac7da745dcc5b,db727c0a4ec94723,CUST-CDD3671B,2022-04-11,prepaid,true
99971000668,ee36a8b6c9d8074f,21d4153d4840667e,CUST-58C5B441,2024-06-22,prepaid,true
99971000669,59fcca25b4e16ef0,bef657570c44e1bb,CUST-F51E9C95,2021-03-27,prepaid,true
99971000670,29b9ea6fda7a04aa,081b1293c4c6452f,CUST-24D16AC1,2019-04-15,prepaid,true
99971000671,43eec05791ac2ece,2e8753338149943d,CUST-0C9C3781,2023-01-05,prepaid,true
99971000672,467d5f5f1b4fb648,6583aa00073219bc,CUST-EC592EBC,2019-02-05,prepaid,true
99971000673,4f2677a2763d8dca,4bf8da642b90cb5d,CUST-181DA3A3,2025-10-12,prepaid,true
99971000674,78f80703d5978b8c,8ab75a544c69b39b,CUST-C7CB36EA,2025-03-09,prepaid,true
99971000675,803d430650233757,f62e5a14bf1e0245,CUST-A20D2574,2022-11-14,prepaid,true
99971000676,931626159c9acadd,dfa3f83ba2dc99f4,CUST-2EFC5E26,2021-08-15,prepaid,true
99971000677,19845eb7dc5acc78,4654f7c969842a14,CUST-72EA553B,2021-04-06,prepaid,true
99971000678,1277dd057c38735b,4654f7c969842a14,CUST-581D4402,2025-01-09,prepaid,true
99971000679,6214e71ce944104d,6e53c6bcef5a0ead,CUST-A0050C41,2019-11-18,prepaid,true
99971000680,d4a98ce9da55a02c,9b48d5dde611abad,CUST-3BBB9FC9,2025-02-19,postpaid,true
99971000681,140431b6aa6ce17c,107b9d4d63394d13,CUST-3259AB76,2019-03-09,postpaid,true
99971000682,ce082a285acad430,105984e18373631c,CUST-69B72FAB,2022-03-27,prepaid,true
99971000683,004f2612f07f3c3b,e1024838f9b0c2e4,CUST-C663FC36,2024-09-09,prepaid,true
99971000684,6b06d2ace6d576d1,34ea8b093ac3988b,CUST-CB9EDD9F,2024-11-28,prepaid,true
99971000685,8e6a9f6611d50f1d,4654f7c969842a14,CUST-A2C89770,2023-08-08,prepaid,true
99971000686,29c2faca2a466b8c,a2f95c0228242419,CUST-894DE248,2021-01-09,postpaid,true
99971000687,18720a37d4670286,6bfe923b4e322b08,CUST-E71EBDA0,2022-02-20,prepaid,true
99971000688,68b31a5b7bb59023,65a9cb8bbaa09298,CUST-E3ED5853,2021-09-06,prepaid,true
99971000689,183c86ebd8a910e3,825b211b7ae81fd5,CUST-54A01140,2023-07-03,postpaid,true
99971000690,4c12248266e8e2fb,105984e18373631c,CUST-014A38D0,2022-07-04,prepaid,true
99971000691,8c5b04f179dd406e,01198d837b804802,CUST-EFB9695D,2019-01-17,prepaid,true
99971000692,4ee0a47f6395c2f6,0883cebae7c05819,CUST-091D35F6,2020-10-17,prepaid,true
99971000693,3541d289fceada10,022584bb98c93899,CUST-842249B7,2020-04-23,prepaid,true
99971000694,466d0077272ec991,367000dfd4b9d551,CUST-43D2DDA2,2021-10-22,prepaid,true
99971000695,8fbf184adc4171a3,a4e7831df6da3300,CUST-2EB2F29A,2023-07-15,prepaid,true
99971000696,107ee7952db0cb9c,13f2ac4150fdc91a,CUST-4A62B7C0,2024-07-08,prepaid,true
99971000697,74972fa981f12430,99aa5d85cd418fa8,CUST-C8AF5385,2023-07-19,prepaid,true
99971000698,dd8142a3898f6989,5d47509519dc682c,CUST-B1F4AC43,2025-10-01,prepaid,true
99971000699,d53db65405ab40a2,3039c612e101bfe0,CUST-D58FB992,2024-03-02,prepaid,true
99971000700,a714b456d9c9d61f,07adb4acd2e9b73a,CUST-3B153F5B,2022-06-16,prepaid,true
99971000701,c4a365dcfcadf0c3,6b33e2b812b77144,CUST-EBB1BCF1,2020-05-15,prepaid,true
99971000702,cc968bb38975169e,f9c99463ca3ec18b,CUST-81962911,2025-01-09,prepaid,true
99971000703,7809fc5ec6424e76,75977407324974b2,CUST-CD2F24AB,2024-03-31,prepaid,true
99971000704,4f0ce3e0bff9aeab,5312ab9ca54c554d,CUST-5209DB95,2024-07-21,prepaid,true
99971000705,882fcc74572932b5,45c42cb002e3ff09,CUST-BE3E48DE,2022-12-15,prepaid,true
99971000706,bc02fff5f9f85eac,f83d4da2ce7d5856,CUST-DFB1AF3D,2020-04-17,prepaid,true
99971000707,e97c86ae433c156c,064e851614ef4d60,CUST-76ACFBEB,2020-07-05,prepaid,true
99971000708,ece088dc24f3cdc4,40d7e4979e78f5b9,CUST-0BFB3A9A,2019-02-10,prepaid,true
99971000709,0d32b55555db503d,812b967895051af0,CUST-8195BE4C,2020-12-18,postpaid,true
99971000710,787fa1fd793ea111,f83d4da2ce7d5856,CUST-8665BD05,2024-09-18,prepaid,true
99971000711,44fb8f6e435f8393,f83d4da2ce7d5856,CUST-C89B65E9,2022-02-10,prepaid,true
99971000712,708a0acbeb68552a,0f84bc32d9e953bd,CUST-953A229F,2023-01-21,postpaid,true
99971000713,e69d5bdf019b4265,feb3b6d840fcfa2e,CUST-27C46666,2022-08-12,prepaid,true
99971000714,08b3eb0fa2a84c03,1f3b0bc4675475d0,CUST-DB0227B9,2020-08-31,prepaid,true
99971000715,1f2f994cc31bdd5a,b3af031c7fe5ec75,CUST-D7171598,2022-09-02,prepaid,true
99971000716,f12ecd35e158bbb0,812b967895051af0,CUST-D7EFE345,2020-01-29,prepaid,true
99971000717,09f7e59a70b367e4,d710b878735f14a6,CUST-BBE88964,2019-07-06,postpaid,true
99971000718,a3b49d03ff20aa41,bd2f5272106e6a43,CUST-8503F534,2021-06-05,prepaid,true
99971000719,dc44daa56e0741ad,1225cb42719ac4cc,CUST-348204FD,2019-01-22,prepaid,true
99971000720,63cb3f554ce26ee2,582f24c432aac5b8,CUST-C79C6ADB,2022-05-12,postpaid,true
99971000721,df5de94344e11c9b,bacfefe7748bb34b,CUST-D8DE5F14,2020-01-22,prepaid,true
99971000722,10e781fd4eba19dc,5657f694ed9dfd43,CUST-F4E6AD0A,2022-04-02,prepaid,true
99971000723,216afd1519ced0dc,dd17430e65faffff,CUST-C2C239DB,2026-01-28,prepaid,true
99971000724,cab3bd01d030298d,5832b80df9a61504,CUST-D9B385D3,2021-04-23,postpaid,true
99971000725,03cff334142e89bd,3a3d8ed81cda241c,CUST-FC87ACDA,2022-07-24,postpaid,true
99971000726,24566a4733f4ddca,9672716fecce4126,CUST-CD6933DD,2022-06-13,postpaid,true
99971000727,1629ec1e03bfbdd4,edcd8d0abdf178c9,CUST-D9FBBCE1,2023-04-11,prepaid,true
99971000728,7d391fc5d35a269a,ad5605190cd25bea,CUST-48E6F799,2023-08-26,prepaid,true
99971000729,ca1f1b6fdaec0ad2,c52c65d9d090f9f9,CUST-37ECB836,2026-05-11,prepaid,true
99971000730,5ed78806e3d5468d,fed2a905a00e2e75,CUST-1C8585D0,2022-02-08,prepaid,true
99971000731,4eb525105cd352e6,732f8158f53bdb6b,CUST-442871CD,2023-04-29,prepaid,true
99971000732,1edfbb5ed1a5ed43,d696103ad83c75ed,CUST-0777A0BB,2024-11-09,prepaid,true
99971000733,54d2d10eae22abe8,295c681cfffd2e41,CUST-60FE385E,2024-01-07,prepaid,true
99971000734,fa3463ef6b659b3e,d696103ad83c75ed,CUST-75D67AA7,2025-08-29,postpaid,true
99971000735,a1e65973b5479272,2c2bbe51228feb51,CUST-C01B1D72,2022-10-19,prepaid,true
99971000736,7919debf04f51f0d,bacfefe7748bb34b,CUST-BB567933,2025-02-28,prepaid,true
99971000737,d7e6895e6a99a8cd,3f5783853e39c2fa,CUST-EA551062,2025-01-08,postpaid,true
99971000738,9ac1125aa8a6d217,13c183d0612abc16,CUST-E8626C02,2019-12-27,prepaid,true
99971000739,8a439182fc3f9e9e,9195896ba2b3e08d,CUST-DB731A9A,2022-02-05,postpaid,true
99971000740,4fe8b7ba2872cd51,ba8ca1a7a6b78d20,CUST-494B41FE,2019-05-11,prepaid,true
99971000741,9a96ff442ca0a93a,33bc9999d3594d9b,CUST-00DE1BCD,2024-07-06,prepaid,true
99971000742,43a95688a2cfcae3,cc09efaccdb0747d,CUST-72B18EAD,2021-03-05,postpaid,true
99971000743,addde99b10aeb62e,1f7aac82c5af9d5e,CUST-A2BDEF0D,2021-10-20,prepaid,true
99971000744,b0ae960828b7554d,ad6f32b2152e716b,CUST-381D6DC9,2021-07-19,prepaid,true
99971000745,eb915cdedcb994e1,ba8b2f36c47e671c,CUST-9EE2A2A3,2022-10-22,prepaid,true
99971000746,5d80c732ed674d93,ad9ae0f7a69e72ce,CUST-6225A65F,2024-01-25,prepaid,true
99971000747,bba39786607a15d5,b57c9eacc4c9450c,CUST-885C3778,2025-01-09,prepaid,true
99971000748,36c610c322a04a64,823a7fc5d6fc98ab,CUST-6B507D69,2023-06-08,postpaid,true
99971000749,419b99e5d3b8c904,ba8b2f36c47e671c,CUST-613A0BD4,2025-01-25,prepaid,true
99971000750,90270851c36b067a,d83882f4b616f46d,CUST-20B56D7C,2025-12-20,prepaid,true
99971000751,8078fbf593fc95a9,7e7b120152f9d93e,CUST-3B8383CE,2024-08-17,postpaid,true
99971000752,d537f06acdc089d4,f4aa07c36645a49d,CUST-1268C39B,2025-11-02,prepaid,true
99971000753,28de09955f4d845a,93317ed93ba9caf9,CUST-EB0606AE,2022-06-23,prepaid,true
99971000754,3c0635bda5f7efe0,2abf1ed44b32ae6c,CUST-6E59D5F3,2020-04-21,prepaid,true
99971000755,7b87eee9195d7210,9a3723869a0fb4b1,CUST-3104782B,2025-07-01,prepaid,true
99971000756,fbe0a3b5939e2797,797ed3582b1e80ea,CUST-D0623CB8,2021-07-16,prepaid,true
99971000757,ffb63ff92b5be10f,ddb0adc5f06f33ea,CUST-BC518E08,2023-04-12,prepaid,true
99971000758,3e9614f4db43d306,67fc834f0107bf1f,CUST-DA27B883,2024-09-21,prepaid,true
99971000759,d3074060f382a1e0,da8255b13f53d56d,CUST-66432DBB,2022-04-17,prepaid,true
99971000760,48df85044ef393d5,ce78d0bd6f01ba1e,CUST-82385324,2022-03-04,prepaid,true
99971000761,acc017a2c0dacab6,ad9ae0f7a69e72ce,CUST-155D1E2B,2021-01-22,prepaid,true
99971000762,9d6c51b49eac4c29,7237bb77de42498e,CUST-53BC431C,2020-06-06,prepaid,true
99971000763,c4f3b99b15e39e50,10820a2bc80e3224,CUST-F1A97443,2021-04-08,postpaid,true
99971000764,140235e865dfff90,ad9ae0f7a69e72ce,CUST-25E71EBA,2022-12-13,postpaid,true
99971000765,a8f0c7a4289d42e4,ba8b2f36c47e671c,CUST-B3EA8210,2025-01-02,postpaid,true
99971000766,b12d2b584e5a2a86,e382951317c667e5,CUST-FD447910,2022-08-15,prepaid,true
99971000767,5e2c80aa8aed355c,1f67e8d5e346a8ad,CUST-52DBC195,2023-11-03,prepaid,true
99971000768,7912f9442ae658c1,08d015948f943086,CUST-16A067E0,2025-03-27,prepaid,true
99971000769,a48fe60869806de9,652f48a7e941312e,CUST-059CA429,2019-06-08,prepaid,true
99971000770,756e6395d7bd44a5,b72e11caa2701592,CUST-7C2D36E7,2024-11-22,prepaid,true
99971000771,6314d3ef5bd138c5,31b78a63b79f2e6e,CUST-6C202A03,2024-12-04,prepaid,true
99971000772,c905f31f56bf6061,bb2f6f531d5b7bf9,CUST-C1C0F084,2021-01-20,prepaid,true
99971000773,b0338372e78d1277,3c25b546fc0ec63c,CUST-4BFC1D96,2023-03-15,prepaid,true
99971000774,cea1cd7b94de89ec,43dc4afb79851630,CUST-3536F082,2020-10-07,prepaid,true
99971000775,2912c6fc0beaeb67,3d6064272e4049ad,CUST-9C01C408,2023-05-06,prepaid,true
99971000776,f3cf73d90ccdb7e7,5cf19b537e8eec98,CUST-6C6211EE,2019-08-22,prepaid,true
99971000777,d8fec21c8ed0a4fe,9763960b416e4a5b,CUST-3118E698,2024-07-04,prepaid,true
99971000778,11e9ad5d03e27743,9d187b87af2bf2a0,CUST-C935BF7B,2023-12-05,prepaid,true
99971000779,9cabb8b1447e9616,02b1a75d51e9481e,CUST-58E73BC8,2022-09-02,prepaid,true
99971000780,1b8514ba7a163965,177fec4bef0f466e,CUST-E5246330,2021-01-02,postpaid,true
99971000781,760f1117b6cff7a1,c1fe105c47fed1bc,CUST-EC293B88,2020-11-20,prepaid,true
99971000782,b55253e93998856e,fcf56a67b71d3281,CUST-64809B6E,2023-08-28,postpaid,true
99971000783,58d479285c42b092,9c9aa8347a7cb494,CUST-21A89970,2025-01-11,prepaid,true
99971000784,72d674f0757a99ea,9c9aa8347a7cb494,CUST-DC778A0F,2019-09-23,postpaid,true
99971000785,0f85d881e2533d94,b929e374ec9bad6e,CUST-AC10CEB7,2023-12-11,prepaid,true
99971000786,db40a4b2ad49089c,a1fa32e37efe6de6,CUST-3AF4D19E,2019-12-05,postpaid,true
99971000787,78966d1b1fb46fda,6181e2da9e61aa6b,CUST-79BF81B2,2024-10-17,prepaid,true
99971000788,394226f23086b41b,93de0e7cb7c7129a,CUST-2E2BE712,2024-04-09,prepaid,true
99971000789,45555fe371c0aa63,8ffb59ad67278368,CUST-558D1BB4,2025-05-27,postpaid,true
99971000790,8c307b2f9d425b6f,7389ad9c4cf99722,CUST-EE037547,2023-04-24,prepaid,true
99971000791,59b1b08f06fdbd67,c992b87c855297f1,CUST-2C0D237C,2023-06-28,postpaid,true
99971000792,c0f4683d79e52a05,f252913399daf9ed,CUST-3DBF36E4,2021-06-29,prepaid,true
99971000793,ee83a45ac49cddb9,203cf40974efc38d,CUST-0CFAD97F,2019-05-19,prepaid,true
99971000794,21ac9948bca595d4,ad71297d135e5f90,CUST-8AE4F8EA,2019-07-30,postpaid,true
99971000795,d96164ee933f94ba,7d1219be49109eb0,CUST-D2049759,2024-02-27,prepaid,true
99971000796,b4919ece949f3947,13285dccc2c717fe,CUST-1F89E08D,2022-06-07,prepaid,true
99971000797,3206d19285d570b8,3aa855934c81ac3f,CUST-79F00980,2025-07-13,prepaid,true
99971000798,bed0cd9e29ac80a8,feec950a81d06ee0,CUST-E9793A52,2024-09-27,prepaid,true
99971000799,f4281a9b47b91c00,7d1219be49109eb0,CUST-65E2920A,2024-08-25,prepaid,true
99971000800,f4281a9b47b91c00,8895b238cfe82816,CUST-65E2920A,2025-11-23,prepaid,true
99971000801,f693bc2d3f6bf935,5d360733f571747a,CUST-669FC7DD,2021-07-20,prepaid,true
99971000802,9bad79606215dfa0,01293366908ab9eb,CUST-A7987F19,2023-04-25,prepaid,true
99971000803,53f62291a647306e,6608d3191ffc57f5,CUST-A234B61E,2025-10-11,prepaid,true
99971000804,61ad1b48ce7428ef,b87fdf029bfc77b1,CUST-5BA4DA20,2022-03-29,postpaid,true
99971000805,4788f86434013804,e89b96d1c57ddfcb,CUST-176DAE45,2021-09-11,postpaid,true
99971000806,5071828dba6aad59,a80616a96ac8989a,CUST-144231EF,2024-01-31,prepaid,true
99971000807,c17d8d356850ce61,969307a4ee27e3aa,CUST-1C910CC8,2025-02-21,prepaid,true
99971000808,86d1af3596c51aa5,f5fd1d38e7887255,CUST-9A5EAB56,2020-05-09,prepaid,true
99971000809,77db9cea5248e19e,761edfce46c2e2dd,CUST-30DF45A3,2024-03-01,prepaid,true
99971000810,15527ceb599e2ba5,c10ebca86beecea8,CUST-96582E25,2025-05-29,prepaid,true
99971000811,8dca926ff1bbfcf6,c10ebca86beecea8,CUST-35133239,2026-05-20,prepaid,true
99971000812,34c883ee6dc0497f,78a7e504f9a38a9f,CUST-AC797733,2020-11-14,prepaid,true
99971000813,1e59289d701b40ad,bcde5c80482481f0,CUST-4A5E02BD,2024-10-24,prepaid,true
99971000814,ff29e5ad70ab0e98,3c30039390c8b32a,CUST-CDBED560,2024-05-13,prepaid,true
99971000815,a78260184f09cc72,762a9f38b335517d,CUST-E8A19F96,2020-07-09,prepaid,true
99971000816,298d0ce7ab442655,7d1219be49109eb0,CUST-FC1A1231,2024-11-30,prepaid,true
99971000817,4719e538f8deba9c,91c1de1098f81631,CUST-26A7CED2,2024-11-05,prepaid,true
99971000818,a5ae3bda2428ec51,71b3908e5e445ad7,CUST-8042F4C4,2023-01-22,prepaid,true
99971000819,dd92b4ff00591dec,63dbfb68a769ed69,CUST-A7FA8C39,2021-12-30,postpaid,true
99971000820,c276ca5a8ae6e352,cbf146499a636472,CUST-0410F87F,2019-04-27,prepaid,true
99971000821,90577a9672bc6e10,8eb76aa75ce963c9,CUST-AE77FCB0,2025-07-31,prepaid,true
99971000822,705fa8f25c865b24,9033bae446cabf8a,CUST-DF18C063,2024-06-28,postpaid,true
99971000823,d8b812d8afbca004,0ca34c65bfcbc703,CUST-9A43EB88,2020-03-12,prepaid,true
99971000824,743cde14c0accb70,77f9ed94162179c9,CUST-22607A7A,2021-07-16,postpaid,true
99971000825,667c39f55b1f15b6,964762b742f8da6a,CUST-8430B748,2021-04-13,postpaid,true
99971000826,7d868fd7ac258934,9a6da127b2bdb783,CUST-90DFBFCC,2019-03-16,prepaid,true
99971000827,da171088e3d02b3b,68fac82c872445fa,CUST-A9982230,2020-09-06,prepaid,true
99971000828,da171088e3d02b3b,68fac82c872445fa,CUST-A9982230,2023-08-24,prepaid,true
99971000829,9c3654073d19aeec,964762b742f8da6a,CUST-2C258FA2,2021-11-07,prepaid,true
99971000830,6955d19477cbcb3c,acbefe608f9bbea0,CUST-DBD20E04,2020-10-04,prepaid,true
99971000831,0a1119fd9f69b662,247fbc4b92ddc5a3,CUST-F5633625,2024-01-10,prepaid,true
99971000832,bee06217c16b007f,702d87d51658b4c8,CUST-3725ACAD,2019-10-13,postpaid,true
99971000833,41e4d6a42ca57bee,b3d1ce134ca098d4,CUST-2FBF7213,2024-08-11,prepaid,true
99971000834,24f9bdb3213d0717,77f9ed94162179c9,CUST-9A1411C9,2021-01-09,postpaid,true
99971000835,cc4997994b335991,beb012e5adf19b8e,CUST-22AB86B7,2019-07-22,postpaid,true
99971000836,dcffab3e72281d97,3c2c47279b9b6f27,CUST-25EDD844,2021-07-13,prepaid,true
99971000837,24e5b5418eeef2ab,ac856ab58b486d8e,CUST-C680320B,2024-02-19,prepaid,true
99971000838,86a8fd5a3f3125f0,636892b44084a841,CUST-0179368D,2020-09-10,prepaid,true
99971000839,5dbba65a5e21c448,70215b9d2acec5c9,CUST-9797ED9B,2023-07-14,prepaid,true
99971000840,9e4bca9e01ad991c,90574f628376c4b6,CUST-82825E85,2021-05-13,postpaid,true
99971000841,5cff33de80ee6bc1,00f246362cc94f52,CUST-DD1BF322,2024-12-06,prepaid,true
99971000842,4c0e855a1fe3a7bf,b0f7dd5dfa9c1a19,CUST-ABD51B29,2022-06-23,prepaid,true
99971000843,3aa5352edc866070,2530de5745e3cf09,CUST-03F39E5C,2025-05-22,prepaid,true
99971000844,ef3ace84ed6ac7b1,1ab2540bb1542057,CUST-BB71E0A1,2019-06-01,prepaid,true
99971000845,d2cd51d7a7a541c5,94b3c8ced6a68a0f,CUST-EB036043,2022-10-11,postpaid,true
99971000846,2e24ecd035956c50,ed49ca43b1e5f11e,CUST-765BE4A4,2020-12-12,prepaid,true
99971000847,666ec25d73a3cc08,c942d6706a59bf8e,CUST-262CE650,2019-07-26,postpaid,true
99971000848,d5a77473b7737c8e,27fd2b3157092543,CUST-0D289E37,2025-05-10,prepaid,true
99971000849,83b2cb416c36dba1,bf8c808123fde750,CUST-64C4B2D3,2021-03-19,prepaid,true
99971000850,624326e4440786cb,95be601398fc76cd,CUST-7D561B18,2021-10-27,prepaid,true
99971000851,8c624ea7e795adee,ed3a8172af51c1b5,CUST-94B84041,2024-07-04,prepaid,true
99971000852,383d406d123f161b,ed49ca43b1e5f11e,CUST-58920172,2020-07-21,prepaid,true
99971000853,bb0f307f65e2b9a4,7b297e096791c76b,CUST-420BED70,2024-11-14,postpaid,true
99971000854,c6e46fa9567bd8e9,39227fa9d4b04619,CUST-3C017C5A,2024-10-07,prepaid,true
99971000855,4ce5aedbfc9ce240,14b81cf6cbea76fb,CUST-9F2C5F79,2019-03-02,prepaid,true
99971000856,0225718b7ba4896e,a1b6cecb03950576,CUST-771CDC34,2023-01-10,prepaid,true
99971000857,742cdf355ea704e9,31b1bfc8d5cf4c09,CUST-04349AA2,2025-12-22,prepaid,true
99971000858,71d3c5d4c72e0636,4f349f8bf0ccfe2f,CUST-465BA70A,2024-07-01,prepaid,true
99971000859,20ef94189935c7f3,442cacb1acd84e1d,CUST-BA696637,2022-04-20,prepaid,true
99971000860,612cb3b0c7355ff4,89d3198fa68fe962,CUST-EF1E7337,2019-07-21,prepaid,true
99971000861,33e024a948f35b7c,8e5bcc00cbd20ba4,CUST-2A156FE5,2019-05-17,prepaid,true
99971000862,88e716707e1d9b32,67525949f4fb9131,CUST-76177C72,2021-02-18,postpaid,true
99971000863,653961bbc301e6e5,94b3c8ced6a68a0f,CUST-E8940EF0,2019-12-19,postpaid,true
99971000864,11b5582ccf342f38,8d333a019ecba63f,CUST-016C42FC,2019-09-02,postpaid,true
99971000865,163fd492ac5727ba,75105308bb05ad9e,CUST-8BD243F7,2023-01-27,prepaid,true
99971000866,bfb304a40b3ce684,ad7d9f2d165854da,CUST-4FF834DE,2024-08-02,prepaid,true
99971000867,a6e11f24f22b6a39,ce82f7a02a34e053,CUST-403DEF8F,2022-05-11,prepaid,true
99971000868,ab2f04cff801fee2,7646b6a4375603e9,CUST-EE3384D5,2024-07-09,prepaid,true
99971000869,e180a839d79db473,44d79d4c733149cd,CUST-9588BD51,2021-12-02,prepaid,true
99971000870,eae545d6743031da,4852e9ee91bc665b,CUST-1A19EACD,2026-01-06,prepaid,true
99971000871,4d6fc4b0d2f35078,d364cd1383334fd7,CUST-093492C0,2021-06-03,prepaid,true
99971000872,1dda63dba7378ea9,cbe0787a4207c1d4,CUST-40A63B48,2019-02-28,prepaid,true
99971000873,4c4b56e9d1a1371e,25572694b06780bd,CUST-DC1CD1E8,2025-02-11,prepaid,true
99971000874,721304e494196a76,44d79d4c733149cd,CUST-3851BAED,2023-12-24,postpaid,true
99971000875,ebe266443773bd7e,cbc32246e9296864,CUST-D198250B,2025-05-31,prepaid,true
99971000876,f33f0734c97a6a23,dbd805883f15ec38,CUST-AE3E5DFE,2024-09-13,prepaid,true
99971000877,2cd4b5ec4344b8f0,372b42592368c854,CUST-FF4E0746,2022-02-13,prepaid,true
99971000878,2b4279756e93b3b2,7b4f5bb43c8068e5,CUST-8944C9C1,2020-05-13,prepaid,true
99971000879,647b612942745b41,11ece1e838620da4,CUST-94A480B0,2021-07-11,prepaid,true
99971000880,7220e08186d95e54,5de583dea2694db4,CUST-77354A42,2022-02-25,prepaid,true
99971000881,6a144695d8769629,44d79d4c733149cd,CUST-E1A694AF,2022-03-16,postpaid,true
99971000882,bf6c9a6c2796fa51,6cca7f91c4b64588,CUST-49820B77,2021-04-24,prepaid,true
99971000883,59a15dd7e5642a2f,20ab1eea9577414e,CUST-17CA4970,2025-06-29,prepaid,true
99971000884,6b8d9b8f672abe45,372b42592368c854,CUST-661CCA4F,2020-01-19,prepaid,true
99971000885,dcf6cb1ef1927f2f,d6b0ce64ecd371c8,CUST-D9C1A841,2020-12-21,prepaid,true
99971000886,6463ff49529cbf31,aca574e5d10611bf,CUST-A3030F03,2026-03-29,prepaid,true
99971000887,025a439e46fb7830,0db5184e8b63a6b0,CUST-ECF22AC1,2020-05-26,prepaid,true
99971000888,129ee343cfe85559,e030160e87e7015e,CUST-D38E3E55,2025-03-31,postpaid,true
99971000889,072f8c8a95d10e2c,888958eef58c0fd3,CUST-08731DFA,2025-08-06,prepaid,true
99971000890,072f8c8a95d10e2c,0ea1b8c5c4702011,CUST-08731DFA,2025-01-19,prepaid,true
99971000891,8382144a3c2d1a91,a938774334456297,CUST-2EA3D612,2019-02-05,postpaid,true
99971000892,f8adb1ca39cfeff5,9440340b6fb04ff8,CUST-71C3BDB6,2022-06-25,postpaid,true
99971000893,830947038a396ffb,6432279506dc46ab,CUST-E4276B83,2021-04-11,prepaid,true
99971000894,72770bcd2792d0b7,1c3c500b34d8da44,CUST-9A7EAE15,2022-02-04,prepaid,true
99971000895,6e3d55aa98ccbdac,64b3832b863bd36e,CUST-735D5CDE,2020-01-04,postpaid,true
99971000896,7a8c6cf66d724ed9,7308d0f6d5ebaff5,CUST-419D2399,2019-01-05,prepaid,true
99971000897,14a45d7d5ea30be0,a8a18ce0d235fa6a,CUST-06BAAEAB,2024-01-18,postpaid,true
99971000898,4dbf9992cd166a51,e341a03df59dc230,CUST-75232BA5,2025-09-12,postpaid,true
99971000899,a8ee33e625f67cb8,528dd4966533517d,CUST-84200644,2023-03-11,postpaid,true
99971000900,e49faa2d4d4c9dfa,0ea1b8c5c4702011,CUST-F95E52E4,2020-07-31,prepaid,true
99971000901,df4efe88e00a1688,7c811fde873fe468,CUST-10BA4852,2022-09-12,prepaid,true
99971000902,5103de6c2aae4096,f865b4393ecb00ed,CUST-57658F99,2021-07-14,prepaid,true
99971000903,9b0cf73c83e18c60,2c463063b2dba700,CUST-DF450254,2021-10-03,prepaid,true
99971000904,2ff85324bbea33b3,0ea1b8c5c4702011,CUST-98F41222,2022-11-14,prepaid,true
99971000905,5ef037c76fa5836c,bb0a936800168d7f,CUST-5AA53CA1,2019-03-19,prepaid,true
99971000906,e09479ab2200bf67,65dbbcc909d7d448,CUST-1C170E6D,2020-03-18,prepaid,true
99971000907,2078b1afdb4d28f3,94d760ce279ba4df,CUST-88FBA23B,2020-05-31,prepaid,true
99971000908,4af2b87b2778613a,696cd99239d88d19,CUST-ECD961EA,2019-08-08,prepaid,true
99971000909,618f7c8cf5acd2d6,2efde55a01a00256,CUST-CE056EA7,2024-08-20,prepaid,true
99971000910,618f7c8cf5acd2d6,94d760ce279ba4df,CUST-CE056EA7,2025-06-22,prepaid,true
99971000911,4111b06f5383f180,94d760ce279ba4df,CUST-3B50373B,2025-03-22,prepaid,true
99971000912,9b180c9dcb3b3223,b6bb88bd935d180a,CUST-9D0E87F5,2022-05-21,postpaid,true
99971000913,e0e69a1617e0312d,7af37c726ae96281,CUST-CA5F9F81,2020-11-11,prepaid,true
99971000914,e92eed9ee8bc9ea7,dbaab9e3ca4a1765,CUST-3B220073,2024-06-04,prepaid,true
99971000915,ee9719dc01d94581,bbaaf29b2ea06b46,CUST-21C81421,2022-12-20,postpaid,true
99971000916,85b048ba1f24120f,0a6b1fabb1f986f2,CUST-AF1BDDEF,2021-01-08,postpaid,true
99971000917,83252fbffce10055,bb4150ca859f9bbe,CUST-50F0B757,2021-07-31,prepaid,true
99971000918,a1671f7d5e6fc3e1,80c1f93af2dce69d,CUST-5CF39168,2022-08-23,prepaid,true
99971000919,a7cffb7a9b9bf0f1,4b285b8cce5d7fe1,CUST-A3938506,2022-07-21,postpaid,true
99971000920,6939f79bf0c39031,37bc4b557f860b65,CUST-B7B4254A,2021-10-27,prepaid,true
99971000921,fba58efad56c71c3,19bd7400c1f1c767,CUST-85BBFBA7,2022-12-01,prepaid,true
99971000922,a3ea1e748cc8abb0,1ffa0055da143588,CUST-2E2C0366,2026-02-02,prepaid,true
99971000923,09dd74ff0a9f42c9,e1f53448c6d60060,CUST-F8F9F397,2021-07-20,postpaid,true
99971000924,1d457fb14003b2bb,09ffe2132f098061,CUST-CC3A7457,2022-12-24,prepaid,true
99971000925,107d709df22c9ec1,29b28a0c15fc35d4,CUST-44C8D54E,2020-05-11,postpaid,true
99971000926,46c0af40fbae249e,e8b2ce231eaa24e1,CUST-CFE66159,2025-06-11,prepaid,true
99971000927,4985cb02e81216f7,f985338bd4f28f6f,CUST-B3B159A4,2021-10-05,prepaid,true
99971000928,bb700c3381bc9d45,f1a1d7ef20d7330e,CUST-1D8AEF95,2025-12-04,prepaid,true
99971000929,6405b5c789d8c776,eece9aaa11206083,CUST-20F01459,2026-02-17,prepaid,true
99971000930,fa66771e5d04859c,191f6c98afb4da41,CUST-7B6CF8E4,2026-01-22,postpaid,true
99971000931,6d4131210f2a5b5f,09ffe2132f098061,CUST-768EABB3,2021-09-04,postpaid,true
99971000932,42a35676e85d4a45,5e344338ac29fde0,CUST-DDD2347D,2026-01-22,prepaid,true
99971000933,71bac2811b7f969f,33bc413e571cb9e1,CUST-811851C6,2024-11-09,postpaid,true
99971000934,fa06d0536ceb2a9b,bbaaf29b2ea06b46,CUST-B381A667,2025-07-17,prepaid,true
99971000935,0fa7f21cb49c0ad5,fc23a769e95fcc79,CUST-F82835C6,2023-11-04,prepaid,true
99971000936,39f37b5d49a53a9f,09ffe2132f098061,CUST-AEA7E2D8,2021-05-24,prepaid,true
99971000937,a6d10fa4d222afc3,ab1e5e6c03d70341,CUST-6C7D33C4,2024-08-02,prepaid,true
99971000938,bdc2568cd0213f00,040aebec835099c9,CUST-19EB1BC5,2019-09-27,prepaid,true
99971000939,ee9165c9188a61c2,f7666f3696a90dc8,CUST-5E756863,2024-07-14,prepaid,true
99971000940,5e0e024ef9fee539,ee9832169cfaea29,CUST-088AB097,2024-06-29,prepaid,true
99971000941,c54f18479417a9e8,20db40f56039f6ca,CUST-9BF14749,2019-03-04,postpaid,true
99971000942,4aec09f68f3aa6ca,2fd6289a0f66cbe0,CUST-4AB0DC36,2019-06-08,prepaid,true
99971000943,ce271b74147b70ed,74beb11c7b07bd11,CUST-599AC55E,2023-05-08,prepaid,true
99971000944,ce271b74147b70ed,74beb11c7b07bd11,CUST-599AC55E,2024-11-25,prepaid,true
99971000945,e7fb6ccaf3d573e6,8c983853c45f0d95,CUST-FE55372E,2024-07-31,postpaid,true
99971000946,e48db8c57f834743,3b128c6edec13694,CUST-45F25594,2026-05-11,prepaid,true
99971000947,c16bdf8ed84aeec2,2fd6289a0f66cbe0,CUST-46F687BA,2019-10-24,prepaid,true
99971000948,bb54e8ff1f0059c7,6223ff9c81613d75,CUST-CF4C90E5,2026-02-07,prepaid,true
99971000949,f75c22cd56d531a6,2d10fe703542d6f6,CUST-2F2C51CB,2025-06-14,prepaid,true
99971000950,94e5f48eb83d3c11,f7666f3696a90dc8,CUST-334541CF,2021-10-18,prepaid,true
99971000951,80c04337eff21848,3020223ae97c2a72,CUST-BF7F0695,2019-03-07,prepaid,true
99971000952,b4f92b55b318f2cd,ea035a0e018fb55f,CUST-7C89D6F0,2023-07-18,prepaid,true
99971000953,4be8e04afcf566d9,b596822d1d32b7a3,CUST-4E21EB78,2026-01-11,postpaid,true
99971000954,5d2f01d047280071,029967d139ce3080,CUST-712898CE,2019-12-26,postpaid,true
99971000955,7a03477107eee90d,f7666f3696a90dc8,CUST-F358922F,2022-07-13,postpaid,true
99971000956,3ff22815c911d2de,07f0eaa0234381d6,CUST-F6E11C31,2025-09-18,postpaid,true
99971000957,644784c4fd75788c,a02d57c7370b4516,CUST-013CA13F,2025-01-22,prepaid,true
99971000958,827f71f1791a06f5,fd45ad49667e921f,CUST-7418243B,2020-10-17,prepaid,true
99971000959,ca90ea21fc58c313,174d8b0400926125,CUST-46FE3EA3,2023-06-15,prepaid,true
99971000960,9a9b34b280f998b0,a2de40205fe6c677,CUST-8E46AE6B,2022-11-10,postpaid,true
99971000961,857b150853c194f2,96be43943e29a9ea,CUST-90C541E5,2019-04-25,postpaid,true
99971000962,d0bac718c8e1ab5f,31c552cf4eb6fc52,CUST-8F11A544,2022-11-16,prepaid,true
99971000963,93629905a7e1c3ea,08d293d003dd1bc7,CUST-B54A9A39,2022-10-05,postpaid,true
99971000964,c32efb5a4fa0d34f,a8985384f04ea723,CUST-267EF2EB,2019-06-08,prepaid,true
99971000965,894795407d757687,2ba2ab7fa27aa041,CUST-E5C641BF,2021-04-27,prepaid,true
99971000966,d863402888abfd24,ebdda83dd9b6f8d7,CUST-D03BE6B5,2024-09-12,prepaid,true
99971000967,fe528dacb1df370f,54f479f0624eb2e8,CUST-700ED118,2020-05-02,prepaid,true
99971000968,83fa050ec46bb8b2,0f2fb50c44c4c2d0,CUST-B9D7BFA9,2021-06-21,prepaid,true
99971000969,bdb3995d232c9d35,556c4619363715f8,CUST-67F9BEB1,2023-07-05,prepaid,true
99971000970,e15538387c53e6d4,0f2fb50c44c4c2d0,CUST-95952929,2022-08-14,prepaid,true
99971000971,60be680ad208b457,f5607c688819afe1,CUST-2C434946,2021-09-08,prepaid,true
99971000972,e956d1e9bfe7855c,c8657528baa1e985,CUST-A94FAF99,2021-02-12,prepaid,true
99971000973,c8b07db7a1bdfdda,834bf1d7317f8657,CUST-D3263DA4,2025-05-07,prepaid,true
99971000974,3e1f4f09d69c6d86,cab7f5ac6d75884a,CUST-8DF507AC,2023-11-17,postpaid,true
99971000975,6e9dd59a98415c25,d0b9da30a9f1d1d1,CUST-C3DF2373,2022-08-20,prepaid,true
99971000976,003febf20292b4c3,39c45772a7d44c15,CUST-1069D7A6,2020-11-27,prepaid,true
99971000977,1b39f7d1ec3927c7,53ccf5f21874094c,CUST-4DB3E501,2023-11-26,prepaid,true
99971000978,9e4a1ac0ffc5ebda,d187b63f0b2b3997,CUST-6748519F,2022-07-10,prepaid,true
99971000979,80e3b121a476d24a,b530e6a729b828dc,CUST-C9A7F219,2023-12-14,prepaid,true
99971000980,a9a13132e6962bde,8cfc60a25f2d7ea8,CUST-4FBFB285,2021-06-04,prepaid,true
99971000981,ec6d61a8306c1b1c,2ba2ab7fa27aa041,CUST-CF718F5A,2023-11-01,prepaid,true
99971000982,1baa2764f7b5ff9a,7043cd64804a1de2,CUST-C7D6394D,2022-07-17,prepaid,true
99971000983,42fc1901a9c9b15d,5143a775529c390c,CUST-AC7F152E,2023-08-05,prepaid,true
99971000984,217c14e64815046c,40393ce04ea404ca,CUST-C8D03535,2024-12-02,prepaid,true
99971000985,c4af39d2c89316b8,ba3c8792c698aabc,CUST-6C5B48A6,2024-08-02,prepaid,true
99971000986,a04575f924f23ee0,92b6ff9d31096c9d,CUST-BF397099,2025-05-28,prepaid,true
99971000987,86cc758709c5bbda,82d4557aeabcb475,CUST-A88282BE,2022-08-18,prepaid,true
99971000988,b971593024fb9641,692b333b2534ede8,CUST-1F540B09,2022-08-22,prepaid,true
99971000989,cc2f3beff7876e14,3ed5326141b2cd2a,CUST-49EE8F76,2020-01-15,postpaid,true
99971000990,de97cbf81d9c3af0,a324c21180d44a7b,CUST-C6E4E096,2023-11-03,prepaid,true
99971000991,5eb66b7cbfc74567,7472266123793e81,CUST-1258D08E,2023-05-04,prepaid,true
99971000992,5eb66b7cbfc74567,7472266123793e81,CUST-1258D08E,2024-03-14,prepaid,true
99971000993,acccf8d665235606,1d220088c5914c1f,CUST-A171FB27,2021-07-29,prepaid,true
99971000994,d8ed7d32388fa4a5,8739165214a9b6ec,CUST-E7DAE74E,2019-05-24,prepaid,true
99971000995,248c4fa169469b2d,2e8fb39555367f38,CUST-55BE282F,2021-06-07,postpaid,true
99971000996,a7671ac3bcae735c,72983ddcbafe47fb,CUST-B29E391E,2026-03-03,prepaid,true
99971000997,460e807c51c0076d,f8f424793b9a2b79,CUST-4C0B5269,2024-12-20,prepaid,true
99971000998,0bed0566ad7a696c,faeaf7ffa096763e,CUST-3D674F81,2020-08-25,prepaid,true
99971000999,95eb32ec9495c4ca,a88f65e415611d70,CUST-292F5A95,2024-09-02,postpaid,true
99971001000,7a9df12f45c90833,c36c167c78bb7cdc,CUST-D754F305,2020-07-08,prepaid,true
99971001001,be8c5a959c8b1c5e,934c9424e9191388,CUST-998000E4,2025-08-03,prepaid,true
99971001002,3135b727347a118e,82d4557aeabcb475,CUST-66FAF6B0,2021-11-06,prepaid,true
99971001003,f4dfd69dee0e5d19,a653237643f44ff6,CUST-010B0655,2024-06-10,prepaid,true
99971001004,84349e148c01d9b9,9a2f96cda7b175d7,CUST-39873856,2024-02-18,prepaid,true
99971001005,228c19bdb9b51d8a,692b333b2534ede8,CUST-D8C8887F,2022-02-17,prepaid,true
99971001006,b28fc90996a842fb,8a088525c9650fba,CUST-253340B6,2019-08-03,prepaid,true
99971001007,3588100ab2f8a485,4781d75daaa5e8ea,CUST-6A0C8728,2020-09-24,prepaid,true
99971001008,9ea44a0865dbcf95,43ffe4e0e156a6b3,CUST-2B807BA2,2025-05-03,prepaid,true
99971001009,6840b454fb34a9d5,d4d9262914891bb7,CUST-1BDBC471,2019-05-28,prepaid,true
99971001010,cf89457c22e6c091,e4ea656209d1fc34,CUST-0A2C9697,2025-03-10,prepaid,true
99971001011,57c59a9963e4d154,8a60c56df96431c0,CUST-69F16CF8,2024-08-22,prepaid,true
99971001012,c1ff10ad39e0fcbd,90df9f9635b05419,CUST-260608EE,2022-09-17,prepaid,true
99971001013,158f970c5d3f7bc4,1ae79b67df2936ed,CUST-C5F9C361,2021-06-17,postpaid,true
99971001014,d201f4ecbc671815,e727c50e65bc8b9c,CUST-9A32B12F,2021-07-06,prepaid,true
99971001015,12794a4d1fc46501,55366c4b9e7ccb0e,CUST-75446C75,2024-03-04,postpaid,true
99971001016,45bc5618aca3dd04,703069c2e85d32ed,CUST-06A46BC3,2025-04-03,prepaid,true
99971001017,eb1f65d93a0013f9,aa392619ff00d632,CUST-3FEA8D8F,2023-03-05,prepaid,true
99971001018,37b3f8991df738ef,b2553bfdec24061b,CUST-0DC96F8F,2025-04-06,postpaid,true
99971001019,f309d1546002f013,23e75c74b8aa5bed,CUST-65B3E002,2019-08-20,prepaid,true
99971001020,f6786f6138bdb37e,a9f9a997a9cc4cca,CUST-A1337D14,2024-02-02,prepaid,true
99971001021,c6d19d5906835138,a3c8718e29844107,CUST-C2DED51E,2026-05-23,prepaid,true
99971001022,75e3f063933c10fd,d562de36bd8be632,CUST-1419C5E9,2025-07-16,prepaid,true
99971001023,e7b9fea2a271cdbd,c3130084759c7c34,CUST-433494FA,2021-11-18,postpaid,true
99971001024,c4956d9ab0fab856,f62347ecd2d813a8,CUST-D22EEDBC,2025-04-05,prepaid,true
99971001025,68a0d4c2de1a830f,a9f9a997a9cc4cca,CUST-868E4914,2025-12-15,prepaid,true
99971001026,e7502742d99810b2,ffd7c50233e7dbdc,CUST-7BD18730,2019-12-28,prepaid,true
99971001027,c97e5a8a9e4661c2,a3c8718e29844107,CUST-0E346278,2021-07-30,postpaid,true
99971001028,15a2e3d26a43b129,354d110f6dd99904,CUST-26B93D59,2024-06-18,postpaid,true
99971001029,ca73c8f2c3e78497,3a12ff7668af91b2,CUST-3987446F,2025-07-16,prepaid,true
99971001030,e9bbb9cdddc1d198,58113035f5f28aef,CUST-31E46233,2024-06-05,prepaid,true
99971001031,cade1266f842088b,fd91b123f9c155b3,CUST-42F232C2,2023-05-27,prepaid,true
99971001032,d0fc16db74689e9e,2ff9fc059d4f7c13,CUST-90A576C4,2023-03-27,prepaid,true
99971001033,33431bca8a91bff9,d86a3e480221a5ab,CUST-4C7F6F0D,2019-07-22,prepaid,true
99971001034,e12bad5df4a747d5,f3d75392e4ff4592,CUST-AE2509A0,2026-01-02,prepaid,true
99971001035,7c8b6e76062e2a65,9a0286d7509fbfa7,CUST-213CAC79,2022-04-06,prepaid,true
99971001036,1e28719a88ebe43b,c9ae5946f538fde3,CUST-A561C759,2020-08-24,prepaid,true
99971001037,3dbbbe80fc43e98e,9a0286d7509fbfa7,CUST-7EA2AFAA,2022-11-16,prepaid,true
99971001038,85f24a205d34eb75,5a874aec809fe6f2,CUST-06081706,2020-12-17,prepaid,true
99971001039,74d73f7bd9eb4ac2,83d1b9c9f96cfa0c,CUST-BEBE4042,2020-11-26,prepaid,true
99971001040,f495d329751ac52a,7d1b76bf8ff7d103,CUST-6D254351,2021-05-31,prepaid,true
99971001041,cd9cb447c29cec66,046b5f417f7cefc9,CUST-DA58A39A,2019-07-17,prepaid,true
99971001042,bd2411a8a8939a6d,9fb4acda7e990829,CUST-E46E1106,2026-03-17,postpaid,true
99971001043,5eb0f728dcdb968c,b7353606f43ac0b7,CUST-EBCF5F92,2019-10-10,prepaid,true
99971001044,723fe3c3d28ae9cf,4abfc3a94a3b282a,CUST-A999DC1D,2019-12-30,prepaid,true
99971001045,a82080bd3e79f460,ec36de123cb2b770,CUST-0ED4C4E3,2020-08-31,prepaid,true
99971001046,bc484605da5e92ca,3c68eee6bf97566c,CUST-5CE8EA87,2022-02-09,postpaid,true
99971001047,f584497163847cd9,9a0286d7509fbfa7,CUST-801067C5,2021-11-17,postpaid,true
99971001048,f6b26140a452594b,0b9c6bcbaadc3d38,CUST-5431197D,2021-03-30,postpaid,true
99971001049,05274d11b3f7fdd0,4abfc3a94a3b282a,CUST-DA7830F0,2020-02-07,prepaid,true
99971001050,10bf18d2b1401684,93748c206c2af322,CUST-D049EEB7,2024-12-29,prepaid,true
99971001051,681a63d3c369d016,1daedfaf89876dca,CUST-E1DC6E70,2019-08-31,prepaid,true
99971001052,daef1c80e672b8eb,36ee7a64822340cd,CUST-E253EF2C,2024-02-26,prepaid,true
99971001053,aeba674f3b48f6b1,1496a17e0c4f1d30,CUST-FA28EA4B,2020-01-24,prepaid,true
99971001054,b640fa831fd0ebe3,f04f97bc1ba8c84a,CUST-468982CA,2023-05-28,prepaid,true
99971001055,819c3ea43a60fc4c,8cd5f8ea1d4a18cb,CUST-38F5306C,2020-09-08,prepaid,true
99971001056,819c3ea43a60fc4c,8cd5f8ea1d4a18cb,CUST-38F5306C,2020-08-14,prepaid,true
99971001057,447afb97666cfd10,a185a2b01d29dd62,CUST-344971F3,2021-08-13,prepaid,true
99971001058,0c445bac08552dbc,50302a2812bb8627,CUST-2EA2803D,2019-04-27,postpaid,true
99971001059,5af4e1830340e23a,f7a2220439f81308,CUST-F56E5C40,2020-10-27,prepaid,true
99971001060,c0358ceab797c281,6952456ff09ce9aa,CUST-3B9FD193,2024-03-02,prepaid,true
99971001061,51a865b6e3a43dd3,bea14a843a912dd9,CUST-737EC27F,2021-10-16,prepaid,true
99971001062,644cc54b2c2dcd16,f1c8e79eae56f3e4,CUST-F09C4ACE,2023-11-23,prepaid,true
99971001063,2529d8eb1d49afdd,c1cd4d3e15b66de0,CUST-DCBC7082,2020-04-24,prepaid,true
99971001064,77ac3c095c8f5134,16b3d28eae0a1555,CUST-E29BE8ED,2022-11-25,postpaid,true
99971001065,791d278b070ae670,d9ea79070c400421,CUST-40AD402D,2025-04-19,prepaid,true
99971001066,ea38b0aee2868940,c76c65bae4d7f948,CUST-D8F43B5F,2026-01-29,prepaid,true
99971001067,61f86a29dbfe6c0a,c0921f53bf99856c,CUST-70358854,2019-06-14,prepaid,true
99971001068,00c06a07642e2549,c0921f53bf99856c,CUST-DD417DE9,2021-05-12,postpaid,true
99971001069,11cef7a852ce72b0,d20da6433acc5888,CUST-2E8A2A55,2019-12-09,prepaid,true
99971001070,644a67938242114f,c0921f53bf99856c,CUST-786F8963,2019-06-02,prepaid,true
99971001071,30774fcc652f568b,9559467917674e73,CUST-028733FF,2024-02-03,prepaid,true
99971001072,3773cf0169a0a144,00acd2e7de2c351f,CUST-42716E27,2025-12-02,prepaid,true
99971001073,085825de18eb9a50,72960b0e38f9c3bc,CUST-E1100B1A,2019-11-16,prepaid,true
99971001074,4ba79d5a968ac81a,43b24d436d9fec9a,CUST-02B2015B,2019-04-16,prepaid,true
99971001075,e5794f8d73cafc36,a03fb397dc1f1ee6,CUST-C5D20A16,2021-01-25,prepaid,true
99971001076,c4050cbc49a8e7d3,e23fe143bdcd9f11,CUST-F78FED72,2020-11-09,postpaid,true
99971001077,4068946b1a320ad4,43b4fe224bbc54a6,CUST-2639EAEB,2019-02-28,prepaid,true
99971001078,1e67fe69678c6eed,895fc8c4d8aa8313,CUST-AF69046C,2022-04-08,postpaid,true
99971001079,8ed7d75651079e98,f7a2220439f81308,CUST-794ED8BE,2022-05-05,prepaid,true
99971001080,320e469b777fba54,9bf3e9252ce5f854,CUST-4B8B7F10,2023-03-12,postpaid,true
99971001081,1cc1f7cf7331979c,f4a02863557a2bd4,CUST-F7A43878,2025-04-03,prepaid,true
99971001082,a4d79b5388d1cc31,f939c54906dcb1a9,CUST-1FCB1B8C,2024-05-24,prepaid,true
99971001083,a80b3a0182cc5f64,e83141b0cb576d5c,CUST-8A5DAEF4,2019-07-08,prepaid,true
99971001084,de295ba7ec5762e2,5d48789d283cfff3,CUST-A8AD275F,2020-08-08,prepaid,true
99971001085,a9a9ba8d3a00bafa,e5f49a9e2d896bf5,CUST-A20F3EE5,2024-09-28,prepaid,true
99971001086,7026373f649b758e,a4fbcd6e6bf0d718,CUST-7A635134,2024-12-10,prepaid,true
99971001087,2db4d319a1e6e96a,262febc710cc2c51,CUST-B2C707A2,2023-04-08,postpaid,true
99971001088,825dc23cc7847e41,98f74a1eb5872015,CUST-6660D4A1,2020-01-15,prepaid,true
99971001089,6824124b2a356719,4de666bbe742ae24,CUST-9A805767,2023-08-25,prepaid,true
99971001090,e0ac0ad3e16e33f3,c19a0e6bd4348ba8,CUST-D9B7A8C0,2025-09-22,prepaid,true
99971001091,4bc84c7012b6cb57,5d48789d283cfff3,CUST-033360E9,2019-12-19,prepaid,true
99971001092,66adc842451b549c,e83141b0cb576d5c,CUST-E9F32E8E,2021-04-22,prepaid,true
99971001093,25ca37d611fb004c,f51a8b540d18dde2,CUST-CD29CFA2,2024-10-05,prepaid,true
99971001094,dee283580c0b5788,da63909f229aa22e,CUST-D5B2A0C3,2024-10-19,prepaid,true
99971001095,6d1a28cb7e8beae0,1f9212a093d5f3e9,CUST-9EBF377C,2025-07-02,prepaid,true
99971001096,d4cf96b7b65aaefc,ad002556620af677,CUST-75519506,2022-03-05,prepaid,true
99971001097,7044be551fae09a3,2cbef3bf9c9badf5,CUST-43C74B28,2025-06-25,prepaid,true
99971001098,6a39dfab7d646041,49933ca1280b65a2,CUST-3CFAA80B,2019-11-03,prepaid,true
99971001099,8a8919abd7a48f7e,dd2f915094e8318d,CUST-A5709498,2022-07-19,prepaid,true
99971001100,c61d125520499596,5d48789d283cfff3,CUST-2412619E,2022-02-02,prepaid,true
99971001101,5b6d9e82722d3959,75a5cf9f0e512b15,CUST-12CB71F1,2022-12-01,prepaid,true
99971001102,a7cdd6c7ecca3435,35daca37913e097b,CUST-DA2FED42,2024-11-18,prepaid,true
99971001103,34f3cad514a4766a,2851785a47e600f4,CUST-8474D3BC,2023-10-24,prepaid,true
99971001104,13725893a397886f,d323bdcec1603d8c,CUST-89C94D23,2023-04-07,prepaid,true
99971001105,4261aab175f43f7a,96a7fb379e282f31,CUST-C5719275,2024-08-27,prepaid,true
99971001106,6f995266f1ade7ad,58cc25e26b229cd5,CUST-9394715A,2023-08-21,prepaid,true
99971001107,91ccc61f35fd751b,82fc358a3382bbe5,CUST-8943F8E6,2024-07-04,prepaid,true
99971001108,4b53d3da8f228732,0cd8130e068d419e,CUST-B1AD2BB6,2024-01-03,postpaid,true
99971001109,9949ba7973d7893b,4de2f376f76cceef,CUST-F2E2B4CB,2022-10-12,prepaid,true
99971001110,c3196482ddaabccb,bc804436556a79f7,CUST-206EB522,2022-09-02,prepaid,true
99971001111,f50ae889899781f2,96a7fb379e282f31,CUST-17113A88,2020-02-11,prepaid,true
99971001112,dd3d24a8e3e11d8a,cdb6b9e7d2afc5f8,CUST-A1B60591,2025-05-01,prepaid,true
99971001113,a4a7d9ffe6fdec1a,ae00f0d2d6fa8ffe,CUST-0AB51EF8,2021-03-19,prepaid,true
99971001114,94cb4d7f69953966,e6f56772e243e406,CUST-66A91ACB,2020-11-20,prepaid,true
99971001115,e2b39272c34d0539,bd0c8aff33c7d3df,CUST-C1A781B1,2022-03-12,prepaid,true
99971001116,af794d77b5ca257f,9d95307c271d180d,CUST-7CC35970,2023-03-29,prepaid,true
99971001117,ae2f020773f1d7f8,96a7fb379e282f31,CUST-94B33478,2022-01-12,prepaid,true
99971001118,99659b265b428807,99270a65ef85c640,CUST-717D86B6,2023-05-17,prepaid,true
99971001119,793b8c04e92baeec,94c9385019ca376f,CUST-EF47D155,2022-07-16,postpaid,true
99971001120,c302f9d7b775b126,d70e556839d4a9db,CUST-176FC369,2026-01-17,postpaid,true
99971001121,bf94ce17f079968d,521dec401d0875a7,CUST-170A6494,2019-12-18,postpaid,true
99971001122,98f600e6a8f9033f,8310f9eadd16b34e,CUST-4FD3194E,2021-10-08,prepaid,true
99971001123,f8ec4dd7e7c9d79f,d9c955d89328119a,CUST-73042C44,2021-10-03,prepaid,true
99971001124,3260d1149e71e3da,411b0404568cfb99,CUST-08C2C7A1,2023-12-13,prepaid,true
99971001125,a96146a76dc0e428,5092372a4aef23a2,CUST-5FAD557B,2024-10-14,prepaid,true
99971001126,d1b4e0138d21c5b0,e8cbd2e32e02433d,CUST-2C4552F0,2019-05-08,prepaid,true
99971001127,0d3a139e7cab6636,dfbdcdf487bb2bdf,CUST-14FB3973,2024-06-06,prepaid,true
99971001128,492c07439f55ef4d,aed98d2f17c5d1ac,CUST-C6129B58,2020-12-04,postpaid,true
99971001129,c49cbb71601a57da,7426ddf40a99847d,CUST-19395956,2020-05-23,prepaid,true
99971001130,3a31e6b56ba7a4b3,804e7f481d4ad671,CUST-38C11CEA,2022-11-26,prepaid,true
99971001131,21574d79405c5574,77d5d13d5d7b4742,CUST-F87E3653,2022-12-18,prepaid,true
99971001132,ac9ffacf9cd7698b,f60de40d8d4ab337,CUST-E3694AA1,2019-01-10,prepaid,true
99971001133,62e4cd77879d42b1,94ca7d13a26a36af,CUST-D884F091,2023-02-21,prepaid,true
99971001134,f01b575d99ede79e,a09c8b2401647f9f,CUST-A1C86A1E,2019-03-03,prepaid,true
99971001135,e85d850de541d1f0,5889fb32a7b54b36,CUST-4D338A57,2023-04-09,prepaid,true
99971001136,e990e092b38158a2,7e04f153c61a041e,CUST-1A13B0F8,2023-07-31,prepaid,true
99971001137,5946c86be04beb40,0d1b0464fe8e2a17,CUST-56772112,2025-01-17,prepaid,true
99971001138,5037e82bf417affa,85a9ecfc8f1330e3,CUST-A4233BCD,2021-03-05,prepaid,true
99971001139,03d74134c5f8023b,14bda5600052aee6,CUST-C96FA378,2025-05-21,postpaid,true
99971001140,a1a66f55a7cf30ef,7e7a66acb164c31d,CUST-7901F815,2022-10-28,postpaid,true
99971001141,7f73f645a791defa,f7bc516c4766b2e0,CUST-982549B0,2025-05-11,prepaid,true
99971001142,a996df86f5b44f85,12f43e7c640be51b,CUST-03B60BC3,2020-04-10,postpaid,true
99971001143,76b674e72abba03b,5889fb32a7b54b36,CUST-6B3950A1,2021-03-26,postpaid,true
99971001144,76b674e72abba03b,f5b5fd7115686166,CUST-6B3950A1,2023-08-15,prepaid,true
99971001145,a59c536dac787c82,ebd063d71d8c4606,CUST-9F5D3A1B,2026-02-05,postpaid,true
99971001146,711478b2dd362f52,d0f6d4f8abca7550,CUST-209C19B3,2023-02-02,prepaid,true
99971001147,24238d720f0cf8ca,fadc73e925777bff,CUST-760FF6FD,2022-12-01,prepaid,true
99971001148,bd91e84533762ecd,f7bc516c4766b2e0,CUST-7FC4D78B,2022-06-29,prepaid,true
99971001149,53231f9119e6c8d4,d8eca2312af184d3,CUST-93B90586,2021-12-29,postpaid,true
99971001150,9da881d2831a2d6d,e3da1815f0744fbb,CUST-EC047931,2024-08-19,prepaid,true
99971001151,e5f2c5196da04a02,ca8b21d054dafbdb,CUST-2A41985F,2024-11-30,postpaid,true
99971001152,e7bb40b677bfdf47,ecad72a461303957,CUST-278955A3,2024-02-28,prepaid,true
99971001153,4ab6d50fa93dec70,e42c085cf504aa99,CUST-A75C4673,2019-01-17,postpaid,true
99971001154,7c879486fe1646ff,ec0682978fa5a032,CUST-CA7DC69C,2021-04-21,prepaid,true
99971001155,d9b03ad00fe0a4f9,c9ccd0ca5957ff6c,CUST-E08896E4,2024-09-19,postpaid,true
99971001156,f1c5bb13483e66d5,85df1ff05817a099,CUST-D0E11681,2026-01-10,prepaid,true
99971001157,1d51d66e2d02178e,93c84f1ab01fe403,CUST-DD7424E5,2024-08-06,prepaid,true
99971001158,a345a1a33f21ea7a,f43bb4dee2686f6c,CUST-F95E0473,2019-05-26,prepaid,true
99971001159,20d184237f433f27,2912bdfbb3d95110,CUST-6D4F9B7A,2024-02-08,prepaid,true
99971001160,ad805b72cd0c32ce,2a2d631c5af3fb51,CUST-B559C606,2023-04-07,postpaid,true
99971001161,cd20acf898e5fdae,2a2d631c5af3fb51,CUST-7CDAA9E9,2026-04-01,prepaid,true
99971001162,4a9a0984c1bc45a8,766ad236db0df4fd,CUST-1EAA177D,2023-11-03,postpaid,true
99971001163,fcecc1906d8d6bdd,a6d81e6751d1148f,CUST-163C851E,2019-06-30,prepaid,true
99971001164,684deeb2e9cdc81e,b3330255b1412ca2,CUST-3AC9D645,2025-02-10,prepaid,true
99971001165,755bf4ccc0b105e8,6ba431c01d55f8ed,CUST-EF64B961,2025-03-26,postpaid,true
99971001166,405f9dc17c8254f1,2a2d631c5af3fb51,CUST-9CD51DD0,2020-10-23,prepaid,true
99971001167,f0f5e66e2e8833eb,cb15850532652497,CUST-EB8C1032,2022-08-11,prepaid,true
99971001168,a3d214d8f914d0c3,93bee74d8aa40b0f,CUST-3BB6180F,2019-02-02,prepaid,true
99971001169,0b3e391fb979106e,4f98ccbde10a715e,CUST-8E9F709B,2020-04-19,prepaid,true
99971001170,319911c7d19dc469,4473690677657fe1,CUST-146EC796,2022-05-23,prepaid,true
99971001171,da881eb3f29c2927,5f45d5c9028baba4,CUST-062AE584,2023-04-11,prepaid,true
99971001172,2f80d6f0ce0af8b5,93bee74d8aa40b0f,CUST-23CBFA02,2022-08-04,prepaid,true
99971001173,1e66f793a3ff0989,c0e02c8865e793e4,CUST-FC7C074B,2022-01-27,prepaid,true
99971001174,fc3bb53eaef1334d,93bee74d8aa40b0f,CUST-EF2B4634,2021-03-15,prepaid,true
99971001175,bcc13d7015b62676,bf6314c98b1ff97c,CUST-78641332,2024-02-14,prepaid,true
99971001176,7747897b8eaff631,dd946692c0093eb8,CUST-9BA7C86D,2023-04-05,postpaid,true
99971001177,63307b5e2c72e388,c47a344a71ce1a74,CUST-F3E9CB1E,2022-03-04,prepaid,true
99971001178,70a26e6b75580970,0d260e9f38f3d675,CUST-1B3997C3,2024-02-13,prepaid,true
99971001179,df1ae060fe5303b5,e2f1b0d7192aa9a5,CUST-57BDFE7D,2020-10-20,prepaid,true
99971001180,af5fcf34954b2a05,1a63a98399ad3304,CUST-8068E561,2022-05-11,prepaid,true
99971001181,84fa08840f6635a9,4a4d2ae828f61408,CUST-6A6C9027,2025-09-16,prepaid,true
99971001182,e057167bb99b230b,1378b91544792fee,CUST-B37345DD,2021-09-07,prepaid,true
99971001183,f2272eb228dfca0f,1820857cc425212e,CUST-49A9C1F3,2024-05-02,prepaid,true
99971001184,34480a9ed0bf6304,78b6583a78b67ead,CUST-980524F4,2019-02-03,prepaid,true
99971001185,28587b9fd20f4011,bdfa2a2cf6e751e6,CUST-81AD6123,2021-02-25,prepaid,true
99971001186,4a4074a1b03e7f95,bbb4d4f7b61c7a75,CUST-5E746457,2025-10-23,prepaid,true
99971001187,2918cb11106d25fc,86fe2a3e5ec50117,CUST-0C0C0D68,2021-06-10,postpaid,true
99971001188,91f9b16011b6b09c,0e298c327c2a902f,CUST-04C41B53,2020-01-22,prepaid,true
99971001189,8c82e05908001d49,1a63a98399ad3304,CUST-89328A79,2019-03-01,prepaid,true
99971001190,ecf36030d161c696,84ccf8bc87713a45,CUST-6E889BF4,2019-09-22,prepaid,true
99971001191,35b1a0c892a0878a,cfaae75e5385f91b,CUST-6F3BEC09,2022-05-29,prepaid,true
99971001192,7aaa4c6df58737a0,1d172f775b86e641,CUST-AAC0094E,2025-03-16,prepaid,true
99971001193,9821ae8deb7ec6d1,1a63a98399ad3304,CUST-0F67A43B,2019-09-13,postpaid,true
99971001194,6dc7ab81367f9fa6,b563b4c133d88c28,CUST-1CBA480B,2024-10-13,prepaid,true
99971001195,654ccdabe97a0cb0,d7f4efe3d63289a0,CUST-3B6641A4,2024-05-25,prepaid,true
99971001196,27f2076b2a8b2a2d,cfaae75e5385f91b,CUST-51CB9A53,2020-11-10,prepaid,true
99971001197,17d8bcc53abcc84b,e8901059d8b38ef5,CUST-6E17F3B5,2021-06-06,prepaid,true
99971001198,3698245be95d759b,3fd9ecbe8ff1d286,CUST-0AECEEA8,2024-06-20,postpaid,true
99971001199,a9995df6b76d0329,d40780933975b01e,CUST-E20296DE,2022-08-12,prepaid,true
99971001200,a9995df6b76d0329,d40780933975b01e,CUST-E20296DE,2021-08-08,postpaid,true
99971001201,ded1da34ff189f40,886bc1097bbf7516,CUST-81ADA202,2022-06-11,postpaid,true
99971001202,f7b92e01a6a17bc6,fbdd2b67bcc3e55a,CUST-EA161CB3,2026-02-22,prepaid,true
99971001203,7068b92e78c302f7,2af17876638416d4,CUST-36FFF89A,2025-12-11,postpaid,true
99971001204,360172359c848079,b552d49d06806e34,CUST-00A67C29,2021-12-16,prepaid,true
99971001205,d1f61c2c1ffca90d,5e344c2720807b2e,CUST-1B269A49,2023-01-03,postpaid,true
99971001206,b378e0ca207655bd,3f10f55173dc5d20,CUST-5378784C,2026-03-24,prepaid,true
99971001207,1f306de9ad437fc3,7f8c9d3d438c8cbb,CUST-1AC17DF2,2022-12-26,postpaid,true
99971001208,3d6c0af5e101ae70,168bf71256a97a96,CUST-FEA21B67,2021-06-28,prepaid,true
99971001209,386bb231e7971ea6,8e10deeba4c874a0,CUST-3431B2ED,2019-08-29,prepaid,true
99971001210,099664438f688241,a37711cd09bd97c5,CUST-EBD8ECC1,2019-09-19,prepaid,true
99971001211,27e633d119dd4ee5,da37c842dc0448e0,CUST-BF157320,2023-11-10,prepaid,true
99971001212,c7d7ac0098145ca0,2283fc4fd306dece,CUST-0666114E,2021-04-03,prepaid,true
99971001213,62eaf239628e28fa,efabc53e3c7524ce,CUST-E64DFA28,2024-07-18,prepaid,true
99971001214,59a0e0624017c3b5,b017c3e4e70f31e3,CUST-3C590232,2020-02-16,postpaid,true
99971001215,d0d013a2371a16ad,e6b06a25446d75b2,CUST-83A9881F,2025-02-18,postpaid,true
99971001216,9cc1cea2a00112d1,eb92b8e06fd8fd2d,CUST-25B1E751,2026-01-25,prepaid,true
99971001217,5001fa6d623cfb31,9a82f0872e7a6d7f,CUST-EEBA6D6E,2021-10-23,postpaid,true
99971001218,2408dfcf07a321f6,efabc53e3c7524ce,CUST-3628C665,2025-12-03,postpaid,true
99971001219,ca8dddba85827002,11512c2fc3ce8745,CUST-2334027F,2021-04-19,prepaid,true
99971001220,03c43c552d5a5a8d,f39c39d5bacafb2a,CUST-34885B65,2022-01-26,prepaid,true
99971001221,8bbe416385776b8c,90cfddcf27c603f8,CUST-18163AD0,2023-02-14,postpaid,true
99971001222,66081d0cb2194676,79f235f4fe651000,CUST-DFE41C1D,2022-08-07,prepaid,true
99971001223,c6b563139f2b2bfb,7485122baab05982,CUST-BE110962,2024-08-17,prepaid,true
99971001224,070c00186a75cbdd,2af17876638416d4,CUST-617EC3BC,2024-09-14,prepaid,true
99971001225,28ee9d2997407d0d,9cb380f53f84b0f1,CUST-46ADE34C,2023-03-08,prepaid,true
99971001226,6a42b7312bd4f49c,0ded3fee77c332ea,CUST-FE956A20,2021-01-10,prepaid,true
99971001227,b57fee65216c998e,5237701227908065,CUST-AF845DBC,2025-10-30,prepaid,true
99971001228,8b39cc20ddaac40b,d509fdb30d3c7650,CUST-353EF47F,2025-05-30,prepaid,true
99971001229,d06db16a7e051e1d,24e3ce1d20838645,CUST-A3BE1EC6,2021-07-28,prepaid,true
99971001230,d82e8ff2e3c080ad,1a5db141ac497ab1,CUST-B1E0A562,2020-03-09,postpaid,true
99971001231,750235deeccb3c60,2d0be169e8c92f12,CUST-91198647,2020-10-20,postpaid,true
99971001232,8eacf2ace44aa0ef,82942115c07f1ddc,CUST-85C0C19F,2021-02-18,prepaid,true
99971001233,559390af4985f96b,b08b11cfc60c1971,CUST-84770EDD,2022-11-18,prepaid,true
99971001234,539e5592b181c9ae,f9fcb00618fa7ded,CUST-A4AB664B,2023-06-25,prepaid,true
99971001235,78ae5861f35dab0e,868b7bf41b8efbc6,CUST-B601935E,2022-04-17,postpaid,true
99971001236,a4ce306da1df3d3b,7c4198dc700f3193,CUST-46FA7ED3,2023-11-20,prepaid,true
99971001237,b74db14249642729,7f7de44f434ed1c4,CUST-F5D021DD,2020-02-09,prepaid,true
99971001238,fc417137f216b8f9,f02e31bffaac36c6,CUST-3DADB26C,2026-05-02,prepaid,true
99971001239,5ff5935007e2ea14,637d39caa951441c,CUST-2EE42FCC,2020-11-11,prepaid,true
99971001240,1c4c919936a7f2eb,25b1ee0ffb2aa174,CUST-3E0C5BBC,2019-02-09,postpaid,true
99971001241,4a735ec6efd92f77,25b1ee0ffb2aa174,CUST-F6DF0557,2023-04-19,postpaid,true
99971001242,e0cb6e0b8690fee7,30ebc8874651ab83,CUST-DB99085C,2020-11-19,prepaid,true
99971001243,0799f0aea1557bc3,b8eefadf17d20996,CUST-2D3957FC,2021-03-09,prepaid,true
99971001244,8505f287addd145e,9414c247eb4448fd,CUST-89E9E655,2022-11-05,prepaid,true
99971001245,54e51adae9aa6566,1996fbf21ed61149,CUST-FD3A11F5,2020-09-06,prepaid,true
99971001246,9ac139ce5087df8d,82942115c07f1ddc,CUST-E88DAB65,2025-07-27,prepaid,true
99971001247,1957ed8cf927c8d6,36820200d7f7714f,CUST-6BA383ED,2025-11-10,prepaid,true
99971001248,1957ed8cf927c8d6,36820200d7f7714f,CUST-6BA383ED,2019-01-08,prepaid,true
99971001249,d430a8bb6f6c5e43,2c3065fbd418e007,CUST-C79AF16E,2023-12-18,prepaid,true
99971001250,ab95ea10cac3a147,c45a828494062801,CUST-C1761324,2020-04-28,postpaid,true
99971001251,354bbc7b53fb301f,4327ee5db9dfecf7,CUST-998932F3,2019-02-13,postpaid,true
99971001252,7c445b6a719d6f41,3254f8d6ef8632a0,CUST-FFA059A2,2022-07-27,prepaid,true
99971001253,b1a04398c021ca14,f16a3f68a3ac94cd,CUST-7F1F0288,2025-06-29,postpaid,true
99971001254,f2021ed580b38dea,b7a3f07b421dc023,CUST-5245FDF8,2023-11-08,prepaid,true
99971001255,57f79308844f9bda,b7b96b45a920b388,CUST-69D1B1DF,2019-02-16,prepaid,true
99971001256,47f4c56d5f4693b8,58887d6a22e793bf,CUST-BC86A1A2,2019-07-27,prepaid,true
99971001257,9bc4ef62337290ce,b7b96b45a920b388,CUST-9342893A,2019-03-24,prepaid,true
99971001258,95cfda5f996e512b,a1c907d6976c8620,CUST-53F98866,2020-09-13,postpaid,true
99971001259,18243c169b314a92,76d6fb3336c5d17d,CUST-40211CAD,2020-08-07,prepaid,true
99971001260,4995cd478a1e2f58,462e28ecb33edae6,CUST-1488FDD2,2024-04-23,postpaid,true
99971001261,eec75ce1ca1f052f,5fbbf70c600eca14,CUST-C8130F38,2021-06-12,prepaid,true
99971001262,a6efe59b85ae830c,b7b96b45a920b388,CUST-A7D9E1F3,2025-05-31,postpaid,true
99971001263,f1621442ca771616,3be574ff4e9f4e64,CUST-9674AF42,2023-06-04,prepaid,true
99971001264,7c9550ba25ded1b4,3be574ff4e9f4e64,CUST-863783BB,2020-01-23,prepaid,true
99971001265,8a15ba6cca636955,4bf95e339df349dc,CUST-50ABA3CF,2022-08-09,postpaid,true
99971001266,2ccbb25c69d08bcf,b00838b64096783b,CUST-60ABECBD,2021-07-25,prepaid,true
99971001267,cbf08645d8f5f2e4,9abdf4706bebb58c,CUST-F2081B2B,2021-12-30,prepaid,true
99971001268,3dbdd518e6b8dae8,3be574ff4e9f4e64,CUST-4C008D0D,2026-05-20,prepaid,true
99971001269,3cb1a0df32c928c6,0bbb43806ccb7481,CUST-0EE6B7A3,2019-11-27,prepaid,true
99971001270,167b39fa68182f88,7ca4e09be73fcc5b,CUST-7A379DFA,2022-07-21,prepaid,true
99971001271,9fa0fe2f07cc91f3,612461ab12a69e60,CUST-FD608A53,2025-11-19,prepaid,true
99971001272,f18eccb6ccca131e,8f7099bfce3e30dd,CUST-28D90AA0,2021-02-21,prepaid,true
99971001273,8a2cfcc475118471,fd063d8e0dce0dd1,CUST-957577AB,2025-11-15,postpaid,true
99971001274,1406eba36b6a2bb4,db0462c7ef0b72d5,CUST-77FD1BBD,2021-08-23,postpaid,true
99971001275,a0359227b6d83489,3f504a4573b2d053,CUST-DCA0318C,2021-07-29,prepaid,true
99971001276,776ca3783881f023,bb5a12ef7593f270,CUST-BA8A1EC0,2022-04-17,postpaid,true
99971001277,85f1102b91936be3,5f9c4e54e61bb5c0,CUST-C86EB5C3,2019-10-18,prepaid,true
99971001278,1213bb5bc9437030,bc540c089c3f9a22,CUST-F139D611,2023-05-07,prepaid,true
99971001279,d7d478fefc729833,659c6237486fa661,CUST-5212D47B,2021-10-27,prepaid,true
99971001280,3557a3903f7d4524,650553fb148bd79d,CUST-368A07CA,2022-02-21,prepaid,true
99971001281,27b05390f2a67caa,3f504a4573b2d053,CUST-91FE7855,2019-12-16,prepaid,true
99971001282,c618487b25b45204,4ec193038111df22,CUST-2AF11140,2024-10-05,prepaid,true
99971001283,1673ffa6565a3d25,5f9c4e54e61bb5c0,CUST-4CBB3D1C,2021-09-01,prepaid,true
99971001284,801aa5687675e11a,62f41d539f831ac4,CUST-4D411695,2023-09-25,prepaid,true
99971001285,d1106185abae9456,55b26f51b5bd44b5,CUST-CEA7554C,2023-05-21,prepaid,true
99971001286,bec39b8c13233132,d0d401f369a94764,CUST-C2AF4AD4,2026-02-25,postpaid,true
99971001287,8c86c15309841ce3,b410db5e7f165b0f,CUST-F412A9D4,2024-10-30,postpaid,true
99971001288,4cd175215c4c3de6,baea545184ee0468,CUST-5AF0FDE6,2025-12-07,prepaid,true
99971001289,f3a953f44cd1b41d,26c65c6ecf50809e,CUST-A7C166D3,2020-05-06,prepaid,true
99971001290,bdaa40d259ce16d7,5f9c4e54e61bb5c0,CUST-B27ED745,2024-10-03,postpaid,true
99971001291,376bab93a4f762e5,5589f0dc26837462,CUST-C7CB80F0,2020-01-24,prepaid,true
99971001292,25455f7922580fef,ad8aa5e661cc70cd,CUST-0D9703F5,2023-04-07,prepaid,true
99971001293,05c7cb5ffcdcba4c,75b1013051379d9f,CUST-CBB92FBB,2022-02-01,postpaid,true
99971001294,7872778a1dcba26a,e804099c13ff0d34,CUST-B1A9E454,2024-05-05,prepaid,true
99971001295,1ffb5a8e30b9f1b9,b99c17ffee6df703,CUST-B47DE6FA,2022-10-07,prepaid,true
99971001296,eb237dbb1d8596f7,190abe8311550a4e,CUST-5AE5488E,2024-11-14,prepaid,true
99971001297,a25648470758e36d,914a59edf470cb0c,CUST-50017E7A,2025-09-11,prepaid,true
99971001298,1494135fdbabbf27,8afe4a2ad87530a0,CUST-6BA12F5F,2021-06-05,prepaid,true
99971001299,c456f5b9e778375c,d2c066e7f94312ec,CUST-A6C96E07,2024-11-13,postpaid,true
99971001300,e1b0a5570c75c1c7,a563241dc58bc472,CUST-0191A88B,2021-03-11,prepaid,true
99971001301,e2a7cb1833028a8f,d7922730ca2e4db3,CUST-57CAAE8E,2021-07-03,prepaid,true
99971001302,85dc8caf9beed651,d3c63d3ad5f50237,CUST-015F9ED9,2021-03-23,postpaid,true
99971001303,4f9f85c1637a5bfb,0a629cf908e397e2,CUST-970EA550,2020-06-22,prepaid,true
99971001304,21a02d68f8314d56,81609d62b4c8a1bf,CUST-52297EA4,2025-03-12,postpaid,true
99971001305,5380cc004d7cef18,4fdaa9d510deccf4,CUST-6A55430D,2021-10-15,prepaid,true
99971001306,5a529cdf64575d40,002f0fb4ae917739,CUST-77233D9B,2022-08-10,prepaid,true
99971001307,3a681139d56a2192,939ed3f51eda6184,CUST-229BA78F,2024-03-10,prepaid,true
99971001308,4e86f89be7e7f065,3c37b96d5e929523,CUST-D87181E5,2020-03-27,prepaid,true
99971001309,3d953824968efb95,fd858a1fa390fc50,CUST-CFED5EE7,2022-09-16,prepaid,true
99971001310,7595e9edcb7e2bca,55d18ad1b3717308,CUST-42A7071E,2022-06-19,prepaid,true
99971001311,8eb06503e82b677f,d32b57aecdfe6a07,CUST-91041AE4,2022-02-07,prepaid,true
99971001312,ecf57200bd18cee9,fd858a1fa390fc50,CUST-DCE99B55,2024-07-28,postpaid,true
99971001313,93b66c38b9d26a83,7f5caa2874c3d598,CUST-997907B0,2019-07-15,prepaid,true
99971001314,69bd9cd4878d0f58,a563241dc58bc472,CUST-D57FB1EC,2026-05-16,postpaid,true
99971001315,e627d269a1a222df,ccd0a84f88f06bf2,CUST-C4937F58,2026-03-07,postpaid,true
99971001316,5ec57406787f33f0,13b2ed86a3a2208d,CUST-48723256,2021-07-19,postpaid,true
99971001317,4ddb697dc8e82192,9d8d7c7b23644021,CUST-A15A063E,2022-03-21,prepaid,true
99971001318,e97763a74fd893c5,97010c376e02f122,CUST-1032F495,2020-11-10,postpaid,true
99971001319,28fb0b9af7e9ec38,4b6757266325f3d7,CUST-94F07441,2021-01-07,postpaid,true
99971001320,2c5878b0a0e6be9c,aabacac8d2c63799,CUST-EAF65BA6,2025-04-06,prepaid,true
99971001321,cd5959cc086a79ba,0313272e4cacda8e,CUST-251DE6D0,2021-03-28,prepaid,true
99971001322,3fc2e2037d9541dd,6ae8edf2d0b523e2,CUST-2CF1ACD6,2021-08-22,postpaid,true
99971001323,9de59f93a8e3c95e,2580a7380ddbcacb,CUST-AE1EC036,2023-03-30,prepaid,true
99971001324,a3beec2ea8c080d8,6da319166685b416,CUST-1995AB6D,2025-02-06,prepaid,true
99971001325,53eda9d80c45d42d,06cf264b8afb9489,CUST-5FB3285E,2024-09-09,prepaid,true
99971001326,9f8a1edcd05968ca,dede1909d96e9aa7,CUST-EA51A0E8,2021-08-14,prepaid,true
99971001327,70b37e9d185bc7dc,fe713b90f8748b4f,CUST-F2923806,2021-02-21,postpaid,true
99971001328,df5b8d1db1c2b94c,97f8f5a9ba8181b0,CUST-533B9141,2021-02-17,prepaid,true
99971001329,ed27281549ffc809,0313272e4cacda8e,CUST-6CDCA568,2025-10-02,prepaid,true
99971001330,7058c169033bdfe8,dede1909d96e9aa7,CUST-B29A2A01,2021-06-04,prepaid,true
99971001331,53456a432387bd03,2f3bf5166368de3c,CUST-FD1F37C1,2020-07-06,postpaid,true
99971001332,d8f31a6068b2b187,dede1909d96e9aa7,CUST-042DE40E,2022-04-30,prepaid,true
99971001333,0c9fea82464ba423,1833014a635671d3,CUST-6B1656D3,2024-10-28,prepaid,true
99971001334,9e7ba4dda81cfcd0,01166b2521fc2976,CUST-CF5092E1,2020-10-24,prepaid,true
99971001335,e171ad5b3d32a71d,f05182458048b1ea,CUST-918670A5,2020-11-14,prepaid,true
99971001336,92c87dd69bed0731,ee16b30743b0140d,CUST-EA184CBA,2025-03-28,prepaid,true
99971001337,39d7e69be778d277,0313272e4cacda8e,CUST-222F69B3,2019-10-07,prepaid,true
99971001338,24bff9ba138f84dd,6ab5445cd0a32ccd,CUST-55E8EFD2,2025-10-10,prepaid,true
99971001339,7443137c42e37077,2470c6a5351d4b23,CUST-4CB8A3B9,2023-01-06,postpaid,true
99971001340,e696d8c4fc0fbe5e,5bb6a69a86b9c2a7,CUST-685E5B13,2019-02-07,prepaid,true
99971001341,0c115d24954f0d65,c78bee9e8fe264dc,CUST-D2392ABD,2019-06-28,prepaid,true
99971001342,6f00e88633af3c0d,e6ddb8599752eefe,CUST-9372DC1E,2021-07-13,postpaid,true
99971001343,a9e6c2ffd297df5a,f2f5e247fc1e9ec2,CUST-7F84577B,2019-01-29,prepaid,true
99971001344,6603e0f58584155f,9eebbc005bb000fd,CUST-FA69E1EB,2023-11-05,prepaid,true
99971001345,b3c9a81f0e4aab70,14ffbbbd21f0f3d3,CUST-0DC73D25,2021-09-22,prepaid,true
99971001346,096af0d86ade4f4a,bbd6f012929f6793,CUST-76E22DE9,2021-04-22,postpaid,true
99971001347,8f941904361ecde8,756c57e486946331,CUST-003552A8,2023-09-06,postpaid,true
99971001348,edf540d93822bd23,14ffbbbd21f0f3d3,CUST-9616ADC8,2025-08-08,prepaid,true
99971001349,b3495dc158385138,d564bf72d481fa97,CUST-A2100604,2024-10-31,prepaid,true
99971001350,71c2be313141e3a3,4c83501138e96279,CUST-14D5B215,2025-07-08,prepaid,true
99971001351,727819f92f5c6c4e,9e56a2aee19a184d,CUST-838CF3F6,2024-06-17,postpaid,true
99971001352,b1b55f0b550db071,bbd6f012929f6793,CUST-34F8A610,2024-10-27,postpaid,true
99971001353,54146807d39f4ca6,39ac1b3941ea3ad8,CUST-23E68229,2020-01-20,prepaid,true
99971001354,f43e6d613a0c36fa,3434e0947a6a986c,CUST-EDBB5131,2023-01-15,prepaid,true
99971001355,7b434a334edd407a,14ffbbbd21f0f3d3,CUST-2291823D,2022-12-15,prepaid,true
99971001356,f71611cdd9de7481,3e0f0129d276b214,CUST-6732800D,2022-10-28,prepaid,true
99971001357,4bbb4399eace882f,624d8c0ad7e4b979,CUST-6C232E57,2026-02-08,prepaid,true
99971001358,1bf8b2f49931f414,d52aef0ef86a3a75,CUST-06AD092B,2025-08-28,prepaid,true
99971001359,25ed3fe282c369ba,58310329b1850ff0,CUST-43F5F02C,2022-09-22,prepaid,true
99971001360,defe20771a0a466c,958ec458ea163d46,CUST-4D0BE29D,2024-12-27,prepaid,true
99971001361,58ac2b63b2dadda0,50330742a71f8372,CUST-BECB7E98,2022-02-10,postpaid,true
99971001362,526f39b0b739bf68,c5b5b052cb50b072,CUST-96E5E329,2019-07-18,prepaid,true
99971001363,b72ad00f9f930279,bbd6f012929f6793,CUST-1AE374E0,2022-08-11,prepaid,true
99971001364,ec04785ad7426568,05527bedde9f6abc,CUST-06902AD4,2021-06-09,prepaid,true
99971001365,34642bac6bbf94a3,27f17d2fe2e35b95,CUST-A7D27C2B,2019-08-20,prepaid,true
99971001366,36ae6085a92576aa,42dd2096161decf5,CUST-78498F7B,2026-03-26,prepaid,true
99971001367,5c2a61d2106f9cca,c553fceb2fdcf2ed,CUST-703B9138,2023-04-15,postpaid,true
99971001368,a457cf6167416fc6,6fc3ad9403cdf014,CUST-C7B4910B,2026-01-12,prepaid,true
99971001369,1e1a8a17b862cf2d,d28c3e607b9bac7a,CUST-466FAA3E,2020-02-04,postpaid,true
99971001370,48323ab73b112652,32c73f2d048d0cac,CUST-53589BAB,2019-06-22,prepaid,true
99971001371,6ccbaa92dadff08d,1e0bc4736c2e7c1c,CUST-C196C0B6,2025-06-23,prepaid,true
99971001372,32aed1c17300f14d,4199d406a1526722,CUST-4AC5DAE5,2024-03-23,prepaid,true
99971001373,9f2c097117484669,4c8094e8abda7f58,CUST-124A6277,2024-12-23,postpaid,true
99971001374,9f585ed5d6699d11,3e7dabba47f0dda0,CUST-66FBD5F4,2025-10-28,postpaid,true
99971001375,eb55b1128f5bdbab,64164c05dc659609,CUST-38132425,2024-02-01,postpaid,true
99971001376,43cef688ec4c2204,9ab0b0c2ae81ad92,CUST-4DCAF562,2022-09-26,prepaid,true
99971001377,15acbc3bf0124ad0,c0a6d9fe7cf22137,CUST-1552D7E3,2021-07-30,prepaid,true
99971001378,2f84f1d7893a9e06,1e0bc4736c2e7c1c,CUST-429CFF69,2022-03-15,postpaid,true
99971001379,8de6c11ea9c08a72,eb8eee09890ee511,CUST-CE60AFCC,2023-10-25,prepaid,true
99971001380,ca2784c52c0dd488,bd0d7ba32d6d4c76,CUST-FD36D42D,2021-07-02,prepaid,true
99971001381,308fe7957ec93282,ff7668ba6a3bb28d,CUST-D5719A76,2025-09-14,prepaid,true
99971001382,c93f6f18676c641f,b6d6e9cfba483594,CUST-FDA04630,2020-08-12,postpaid,true
99971001383,42d3e18426c1d04c,1c94dd6c73b6d8d8,CUST-5A23ACE9,2019-11-21,prepaid,true
99971001384,9692ae75be45aca9,8dffda8bfcc8ea89,CUST-7905A20F,2019-07-15,prepaid,true
99971001385,a9dba6b3f8f60ace,4c8094e8abda7f58,CUST-E359EA27,2022-07-06,prepaid,true
99971001386,a9dba6b3f8f60ace,8022a98012ac53b0,CUST-E359EA27,2019-10-11,postpaid,true
99971001387,2999425bcd7819a2,4c8094e8abda7f58,CUST-01805CEF,2019-02-06,prepaid,true
99971001388,0896d7a6123bceeb,0f2528e10bdb0805,CUST-C41D1CD5,2019-08-30,postpaid,true
99971001389,0737e3a70747b3a6,b9a081b2b2279a94,CUST-D42F2210,2023-08-03,prepaid,true
99971001390,52f801275d5f704b,1c21bc7a47dc9cac,CUST-70A2B4E8,2023-02-03,postpaid,true
99971001391,469f7d115af87dac,3f7cf4877b1e21da,CUST-5FA7482F,2019-12-06,prepaid,true
99971001392,d869acec85b0124b,667edd3c0e30086c,CUST-5D3D855A,2019-09-25,prepaid,true
99971001393,de1e21e338fa80b7,2c3b8098b50d4e6c,CUST-DC27EBA4,2022-09-14,prepaid,true
99971001394,8a7d00eda0407920,944d1e9c9b79e9af,CUST-212A5282,2020-12-18,prepaid,true
99971001395,f4c453669eea5ad9,a41e86d9021e32cd,CUST-FEEF8A79,2019-02-17,postpaid,true
99971001396,b90fbe224a73fe55,582e3de0427b948c,CUST-27F19845,2020-06-09,prepaid,true
99971001397,02b371a0038c8911,f88e1cd6db915265,CUST-0C8671BC,2020-03-24,prepaid,true
99971001398,c48c9dcbc1092d5b,c413d0690c493d53,CUST-02FC2620,2020-08-15,prepaid,true
99971001399,de68a04df478a2c1,08e9927e5736fad6,CUST-427BA02C,2019-12-01,postpaid,true
99971001400,8ef1e1abb2851eb7,fdb44528b8136474,CUST-BE91E7A1,2019-11-25,prepaid,true
99971001401,25b56e38dd5ee83a,a289c3ddedae604e,CUST-F2FE3DFA,2019-06-09,prepaid,true
99971001402,89ccc19c59c49ca5,0e43ccdf73974425,CUST-6230DA55,2021-02-01,postpaid,true
99971001403,07f49f00265a5391,ba3f88e1c3e78ac3,CUST-0B03ADB5,2020-08-01,prepaid,true
99971001404,256b023d614b7fba,2042589025124fc9,CUST-815C1E45,2022-11-30,postpaid,true
99971001405,f070d167bf91fa26,d7f59dfacd3d6e2e,CUST-394156FA,2019-02-28,prepaid,true
99971001406,dc0beaf8f845e2f8,dd34a77c634a26aa,CUST-7D18C8F6,2023-08-13,prepaid,true
99971001407,1aa3843e2c2948fc,defe354b9363dd59,CUST-CBD17400,2021-10-14,prepaid,true
99971001408,9abfa6c004de5944,198552208f3d8c5c,CUST-012D2795,2019-09-15,prepaid,true
99971001409,c1a79da489fbfe21,cb06406de172524e,CUST-342CAF7F,2019-02-01,prepaid,true
99971001410,5cac3d190e7e7fe4,582e3de0427b948c,CUST-0E235082,2021-04-27,prepaid,true
99971001411,906a8e3f05894e57,852ca390125ae00f,CUST-3AC39EF3,2020-12-21,prepaid,true
99971001412,f66ccda9ad8a656c,5510f9ded83b2232,CUST-055F0C77,2019-06-04,prepaid,true
99971001413,f7241dda5261d8f2,237342439fb3b613,CUST-8D79CC65,2022-02-26,prepaid,true
99971001414,4beaa64753422a08,582e3de0427b948c,CUST-07FDB546,2023-12-31,prepaid,true
99971001415,ab7414a1cd652fb8,07423fa759a41567,CUST-E031CDCB,2020-11-17,prepaid,true
99971001416,ab7414a1cd652fb8,ba3f88e1c3e78ac3,CUST-E031CDCB,2024-10-01,prepaid,true
99971001417,bfc6a4c9375df7e8,224270d227b0f155,CUST-5EAA7833,2019-10-29,prepaid,true
99971001418,0217dd846563963d,c250e8ba729816d7,CUST-ACBDD0C8,2026-03-31,postpaid,true
99971001419,5b396b0dd109fecb,e8024dee4d7c85ff,CUST-2EC500DB,2025-04-10,postpaid,true
99971001420,5b396b0dd109fecb,e8024dee4d7c85ff,CUST-2EC500DB,2019-10-14,postpaid,true
99971001421,b82f125d07bf243b,579e71c303bbf416,CUST-461A2C82,2023-07-05,prepaid,true
99971001422,c8d9128b6bee736a,224270d227b0f155,CUST-E914C1A7,2026-03-30,prepaid,true
99971001423,b3c073589ab90c9a,ae32b3d7ce09870a,CUST-5811A5F0,2022-04-26,postpaid,true
99971001424,d0ddb365131d239c,7dbc1517ab15b529,CUST-8B5ECEA0,2024-08-28,prepaid,true
99971001425,d32ed86a79306372,ce40deddb6c15526,CUST-43ABE93A,2021-10-07,prepaid,true
99971001426,b68edfc845dce953,ae32b3d7ce09870a,CUST-31543DE9,2023-11-13,prepaid,true
99971001427,5c284af312e47887,80028637d8d751be,CUST-915FB4EF,2022-04-08,prepaid,true
99971001428,ac381c2623b4f479,443620dd1bd287d4,CUST-3CE5EE2E,2021-01-09,prepaid,true
99971001429,a9d31d860334214a,29803277885465fe,CUST-C38EB869,2020-04-27,prepaid,true
99971001430,fd155f9f1c8d39ea,7991e337772e9a6f,CUST-93BBE4D4,2019-10-23,prepaid,true
99971001431,b68b3e66df602fa3,2d1b5edfecd6ef62,CUST-0F199DCB,2023-09-01,prepaid,true
99971001432,3ebb869739f6fd9a,f7201098dad11c07,CUST-29CF70B5,2024-02-07,prepaid,true
99971001433,616cf4d416b82bb8,ae32b3d7ce09870a,CUST-DF3434F8,2024-06-22,prepaid,true
99971001434,bf18ad96e74957c2,4da01b6bccecae67,CUST-FD0A18A3,2021-04-14,prepaid,true
99971001435,2a7d0708ac423d59,265260b3b28737e5,CUST-F65C3735,2024-06-30,prepaid,true
99971001436,2a7d0708ac423d59,265260b3b28737e5,CUST-F65C3735,2020-01-23,prepaid,true
99971001437,40b87aeae8ee05c2,1e30cf9739867ecc,CUST-594225F9,2021-07-15,postpaid,true
99971001438,4917f9415ed90e42,224270d227b0f155,CUST-013212EF,2019-08-18,postpaid,true
99971001439,78d28c9242acf431,04713e9dc25704b0,CUST-D526540D,2020-06-10,postpaid,true
99971001440,6741309c127be24d,98751c62e5f87941,CUST-0069B005,2020-10-13,prepaid,true
99971001441,69a3a8ea4f9a80ca,7cc1fa3b17e6b5d8,CUST-96DD949F,2022-06-01,postpaid,true
99971001442,e98c8e9ab6bba4e0,e7023fe1f65a1f24,CUST-A9E27E75,2023-03-29,prepaid,true
99971001443,53221fe3281b0814,58f8342f25ea6de8,CUST-E3FC2EC8,2019-10-12,postpaid,true
99971001444,63bd069c2003ba19,8712def9ef95d52a,CUST-61D3D604,2025-01-05,prepaid,true
99971001445,3159f38a36c4016e,385076c437b2c382,CUST-916D93CC,2020-02-18,prepaid,true
99971001446,45c31a854852601d,c8c56897312e985f,CUST-B3D60D11,2020-03-11,prepaid,true
99971001447,771ec2965660866d,0b9bf64f1aef2b56,CUST-082D97E5,2024-09-15,prepaid,true
99971001448,2e97ca11433fd5fd,85eef323fc906995,CUST-FDE52F5C,2024-03-04,postpaid,true
99971001449,391748d54d33c315,1403b91eb2b89f58,CUST-8A0C0C9F,2021-02-21,prepaid,true
99971001450,4e4c406f9406370a,7cc1fa3b17e6b5d8,CUST-0E6914F8,2025-06-24,prepaid,true
99971001451,0dbfbcaf83cc9b28,c738ea9583ef974f,CUST-3B63D39D,2024-01-11,prepaid,true
99971001452,e5f127f63a7f81c7,caadcdf4bef36627,CUST-856DD0B8,2022-09-19,postpaid,true
99971001453,39ba9ca8af895018,7cc1fa3b17e6b5d8,CUST-576DE934,2019-07-24,postpaid,true
99971001454,8f89eddec74b7265,822ef0b500e1272c,CUST-842E4801,2024-07-15,prepaid,true
99971001455,6bba1e284954bd9b,1ef1656f15fc61ae,CUST-C89AF4DB,2022-10-23,prepaid,true
99971001456,36a8f262f25e17c4,8c5f982ae98feffc,CUST-A06707C4,2022-11-26,prepaid,true
99971001457,8ce986d5e4f0d483,5ff3ee928eb4d0be,CUST-E702AB23,2019-09-18,prepaid,true
99971001458,243b2fcbfd3d1dd7,9b3ddca9fc11e230,CUST-CE031DEA,2025-03-28,prepaid,true
99971001459,951c6a30abfc7b4d,72b6b8a6386a6443,CUST-37B73811,2021-09-14,prepaid,true
99971001460,951c6a30abfc7b4d,72b6b8a6386a6443,CUST-37B73811,2023-05-24,postpaid,true
99971001461,9eaf9010f6718dbe,13971639a228a103,CUST-984DB26F,2021-04-20,postpaid,true
99971001462,1589e619fd6fe1d2,9f537571d82f09c4,CUST-6347CD4C,2021-03-31,prepaid,true
99971001463,f545a00bbf76c8cb,58f8342f25ea6de8,CUST-CAD1B695,2021-01-27,postpaid,true
99971001464,f764d6181b09e3ad,e17034330dd19099,CUST-993AB9FF,2025-06-10,prepaid,true
99971001465,775dca24915203e8,fbcbfa07a9ec4acb,CUST-870E9D11,2022-09-15,prepaid,true
99971001466,184df367f632fb85,eb30d16a3e08bfd9,CUST-65D5C759,2019-11-03,prepaid,true
99971001467,56ac84ae36249453,da9e411723c5a4bf,CUST-8BAAA3E2,2023-04-02,prepaid,true
99971001468,56ac84ae36249453,0a4480b6c7e7ae9c,CUST-8BAAA3E2,2022-08-07,prepaid,true
99971001469,e1544c6cdd47d174,d31ce4940aa9f511,CUST-0BD212CF,2022-12-17,prepaid,true
99971001470,c4da8f72e80e3181,141e0a5a9bb61c04,CUST-CF74F246,2020-09-08,postpaid,true
99971001471,bb1118af9739681e,1ad5131041984d46,CUST-1E8CBC42,2023-04-15,postpaid,true
99971001472,346ff16069f1c275,d70830049570b2eb,CUST-EEA30DF0,2026-05-20,prepaid,true
99971001473,9eccfa56e1b2c0c6,1139a5dc070f0235,CUST-29BDD3D3,2022-08-05,prepaid,true
99971001474,4f7fee04e069309d,5ec6e14bb388ff63,CUST-2AD619FF,2020-10-06,prepaid,true
99971001475,46ca424673084668,9917e7a6de863081,CUST-6CCF4D27,2025-01-27,postpaid,true
99971001476,d9a4e51971d6701a,b7d06e852d8e6ec2,CUST-54649922,2021-06-22,prepaid,true
99971001477,bc03925cc530e624,8e1a98a8a7f2214a,CUST-4E8EE0A9,2024-06-30,prepaid,true
99971001478,49c41cc576d5751c,eb30d16a3e08bfd9,CUST-69BEBD4C,2021-06-10,postpaid,true
99971001479,44f447eda8f89b75,eb3b62d1f8e16487,CUST-F1832D12,2020-10-17,prepaid,true
99971001480,d00c9f1bc373177b,77c96b16dd60aebe,CUST-C69BC741,2021-12-08,postpaid,true
99971001481,745ba12a611c32cb,364ebe6ef54977ff,CUST-9B42535C,2025-07-20,prepaid,true
99971001482,1f5648469e0f1c25,1a6ba1abe321e598,CUST-826AD79C,2022-02-06,prepaid,true
99971001483,b9c7cc91d17ec6a8,da9e411723c5a4bf,CUST-1DCB6798,2021-02-12,prepaid,true
99971001484,1cd6fbd676756353,e63bb57a7e672ffe,CUST-1037A05A,2024-10-22,prepaid,true
99971001485,a3c6af584506618f,aef6eea444a17242,CUST-EEBC4925,2021-06-16,postpaid,true
99971001486,5206a9c9ecacace9,eb30d16a3e08bfd9,CUST-B3AE6F65,2024-10-21,postpaid,true
99971001487,2c4391300b3bf69e,675949f77f24d437,CUST-79C3580C,2019-09-24,prepaid,true
99971001488,c89a9f38905d827f,87bb4d95a1b85941,CUST-53806496,2021-06-16,postpaid,true
99971001489,5cb3d5df7f5c23b9,765943fcfcd0ffd5,CUST-D29F842F,2024-03-01,prepaid,true
99971001490,4d80cc47a3042424,49ea20816b763419,CUST-F7CDE12F,2024-06-03,prepaid,true
99971001491,7a6b700be1139984,2b1cb72b1d690271,CUST-ACB95E9D,2023-12-18,postpaid,true
99971001492,124743978e079607,65461efa997b3ffe,CUST-81802794,2020-04-29,prepaid,true
99971001493,9ed7d902e06e4a82,158a19ef0294c1b9,CUST-75E1652B,2020-03-17,prepaid,true
99971001494,bc338850e8320496,b1d2210319b97fc8,CUST-A9496B35,2019-02-17,postpaid,true
99971001495,8906d7924ce7cfc0,a032ab31c831c4d9,CUST-F0A43BDD,2021-08-15,prepaid,true
99971001496,33461d928f3dfcc7,69c94332a4cd60c0,CUST-DDD73109,2020-08-12,prepaid,true
99971001497,130d576305a018e3,1d5d114278fe586f,CUST-1FFEA71B,2024-06-20,prepaid,true
99971001498,461955b0931fb298,765943fcfcd0ffd5,CUST-CD10D997,2022-12-16,postpaid,true
99971001499,c143d5a6ff55b3d4,b1d2210319b97fc8,CUST-226EF02C,2019-04-12,prepaid,true
99971001500,20281c0e60d7f986,aaa229508d24654f,CUST-0C762FAE,2020-09-09,prepaid,true
99971001501,5d7a8b1ebd37b17b,174d5193ceb35f1b,CUST-EC1640AE,2023-10-02,prepaid,true
99971001502,5d6f76b7af8af19c,aa12206623e5c184,CUST-44EC72B4,2021-12-05,prepaid,true
99971001503,47b6ccbf791ab78c,afec9ae6802d92a1,CUST-244C568C,2024-12-16,prepaid,true
99971001504,c09f92c53967b015,0112e1cf7aa0ab60,CUST-BC2FE404,2020-03-21,prepaid,true
99971001505,370c995c1124cffd,1cc62e7ba137f542,CUST-EBC8075E,2020-02-10,prepaid,true
99971001506,d8f7ebab0cafefe7,aa2381f18e343c4b,CUST-0B6FA78C,2022-05-19,prepaid,true
99971001507,95391fc1bc3d4c38,4ea4c13ccbbc0fc6,CUST-D0AE9676,2020-08-01,prepaid,true
99971001508,b9765c226326e8b5,a28992a2e8777e5d,CUST-3368C98B,2019-12-07,prepaid,true
99971001509,90c4e3ccc42a39f9,deb77812e1a4078b,CUST-23A1FB3A,2025-04-01,postpaid,true
99971001510,c3f1a8d5eca4a3dd,daaafc53d6610ad8,CUST-BEBC1C7D,2024-02-11,postpaid,true
99971001511,68eb2c87e343daa3,765943fcfcd0ffd5,CUST-E7C41F2E,2019-10-02,prepaid,true
99971001512,51556656fc8b5860,ad8620ca1c9ec48a,CUST-F4FE5C59,2024-12-27,postpaid,true
99971001513,2a34ff5340ab7a1c,5b3ac8dad1a27ad6,CUST-7ED52421,2023-08-31,prepaid,true
99971001514,ab70a99e80ca63fc,9aa8c20d6cf05d90,CUST-380D7F29,2022-07-30,postpaid,true
99971001515,43d429ab30b5c1cd,83fea48a04e1fdd7,CUST-9B92254F,2022-06-24,postpaid,true
99971001516,e68accaa7c7c4295,3b49107c8b6346cd,CUST-F2D5FBE8,2025-08-12,prepaid,true
99971001517,7242de0e81028ccd,3732f5e2108cb2c9,CUST-72718330,2023-04-25,postpaid,true
99971001518,28cbcb18a375fe73,27a924f93c0921a4,CUST-2186A6AD,2020-03-05,prepaid,true
99971001519,20ee52dc22752018,a713a3669ef42435,CUST-D33E1FC3,2025-05-12,prepaid,true
99971001520,20ee52dc22752018,a713a3669ef42435,CUST-D33E1FC3,2024-06-13,prepaid,true
99971001521,6e9ccd8bdbb494b9,0d4b773a694fc8ce,CUST-0755C2E7,2023-09-21,prepaid,true
99971001522,eb7a59502972789b,e0d720afbe3cdbbb,CUST-592E3BC7,2019-02-22,postpaid,true
99971001523,a6ec709111230615,e3861386b5f7410e,CUST-4693F3D2,2024-02-19,prepaid,true
99971001524,43a334332cec03e4,0c66a72bb09a2c4f,CUST-56CD25D6,2023-01-14,prepaid,true
99971001525,0de1caa96c8a568f,cb09e73948113597,CUST-C1B4281F,2025-11-11,prepaid,true
99971001526,90887c80c9488fa9,72a37976a4288ee8,CUST-5478DB52,2022-03-03,postpaid,true
99971001527,45892c7fc8eb0697,f7b5e4f623f1a3f1,CUST-81AE0C14,2023-07-07,prepaid,true
99971001528,2008d7d29c6dd6ff,3f1a59bb9a9093ad,CUST-009064BF,2021-05-22,prepaid,true
99971001529,1b0e5bfb07e360a0,b87798de86c61a48,CUST-CE7915CB,2023-05-08,postpaid,true
99971001530,b5e3310b5de63664,f68bfcd427c9c9a3,CUST-777A963F,2019-04-02,postpaid,true
99971001531,b828e254828871e1,9aa8c20d6cf05d90,CUST-59B563E7,2020-01-12,postpaid,true
99971001532,2aa22a5c7cb1e88e,6a07340fbfb3bb97,CUST-B5FC8EF0,2023-03-25,prepaid,true
99971001533,b1826bb5d171163b,9aa8c20d6cf05d90,CUST-708E3191,2025-06-19,prepaid,true
99971001534,135dc1a484b555d9,576dbe8945efdd6e,CUST-1378BEE2,2024-11-08,postpaid,true
99971001535,ce57ce539b6f3565,56ffcc620b89872f,CUST-60ED22D2,2019-09-29,postpaid,true
99971001536,c92836b0bbfda490,56ffcc620b89872f,CUST-3D9AA3E8,2021-04-27,prepaid,true
99971001537,63859ec14e83f63e,433d354e94e510c9,CUST-55BCC4FA,2021-01-12,postpaid,true
99971001538,dc315e379c288290,d9780350ba89b8ac,CUST-C2153BE0,2022-10-27,postpaid,true
99971001539,819cdf91bf69eae7,5984edc38ccde2b0,CUST-D42DA97C,2021-05-03,prepaid,true
99971001540,c5af4e1cd8f9b71d,97168263db0a880f,CUST-40925933,2020-07-16,prepaid,true
99971001541,82e6ae64857003c4,ac5b8ce82a22d02b,CUST-4688A1F7,2019-06-02,prepaid,true
99971001542,ffd512da5dfd6ad9,3ab5a8620cf99cc5,CUST-8382A55D,2025-12-06,prepaid,true
99971001543,deefea894b989768,391bba3523bde0ab,CUST-D83598D5,2019-09-25,postpaid,true
99971001544,e4aec305b7496d0f,2e9d654601e34e74,CUST-E9BE7C29,2023-11-01,postpaid,true
99971001545,d0c33d08a35a0bf1,e50329200b3a118b,CUST-58690A91,2019-09-16,prepaid,true
99971001546,c8828fd9322bb767,d2a903f7d82945cb,CUST-9163DA88,2022-08-18,prepaid,true
99971001547,1ed926fb74a06adf,0470963d63138a67,CUST-6F1D61E9,2026-05-15,postpaid,true
99971001548,a90b0b7fdd436d25,c412d8e84da9a587,CUST-E1A54BEB,2021-03-13,prepaid,true
99971001549,4807c4962fcd6ad5,13d4860a25e71027,CUST-C4ABA9F0,2024-10-23,prepaid,true
99971001550,bb57142b443a37c4,bd61b88f00b855c8,CUST-2972A00C,2019-06-16,prepaid,true
99971001551,5675393ebee5b053,f5177f616dbbb9b9,CUST-8D7084D4,2025-06-02,prepaid,true
99971001552,11bc840c5aea0d8f,60abf01ca7c27bee,CUST-EF7A63B2,2019-07-14,prepaid,true
99971001553,59ec3e7b65356264,3ab5a8620cf99cc5,CUST-8A561E06,2025-09-29,prepaid,true
99971001554,b01768fec3104e7a,d9780350ba89b8ac,CUST-26BB2187,2021-05-26,postpaid,true
99971001555,c22f4446ae04beaa,e9edd6b04acfc13c,CUST-3D861DAE,2022-06-25,prepaid,true
99971001556,f1a9aa61422fea46,3ab5a8620cf99cc5,CUST-2105977C,2021-05-01,prepaid,true
99971001557,b6c11c2346997cbd,950d9450fe9deeb3,CUST-31982280,2021-01-31,prepaid,true
99971001558,17bb8beba1367eb7,a769d12ab809a71b,CUST-36E86FAA,2025-06-20,prepaid,true
99971001559,a8eada9f613697f8,a14d0e0b83b612f1,CUST-6B62919B,2023-06-23,prepaid,true
99971001560,97574aecb3089ae9,fe8ea3ba806c6ee6,CUST-608589BD,2024-08-10,prepaid,true
99971001561,29e17dff1fb793ad,bc30883d664b9524,CUST-B3EED526,2020-11-27,postpaid,true
99971001562,ff66d418020f4d98,1c04813c3324b573,CUST-CB13CA0C,2023-06-05,postpaid,true
99971001563,2821080c548fa60a,01f1d61337d045bb,CUST-28F485F2,2025-12-22,postpaid,true
99971001564,ff5f75e7bf77dbe1,a25584d82af54fa9,CUST-AB910B0D,2023-01-15,prepaid,true
99971001565,67b9c754704ac993,c7be0295734b22cf,CUST-78F38D7C,2022-07-04,prepaid,true
99971001566,cadb9d241cdb40d1,0ed529c235c564e2,CUST-5B8CF7D0,2019-02-18,prepaid,true
99971001567,e42ef6c96607eb3d,c7be0295734b22cf,CUST-D6765663,2026-03-28,postpaid,true
99971001568,66ae36b9d0503ebb,a29376cc21565272,CUST-C5032BC0,2020-04-09,prepaid,true
99971001569,16eaaaf91a6c0396,cc699380035ab978,CUST-80836DB3,2019-03-12,prepaid,true
99971001570,7c3859b3042dafe4,60f3c1c0537a6fb4,CUST-4D52B7C5,2022-05-22,prepaid,true
99971001571,f34834a89d52ddfb,26de1422084bee2c,CUST-CA7EBC70,2025-08-19,prepaid,true
99971001572,254f1897763e57ca,16d7d4e9e2296920,CUST-E959144E,2025-02-16,prepaid,true
99971001573,e0caeeb7a00f0403,9bf22d65ff06a826,CUST-A831AB86,2023-12-04,postpaid,true
99971001574,0f4b115811a9a200,7f4d512a2bced843,CUST-9A4D0B93,2021-08-25,prepaid,true
99971001575,6a07df4e30930103,711f548d4be94669,CUST-1CE09E37,2019-11-17,prepaid,true
99971001576,53402182888285c7,b3359a2c91da9210,CUST-28E9166B,2019-11-15,prepaid,true
99971001577,d23d8da2c7b9b7d3,988e2147321f18f9,CUST-6EE81B21,2022-10-03,postpaid,true
99971001578,9e224edea54e789c,bab09a98b0894859,CUST-998211FA,2023-10-14,prepaid,true
99971001579,6c8fdd7200c20f3e,74c14efee2a377c0,CUST-72CDC5CE,2019-12-20,prepaid,true
99971001580,3dc1f186ad04a1c7,c7be0295734b22cf,CUST-BDF03E50,2020-11-13,prepaid,true
99971001581,3efc69aa4eba7e63,dabe91df77d3a41a,CUST-A14D544F,2025-04-26,prepaid,true
99971001582,4f4918626eebca75,f3475c4f9d96f1a0,CUST-8B493FF6,2023-07-26,prepaid,true
99971001583,fca6333660f48cbd,d014f58011523a0a,CUST-3ECF2006,2019-12-28,prepaid,true
99971001584,555efa267ddd9c37,7c2987f6d2a345ab,CUST-5B99D9EA,2025-01-15,prepaid,true
99971001585,b43acf5bbca1467c,3cc1c81c1e1f3a04,CUST-CFB66AC6,2022-06-22,prepaid,true
99971001586,dfa12d3f883dc0bb,3172e71610fe5c7f,CUST-D113E3A8,2019-07-21,postpaid,true
99971001587,342aad85368678d3,d8ffb818d64766cf,CUST-D2163637,2019-09-14,postpaid,true
99971001588,077d0127eead90f4,fac6db496215d5f7,CUST-18D843AD,2021-10-05,prepaid,true
99971001589,0a2eeb2e669348a6,088e0ab50fe48ac1,CUST-6FD5E1A6,2024-04-22,prepaid,true
99971001590,f33695320d3dea68,fac6db496215d5f7,CUST-6FA622B0,2022-06-18,prepaid,true
99971001591,75bdbd01ab83a65f,b89c621a4fe844ca,CUST-EE112200,2022-06-17,prepaid,true
99971001592,dfd3e4d3fe21837f,fdc33a20b89cc598,CUST-0A6846D8,2023-02-21,prepaid,true
99971001593,604d493307ebd332,d8ffb818d64766cf,CUST-7969720E,2019-09-22,prepaid,true
99971001594,ea3cf840a636ea6a,d8ffb818d64766cf,CUST-467947D9,2023-02-22,postpaid,true
99971001595,8244f9dc69d8fd5f,212ea895715e3787,CUST-8D83A52B,2021-05-25,prepaid,true
99971001596,ec3db84682e63255,8575075cb9fb1569,CUST-0AE85BC6,2019-07-19,prepaid,true
99971001597,811a8d1083ad5190,157b5df9f2c1c77c,CUST-A3BC3E7A,2023-03-29,prepaid,true
99971001598,7c0269fed6758747,fac6db496215d5f7,CUST-AB3F281C,2021-05-22,prepaid,true
99971001599,4afb8a18977724e8,17aec97408082697,CUST-80EF0085,2026-01-16,prepaid,true
99971001600,76d19c94276dad23,7cc18f6c5123616e,CUST-38C47A37,2019-11-06,prepaid,true
99971001601,5d6f5a032f12ea20,ed1d68d441842abc,CUST-75DF7850,2020-12-18,prepaid,true
99971001602,7139e135a105625e,d3efc613c9dbb0bc,CUST-18CD4775,2023-06-04,prepaid,true
99971001603,174c4de98fcb8776,e6b7de8a2bf90f79,CUST-AD42873B,2025-01-08,prepaid,true
99971001604,2edd1a5fb8a08507,795e9dd34c9944bd,CUST-6849831D,2020-02-16,postpaid,true
99971001605,dac192c4682fc113,f543cd9a7a6480e0,CUST-BF5328B2,2026-05-07,postpaid,true
99971001606,8039c2cd8cf8937c,19c24f78dc001ebe,CUST-B16F67ED,2020-11-20,postpaid,true
99971001607,974b6c09ee08e787,2317b86f6f34d6f9,CUST-7C56A144,2019-05-16,prepaid,true
99971001608,4204082e47d675c2,549c0c07d993ec4d,CUST-7D3AF8E8,2024-07-01,prepaid,true
99971001609,9a7dfbae60c75bfd,f23ccbe1fbf6686f,CUST-FAA7E152,2022-04-21,prepaid,true
99971001610,7b38ffd4e9dc473c,c1814e0b6f8cf5ea,CUST-F7CFAFF8,2023-12-08,prepaid,true
99971001611,75e75121dfbef402,5f32c4a9c6e16c7b,CUST-61ABFEB4,2024-11-07,prepaid,true
99971001612,364d582c8c81f07a,5f32c4a9c6e16c7b,CUST-CFBD96BE,2022-12-10,prepaid,true
99971001613,be0b986b2b6d6e77,b7340be97b5f9359,CUST-D2CEB05B,2025-01-04,prepaid,true
99971001614,4103ef4908140c59,1bbee1b0ae60e8c9,CUST-021ED64F,2022-09-01,postpaid,true
99971001615,3e82129ae65e5d35,f76298315f3d52c5,CUST-E0784B68,2023-03-13,postpaid,true
99971001616,4a80ba65ccdffedc,44bfa06860f61d19,CUST-8DFA5632,2023-04-03,prepaid,true
99971001617,f11989a4f97e7e84,de7abd41cb1ddceb,CUST-E5BD6515,2019-11-05,prepaid,true
99971001618,414fb11873764652,1f6703fd6a6a692c,CUST-D9BB59D4,2025-05-04,postpaid,true
99971001619,34732a497b952d43,b9e6ed6e9d782be0,CUST-A163AFBD,2026-04-21,postpaid,true
99971001620,114c3b6da7e97155,1bbee1b0ae60e8c9,CUST-A9D55EE6,2020-08-10,prepaid,true
99971001621,6b4e0e866f53dc78,5ed68c846d3123ed,CUST-08D9796B,2019-05-31,postpaid,true
99971001622,3148c7d40abe8e6e,ea8599cf525c5f97,CUST-65208E8B,2020-06-25,prepaid,true
99971001623,11e644b4f4ab272c,cbbccbaf668d5b9a,CUST-D23A90C0,2024-02-29,prepaid,true
99971001624,5eed292a1f0d65dc,eb78892a9dca5c1e,CUST-C9F077E5,2025-01-17,postpaid,true
99971001625,0a04cb2417390421,a9d3853cde44d5fa,CUST-3EB190CC,2025-01-31,postpaid,true
99971001626,19dee2aa4e09beb2,f6d55730cd9042fe,CUST-8E6779A8,2019-06-18,prepaid,true
99971001627,418731c3c69d9e5c,d9070820ba6021f4,CUST-1E3214F5,2025-02-10,postpaid,true
99971001628,792ed3ef605e4272,cbaf9d3ed8f0de81,CUST-BFF60080,2024-04-23,prepaid,true
99971001629,70ef340ea709768c,d4c0f2dbd0d96cff,CUST-C9DF0398,2025-01-22,prepaid,true
99971001630,e74e7f828b8b919b,5f32c4a9c6e16c7b,CUST-0E9E9C06,2023-07-19,prepaid,true
99971001631,33463d4cbdb1de46,20dbf634926679da,CUST-30E8FC22,2024-08-16,postpaid,true
99971001632,dc0df53772d5209b,29d48ff2714fc772,CUST-5F401A62,2019-04-12,postpaid,true
99971001633,98fa91076728bacd,adc28cd065bfdbc1,CUST-84750AFC,2025-07-13,prepaid,true
99971001634,281f1a09147f68ea,b72fc6695ce7867f,CUST-47DBD835,2022-07-19,prepaid,true
99971001635,6b16a59c4e19982c,2a47a7cb46260bf5,CUST-B22577E7,2024-09-14,prepaid,true
99971001636,06b21c7429104d31,a5e82248a4ae71ae,CUST-C2B839A7,2023-01-19,prepaid,true
99971001637,eeb8d4f30f390012,a5e82248a4ae71ae,CUST-1CCBE46C,2025-05-04,prepaid,true
99971001638,5de8d2e101cfed1d,d5ce78b94bc41259,CUST-5A0409EF,2024-12-14,postpaid,true
99971001639,e55dbaf4f9d60563,419ae634627344e8,CUST-F5A0C537,2024-04-25,prepaid,true
99971001640,1060c188490ad089,654192c755bd219c,CUST-97838718,2019-02-13,prepaid,true
99971001641,c2ac18241dbfae4c,95d092c24a60c272,CUST-C756CA0D,2021-08-20,prepaid,true
99971001642,3ac46e37644dae99,9d2596c640f83481,CUST-269257FF,2021-09-14,prepaid,true
99971001643,604a00e11fbc2296,8b772ded5cbd253f,CUST-241C8A07,2019-12-26,prepaid,true
99971001644,3f912adaf6a1c715,8360f59d871aa6f9,CUST-EFC40A05,2025-11-12,prepaid,true
99971001645,59a8a0784679a6ba,a5e82248a4ae71ae,CUST-959C4D53,2022-04-19,prepaid,true
99971001646,33fe57912c03f091,276670d5a2e09211,CUST-C4F0FF1B,2024-04-14,prepaid,true
99971001647,efcb1fdf081a82fe,0369607e3f223456,CUST-5328397E,2023-03-19,prepaid,true
99971001648,1e3339d2f293794d,d00efc18186ff501,CUST-E15E8004,2022-01-22,prepaid,true
99971001649,37fb3ec7b31ff5a5,3291ef6145995aa3,CUST-218B6987,2021-01-10,prepaid,true
99971001650,5192214729edb82c,9476503d89f8a53d,CUST-4B4FFFB1,2019-06-27,prepaid,true
99971001651,ff44663cd99b5e63,1482ea451bbf20dc,CUST-9183F125,2022-06-17,prepaid,true
99971001652,8bef48b4e95d85fd,a35dbff60b93f96e,CUST-5F46A401,2021-12-12,prepaid,true
99971001653,934328a051e87f34,c2ea2ccbbd3f7b72,CUST-580439BC,2025-03-05,postpaid,true
99971001654,abe9268a80cb0ab5,5edbb44de0f293ad,CUST-53355EF2,2022-11-15,prepaid,true
99971001655,3f81c372a16f206c,1482ea451bbf20dc,CUST-A6207C6D,2024-09-21,postpaid,true
99971001656,795a44aceb0349e7,054435cb93172d69,CUST-1E8D0255,2020-10-28,prepaid,true
99971001657,f7e0fd694b972eb7,fd1c97bfc1088984,CUST-7C22D324,2023-02-19,prepaid,true
99971001658,f1f045d8e7a5e258,296fa0ce9c0d76ec,CUST-ACD15C09,2022-01-11,prepaid,true
99971001659,cf1c619f2be19db6,ec52d80f4389e965,CUST-827BF27E,2024-03-23,prepaid,true
99971001660,be2c1da3895a4ca5,296fa0ce9c0d76ec,CUST-A15BCD20,2020-08-23,prepaid,true
99971001661,b7ada63710688111,d8bf2c6bcf313461,CUST-C8E76596,2020-11-18,prepaid,true
99971001662,aa6770038d45a16a,d0a7d41a9682d4b7,CUST-04B5556E,2020-06-21,prepaid,true
99971001663,4cf35014793bbe06,1f2affc061d7688a,CUST-CDCA2040,2020-02-06,prepaid,true
99971001664,1b821212fb110b20,3dcf856acbf07c64,CUST-B96E6A9D,2025-12-10,prepaid,true
99971001665,98bb571c5999d1fb,d0d388fea9be52f0,CUST-12B7EFA7,2023-03-28,prepaid,true
99971001666,daeed30163cd46e9,c00a5f29ab466d7c,CUST-091668F0,2023-01-24,prepaid,true
99971001667,8028789768fbb374,49f447f18eab877e,CUST-5EDD64AE,2022-11-05,prepaid,true
99971001668,24ef9c0d201fd567,0d4d0a8173a971b7,CUST-C0686BEF,2021-09-10,postpaid,true
99971001669,9228046415c37fbc,450731e954ec5048,CUST-7AE5FA22,2024-09-06,prepaid,true
99971001670,cd2cfe82bf5db024,68fde5ae01494221,CUST-3D3B5F77,2021-03-17,postpaid,true
99971001671,941b73c898291106,eb160a3ec183654f,CUST-3901838B,2021-08-19,prepaid,true
99971001672,e7ca5731e709dba7,2d467e80086436ab,CUST-4EEE9E15,2025-04-20,postpaid,true
99971001673,a300fb10c4f59f46,d0b03faf380d4a2f,CUST-1B19A511,2024-06-26,prepaid,true
99971001674,d94da6dd233faa28,456734a2ef08107c,CUST-9314E7F6,2025-10-13,prepaid,true
99971001675,218f372502a2e077,96e4fd11c4071174,CUST-E95D6508,2021-11-22,prepaid,true
99971001676,2f990bc0e5eb34c9,49f447f18eab877e,CUST-73075F84,2022-10-08,prepaid,true
99971001677,aa8e368acc002008,4be3da1aada3d1b9,CUST-228E9AC6,2020-06-14,prepaid,true
99971001678,e460c8920771459c,ac7d56c221b894d5,CUST-228CEEC9,2024-01-09,prepaid,true
99971001679,d6ea77a195fd8eb6,f5d73d14fa98bec0,CUST-0212102E,2024-10-16,prepaid,true
99971001680,313364826524cb19,433b951fbbe5cc70,CUST-CFF8E132,2022-07-06,prepaid,true
99971001681,633427f66db754a5,5e86a4cb9efd7aa9,CUST-3FDA7F84,2025-10-05,prepaid,true
99971001682,4ac46ab4ba719ba6,2d4d110b78e8cbd5,CUST-D224AE10,2026-01-28,prepaid,true
99971001683,b443adcc1c29d967,504e9e745710e467,CUST-7E2AD646,2019-04-09,prepaid,true
99971001684,9ffc87edb693be97,f97146262d913da5,CUST-7EE9F989,2022-11-24,postpaid,true
99971001685,c4190db27b7f0787,b1c9d54e91bd9acd,CUST-5BF944C4,2025-07-31,prepaid,true
99971001686,de33ab97cb590d09,d0e4f945b7fb8694,CUST-FFB392F7,2025-03-03,prepaid,true
99971001687,3f167c6f83e860a9,2d1b1c4849ec8d45,CUST-A765C803,2021-04-29,prepaid,true
99971001688,7413774ffd5c9d4e,9b65cd48933e3592,CUST-CFF69B15,2024-01-21,prepaid,true
99971001689,fb06a0e867c83f41,b1c9d54e91bd9acd,CUST-64E92A9B,2023-10-10,prepaid,true
99971001690,0005fda20541625d,f2bebfd664b6ec94,CUST-77D6B7EA,2025-01-31,prepaid,true
99971001691,ac927e521349a31a,a50d512f5690abe7,CUST-7507A359,2019-05-14,prepaid,true
99971001692,a695078668a4cfb9,37002f36fa841a49,CUST-325A7C49,2022-03-25,prepaid,true
99971001693,e999621374c1fefc,4856f2a0f26d3301,CUST-D27134C0,2023-11-04,postpaid,true
99971001694,163032cb961d7b41,0ce016ef3f354162,CUST-67C8910E,2026-02-04,prepaid,true
99971001695,02d96e58fb1d03f0,6ed068e5da05a221,CUST-3B230063,2021-02-18,prepaid,true
99971001696,53ef27027ae87946,68ec8970ea57466c,CUST-98D6F852,2020-08-08,prepaid,true
99971001697,d55dcf767e0cdb52,0ce016ef3f354162,CUST-1269FCAF,2019-09-10,prepaid,true
99971001698,0460000f39a8d247,86bdf18cff179e92,CUST-254219E5,2023-03-01,prepaid,true
99971001699,74ea775361b0d632,db077f23e8a17a46,CUST-34E25849,2025-05-30,prepaid,true
99971001700,3d30ea9e136fe3a4,e00ad4ecc11b82d6,CUST-40274D24,2019-02-27,postpaid,true
99971001701,997d415cd8c46002,cc7d5d2db31e31b5,CUST-0A56AA2F,2023-07-18,prepaid,true
99971001702,47e3270fba0c963b,c9913e21f30854d3,CUST-DAE078E9,2025-07-11,prepaid,true
99971001703,83e7d9a278219910,b1c9d54e91bd9acd,CUST-D568A88C,2022-03-19,prepaid,true
99971001704,24e433cdff4af881,cf5cd54674f37a48,CUST-FFCF0A85,2023-08-23,prepaid,true
99971001705,621507c8ba7281bf,d7cbde8b2c1e7c23,CUST-FD2D4AF9,2025-05-09,prepaid,true
99971001706,91421d97ed66f143,fff335610a38884d,CUST-10DB9DDC,2019-12-13,postpaid,true
99971001707,25740ae790448c2f,9664f74894e4a1d8,CUST-F7267B9E,2024-11-06,prepaid,true
99971001708,3194467924b84ce2,6f014ae4881d7bd7,CUST-66CC115A,2022-11-07,postpaid,true
99971001709,ec9c71255de75951,075c785bb9e91b11,CUST-B6D9A181,2024-01-26,prepaid,true
99971001710,f224fee6929116f6,d64a8cbd39d57131,CUST-787CFBA0,2022-04-17,prepaid,true
99971001711,273a93bc4f03734b,d7dd33e2d6a46036,CUST-0F400F6F,2019-06-04,postpaid,true
99971001712,273a93bc4f03734b,d7dd33e2d6a46036,CUST-0F400F6F,2019-04-02,prepaid,true
99971001713,0316da8225dc8042,d90ea2fb7cbe3479,CUST-A4259277,2026-01-28,prepaid,true
99971001714,634a1da0f25ba6b1,327712e7df0fb0d6,CUST-12946835,2025-08-20,prepaid,true
99971001715,592c4bea17213910,13fec0bb0d2cc116,CUST-BD5A3A32,2019-09-15,prepaid,true
99971001716,729539c0f53506bd,67b41f86f8c02902,CUST-0E0569AB,2024-07-18,prepaid,true
99971001717,6db3c98a7482f68d,5a389bec05ee01af,CUST-CC1174F4,2019-08-23,prepaid,true
99971001718,a352974c779b0ee6,5f7a2551a15eb52a,CUST-13D88F02,2023-10-21,prepaid,true
99971001719,8106d3e98979b153,6f014ae4881d7bd7,CUST-C12AC8A3,2020-06-11,prepaid,true
99971001720,ae2e8b638103f530,793aea1d99804c21,CUST-65FF3E23,2023-01-05,postpaid,true
99971001721,f63bb3e9f550e875,8ec9b6f4ad1fdc4f,CUST-D2BB313E,2025-01-14,prepaid,true
99971001722,6ede0a7ee1e94cc1,3bf74df4832c6a85,CUST-DA6A215B,2021-11-14,prepaid,true
99971001723,5858d7fdd053168a,9f3af5198d136a66,CUST-93727024,2020-07-15,prepaid,true
99971001724,3afc633a79cd7be0,6db9ad63e42235a5,CUST-94738F93,2021-09-03,prepaid,true
99971001725,8df44e3ed8c5ebb5,7537c8eb810f4cbe,CUST-08103247,2020-02-14,prepaid,true
99971001726,52a6a32189b4c625,26be09a6bc8ef756,CUST-A25A5AFD,2025-01-11,postpaid,true
99971001727,b5d329429cbbc05b,6f014ae4881d7bd7,CUST-0BF37DAF,2022-12-08,prepaid,true
99971001728,6bd251f73054f96f,a3753301fac7c7f6,CUST-0A3B9BCA,2022-08-03,prepaid,true
99971001729,82acff7d3e25e550,fd1cb36bdba94b1b,CUST-8A9FDF52,2020-09-30,prepaid,true
99971001730,7f562bceee03dccc,36c0bb5cb0192cd5,CUST-52D76D9B,2024-05-01,prepaid,true
99971001731,f9ddfc46fa5daa5c,84d805d23f6644bc,CUST-06A3A04F,2021-12-19,prepaid,true
99971001732,7b9e8e902d00ed97,0ed043f944682c1c,CUST-0A118DFD,2024-08-25,prepaid,true
99971001733,9d11e74ca83550f7,d90995f667281294,CUST-60AB11AB,2019-01-15,prepaid,true
99971001734,5e76f7931cecda20,24aa8393fee0606e,CUST-54058DAE,2023-08-16,prepaid,true
99971001735,aba5dcffe6dacbc8,4f10d03d69ffb91f,CUST-8C4039CE,2023-02-04,postpaid,true
99971001736,2d56c5b39ff178c0,828fd7e31d90669e,CUST-F60DEA57,2024-04-18,postpaid,true
99971001737,e77d272d3f245181,fd1cb36bdba94b1b,CUST-FB05F8A4,2026-04-01,prepaid,true
99971001738,e714e7f60d0c91f9,9d815eb7a7513952,CUST-941FD944,2025-05-24,prepaid,true
99971001739,c6d51083c05e4843,a0e8629685dc3a4f,CUST-DE333B0A,2023-10-17,postpaid,true
99971001740,1fc7107291dbf521,42ae0d22e6893f55,CUST-EF931071,2020-03-05,postpaid,true
99971001741,53879c46c0a2ecc8,3c44c253784b739f,CUST-E981C20A,2021-07-17,prepaid,true
99971001742,2b6861527c614398,3d2b0053b93e3756,CUST-B2CA336A,2020-07-26,prepaid,true
99971001743,48746be04677db88,7c49c62cd3ae21bc,CUST-85E21C2F,2019-08-09,postpaid,true
99971001744,2687d9264d44672b,4e887c8cb9e07583,CUST-C17D576E,2025-06-25,prepaid,true
99971001745,842b1857cafab2fa,ead5ed8f29784f1c,CUST-3A172E3F,2026-05-10,prepaid,true
99971001746,fbe22936e4734288,0eb8b969363a8118,CUST-F3213BA6,2020-11-12,prepaid,true
99971001747,45a438f88a51c632,265e43038dae1f55,CUST-86B1DC07,2021-06-28,prepaid,true
99971001748,8bdcaeeb1deefbce,f5dc26a054cc130d,CUST-5155B13A,2025-04-12,prepaid,true
99971001749,e4b95c9532d0a193,bd78a7924bc2ae6f,CUST-5366508D,2023-10-07,prepaid,true
99971001750,f82f5d4e34864b68,056b6fad8c9dc7b5,CUST-65DC547E,2026-01-18,prepaid,true
99971001751,dcd801398c004d37,dd5cf3cc0ab80ff6,CUST-9777C576,2026-04-16,postpaid,true
99971001752,f742120242b09de6,d5bdc376db2b0b90,CUST-3A85BB13,2020-11-01,prepaid,true
99971001753,694ba081caafa9f7,f4d136bbccd02ed5,CUST-B8E2A903,2019-04-27,postpaid,true
99971001754,d8b350af062608ae,f837efde63e1f6f9,CUST-9A8687EA,2022-09-17,prepaid,true
99971001755,4ca4938fd94cd373,df523243b6fbc5b5,CUST-31DF061E,2022-03-27,postpaid,true
99971001756,4dd4873ad8e133ec,7649cc79b71aaf9d,CUST-865F2BBF,2025-10-05,prepaid,true
99971001757,832c28fe4f5e3c53,c501a2b106ee9c9f,CUST-3DEF3C75,2024-05-06,prepaid,true
99971001758,b5545d7d25da9ce0,ec1a81fadea5eec0,CUST-1C3E0489,2020-01-21,prepaid,true
99971001759,76024df38e1bc501,d0ff38cd39340b47,CUST-78B389C9,2019-07-13,prepaid,true
99971001760,42be257d439d8bcf,d84f3807f870dd61,CUST-C2B5AD0B,2026-01-28,postpaid,true
99971001761,4431b425cf70bf96,2a0371ba008bb539,CUST-FDED2EB5,2022-12-19,postpaid,true
99971001762,2085b63cbe826a4d,592144ea344acd86,CUST-F910480F,2019-12-30,prepaid,true
99971001763,884f9f9067583a9f,781653236d9bf247,CUST-FA8F4D56,2026-04-23,prepaid,true
99971001764,ce460395226e548d,9d4f0b24ef1eb5ec,CUST-7B7EC702,2025-07-01,postpaid,true
99971001765,45ec29acfeec8338,592144ea344acd86,CUST-9A73B79B,2023-09-03,postpaid,true
99971001766,533794c1442fe17e,4d3d8ef70277ef9a,CUST-8C3E5907,2021-01-20,prepaid,true
99971001767,c0db37c45a9343a4,4d3d8ef70277ef9a,CUST-9F195775,2021-01-23,prepaid,true
99971001768,dc2e7a9e5062679b,4d3d8ef70277ef9a,CUST-39A7EF53,2026-02-13,prepaid,true
99971001769,f80faa66db12a782,fe9b84272401f59b,CUST-BF85BA14,2026-02-04,prepaid,true
99971001770,3af37314b5e6049a,592144ea344acd86,CUST-ADBCF073,2021-02-07,prepaid,true
99971001771,c737e1f64f8a6415,a5235dfac3465e8b,CUST-AF5F74CD,2025-01-28,prepaid,true
99971001772,256374767f3f1414,74d324033036985f,CUST-958A61E6,2019-01-07,prepaid,true
99971001773,65f871836b9c0142,51ce716dc0276e18,CUST-ECB17D2C,2024-01-27,prepaid,true
99971001774,355929358abc0e8a,47d37b2bd23381c0,CUST-76C6814F,2026-03-25,prepaid,true
99971001775,4597445510385f79,3463efbb3d021361,CUST-BA507B25,2024-05-29,prepaid,true
99971001776,3e435d5255f96903,c3fa345b0abc84ba,CUST-2041C60C,2025-12-08,postpaid,true
99971001777,078d7df213ddb2ee,526d058372de9e14,CUST-20F12256,2019-10-04,prepaid,true
99971001778,d2f03066a973b453,108eb2182d6205ab,CUST-0BF7867B,2022-06-02,prepaid,true
99971001779,dace723b18b65cb5,7fc5a01eafdb36d9,CUST-74B10DBB,2020-05-24,prepaid,true
99971001780,6d17ece25cc702f3,afcfd4ed3b902453,CUST-722166B8,2020-10-26,prepaid,true
99971001781,d468fe1735597d6f,244bb19852798cec,CUST-73CCCAE8,2023-06-14,postpaid,true
99971001782,95e3725ba2824056,972b5ea8c6372ea2,CUST-05A56115,2022-03-25,prepaid,true
99971001783,088942577bd8bd8b,60e072f3300ad415,CUST-4FDC7DC1,2020-06-24,prepaid,true
99971001784,18ae3f946b4dda56,c37c4c2dbfed62c1,CUST-DEC688EE,2025-12-12,postpaid,true
99971001785,f4f9b1aa40648d63,a90867c7eff51931,CUST-71283CC8,2023-10-01,prepaid,true
99971001786,235a72b83b99996b,62d4bf52399ad79e,CUST-A4137145,2023-02-06,prepaid,true
99971001787,9d5de047c3ce8e94,47cada66e13431fc,CUST-FAD57BA5,2023-02-10,postpaid,true
99971001788,c2395d0a4eb905fc,451210f4733c97ce,CUST-C862F686,2023-04-07,prepaid,true
99971001789,9a57f231fdb3d077,a2e88e7714d22d67,CUST-4921B297,2021-08-05,prepaid,true
99971001790,95cfc05908766f16,e5259a586ce96558,CUST-B12ACF5C,2023-12-18,prepaid,true
99971001791,49aa5cfb066a72c7,afcfd4ed3b902453,CUST-D7788338,2022-12-07,prepaid,true
99971001792,9d6b8f88d644ee19,afcfd4ed3b902453,CUST-0468DA5A,2023-08-10,postpaid,true
99971001793,34bddd95813d37d3,14843dcec0a8e784,CUST-CF76B72B,2020-07-27,prepaid,true
99971001794,b2844e861380e04c,aebb9591be5d6ffe,CUST-32573D59,2024-08-23,prepaid,true
99971001795,62fc14ded3278545,8068705ecfafd467,CUST-5D02D377,2023-04-07,prepaid,true
99971001796,1e9a42bdfd3405eb,b710b178b9a980d7,CUST-54C5D3E6,2024-10-14,prepaid,true
99971001797,b587b33b71c1b3ed,1cdb9ca905a8dd2e,CUST-B2C2A996,2024-03-07,postpaid,true
99971001798,4a262833dc45c2f3,ce84bdca9653b881,CUST-49FB4273,2021-07-19,postpaid,true
99971001799,2217470788c49d99,5b7fc992ffabbabb,CUST-DEBF18CF,2024-03-28,prepaid,true
99971001800,eaecfe6857b206d1,aebb9591be5d6ffe,CUST-5EF0F8DF,2019-05-08,prepaid,true
99971001801,47b4f9ea92ca8596,df1f04228cee355a,CUST-F6C52C93,2023-12-29,prepaid,true
99971001802,b80b295dcedee8eb,6240df9df6ac3390,CUST-49E3B7BF,2025-08-06,prepaid,true
99971001803,8c2f34182a9bdbe5,6240df9df6ac3390,CUST-82ABE0F6,2020-05-06,prepaid,true
99971001804,130f39c9a1f11e45,657b48c5650d34d7,CUST-00509293,2021-10-08,prepaid,true
99971001805,06a00e1978b79975,116b22afd60b96cd,CUST-05054B25,2020-11-05,postpaid,true
99971001806,ed9cdda03642890a,ceef87509cbd0633,CUST-A8AADF23,2024-12-25,prepaid,true
99971001807,cc1aacd317a35314,5daf7f71557c945b,CUST-6A07FA2A,2025-12-08,prepaid,true
99971001808,47f9603e4e96d5a6,abe3d49b7d2c4dcf,CUST-0CA8A408,2023-12-24,prepaid,true
99971001809,e8e28e67ca730dd4,b6ea0154e2aa2353,CUST-FFAC17A0,2020-03-23,prepaid,true
99971001810,c2598c1d964bd8c9,984882d4453952a1,CUST-E9BA285F,2022-04-10,postpaid,true
99971001811,579a5b4977898f7f,a49bee28c5e3b516,CUST-5CF9C6A0,2019-05-04,prepaid,true
99971001812,058afab2744d17eb,40c60c17db31e14f,CUST-FE8541C9,2021-07-23,postpaid,true
99971001813,e8680ffae8183cfb,e00a599a01cc79f9,CUST-7DE7250F,2021-03-04,postpaid,true
99971001814,9a2c5ec0f2ab3764,ceef87509cbd0633,CUST-31222757,2025-12-23,prepaid,true
99971001815,2f104408c619ca60,a88d404902148046,CUST-682C186B,2025-03-26,prepaid,true
99971001816,44c199315a9fe7c3,b616fcc0e570a4fc,CUST-F0194C15,2023-09-16,prepaid,true
99971001817,57cefabf257f8407,6cd00dd85eff66d0,CUST-C70E179B,2024-07-29,prepaid,true
99971001818,df1d78a62df57d49,437d4639633900bc,CUST-F5C29C8D,2025-04-11,postpaid,true
99971001819,519a2bb1cd3cff58,df933095e71f0d37,CUST-DA4956B0,2024-11-23,prepaid,true
99971001820,8841a8b8cbcbcf2d,c99c2feefeee7d21,CUST-6CCA469C,2024-01-02,prepaid,true
99971001821,6474809a2348f1a6,ceef87509cbd0633,CUST-05A64CDB,2019-01-08,prepaid,true
99971001822,2cdd8af9b42e9e38,045627baabf50486,CUST-5CA006E4,2021-07-24,prepaid,true
99971001823,56133c8a93a26e53,6f0bb4eb0ec6f366,CUST-203C33FC,2020-09-16,prepaid,true
99971001824,94b61bff9ad471ca,c96701fb5e58e81a,CUST-653CF973,2024-01-20,prepaid,true
99971001825,a976dbba8f0b5a5c,f9f0094475a91237,CUST-1A585E51,2021-07-06,prepaid,true
99971001826,707bbfcf74a54263,f6f599886a3eb76b,CUST-6DD23012,2019-04-06,prepaid,true
99971001827,0fcad459e62e00c5,a534b3064d3b6da6,CUST-18CBC858,2019-06-15,prepaid,true
99971001828,412306e0ca7be2b0,a590bcf3d7fac5b9,CUST-94F67E8B,2022-05-18,prepaid,true
99971001829,5d8b3636737ec332,c1692cbc6bc1ecde,CUST-318E4C35,2025-02-26,prepaid,true
99971001830,5c41c2c0769c4544,ea28753637aa6ba1,CUST-A68D5E2A,2023-10-04,prepaid,true
99971001831,f8a7cf62601b4400,fc60fe76d6da4f82,CUST-69BA9FF3,2023-09-18,prepaid,true
99971001832,8305728ecf5262b4,d3db55c03cc95654,CUST-684BC1CF,2023-12-24,prepaid,true
99971001833,739b459549d91187,bdfe932f536d91c2,CUST-4623412B,2024-02-09,postpaid,true
99971001834,b01a68738172ca20,d3db55c03cc95654,CUST-A9CA6BFD,2023-07-10,prepaid,true
99971001835,1f37be6982cb2039,ce4e64e673d851c2,CUST-0F2360C3,2022-09-01,prepaid,true
99971001836,2ff886ba22e0b5d1,d910de4f1653587a,CUST-E14FD9C0,2019-08-27,prepaid,true
99971001837,c42a940ee2e1a46b,1d8aa95bddd7c6ee,CUST-F0432D8E,2025-11-21,postpaid,true
99971001838,1bca61afe93f61f8,1230f084525eaa72,CUST-76D3B5FC,2019-03-28,prepaid,true
99971001839,6d736148a5c3c556,d3db55c03cc95654,CUST-F6336B17,2023-09-09,prepaid,true
99971001840,9d2d6e97df02c89d,29e21540dd7d3e58,CUST-4836FAFC,2026-03-10,prepaid,true
99971001841,5ffaaa07437eae45,45c6c569e6ac5260,CUST-C1388195,2024-10-24,prepaid,true
99971001842,7ca11d2ce5258660,1230f084525eaa72,CUST-4D051C7B,2019-09-05,prepaid,true
99971001843,ec776b1d3eb46aca,af9ef51aadb367f7,CUST-16F54877,2025-05-12,postpaid,true
99971001844,7e539c9670cad837,2adcd85c93d95286,CUST-EBB9465F,2024-02-26,prepaid,true
99971001845,74d48fa000d5468c,ef8e887a6d1575a4,CUST-EAEAFF2D,2023-04-09,postpaid,true
99971001846,6559234dbce41371,e3c9e4d962e43a95,CUST-22B6A073,2026-03-03,postpaid,true
99971001847,f1439f8b0dd9daa6,fa2eb23ecc3fa98e,CUST-6051AFF9,2019-06-11,postpaid,true
99971001848,f1439f8b0dd9daa6,fa2eb23ecc3fa98e,CUST-6051AFF9,2025-09-19,prepaid,true
99971001849,2edb715d44cfb531,2735c848166d2f68,CUST-07C83403,2019-06-02,postpaid,true
99971001850,d8b48e5426157ab1,df953a7ce4c75d29,CUST-61965558,2021-01-06,prepaid,true
99971001851,f38c4ba32a02fe8f,2ea5c8a8aa2630e5,CUST-DD8EBCB0,2022-04-16,prepaid,true
99971001852,25c66acd1084fd98,f05a3f54f0fce821,CUST-ED81B187,2020-09-28,prepaid,true
99971001853,49ec664bf34eb54a,f05a3f54f0fce821,CUST-2087748D,2023-10-18,prepaid,true
99971001854,bf1cfa096dc3b008,2e440e387d31f7c3,CUST-63786AAF,2024-01-13,prepaid,true
99971001855,8df58f4162b49f31,807436c5504e3621,CUST-096981E1,2025-02-08,postpaid,true
99971001856,8f6c4e51f8b63d17,3590cdbaa30eb93d,CUST-676D77EC,2024-11-24,prepaid,true
99971001857,7aef0d67fe5b63a9,dd5832dec6964791,CUST-2CAF4F86,2024-08-16,prepaid,true
99971001858,f16d38225490199e,5a69ddb5fec4f849,CUST-116DDEF1,2021-10-04,postpaid,true
99971001859,6ad117d7584c92d5,de32196b64757e95,CUST-3240F59D,2020-08-23,prepaid,true
99971001860,f01783466479ddfb,224f3df297ac9bb3,CUST-8DB2F8FD,2020-05-05,prepaid,true
99971001861,457d5c33867eeaf5,dcc90a1f44bc3cf1,CUST-D82BEE0E,2022-04-01,postpaid,true
99971001862,f5c381af985d9a41,1b4e2e0477546701,CUST-9BF736E8,2021-01-13,prepaid,true
99971001863,6e9ff4dac4c738a4,2f89fb391a771cbf,CUST-11BDC8F7,2025-10-07,prepaid,true
99971001864,6e9ff4dac4c738a4,2f89fb391a771cbf,CUST-11BDC8F7,2020-11-21,prepaid,true
99971001865,e2a564d1d1667524,8e3eaf8cacbe47ce,CUST-5EF66DDB,2025-12-23,prepaid,true
99971001866,f2a63173e485a326,5a69ddb5fec4f849,CUST-A9A5CF17,2019-04-28,postpaid,true
99971001867,4bde07be7df5d00d,1ab3ccc52ff3f26f,CUST-0A479887,2021-08-06,prepaid,true
99971001868,5b239664271638c2,2c00525bbf5e3e1c,CUST-7BC12388,2020-07-04,prepaid,true
99971001869,d6a8c5a482220a81,334be40ad49050ea,CUST-1D14E4B3,2025-03-05,prepaid,true
99971001870,d5e00e953ad39c73,3778fc9e9c46b470,CUST-AFA45FC4,2020-08-04,prepaid,true
99971001871,07c0b82c7713dca4,6b76c7fe2e003dd0,CUST-A249FC95,2026-02-28,postpaid,true
99971001872,05689431fdf17904,3234928c55a3c171,CUST-481C6A15,2021-10-23,prepaid,true
99971001873,171037a3bb944328,eb8fc00217b980a3,CUST-E5E3E5D6,2023-08-30,postpaid,true
99971001874,b6096c944c21c8af,1387b2fbf657386d,CUST-E208B737,2021-06-12,prepaid,true
99971001875,663f75b93a068738,3da6213e002b5e46,CUST-3B27F399,2022-07-26,prepaid,true
99971001876,fc13384d464a17cf,add1245f01023d9c,CUST-F1FE82E3,2019-11-12,prepaid,true
99971001877,8f42d7f7c7db99ef,726a56523ed173e9,CUST-259383A8,2025-01-27,prepaid,true
99971001878,30934e811f1ee2c2,1387b2fbf657386d,CUST-A214134F,2022-09-22,postpaid,true
99971001879,ffe49132d8f530dd,f44b6d482fb49e15,CUST-F2FEABFA,2025-06-04,postpaid,true
99971001880,d056064e3a361064,4777eddcebc29d9f,CUST-ABE2D61B,2019-06-03,prepaid,true
99971001881,bb034d70ad327729,1c5a8ff373b0a7c5,CUST-5ED63AC1,2022-03-15,prepaid,true
99971001882,85a5695fca248626,b81d9652b2d2698f,CUST-630C3073,2022-07-11,prepaid,true
99971001883,a76b5627238c31b9,157166780a731978,CUST-1EC8F25F,2021-01-07,prepaid,true
99971001884,939de9ed18ab2baf,3e2a0b421a38baf4,CUST-1BC95E41,2020-04-06,prepaid,true
99971001885,108336f6ef530350,dd1d88fb4d722439,CUST-7EBAE30A,2019-08-28,prepaid,true
99971001886,f31f1cd6a4e90451,45c751b88c98e4e5,CUST-4F0F7C6A,2025-10-19,postpaid,true
99971001887,7bafb038f30916e5,624058de0c33071c,CUST-14375BC4,2022-05-09,prepaid,true
99971001888,5cd158da6b9fd4a8,4638485aee034328,CUST-4129BAB8,2022-04-13,prepaid,true
99971001889,095817ea5262538a,441d300871e2a9aa,CUST-BD277276,2022-12-10,postpaid,true
99971001890,f30c56c4ab1ad228,1387b2fbf657386d,CUST-D76F9477,2021-09-04,postpaid,true
99971001891,7d18f64b167fc235,da21333bd0590178,CUST-3D0F5BAA,2019-10-25,prepaid,true
99971001892,f4e4db89634e85ea,1fd66eebf85f405f,CUST-B37F5CF0,2020-07-07,prepaid,true
99971001893,3e96846f87f87a1c,35741c3d43dfe10d,CUST-FD684143,2020-03-22,prepaid,true
99971001894,7c854feac733948d,c843ef8169702db3,CUST-A2A3409B,2024-02-07,prepaid,true
99971001895,189e16715223b709,157166780a731978,CUST-1B2D17A5,2022-07-01,prepaid,true
99971001896,292e81663b296bf9,a955d04f958b302c,CUST-A7007FCD,2024-05-09,prepaid,true
99971001897,dccb71626785112f,cab59bc494e5ca1e,CUST-1016F063,2025-03-25,prepaid,true
99971001898,ab25d769d9321fa5,8375a8b9ee4a9d11,CUST-282C1B40,2024-06-01,prepaid,true
99971001899,acac4708267ef10a,8375a8b9ee4a9d11,CUST-A7C62ADB,2024-10-13,prepaid,true
99971001900,3b8eb29b9a811bbe,520253d457dc6e28,CUST-68F23F89,2022-10-09,postpaid,true
99971001901,e9c42d0156aec5e1,ac52236205334602,CUST-2994A37A,2020-06-19,postpaid,true
99971001902,b05ce3e3676e8188,2951628d87799088,CUST-D05FEDB4,2020-07-28,prepaid,true
99971001903,11c60080ed933b66,c2d54b19127ea584,CUST-201E3C0A,2023-10-21,prepaid,true
99971001904,93a576db8ba99586,e1b09e9f60df0ef1,CUST-C4469472,2019-08-21,prepaid,true
99971001905,f2c022d28b38247a,e1b09e9f60df0ef1,CUST-EFEC28BC,2019-01-14,postpaid,true
99971001906,663bdb9a4931ed24,168363bfd1409d44,CUST-8ED5BDE3,2021-02-28,prepaid,true
99971001907,09222d93b7b1cfa6,1f33598f78db3b3c,CUST-7D1D1485,2021-05-09,postpaid,true
99971001908,16203474e9108b8a,7baee6473548ee09,CUST-5D0E0731,2022-12-24,prepaid,true
99971001909,ed8ee1e4258b4395,523668745e73832b,CUST-CFC3AD16,2022-07-05,prepaid,true
99971001910,ca85d0ef8da3ac57,450057eabcff0b2e,CUST-6E9D4BB1,2021-06-18,prepaid,true
99971001911,ad32bfc679c283d8,5d80ee0fd0fdb66f,CUST-F04DEEC3,2025-07-03,prepaid,true
99971001912,019e16f56ba5968b,1b5d505ceb0ac9c9,CUST-04348A15,2023-11-30,prepaid,true
99971001913,f219d7e309d468a8,7d9ffd9342b34261,CUST-87790CB0,2021-02-08,prepaid,true
99971001914,c3ed42fcd955c2ca,11b8f8bbc779c433,CUST-953E80B1,2023-11-13,prepaid,true
99971001915,7ee3be3ad13b6888,814787e612886f3b,CUST-819C0049,2024-04-15,prepaid,true
99971001916,8567644c583294a2,4d62ac4ee6f29a90,CUST-113EEE6D,2025-07-10,prepaid,true
99971001917,331e183beac48c02,6bf317ae7d631adf,CUST-71200429,2021-04-16,prepaid,true
99971001918,43efbdf80e6b225f,2a5c021040982931,CUST-DD47F43B,2022-04-11,prepaid,true
99971001919,375b469c3448029f,869bbf08e0b858aa,CUST-23CFA1C9,2021-09-16,prepaid,true
99971001920,f4d702fab2825bca,1df1075aabbd5ca1,CUST-36AE6C2C,2025-08-31,prepaid,true
99971001921,0ab8f2a8ef84bf0b,4fc91c4c8441b6cf,CUST-C857D9D9,2023-08-05,prepaid,true
99971001922,b0c82286fd506a60,78eb9c5622067686,CUST-CC29BD61,2024-05-26,prepaid,true
99971001923,59c1f4cebeabe43a,a42c14baa4ef2ff3,CUST-AD24E2AF,2021-04-06,prepaid,true
99971001924,507149f286d78bcc,ef7ca4481c46b39a,CUST-AFC91924,2019-08-11,prepaid,true
99971001925,14b6fdeca0ae5c72,804cf9924a29a139,CUST-D6B950E9,2021-11-15,prepaid,true
99971001926,60e05271c3307a5b,cef5ebb85451286c,CUST-DD8C2B36,2020-05-24,prepaid,true
99971001927,393ba22f14fa2003,91d7c32a0031c765,CUST-F5957C76,2023-11-17,postpaid,true
99971001928,b195372ea6091efe,c3698360a7fa98f7,CUST-96B53232,2019-12-16,prepaid,true
99971001929,16cc08eb815511ac,99d7b317340eaef3,CUST-54953FA7,2021-09-25,postpaid,true
99971001930,e249bea05cad271b,1213e5d60bf8f486,CUST-31EE2A1E,2019-02-01,postpaid,true
99971001931,9f00213c581cb660,5b147d9917cc6fc2,CUST-93D687AA,2020-12-03,prepaid,true
99971001932,79ae9a1d6aafe1b0,33b8bb82e39a6ce9,CUST-E1598538,2020-07-07,prepaid,true
99971001933,204dcf20b7b8617d,6da2cbf973d229b0,CUST-A387B927,2024-06-18,prepaid,true
99971001934,204dcf20b7b8617d,ef7ca4481c46b39a,CUST-A387B927,2019-07-25,prepaid,true
99971001935,dabea109c815d228,b29e521b523f7e80,CUST-7861498C,2024-12-07,postpaid,true
99971001936,1c6db6dc665cf138,e64f30385dfa594c,CUST-A1F22EBB,2021-12-09,postpaid,true
99971001937,aac13bec78b46e56,c776e3b77ad25e3c,CUST-73809CB8,2019-10-17,prepaid,true
99971001938,4d5e6f83cd1b91a9,1f64e465e357047d,CUST-8880467D,2025-05-09,postpaid,true
99971001939,137f92babb7d545f,e64f30385dfa594c,CUST-C4E8EAD5,2021-02-02,postpaid,true
99971001940,137f92babb7d545f,99d8beaf92dc4809,CUST-C4E8EAD5,2019-02-19,prepaid,true
99971001941,59cbca566ec1a4e7,391a45eab669106a,CUST-3536FB40,2023-01-15,prepaid,true
99971001942,1662096a5f42b07a,ef7ca4481c46b39a,CUST-9D17BE44,2020-04-02,prepaid,true
99971001943,1dce98e08e1862d1,0c2d611f93b39d30,CUST-67840DF6,2023-06-14,prepaid,true
99971001944,28e63bd36c35dee1,cfd433e0d1f12310,CUST-39E6DB62,2020-12-31,prepaid,true
99971001945,dbc0beb74c41f002,4e0e76bfc1572fbc,CUST-49670643,2024-06-04,postpaid,true
99971001946,4def33830d62b12f,485f56248c7f64fd,CUST-DDA632BA,2024-06-29,prepaid,true
99971001947,112fa71734bf88e8,244fb750fa0f58af,CUST-DED0DA55,2020-05-01,prepaid,true
99971001948,be05190d5947c445,1e8b0f1ebf129810,CUST-1C801793,2022-10-15,prepaid,true
99971001949,ae47f2383a139d5c,676de209e850628b,CUST-91DD2517,2021-11-19,prepaid,true
99971001950,453655556f4e7f97,805c35eb314e6a78,CUST-A91588B0,2021-12-23,postpaid,true
99971001951,d5fde209bf7695a0,898e6b6f5c9c1334,CUST-18346244,2022-11-29,prepaid,true
99971001952,1eb1e29264aec925,983779575372b595,CUST-40A05133,2025-09-02,prepaid,true
99971001953,4433da8b4aa063cf,be63ee6b6c713c8d,CUST-15C5FC82,2024-08-19,postpaid,true
99971001954,b366ca4f999268e6,318826f8d4ef1c8f,CUST-D99CB20C,2021-04-21,prepaid,true
99971001955,c0157d741a17d91f,ad490932f312295e,CUST-F7CDC45E,2019-11-03,prepaid,true
99971001956,7bb2d9fdb68e9e9c,c4943a0ea083fa7b,CUST-F6302A62,2024-02-29,postpaid,true
99971001957,ec4bd6a8a64a1fd7,36f0301f51a07d4e,CUST-971B6385,2022-01-26,prepaid,true
99971001958,aca2711931bed551,94838da086af7e8c,CUST-E8DD75C3,2024-11-04,prepaid,true
99971001959,39bcec64f0b0ff42,92e29ea085e3cb0d,CUST-4581FA2B,2022-04-18,prepaid,true
99971001960,6a1f7a19ce29dd47,84777bad2a7bbe6e,CUST-DF92D55A,2023-11-29,postpaid,true
99971001961,5edacd56a55bcd0b,1e8b0f1ebf129810,CUST-798F0D3C,2023-06-22,prepaid,true
99971001962,ef98ba168f152b89,63c8fb2d228d04cf,CUST-BE84D54E,2025-05-06,prepaid,true
99971001963,0073ceba98276cd5,805c35eb314e6a78,CUST-A35C9B25,2022-10-30,prepaid,true
99971001964,6c504bc1cefd4c80,1dd209a51c55e52c,CUST-36CD2E1B,2024-03-28,prepaid,true
99971001965,2d16497406e7dfbe,bc079166bd0a7ea2,CUST-49B8BEC4,2022-08-20,postpaid,true
99971001966,2d16497406e7dfbe,bc079166bd0a7ea2,CUST-49B8BEC4,2025-07-25,prepaid,true
99971001967,58a81a6391ae95a8,5bb1164f1c9cf82d,CUST-3F120255,2024-05-17,prepaid,true
99971001968,ac7e628c9d14cd1c,1addc87e8bd6c005,CUST-F63D69FD,2024-12-11,postpaid,true
99971001969,8012aac1ef457a28,78ea44518be2216a,CUST-7433D802,2024-05-21,postpaid,true
99971001970,1035124b4232f76d,23764ebff6980c71,CUST-324D3C29,2020-04-06,postpaid,true
99971001971,d0dcef398d097fbd,5f3060c02142e501,CUST-9C686E31,2020-12-05,postpaid,true
99971001972,072c1b03e7e7f7e8,f1bb8cb23cfafed6,CUST-1A76AE6B,2020-04-18,postpaid,true
99971001973,7cae777d9aa5d0f9,717452d870cde4c9,CUST-8823F242,2026-01-27,postpaid,true
99971001974,b7ae8c1ee3fa2958,737b3e979d24f93b,CUST-2B73E04F,2023-06-21,prepaid,true
99971001975,c679a35b32c01df5,cd5b79294adc4829,CUST-0E864E77,2020-05-02,postpaid,true
99971001976,c05c74e47d7f7242,cb19fe977bed3f7a,CUST-B8512F5B,2024-07-07,prepaid,true
99971001977,e7743e0d69c48d12,2f9c08e47c6158c2,CUST-7A3D49AD,2023-09-17,postpaid,true
99971001978,66a7ef66c3aa7b06,0d34ccc6854f1c67,CUST-598CE99E,2021-10-03,postpaid,true
99971001979,352829886a88f69c,0f1bcb603f7635ac,CUST-9DF2C2B0,2019-01-29,prepaid,true
99971001980,d672a4cc263988f5,a1bda0f09d919d20,CUST-DEF5B346,2021-09-09,postpaid,true
99971001981,cbf2694a0d808973,9dec6a5699d975ac,CUST-9192406C,2025-05-14,postpaid,true
99971001982,f83764afb90e3498,f1bb8cb23cfafed6,CUST-EF9029EC,2019-12-20,prepaid,true
99971001983,7221ec39ba211cd4,f1bb8cb23cfafed6,CUST-62303D8C,2023-11-02,prepaid,true
99971001984,5ecf26bd1e8615d7,737b3e979d24f93b,CUST-3B5BAF7E,2019-07-05,prepaid,true
99971001985,456275a43101e983,39677c414d9ac1fa,CUST-0C40E848,2019-12-08,prepaid,true
99971001986,df3fdc5e6b242123,b624b337ba9ffbe3,CUST-BD057E41,2022-12-14,postpaid,true
99971001987,92b8881673d84d9b,d25a9faa840a4365,CUST-35FB99E0,2022-05-23,prepaid,true
99971001988,d280994f2006c279,24d3b4b8b0b7dded,CUST-50651CCB,2020-02-23,postpaid,true
99971001989,08d7755ba9d20d96,ae73107d7b4bee7a,CUST-920AA543,2023-03-08,prepaid,true
99971001990,e50bc35479e083d8,663911f654c5ce41,CUST-2354E369,2022-08-28,prepaid,true
99971001991,c271d597d7c3f487,4dfa97dffd72ee20,CUST-04FFCF60,2021-01-21,prepaid,true
99971001992,4549c3c131fcfdae,1c71eb27677eddc7,CUST-DD91A01B,2020-06-06,prepaid,true
99971001993,4ef504464d405ef7,429f09f636ad63ad,CUST-182B1BC2,2020-04-10,prepaid,true
99971001994,c4aa2530090d3500,6aac9055cddbcebd,CUST-56716A71,2019-12-13,prepaid,true
99971001995,3dbba516bcf86c93,9f972a25e6fa6503,CUST-AAF746BA,2025-01-27,postpaid,true
99971001996,1fc5876b8531856e,9af2457c9fd20b75,CUST-C88FF783,2025-10-12,prepaid,true
99971001997,dc25d8b01e050fed,9f972a25e6fa6503,CUST-2B2EEB16,2022-07-27,prepaid,true
99971001998,a3b87f337fb71b84,85e0c589a4283b47,CUST-EA403985,2022-01-14,postpaid,true
99971001999,c1bcb312e15b8e55,b90ddd1821c22218,CUST-79FBD7C9,2020-04-18,prepaid,true
99971002000,cf2ed6471e7e8d53,297c1ab687bf16b9,CUST-A5AF3085,2023-04-30,prepaid,true
99971002001,1288f95a8ff24b49,e3701227c180f9db,CUST-C1CCE5FB,2019-07-21,prepaid,true
99971002002,55bae1374d510190,415f14d28c069266,CUST-6C3579E6,2021-05-06,prepaid,true
99971002003,f69b10eaeb6cdc3a,66d2b57394223406,CUST-D878C396,2021-05-23,prepaid,true
99971002004,eddcb557a3164f64,bddbe1a5ab367b36,CUST-C525E332,2020-09-29,prepaid,true
99971002005,0c3cc951f1ef33d9,7d74a64d2a5ac481,CUST-ABEFE515,2025-11-07,postpaid,true
99971002006,8d30f4f46c6c0bb1,7bd7283befc86178,CUST-DE01951F,2019-08-24,prepaid,true
99971002007,f2fe2eb5b9301e9b,85e0c589a4283b47,CUST-A9A950C3,2020-09-17,prepaid,true
99971002008,d206f199657a8e15,f304e4fb6259d4f7,CUST-EBB19783,2025-02-03,prepaid,true
99971002009,bd5ad3fee999b5d8,017fb6f147ddbe03,CUST-6FA2A192,2022-10-03,prepaid,true
99971002010,fc3370f365388086,85e0c589a4283b47,CUST-0ED93D4B,2024-08-23,postpaid,true
99971002011,53e6c9554740e33d,800a1d3222f156b4,CUST-DBFF49BE,2022-07-20,prepaid,true
99971002012,d9cb374685fd7fb8,7f6167b1a300bb5e,CUST-2C44D0CD,2026-01-27,prepaid,true
99971002013,3ab7cc9deb79c6a2,77a5577ad0d5df91,CUST-17423E28,2023-08-10,prepaid,true
99971002014,937790d4fcb9ede4,d44ab318c430e8f6,CUST-E3DE34B7,2019-11-02,prepaid,true
99971002015,8150e79f554c7546,3a6e5022ba9577f7,CUST-F163E69F,2019-10-09,prepaid,true
99971002016,8150e79f554c7546,3a6e5022ba9577f7,CUST-F163E69F,2019-05-04,prepaid,true
99971002017,833aaf81fdb85936,dc3ca9878be554bc,CUST-1E53F416,2020-09-22,prepaid,true
99971002018,58384915962c872e,fa7b9248a2d3fb93,CUST-3451C78B,2020-01-22,prepaid,true
99971002019,22bf0d074a0ca30d,67fb99863a2aa238,CUST-CCF11307,2020-04-11,prepaid,true
99971002020,17b39d30d7316da6,c5923fccb700d7ed,CUST-8F7E2F7D,2019-11-08,prepaid,true
99971002021,56b51729ca71a880,3f4b3e49843406d8,CUST-7DE75BDA,2020-03-28,prepaid,true
99971002022,b8fbe9e269a83ec6,c5923fccb700d7ed,CUST-3CD1EA8D,2023-04-26,postpaid,true
99971002023,bdd3b4edc63ca8c9,8e35639b26110533,CUST-4657FA24,2022-06-09,prepaid,true
99971002024,cbe0b09d32aa2573,619584d0ed9ab199,CUST-B57BF5C1,2022-03-06,prepaid,true
99971002025,06018a461ba113b1,ecd7e8508e6e1dd3,CUST-4AAA52F6,2026-01-16,postpaid,true
99971002026,891f357cf73c920f,27103e362bcc6e57,CUST-D708C4C5,2021-01-13,prepaid,true
99971002027,835d4a1b750ec027,a014559ac8f98879,CUST-071F8F17,2023-03-08,prepaid,true
99971002028,3b6ab2c4092700ea,510d7f98bf096fc1,CUST-F7942B51,2026-03-16,prepaid,true
99971002029,8fc3cb239361f2f5,0439d3f85130b041,CUST-FD429B0C,2022-05-13,prepaid,true
99971002030,40c4ac7d27766b0e,1d58cb3c15a22062,CUST-BC471CCC,2025-07-23,postpaid,true
99971002031,0898d3f29f9a64f3,4a551b8bff6f161d,CUST-D627C766,2024-11-12,prepaid,true
99971002032,0898d3f29f9a64f3,4a551b8bff6f161d,CUST-D627C766,2022-12-07,prepaid,true
99971002033,0875b3dcf82054b8,ccf0135bc63ae77d,CUST-53F37A6B,2020-10-03,postpaid,true
99971002034,79ca1049465f370b,54c7f3e6d0bb8a3a,CUST-A1DEF23A,2025-05-03,prepaid,true
99971002035,4998369dd4e805a9,e7da0519427fc18b,CUST-5ABA2500,2025-05-07,postpaid,true
99971002036,abfc4b7715d89332,0bc17e289c2a7b83,CUST-B6B1758F,2023-02-23,prepaid,true
99971002037,2fcb7958fd7dc174,5b19fe748fe5abf8,CUST-B8D9A681,2020-08-11,prepaid,true
99971002038,70fc594ad5dd7541,510d7f98bf096fc1,CUST-62917A7A,2023-12-30,postpaid,true
99971002039,ca3e18bc38dba999,eb7c6a9c465e047a,CUST-1CA47A1A,2024-07-19,prepaid,true
99971002040,0ebb9de512df4bd2,42d1d35e27fa171a,CUST-00362ECB,2025-04-03,prepaid,true
99971002041,1ee370d3decb2453,5bfb80d71d10d61a,CUST-57F38ED9,2020-05-30,prepaid,true
99971002042,9ad3d33aa6c725b1,5a2a3d204c2c15d7,CUST-EC7BB63D,2020-08-19,prepaid,true
99971002043,3c48b698eaf497b6,f3aea17be2ce7b26,CUST-9F4F3972,2020-12-08,postpaid,true
99971002044,55667df5901d3c41,34e324cbd667804f,CUST-392B4008,2024-05-05,postpaid,true
99971002045,640eda5d9d5fcfba,811e244a0a5159b8,CUST-B667ECDC,2023-10-04,prepaid,true
99971002046,bdade504aaab0af9,c0e49cdedb750acf,CUST-91E53FB0,2026-05-23,prepaid,true
99971002047,9194e581198fe0e1,f3aea17be2ce7b26,CUST-B9EBA998,2026-04-12,prepaid,true
99971002048,32077fd665a84ef4,372e23d8ba4a4d06,CUST-4C2FC98D,2024-03-28,prepaid,true
99971002049,6208b95893a1fe93,46371d13b696061e,CUST-5E24017B,2019-03-11,prepaid,true
99971002050,eb5c16e81050dc33,a8cb7968bb7b68c7,CUST-3C0EF993,2022-10-22,prepaid,true
99971002051,0288947c4fce31eb,8d2e27aa7b8a7cf5,CUST-C71463D5,2023-12-25,prepaid,true
99971002052,42c909d8edcccb8c,3892c5bd9cb3833f,CUST-0DD7126E,2024-03-20,prepaid,true
99971002053,44ee003b0e8084ab,5cfffb8b52bc7d04,CUST-7D7383C7,2022-12-31,prepaid,true
99971002054,f586babfefa785f6,4e7def2a683a3144,CUST-25B41375,2023-10-05,prepaid,true
99971002055,945a1ffda8adf0f0,b9275d523d3e1f94,CUST-F4D54E4E,2022-09-20,prepaid,true
99971002056,cfbd52f7556f7506,dc8de5986eca3a63,CUST-6265F995,2021-09-11,prepaid,true
99971002057,e3946d6881bfffc3,7505c246b6130fc8,CUST-F8B71448,2024-07-17,postpaid,true
99971002058,166fcc1cbc7de696,298dabc563e74ff5,CUST-993A4C6E,2022-10-31,prepaid,true
99971002059,41d59acfcd6fe16a,5bfb80d71d10d61a,CUST-4708093A,2021-12-02,prepaid,true
99971002060,e15aaa8846d915a0,af48e58ec211cd9d,CUST-B66F41FF,2023-11-14,prepaid,true
99971002061,9ada5f3b7c1ac925,b416eb854e3fc6b5,CUST-62E044F1,2023-09-23,postpaid,true
99971002062,1877021af160258d,2e1f11b3afc72ac3,CUST-91E9C236,2022-12-06,prepaid,true
99971002063,594f29146360c52b,37ebdb2717febdd6,CUST-58EA20E3,2019-09-10,prepaid,true
99971002064,8f2e58a48c2f321e,5bfb80d71d10d61a,CUST-C36A6074,2025-04-24,prepaid,true
99971002065,62cebaf432f66968,fc7269db5f388a26,CUST-E9698F49,2019-04-25,postpaid,true
99971002066,fa7d85b5030be2bc,a0247f6ad28daeda,CUST-3D089677,2023-09-11,prepaid,true
99971002067,ba3a11bb89ac77b8,1a1c6f2fa89d8a7a,CUST-2399F505,2023-10-11,postpaid,true
99971002068,b3cb528a393459ef,4e412872a55071f0,CUST-58F2E51B,2020-01-17,prepaid,true
99971002069,4565c37b887f9abf,f236db950a05ce23,CUST-BF64582A,2019-06-13,prepaid,true
99971002070,e7e5c29c455acbf1,595dbcfc176c1bd9,CUST-B2595867,2019-06-02,prepaid,true
99971002071,c3894795b669aa81,73abd447fc9e2b7a,CUST-FDE3C7D3,2025-02-07,prepaid,true
99971002072,405af60778ecfce5,fc7269db5f388a26,CUST-57E0647A,2022-07-10,postpaid,true
99971002073,ec46dd11a8c5bd71,aede98087623f8e0,CUST-9F2ED546,2025-05-14,prepaid,true
99971002074,dd61f6efe346f3d2,401e39ba2e81efd7,CUST-F732333F,2026-02-14,prepaid,true
99971002075,74a2c9fca8d7aa64,6ff58e6ef00ec219,CUST-66D94AA9,2021-09-26,prepaid,true
99971002076,55a55e78446504a3,bc77258eafd099e4,CUST-1EA5B4D8,2025-03-19,prepaid,true
99971002077,3d5284af33ea95b9,a46ad01af9e03a5a,CUST-A0E23C3D,2021-12-08,prepaid,true
99971002078,c1f766193a5163b1,9785108f48d435aa,CUST-82C9FB4F,2026-04-05,prepaid,true
99971002079,a53bfd7838e4d468,639a738f3dfa0933,CUST-ACF01395,2022-01-11,prepaid,true
99971002080,3d1b428909b5d2b1,ecd3f43abd2887b5,CUST-ACB00C76,2024-10-15,prepaid,true
99971002081,53dce05e7e36f604,e509efb27041ae81,CUST-85E48498,2021-09-24,prepaid,true
99971002082,ef5a4a92caf20e88,fc7269db5f388a26,CUST-F12332A4,2023-03-18,prepaid,true
99971002083,f3b6c62d68b043ac,e964db6a0d7cb50e,CUST-DE4A18D5,2024-02-07,postpaid,true
99971002084,ba8d8333c5c2e033,e6a438aee0ea5c79,CUST-A50E1FC8,2020-02-19,postpaid,true
99971002085,8ef81a203b226e2c,cc0f2baa1bab1d84,CUST-F4DFCC77,2020-02-08,prepaid,true
99971002086,8ef81a203b226e2c,cc0f2baa1bab1d84,CUST-F4DFCC77,2025-05-25,prepaid,true
99971002087,cced981e4c99c23f,114d77be2c134862,CUST-6786804E,2025-03-16,prepaid,true
99971002088,a32f6865029f118a,314b125655383e74,CUST-18AFB28B,2024-03-17,prepaid,true
99971002089,3d808b3f39d78452,e553fb9e8951b750,CUST-CF35BB0B,2019-12-23,prepaid,true
99971002090,d6ecf67239de6421,77efd2689fe40d15,CUST-A0924748,2025-07-31,prepaid,true
99971002091,8944e116b26f9b85,01514a2dcb2c3de8,CUST-324A890D,2022-12-08,postpaid,true
99971002092,bc4feea39c956a5f,344b0c97a58056ac,CUST-12532785,2024-06-01,prepaid,true
99971002093,d4f9b23a9bfb733d,7efa6512161df1d0,CUST-2657BDFC,2024-01-09,prepaid,true
99971002094,aa1f73c0e937d309,33cbd9c5e98c3024,CUST-98796115,2023-12-22,prepaid,true
99971002095,ce5cfcee3a4220b7,63860ddf402acba4,CUST-70314245,2019-12-12,prepaid,true
99971002096,ebe8e0530da796c1,5c5707e850a5f315,CUST-F13DAE7C,2019-01-11,prepaid,true
99971002097,fc0e87f0613efbfa,7c4b25d79b33456e,CUST-3461AD23,2020-07-15,prepaid,true
99971002098,6c024b36113f54d8,344b0c97a58056ac,CUST-DA4188AB,2026-05-21,prepaid,true
99971002099,13eab977fd7c5729,80d1a864329100b6,CUST-56A59EF8,2021-02-01,prepaid,true
99971002100,fa62b073365b7785,3ad429cbb7a5cc68,CUST-DA72C6B0,2022-05-22,postpaid,true
99971002101,777366f39e8ca9ac,9445fde0b1ff6369,CUST-AA1C3ABD,2023-02-04,postpaid,true
99971002102,f791a3ced7be0ee8,54f59457865aba58,CUST-B9157676,2023-08-21,prepaid,true
99971002103,71308fa0757f2650,9f4634f2a842871c,CUST-12C1DF42,2023-07-08,postpaid,true
99971002104,9a6924d59ea6cb3f,bd2775e366a94e19,CUST-6C35D86B,2023-05-25,postpaid,true
99971002105,778588536aef2761,c1b1972fdd42ac7c,CUST-1FDBE7C4,2023-06-06,postpaid,true
99971002106,2e86b7f62c220e49,344b0c97a58056ac,CUST-0EA517F3,2021-03-28,postpaid,true
99971002107,6823f91721780660,ee22254b33bacedd,CUST-FDC0C9E7,2024-04-16,prepaid,true
99971002108,16630904ae6664c9,a06a6bf196a8dc88,CUST-22395036,2021-11-16,prepaid,true
99971002109,6600393accb0fe79,4aec044ff246e910,CUST-95E672BE,2020-04-04,prepaid,true
99971002110,0659884af35558ba,902be4522056117f,CUST-C0EC60C4,2023-02-08,postpaid,true
99971002111,5ba06fb2b37f0b89,7efa6512161df1d0,CUST-976599E9,2023-11-26,prepaid,true
99971002112,79c7f2ed266d5afc,77a14ce2f4545c1d,CUST-557BB218,2023-02-16,prepaid,true
99971002113,4e5d15950b59680c,84dbef3acb38d663,CUST-48CDF4D2,2022-09-14,prepaid,true
99971002114,723ae436b3c15218,fb100c73dac2cbfe,CUST-0CA69E97,2023-09-07,prepaid,true
99971002115,cc45b0e774d7f7f5,549852ad5c53f3d6,CUST-4C2DE516,2021-07-21,prepaid,true
99971002116,da970e6e0405692b,eb648fe7a2415f30,CUST-98B0F8E8,2021-05-26,prepaid,true
99971002117,0ae7fd2cbdcec4bd,69a4a389f0262028,CUST-6760BDA7,2024-12-10,prepaid,true
99971002118,f77e4453c21fc791,a414544b4756939a,CUST-1C0D79E4,2025-12-20,prepaid,true
99971002119,e71257c6398dc97a,9bd671dccc2e6bf0,CUST-B3B91776,2019-09-12,prepaid,true
99971002120,9ac7fd52c4397287,e648724794eea6ff,CUST-A21E8536,2020-06-06,prepaid,true
99971002121,6b39e829202c5dbf,bd3f52abbd709f8b,CUST-3B58898A,2020-11-28,prepaid,true
99971002122,0099cfe15774e733,bd3f52abbd709f8b,CUST-C9C19C56,2025-09-05,prepaid,true
99971002123,4cdd7b489961bd39,329b8f02356ae676,CUST-D42CA83F,2022-02-17,prepaid,true
99971002124,3179dc6c84a7730e,2630fe0066949dd5,CUST-7C63AA25,2025-02-20,postpaid,true
99971002125,17a8cc04c74aee61,0373ea77f7a29072,CUST-D281E89A,2020-10-22,prepaid,true
99971002126,56a67643e186b4d8,0fc739cdd5f8b08c,CUST-83AD8C10,2022-07-14,postpaid,true
99971002127,e2a08a10133d3487,37d5f0ccf01b0117,CUST-7F59F1CA,2025-02-11,postpaid,true
99971002128,4eb6a1a18931d990,c3a27a50e3d966d1,CUST-29F6FEEB,2019-02-01,postpaid,true
99971002129,c627cbad3e678a59,6bfb25acb31f32b1,CUST-02926090,2021-07-13,prepaid,true
99971002130,e80566ff990d00ab,69a4a389f0262028,CUST-FD7B9029,2022-09-23,prepaid,true
99971002131,dfdd45905dc71644,ee28387790daaeec,CUST-8DCC5E94,2026-03-16,postpaid,true
99971002132,b0dd1544ff73e3df,56dcac1238bd87f4,CUST-1D8C0A39,2025-06-29,prepaid,true
99971002133,30ac28518bb2c20b,0be1678f332d8121,CUST-D8ADD525,2025-03-18,postpaid,true
99971002134,fab3a93913c23962,66d438f7b34e29b0,CUST-B4E4553C,2026-01-04,prepaid,true
99971002135,1793048de5cf29fe,1353cd6f407f91af,CUST-5DFC9C1D,2025-11-17,prepaid,true
99971002136,c216ea6414073d53,e7282c74c99b5678,CUST-101F2F16,2025-04-20,postpaid,true
99971002137,6a8ad4fc042bc042,bad569a1e0dafaff,CUST-704E1D74,2022-06-11,prepaid,true
99971002138,2618c7c5fd2a3c63,769190172e3ef7da,CUST-467A6C2B,2021-10-06,prepaid,true
99971002139,32b8dcc97828c03b,386100b1d0110638,CUST-DE321055,2020-10-02,prepaid,true
99971002140,ad7b3b7c3c3835ec,15ccd90dca871a59,CUST-E1520605,2025-04-09,prepaid,true
99971002141,933f058820236043,4f40f31e0f977ab2,CUST-B709E465,2025-11-20,prepaid,true
99971002142,0c3f43da8daad2f4,4ea415bccf319278,CUST-108F10E4,2020-04-10,prepaid,true
99971002143,ad015d8c37189683,9295fc5bfebcb388,CUST-01CC9F9C,2022-05-04,prepaid,true
99971002144,c193fa960981b687,f123d108c5d64617,CUST-A1CCBD6E,2021-02-01,prepaid,true
99971002145,c565237af435f60a,f479a1f219bb0bfc,CUST-53AD15B3,2026-02-23,prepaid,true
99971002146,5b8fef970ba77e3d,386100b1d0110638,CUST-B41C475E,2021-08-06,postpaid,true
99971002147,6315da2989280d2a,2ab0013d84d814ac,CUST-ABB0B7E5,2023-05-13,prepaid,true
99971002148,fb15a75f93c7b2a9,606b0508ab6fe1b1,CUST-576D793E,2019-02-25,prepaid,true
99971002149,ab4ea5ee3f8b08b6,f7296f3d68faaff6,CUST-2C2CF669,2024-11-17,prepaid,true
99971002150,6b3fcaea13707bf5,a323972dc44feff6,CUST-DC418B67,2022-11-07,prepaid,true
99971002151,252917162d1294c7,eeee5fdf3cc23fb5,CUST-EF100D15,2020-10-15,prepaid,true
99971002152,d43bf72930893ee6,515912f36f7f2e07,CUST-E02D6E50,2021-05-26,prepaid,true
99971002153,dd4dac1d39e483b5,386100b1d0110638,CUST-3F8CABF8,2022-01-03,prepaid,true
99971002154,410663ee7a5ae030,3c5f3823bb56d750,CUST-8936137E,2019-05-25,prepaid,true
99971002155,31f052342b1c819d,a323972dc44feff6,CUST-4AED7899,2023-08-13,prepaid,true
99971002156,8cedff98570abb77,bb112cb9b980d22b,CUST-91790213,2026-03-24,prepaid,true
99971002157,73c31aaad432ffb6,ca755e9c99294e39,CUST-D966DE38,2021-11-29,postpaid,true
99971002158,12623f4e0959db39,66d13829c86ce740,CUST-3FFF22B4,2024-11-08,prepaid,true
99971002159,f8c3b1c9b132eae7,86f79955efccb5ee,CUST-B8449F1E,2026-01-30,prepaid,true
99971002160,43442515ee9d621a,ab0d4af2db5198a7,CUST-9AC95525,2022-04-28,postpaid,true
99971002161,15507903791f6f65,07eed5615276b1f8,CUST-4E7A5EFE,2019-02-27,prepaid,true
99971002162,2fdcecc3c9470f39,6a887d44b6433d12,CUST-5F3D4EA0,2019-10-20,prepaid,true
99971002163,16d630c94be1536f,e8ba937cbd661571,CUST-A4828CB1,2019-05-12,prepaid,true
99971002164,96798ac515cd11a5,f5bddef137453877,CUST-EF98D364,2025-06-13,postpaid,true
99971002165,fb54dc8808461f74,400399a394e28a49,CUST-B20AB4DC,2024-09-06,postpaid,true
99971002166,bd1a1302aab36e2b,e78f2c3eed3257c9,CUST-C07CE77A,2022-07-16,prepaid,true
99971002167,0ba08d0c45c5d089,9b46c0748cb258a8,CUST-1EB0995D,2023-12-16,prepaid,true
99971002168,00d13b4e71b2b5b7,8733bdb90f265ccc,CUST-AA1E23B8,2022-06-15,prepaid,true
99971002169,5b0bb4f7b6e1cc36,4eaf6232ab061d87,CUST-D8353219,2022-02-24,postpaid,true
99971002170,c609d1bb2a8b1eb7,04d42835df8023cc,CUST-17F64183,2020-09-15,prepaid,true
99971002171,1ee32f3a00c9d86d,dcf6e93802cbf876,CUST-679672BE,2026-04-19,postpaid,true
99971002172,cbf6b94a2eb50f16,0b134b2073deda53,CUST-0335979C,2019-09-04,prepaid,true
99971002173,02478012076d2e76,4bc2e463f74143a4,CUST-EDC7923A,2021-08-19,prepaid,true
99971002174,02478012076d2e76,3d30d16d4e9bea59,CUST-EDC7923A,2025-12-14,prepaid,true
99971002175,5c8026f372600210,4bc2e463f74143a4,CUST-9CD4B137,2019-01-24,prepaid,true
99971002176,e5dc18c214024410,1fce356a91c12d25,CUST-A58A828A,2021-05-24,prepaid,true
99971002177,f4af7b5f6751006e,81a9cea313d5c8ca,CUST-E126C31C,2025-03-28,prepaid,true
99971002178,3334a3dc615cb937,b243e19ba0500f8f,CUST-12639454,2020-01-03,prepaid,true
99971002179,abd2a219906bb7f5,4eaf6232ab061d87,CUST-78E5A242,2020-07-25,postpaid,true
99971002180,4032f46c66d8cec9,4bc2e463f74143a4,CUST-331486BE,2022-01-22,prepaid,true
99971002181,d55bbceeffb5e4c2,0ec6462416b6e5c7,CUST-194C97A3,2023-02-21,prepaid,true
99971002182,707c9a8dba59740c,fbe1dbff1a79eb7c,CUST-21E377A7,2022-05-29,postpaid,true
99971002183,0212c637634adb22,ab828d3ec5e0bc87,CUST-C7EFFF99,2021-02-20,prepaid,true
99971002184,f5f57e62a2602d21,fc87e55ade7989fc,CUST-8784556F,2020-06-23,prepaid,true
99971002185,583b5dfa401e90f0,df46c4b664c5fe17,CUST-C2472959,2020-09-03,prepaid,true
99971002186,5e828176550e1b02,373d93baaadb6e2f,CUST-D81528E9,2019-04-08,prepaid,true
99971002187,4a608db214b8880f,c5e85c95f8177583,CUST-E6968C79,2024-09-01,prepaid,true
99971002188,5ccdd63feb675a13,fe7135fcb7d8a1e4,CUST-7AFBF9E0,2020-04-14,prepaid,true
99971002189,afce6fb7462a7bc9,7252ea802e7c29dd,CUST-3605EFF9,2025-05-26,prepaid,true
99971002190,905e9e2ce20ed9ca,31e8a7f604d96ebe,CUST-90492252,2022-10-13,prepaid,true
99971002191,8ce8046b9fe04f07,d89593cf0bc14723,CUST-FCCB286F,2020-05-06,prepaid,true
99971002192,4f9f5167d953efa4,071c6634476f69f1,CUST-43ACDDFF,2019-08-29,prepaid,true
99971002193,4fcb8dc7bf7131d6,54c45f6cf74e1713,CUST-FB5DC2D0,2024-10-19,prepaid,true
99971002194,5e5ba0590081708a,1057ca4f044a73dc,CUST-8D35DAD7,2024-03-28,postpaid,true
99971002195,be853ea8ad316d31,9e8f3c072523c9c6,CUST-49E6B05F,2021-01-31,prepaid,true
99971002196,03c8aa36163cdb5a,28291230d5173ca0,CUST-90FBAD11,2022-01-20,postpaid,true
99971002197,a379a1c654f88508,8b4ccfa4ac46f733,CUST-B146204D,2019-02-19,postpaid,true
99971002198,91bc8c1cb27526b7,373d93baaadb6e2f,CUST-9F2744AE,2020-09-20,prepaid,true
99971002199,7ab2de66441f2c1c,1ae954a94b6cef56,CUST-41FC879A,2025-04-24,prepaid,true
99971002200,b93366ff0dccfa4e,a9ab0375227bd031,CUST-E0C7F98B,2021-03-30,postpaid,true
99971002201,e876f6d2bc8a9f4f,c024b5a15b3664bc,CUST-59520079,2023-08-12,prepaid,true
99971002202,c017cfbca1130763,21ec40c944ec9625,CUST-25BC4E62,2025-06-26,prepaid,true
99971002203,0bd2a2a4db286622,df46c4b664c5fe17,CUST-943F4ADB,2019-02-14,postpaid,true
99971002204,49e23d43cf6de3f7,d5ee68e09b642f82,CUST-E8139CE1,2023-06-19,prepaid,true
99971002205,42dc0ac4f9a46d70,373d93baaadb6e2f,CUST-0A396090,2021-10-20,postpaid,true
99971002206,65210da2adf4556f,75f6c50bcd7fda47,CUST-75EE1F48,2022-09-19,prepaid,true
99971002207,461eba876896a026,ffa765823e05f5ec,CUST-0C7146D1,2025-04-01,prepaid,true
99971002208,b972bbbb7a0ae0db,c750ea3b8a03a0b0,CUST-073998DA,2019-04-13,postpaid,true
99971002209,b2cc985311b060aa,1f560e0dfaafcbe2,CUST-E3298D36,2026-03-25,prepaid,true
99971002210,02cf2446adab2e8a,2d5f6e4346e1e942,CUST-EA964A1F,2019-08-26,prepaid,true
99971002211,d7e4f7164e2a7457,90cf447bb8d6d6f5,CUST-2F1417BF,2021-05-27,prepaid,true
99971002212,6c4b333b2bd7727c,9894609619a47674,CUST-F2A40467,2025-09-06,postpaid,true
99971002213,c2213ead3120a46a,416e08b805e61bc5,CUST-960DD07B,2019-02-11,prepaid,true
99971002214,61602761a88b901f,721411453355ce6a,CUST-D691118C,2024-06-22,prepaid,true
99971002215,9b4fe205fb62fa0b,b709d739a441ce05,CUST-1E13F8A8,2024-05-03,prepaid,true
99971002216,3723300851134e27,916b8e8d4435fbbd,CUST-F37EBE82,2024-04-08,prepaid,true
99971002217,168fbdbf1d67cfea,7227fb97411a14db,CUST-F3C5B8F9,2023-11-21,prepaid,true
99971002218,155a815543e0fe45,eb2878674476a1af,CUST-114C529B,2020-09-13,prepaid,true
99971002219,00043f916e9729e8,bccab29cb29c162a,CUST-2AA86B54,2023-02-26,prepaid,true
99971002220,a0fa7e8e64ad2ba5,f83daa1d130ed241,CUST-5EB89E13,2022-12-24,postpaid,true
99971002221,74f94ba4e2d04913,416e08b805e61bc5,CUST-7A0F1206,2020-09-12,postpaid,true
99971002222,408f7925cdd17f3c,1c5c2eaf501bd895,CUST-5586034C,2023-01-02,prepaid,true
99971002223,974d1491a2f562e7,bfefa759a4288861,CUST-83A41A5F,2024-04-21,prepaid,true
99971002224,cdd92d3fbfa40971,74e6a517474638c5,CUST-1B6A92C3,2021-01-14,prepaid,true
99971002225,268ca7739a067e72,416e08b805e61bc5,CUST-0D7A7B8A,2026-03-08,prepaid,true
99971002226,3e149d9d82bd057a,6a8b559a8e858a9f,CUST-3586ED67,2020-12-25,prepaid,true
99971002227,c8c020ac993feda9,a64c506cf31746cf,CUST-B8354F09,2022-09-16,prepaid,true
99971002228,25f36bc115988a9c,626026f79c1d4482,CUST-358032F2,2022-12-02,postpaid,true
99971002229,518dc1fdd9e6b5cd,c8adc87d177825ff,CUST-00FFBCC3,2022-04-21,prepaid,true
99971002230,f68665fa7bc4306d,bb72ceff994917d4,CUST-183BBB1F,2023-03-06,postpaid,true
99971002231,ada3eb575f09d4c5,721411453355ce6a,CUST-C6F1ADB8,2025-02-22,prepaid,true
99971002232,19ca812189307776,87996dd0a387f5fd,CUST-BD34D27E,2023-02-02,prepaid,true
99971002233,9dfe49b878085fe9,86e9608a7b0d2f35,CUST-BDB081FF,2024-05-08,prepaid,true
99971002234,cd79dad1062a999b,88b30b868486dfad,CUST-CBAEDCB4,2025-07-16,prepaid,true
99971002235,9a5887568001ddc0,095e814a890347f3,CUST-8593EF79,2024-12-25,postpaid,true
99971002236,1fc19f508f26ab47,bc0344c57d07c3fe,CUST-BACD1982,2025-05-08,prepaid,true
99971002237,9bb86c87378d4ee7,fb4447ea60f88826,CUST-0106E317,2019-01-14,prepaid,true
99971002238,c36bcc6ad311112e,76462c8328c96ab9,CUST-2F4B404C,2020-05-16,prepaid,true
99971002239,7d882d498e2cd309,6141d7f0eeddeae6,CUST-0634EC1C,2025-11-26,prepaid,true
99971002240,f787a1e77074a40b,9dd503777c406fdd,CUST-DAAC23DF,2024-01-17,prepaid,true
99971002241,006441f174e81d9d,f2ca2b176308f3ee,CUST-6A77D77D,2021-03-22,prepaid,true
99971002242,c71e325f4d2b764c,4646a47fa6bf5bb8,CUST-9EA388EE,2023-05-01,postpaid,true
99971002243,2f195a1645ad357b,0795f0933ef3cde7,CUST-56940EB8,2025-06-29,prepaid,true
99971002244,c381a8c2035a2310,ae12a6617d1fd590,CUST-C417AAD0,2019-01-17,prepaid,true
99971002245,af46b25fb1720b4d,47333d9364235d46,CUST-41E5B9D3,2020-02-27,postpaid,true
99971002246,5fbb56cd8f34910e,47333d9364235d46,CUST-FBEC9F25,2024-12-24,prepaid,true
99971002247,a5ed85f6be12854e,ae12a6617d1fd590,CUST-876A207C,2021-08-10,prepaid,true
99971002248,483b7be0e6e36a82,ef696b7f94b79c0f,CUST-E18672E0,2020-12-26,prepaid,true
99971002249,7f321192b00e116d,de754f132eaaa7b1,CUST-C5DDF208,2023-09-06,prepaid,true
99971002250,f55321b64aff3b1e,c905d3a65e1134ef,CUST-97FBB749,2022-08-16,prepaid,true
99971002251,f2a5c3f4c6f10d2e,2ba553ec04ff12ea,CUST-FC7848BC,2026-05-16,prepaid,true
99971002252,0be1616514efda64,fc56fb3b2129822f,CUST-92460624,2023-03-12,prepaid,true
99971002253,4a320c17cdaeb1fd,ae12a6617d1fd590,CUST-3F616C83,2024-07-23,postpaid,true
99971002254,629af0fd2812c6d2,0702849ccf426a28,CUST-A409CC33,2022-02-12,prepaid,true
99971002255,85076d42fb24aad7,2d91ecff7f52baa3,CUST-500062C3,2020-11-28,prepaid,true
99971002256,7e80d818f5be643f,bdefa0d408d4284e,CUST-D6A4C81E,2023-10-10,prepaid,true
99971002257,e81aeb22b5092233,9b89ed9a3aa2265f,CUST-B0762765,2022-06-07,prepaid,true
99971002258,e6e13151d27efdb2,67679f90ab4399f3,CUST-4CA4D6C9,2019-01-11,postpaid,true
99971002259,190b98b41c7c815f,ce4d5723cc39f062,CUST-1A01EB18,2023-11-15,prepaid,true
99971002260,88d2f794d7f2c603,ff0568fdf2b8ffac,CUST-3713C5B2,2023-10-31,prepaid,true
99971002261,888e5cd41560ca43,7a42804bf7489d9d,CUST-9687BDBE,2021-04-27,postpaid,true
99971002262,5ced0e7bd04b6b7e,430f10d7f06bff74,CUST-91692D47,2024-12-19,prepaid,true
99971002263,3a071f32d649135a,fac482dcda8356d1,CUST-7F56E54B,2022-04-14,prepaid,true
99971002264,6ab09f75bc00e36a,b9d494ec7bdeed62,CUST-05B34597,2021-09-17,postpaid,true
99971002265,f91bbfe3b958c1ae,e2394ca3dfbafdde,CUST-392CADBA,2019-10-29,prepaid,true
99971002266,fd0a83165a66fd01,fb779bd2bb69b91f,CUST-8FBE4A4C,2019-03-01,prepaid,true
99971002267,577849a3f35c52e7,2673674efad3827a,CUST-1AEBD6F6,2023-02-12,postpaid,true
99971002268,8eff32edda6b65d3,ff488d62a5c969f6,CUST-00759666,2023-07-18,postpaid,true
99971002269,e3d98bf64107f5a0,6b7862ca50fc27a3,CUST-1F0A128A,2022-09-14,prepaid,true
99971002270,9a20ac2e29e52170,f9f34280c746f4b2,CUST-E6B317F1,2025-07-09,prepaid,true
99971002271,c7269428e35cbf2e,e9d762340d5aab7d,CUST-1EFD2EC3,2019-05-08,prepaid,true
99971002272,3a1cfe1f8b46dd51,bd85be689bea3f62,CUST-9859CB45,2022-06-04,prepaid,true
99971002273,f26048736bdcbc4c,d5b174d60811ff95,CUST-DD7D8D75,2020-08-22,prepaid,true
99971002274,12d8d69c29821c25,241969d199f480d8,CUST-35920E7F,2024-08-24,prepaid,true
99971002275,dd056efef40a3459,a304e2335ed79aca,CUST-0892A549,2019-09-10,prepaid,true
99971002276,195fe7b3e8fe4d60,4bc18861bd4af3b3,CUST-7A6681FF,2019-01-19,prepaid,true
99971002277,940853384ad6f917,fac482dcda8356d1,CUST-2D21C723,2021-11-03,prepaid,true
99971002278,8d640496bffaede3,6b7862ca50fc27a3,CUST-BF367EDB,2021-09-26,prepaid,true
99971002279,904310f766f5a7d2,85f6ee9164c92503,CUST-9E5BBDCF,2019-05-07,prepaid,true
99971002280,880304c652265c77,6b7862ca50fc27a3,CUST-E3F76C7C,2022-04-11,postpaid,true
99971002281,9f315a70752b50b4,dffcc765d9d49397,CUST-C2E86BDA,2021-08-12,prepaid,true
99971002282,11dfd5db71c37e29,9b5a78cc637c9dc0,CUST-0EBA114D,2020-12-26,postpaid,true
99971002283,c66cc6a51960e0e7,dc2e7f11da00e36c,CUST-1F8E5F97,2023-02-28,prepaid,true
99971002284,eb56ebb28675933c,53d0291da8e0b59b,CUST-48B11276,2022-12-10,prepaid,true
99971002285,c7d355b0469e4076,4abf36d795372d11,CUST-F2A8A473,2021-02-17,prepaid,true
99971002286,1f5cbb54a8475afa,041d83ee3631215e,CUST-BE930407,2023-09-17,prepaid,true
99971002287,6cbe1b1c37d28210,a6e16cba57ba33e6,CUST-625D7214,2022-09-07,postpaid,true
99971002288,9e1d93d949ff93cb,663db1385bb46de7,CUST-B4EC33E6,2022-04-14,postpaid,true
99971002289,5cf6e5599b3e153d,6d574fcd1ba313c6,CUST-F2464B0A,2022-06-11,prepaid,true
99971002290,185386ecfe00a1cd,633ca474b4c2ef04,CUST-9AE13B91,2019-02-12,prepaid,true
99971002291,c47092e176b8ac51,d50bb21eb5ace59b,CUST-164BEA3E,2021-02-09,prepaid,true
99971002292,1f94e9c5756f4142,468f48f12bd659de,CUST-E4DDB588,2019-05-23,prepaid,true
99971002293,3d59b2b482d8c2fd,25b20e554f4c5251,CUST-97750E97,2022-08-07,postpaid,true
99971002294,fb4744409c5def6e,87b163f0ee859bc4,CUST-C49B14FD,2021-04-12,prepaid,true
99971002295,b7628221459caded,663d88a165a73bc0,CUST-B82B838F,2023-09-10,prepaid,true
99971002296,13baac73451f743f,b071b710cba2f75b,CUST-7D43142E,2019-07-30,postpaid,true
99971002297,6db026df326e2e11,b38373aa58ab1978,CUST-7B368B4F,2023-07-30,prepaid,true
99971002298,aa43376ca1dddb71,e379dfd9cd683dac,CUST-E5DEB39C,2024-04-04,prepaid,true
99971002299,13449df07cb2c00c,6d574fcd1ba313c6,CUST-8A3CC153,2020-08-13,postpaid,true
99971002300,8c502a335f5fc540,d88d24d1a515d8bc,CUST-7D095C71,2020-10-19,prepaid,true
99971002301,26e56682d9dd3329,b31448576ea91755,CUST-BC912BEB,2025-06-26,prepaid,true
99971002302,a64d420f4aaa0d9e,e58aa217660708a7,CUST-D8BBDABD,2020-01-04,prepaid,true
99971002303,41c8db293cacfab2,879b02591b8d906b,CUST-8DDB8A10,2022-10-23,postpaid,true
99971002304,a4b891dead516bce,e379dfd9cd683dac,CUST-987071ED,2023-02-09,postpaid,true
99971002305,6a452843610dd5a7,aba9848d36d8b0ff,CUST-B4732DEE,2026-02-17,prepaid,true
99971002306,a80e63167d73b03f,a8a6555c1dd184ea,CUST-2CBE84F2,2023-10-14,prepaid,true
99971002307,0f8f7efcd0001aa7,d5fb5a81e8356778,CUST-05C3444B,2025-02-14,prepaid,true
99971002308,d5eba286a2c57634,453bb7e8cd266c37,CUST-5F540E9A,2023-06-26,postpaid,true
99971002309,79a4e5a9a196e46b,0067bb04bb485f89,CUST-DE395F24,2020-07-24,prepaid,true
99971002310,7f96edc56eb059f2,6588a32c6d79671e,CUST-5F3A26E2,2025-03-16,prepaid,true
99971002311,31f2072d2f18be06,3ea61f84e6232df6,CUST-D5707ADF,2024-04-16,prepaid,true
99971002312,a7fe7118b706b5b9,160fc5db3bcf3a93,CUST-2846230F,2023-09-29,prepaid,true
99971002313,3407590ee5d8a42f,674cfc60a01d07ea,CUST-0501D1DA,2019-06-24,postpaid,true
99971002314,6cb981c18f2f57d3,55eb9638bad82146,CUST-ABD64ED9,2019-10-23,postpaid,true
99971002315,9d97b1b27d195808,674cfc60a01d07ea,CUST-2379D6F8,2023-01-29,postpaid,true
99971002316,72ef230cd0abbc52,e0038425734d1550,CUST-5DCC3030,2020-04-26,postpaid,true
99971002317,99a89c0f72d503da,f17380b9c8aed294,CUST-6008063E,2020-09-30,prepaid,true
99971002318,ad3c5d5619f72b67,3ca5d6e7b27e7c79,CUST-B5509ECD,2022-02-24,prepaid,true
99971002319,b9b3902087b74e2c,b1fa1522e36f5b82,CUST-CD5539D3,2020-08-26,prepaid,true
99971002320,3fc62d1460cdc693,bd1a92f73b29d461,CUST-6A6FFFAE,2024-12-20,postpaid,true
99971002321,57e914deadf32a76,9ea3b68a5f0df4a6,CUST-D4426B9D,2023-04-27,prepaid,true
99971002322,93674a9288a781d1,d5fb5a81e8356778,CUST-B3A82B9F,2020-05-23,prepaid,true
99971002323,011de79a50f1967c,de52eaa2d493ed42,CUST-E9A1D813,2023-03-16,prepaid,true
99971002324,827638e7bc6998ce,d0cd36572f3f15da,CUST-75DF4558,2024-01-30,prepaid,true
99971002325,c579fe162969dec9,0cab3d377c2d141b,CUST-4131B7D1,2023-10-11,postpaid,true
99971002326,bbf26a6e33fee23d,d5fb5a81e8356778,CUST-4C780DB3,2020-01-16,prepaid,true
99971002327,a7c77c1a23ac8e66,f989bc29cad846b7,CUST-84622131,2024-11-11,prepaid,true
99971002328,72d4155d122f4ade,2fe6116c00c9bced,CUST-256A248E,2022-04-29,postpaid,true
99971002329,3e40deab7d03db4b,07a64e83f8b817bf,CUST-C9EB72C3,2024-05-10,prepaid,true
99971002330,ae65b5a180417257,19a99f6b7f74710b,CUST-9198E339,2020-01-26,prepaid,true
99971002331,3c327bea60ee4b6f,3f2ac6ab5e84516d,CUST-3099ADF8,2026-03-10,prepaid,true
99971002332,0b56b8596cfa4d2c,34103634c6685c16,CUST-26FE7E1A,2025-11-25,prepaid,true
99971002333,07a8b47356cbfd3d,7b78cd8824c4f45f,CUST-F117FCA1,2025-12-28,postpaid,true
99971002334,149a73e6c9562d25,b1965b4c02d49657,CUST-4474A5AC,2025-11-25,postpaid,true
99971002335,e6ac5dcc02e5a28a,7d9daec1faddae6a,CUST-1BEE2F08,2019-06-30,prepaid,true
99971002336,e4ec463a3ac82ea3,0a1d5e149c48ca78,CUST-15F6C51A,2019-07-24,postpaid,true
99971002337,8b2e7ed7f6b722a7,efda938b40f189b9,CUST-2ED4C45B,2022-09-26,prepaid,true
99971002338,8512cef1f5f3484c,7f6c6861f6954d9c,CUST-43603A8F,2019-11-19,prepaid,true
99971002339,6ebd1cde05776c1a,f5a27aa5e6068173,CUST-40454FFB,2022-01-18,prepaid,true
99971002340,cba4056ba129a684,90566fa7bad49560,CUST-EED38D90,2022-01-13,prepaid,true
99971002341,94d33ddb0b46ecea,90566fa7bad49560,CUST-D015BC4E,2024-01-11,prepaid,true
99971002342,fb5ff7bfb9762c6d,1ea4eebfacd7fd5e,CUST-E931B54D,2020-01-23,prepaid,true
99971002343,46cb1d9ec7599cd7,1823b797fcea77c5,CUST-00E01260,2023-07-22,postpaid,true
99971002344,89a2793829831ad9,c9f092e953f30cc6,CUST-F0E17C84,2020-12-05,prepaid,true
99971002345,82681b77c110c63a,79a6b69a55d36719,CUST-88045801,2025-03-28,postpaid,true
99971002346,2e5d5f99a01cab54,33b84f689d19dd5d,CUST-4203CD49,2025-10-04,prepaid,true
99971002347,a68aca7368acfc67,eb60ad2024f4a7a3,CUST-CDC16272,2022-10-22,prepaid,true
99971002348,b4248b3a53bfae3b,d16dc3356a892522,CUST-5A48D6A4,2021-12-17,prepaid,true
99971002349,9d8a0b671048040d,c08790020ee9da9b,CUST-D310F622,2021-07-30,prepaid,true
99971002350,8655c787ea20caa0,8970a34ecd34034a,CUST-27DE9FF2,2021-07-06,postpaid,true
99971002351,14e8be91bbde5c17,0786ff1092625732,CUST-46D14640,2023-11-17,prepaid,true
99971002352,cc3f91df28c51243,90566fa7bad49560,CUST-385AAA14,2019-11-08,prepaid,true
99971002353,eb1c79e144ecf920,8b9003dc24ed00c6,CUST-2E0FF99A,2025-12-03,prepaid,true
99971002354,3d448918550c6f43,b291d6e748893921,CUST-060E5216,2020-12-26,postpaid,true
99971002355,612aa8aac114bc55,eda4f27c39589376,CUST-10AA32FE,2020-05-10,prepaid,true
99971002356,91b096953968fdfa,2701dc1028cc21ac,CUST-C6DD49F1,2023-01-19,prepaid,true
99971002357,a1ab5cdeb3c560ae,d75b660967ec833b,CUST-9BAC8ECF,2023-12-08,postpaid,true
99971002358,a576d4106323ee70,2b6a80ae14fe5675,CUST-8A4805A4,2019-08-10,prepaid,true
99971002359,5b43df0cf00fb638,b05a9862cbf07849,CUST-34702978,2023-09-26,postpaid,true
99971002360,46e2d91ede6fedad,de06017265faf065,CUST-0A6C4BC0,2023-04-21,prepaid,true
99971002361,4e1792f69b7139af,1c19fd17418f4058,CUST-972AE2CB,2025-07-04,postpaid,true
99971002362,9e20d70cde0f2e8f,8b9003dc24ed00c6,CUST-B226E427,2020-03-11,postpaid,true
99971002363,f3f07adc99e0db2b,d361f7279e020ffa,CUST-2FE95499,2023-10-17,prepaid,true
99971002364,774f20fdd194512a,b291d6e748893921,CUST-C2AE07C7,2026-02-16,prepaid,true
99971002365,6fdfcf1122d6787c,d7551a1bacb8c0b7,CUST-F8996A23,2022-08-06,postpaid,true
99971002366,6f7601272131fc18,8b44f313bfd27116,CUST-7440F6E1,2023-12-13,postpaid,true
99971002367,fced8a103d012f44,bb2f4a5afc63412c,CUST-49645E80,2021-05-09,prepaid,true
99971002368,e331d3fdaa7b5a1d,731ca1742b20f7db,CUST-16E04840,2021-05-06,prepaid,true
99971002369,c7e883e82fc9c67f,aca17ad7249b3e84,CUST-5BE6BAAE,2021-05-25,prepaid,true
99971002370,3789427c6552392f,98bfba5ecbeb35f9,CUST-EC102B60,2021-04-30,postpaid,true
99971002371,4aa82300ec5b07ad,44a57b2bb0b32c4b,CUST-57485FAD,2019-03-20,postpaid,true
99971002372,d4663868f5492719,9284b4220aa82714,CUST-85687454,2023-09-05,prepaid,true
99971002373,05de7c90d0b4b399,4a7c9554afa26f8d,CUST-547DCB18,2025-06-18,prepaid,true
99971002374,c00b85ccbe96caa3,8b9003dc24ed00c6,CUST-54EE703D,2025-12-03,postpaid,true
99971002375,9b9d9b6283ce274a,446551d5e8f64f54,CUST-6DA76A4B,2025-05-06,prepaid,true
99971002376,d3a90dc5b56d4578,547951652ecb5c7c,CUST-691B587E,2019-01-06,prepaid,true
99971002377,f8a539d5ad131e34,fa5224427f4554d9,CUST-BFDC82B0,2025-06-01,prepaid,true
99971002378,d0164698967dce34,5378e4ff27255a75,CUST-28EB163D,2019-11-20,prepaid,true
99971002379,27a606ac7a8da627,a8417d5026277a5b,CUST-5CEF955F,2019-05-03,postpaid,true
99971002380,e17389cc0962d6e0,31cf78d4268e5379,CUST-A49A9FCB,2022-11-04,postpaid,true
99971002381,b92eeabdf658a795,357e36425820a07b,CUST-F8D4D075,2024-04-12,prepaid,true
99971002382,09b76aad7aad1994,7457d7b2c2c61f5f,CUST-CA9586AB,2020-12-29,prepaid,true
99971002383,cedbcff0bcf8f973,dd4608ec1666bfeb,CUST-296DFE58,2021-07-20,prepaid,true
99971002384,5d88e94d889dda33,02a5fa6540c86f75,CUST-CA0AA21E,2024-10-02,prepaid,true
99971002385,765040b1681f7976,15196d138ad9cefb,CUST-C1230269,2022-08-18,postpaid,true
99971002386,62a5b23bce197542,3e655a7f4f3f064e,CUST-DC767725,2023-10-02,prepaid,true
99971002387,3dacee4f5c90e1c3,ead568d75afb058f,CUST-B69F224A,2019-10-20,postpaid,true
99971002388,b09484d944a2d77a,aaa6b010e3dc346c,CUST-AF8BD77A,2020-07-28,postpaid,true
99971002389,dacbd86929b1ac5d,02a5fa6540c86f75,CUST-5B0F69CD,2023-06-24,prepaid,true
99971002390,eb0338119cfdd4c0,d5136a06549c6220,CUST-9794FB10,2026-05-23,prepaid,true
99971002391,e71637a969cd9297,ae95d5fb3c136cf0,CUST-75306DC5,2026-04-05,prepaid,true
99971002392,b357936ee859e9a2,c5f515d68e2f4780,CUST-DCAEA612,2019-12-28,prepaid,true
99971002393,58ea81b4376e993a,46807376ba33986e,CUST-5AC45118,2020-05-13,prepaid,true
99971002394,e53799235bf3bf58,34757a96fe60f5a6,CUST-F325B072,2024-03-28,prepaid,true
99971002395,b0e1d72ebba470ef,957c0b39762b9001,CUST-2AA0976A,2024-05-18,prepaid,true
99971002396,80679f48d58b8b32,957c0b39762b9001,CUST-7130A3E5,2026-01-10,prepaid,true
99971002397,fefe7aae5a83af30,f59901903720710c,CUST-6E5053E2,2021-06-17,postpaid,true
99971002398,4f62728830083ddd,957c0b39762b9001,CUST-02CE9724,2023-12-23,prepaid,true
99971002399,8c27b4054efc3998,02a5fa6540c86f75,CUST-1C9D55A4,2024-02-13,prepaid,true
99971002400,b4ffb824a8f2fc28,c7de4a030876d0d8,CUST-FF3E1C42,2023-11-22,prepaid,true
99979100001,43df448f20267776,29eb15c5cf5d8ec5,CUST-W01,2026-08-18,prepaid,false
99979100002,a9cc413926c3ad7f,bc87006eae58a90e,CUST-W02,2026-08-19,prepaid,false
99979200001,26c8500abdc834db,dd9dd9a24f9773d4,CUST-I01,2026-09-08,prepaid,false
99979200002,0169cdb92691f408,dd9dd9a24f9773d4,CUST-I02,2026-09-08,prepaid,false
99979200003,3cdd2f05251fdb0a,dd9dd9a24f9773d4,CUST-I03,2026-09-08,prepaid,false
99979200004,b3ae26240db10b46,dd9dd9a24f9773d4,CUST-I04,2026-09-08,prepaid,false
99979300001,26c8500abdc834db,ed302aff7e55e1a4,CUST-F01,2026-09-12,postpaid,false
99979300002,26c8500abdc834db,1b7f63a3741fcb3a,CUST-F02,2026-09-13,postpaid,false
99979300003,26c8500abdc834db,ed302aff7e55e1a4,CUST-F03,2026-09-14,postpaid,false
99979300004,26c8500abdc834db,1b7f63a3741fcb3a,CUST-F04,2026-09-15,postpaid,false
99979300005,26c8500abdc834db,ed302aff7e55e1a4,CUST-F05,2026-09-16,postpaid,false
99979400001,2dd1c721744de823,c53d8bdcb3b22977,CUST-S01,2026-08-15,prepaid,true
99979400002,507326f45c4b4131,7abd51c57edc9a5a,CUST-S02,2026-08-15,prepaid,true
99979400003,ecf86143c3a077ff,0b4f8690b9321ff1,CUST-S03,2026-08-15,prepaid,true
99979400004,3793cf9442b1aa3d,c779c11481b0f2d0,CUST-S04,2026-08-15,prepaid,true
99979400005,3fa310dc417c93a9,3480c8f385e02dd2,CUST-S05,2026-08-15,prepaid,true
99979400006,2e24c9f86794ea4a,89458bda6b9fda9e,CUST-S06,2026-08-15,prepaid,true
99979500001,a0ff55248c305437,36bd56b2b51646d6,CUST-M01,2026-07-01,prepaid,true
99979500002,8641ee9199007f6c,85aae652e57d0a50,CUST-M02,2026-07-02,prepaid,true
99979500003,2a93852b2a145e84,0e640294bb255c22,CUST-M03,2026-07-03,prepaid,true
99979500004,ee2c01ff455f4814,7463e7117075a89f,CUST-M04,2026-07-04,prepaid,true
99979500005,ddc467e272107190,70033f196c6f6738,CUST-M05,2026-07-05,prepaid,true
