msisdn,voucher_id,agent_id,card_hash,ts
99971001112,,,7d3009a798ae466a,2026-08-01 07:00:09
99971001864,,,bae88c7dbee71a81,2026-08-01 07:01:24
99971001771,VF78720FA8B,AGT-030,,2026-08-01 07:12:07
99971001098,V3A1E0F8A01,AGT-021,,2026-08-01 07:34:05
99971000697,,,38298e5984b8ef83,2026-08-01 07:38:23
99971001994,,,7233b1bcba09e850,2026-08-01 08:03:25
99971000082,,,ddd8b3f19b9d8363,2026-08-01 08:12:47
99971002309,,,a380cb3661d3f148,2026-08-01 08:16:44
99971001354,V15032B7A87,AGT-022,,2026-08-01 08:24:14
99971002376,,,b3f72244553ed189,2026-08-01 08:25:31
99971001622,VEFDCF859D4,AGT-019,,2026-08-01 08:30:43
99971000626,V3C95BC11BC,AGT-022,,2026-08-01 08:52:39
99971001007,V00D54E496D,AGT-009,,2026-08-01 08:54:08
99971000067,VD7A8F3755C,AGT-020,,2026-08-01 08:56:52
99971002134,,,c9104379fbdb52ee,2026-08-01 09:04:07
99971002176,V97E2D8636D,AGT-038,,2026-08-01 09:18:42
99971001242,VE92C0B4304,AGT-021,,2026-08-01 09:49:10
99971001925,VB9A339A0E9,AGT-018,,2026-08-01 09:52:38
99971000883,V26A4BCFF66,AGT-034,,2026-08-01 09:59:15
99971001435,VE284F7099E,AGT-019,,2026-08-01 10:06:18
99971000121,VFD35653E0A,AGT-021,,2026-08-01 10:11:20
99971001962,,,68cc65e1235c434c,2026-08-01 10:24:49
99971001802,VB1E7B6617E,AGT-024,,2026-08-01 10:38:18
99971001344,VF12816BCF3,AGT-023,,2026-08-01 11:07:48
99971001848,V4E30767488,AGT-003,,2026-08-01 11:29:09
99971000873,VC6B2C5FC73,AGT-005,,2026-08-01 11:54:55
99971001091,VE7134AD54E,AGT-035,,2026-08-01 12:11:21
99971001025,,,268ab33a4f3e1046,2026-08-01 12:14:26
99971000702,,,5df33b33492353cc,2026-08-01 12:34:43
99971001279,V411CAE2DBF,AGT-037,,2026-08-01 12:46:57
99971000773,V0136F90280,AGT-023,,2026-08-01 13:14:24
99971000841,VD28A3ED38D,AGT-013,,2026-08-01 13:56:18
99971001673,VC462D7BEE2,AGT-037,,2026-08-01 14:32:36
99971000619,V4CDCB09E96,AGT-002,,2026-08-01 14:44:32
99971000162,V49183280BF,AGT-022,,2026-08-01 15:05:39
99971000139,,,db3c260ee1b37cda,2026-08-01 15:07:18
99971002042,V911A8E3A3B,AGT-006,,2026-08-01 15:16:28
99971000637,V2E0A2655C3,AGT-024,,2026-08-01 15:36:52
99971000009,VCB499E1A92,AGT-021,,2026-08-01 15:47:39
99971001932,,,7e005ac8bce14977,2026-08-01 15:49:48
99971002134,,,c9104379fbdb52ee,2026-08-01 15:52:36
99971001424,,,eb57df89877f4c19,2026-08-01 16:06:35
99971001026,VE239D4C3A7,AGT-001,,2026-08-01 16:42:29
99971002004,V357340718F,AGT-040,,2026-08-01 16:48:54
99971001180,,,72bd33ca72ad59b4,2026-08-01 16:57:56
99971001728,V0F927E900D,AGT-009,,2026-08-01 17:03:21
99971001952,V4AA0A0402E,AGT-016,,2026-08-01 17:04:13
99971002349,VFEFC69BD91,AGT-004,,2026-08-01 17:22:18
99971002275,V5AA91FBA1B,AGT-012,,2026-08-01 17:22:56
99971000781,,,5b110517a9241bbd,2026-08-01 17:39:15
99971000649,V857AD21077,AGT-038,,2026-08-01 17:58:15
99971001340,,,85a2254c70ac6a8a,2026-08-01 17:58:19
99971002394,V8EB55A11B6,AGT-010,,2026-08-01 18:51:24
99971000543,VBAF49A48B3,AGT-003,,2026-08-01 18:54:17
99971000258,,,e604c8f273ab1af1,2026-08-01 19:05:03
99971001077,,,873383d23895ce78,2026-08-01 19:15:09
99971000218,V9D923F895F,AGT-019,,2026-08-01 19:26:53
99971001862,V3306B0E638,AGT-012,,2026-08-01 19:39:52
99971001617,,,8c36ca1323422b1b,2026-08-01 19:56:08
99971000038,V58F04A1C2F,AGT-018,,2026-08-01 19:59:18
99971001686,V75263F4A10,AGT-030,,2026-08-01 20:08:03
99971000998,VB6DABDF2EF,AGT-022,,2026-08-01 20:44:42
99971001676,,,8a708379ccf88b05,2026-08-01 20:47:19
99971000506,,,af7ca9a55fecde11,2026-08-02 07:13:57
99971001372,V162E61564D,AGT-032,,2026-08-02 07:24:07
99971001585,VBB3D736ABA,AGT-005,,2026-08-02 07:29:37
99971002219,,,b621bc5fe8fce7ba,2026-08-02 07:43:23
99971001366,V5D2DB62523,AGT-038,,2026-08-02 07:48:42
99971001730,V481B5682FF,AGT-003,,2026-08-02 07:52:06
99971000239,V750837D97B,AGT-029,,2026-08-02 08:12:39
99971002184,V54287BFC58,AGT-033,,2026-08-02 08:24:18
99971000048,,,4e2cfabacad868e2,2026-08-02 08:31:19
99971000833,,,d41ba2f53465f07d,2026-08-02 08:43:39
99971000520,V18E21D60C6,AGT-003,,2026-08-02 08:51:12
99971000033,V2E9708AB34,AGT-040,,2026-08-02 09:14:54
99971000554,VC9BC80A6BF,AGT-018,,2026-08-02 09:24:15
99971002229,VA9E0B7B9CC,AGT-021,,2026-08-02 09:30:42
99971001450,V781325BF58,AGT-030,,2026-08-02 09:31:29
99971000783,,,0e235ceaf63f7ef9,2026-08-02 09:36:50
99971001451,V04F77CC06D,AGT-002,,2026-08-02 09:58:31
99971001637,V3DD0E10AFB,AGT-027,,2026-08-02 10:05:11
99971002189,V229DAF73DD,AGT-030,,2026-08-02 10:22:15
99971002074,,,4e9f927f19c1956f,2026-08-02 10:26:10
99971002281,,,c953a6b7856d4a5d,2026-08-02 10:28:51
99971002274,,,d2949dc47cf8dc1e,2026-08-02 10:31:23
99971000191,V6DF54845EC,AGT-031,,2026-08-02 10:49:07
99971001654,V86A4A90691,AGT-009,,2026-08-02 10:56:13
99971000366,V57D5A3A0E4,AGT-024,,2026-08-02 11:16:30
99971000626,V3175912E2E,AGT-035,,2026-08-02 11:38:36
99971002396,VD048F7347F,AGT-010,,2026-08-02 11:42:38
99971001894,,,bed8bd744fec3e68,2026-08-02 11:55:18
99971000779,V1A5087BE84,AGT-013,,2026-08-02 11:57:48
99971000273,,,61e0366f5733c870,2026-08-02 12:12:30
99971002188,,,b7935f525785ff46,2026-08-02 12:18:29
99971001891,,,c28cc994987d6411,2026-08-02 12:39:18
99971001467,,,36b3bb2e836b389c,2026-08-02 12:57:12
99971001405,VC617F8D3D9,AGT-039,,2026-08-02 13:20:55
99971000747,VE3840BEBF3,AGT-031,,2026-08-02 13:20:56
99971000371,V4190589A71,AGT-020,,2026-08-02 13:38:29
99971001559,VB4C173BF8A,AGT-039,,2026-08-02 13:39:08
99971000132,V3818C22A08,AGT-032,,2026-08-02 14:01:31
99971000280,,,fbe8aa90f84edfb5,2026-08-02 14:02:00
99971000678,,,4fc1689b6bdecb50,2026-08-02 14:06:21
99971002114,VFF47E1A246,AGT-002,,2026-08-02 14:12:05
99971002225,,,38b68c96bde3eb48,2026-08-02 14:16:46
99971001099,V1698048F01,AGT-021,,2026-08-02 14:24:09
99971000914,V166B133861,AGT-012,,2026-08-02 14:25:35
99971000464,VB9656E2A70,AGT-010,,2026-08-02 15:24:48
99971002093,VB1FCF4BA30,AGT-020,,2026-08-02 15:49:46
99971000259,,,71d8a38b6dd478a6,2026-08-02 15:49:55
99971001150,V47A4A35692,AGT-034,,2026-08-02 15:51:29
99971001427,,,0950dc909cefcc70,2026-08-02 15:54:13
99971001591,,,a1c6c0dc45c8301c,2026-08-02 16:07:31
99971002281,,,c953a6b7856d4a5d,2026-08-02 16:10:37
99971002216,,,35ca35c29aa6e38f,2026-08-02 16:30:09
99971000696,,,2aab5045cb3b0b2e,2026-08-02 17:07:21
99971000402,,,a9df2153b561bf81,2026-08-02 17:15:29
99971001343,VEE8E720D7E,AGT-025,,2026-08-02 17:20:06
99971002351,VAF7BDE5102,AGT-008,,2026-08-02 17:29:30
99971000256,V3D7E8DB245,AGT-034,,2026-08-02 17:30:47
99971000035,VFF6DBED2DA,AGT-013,,2026-08-02 17:36:32
99971000798,VB9178DD010,AGT-026,,2026-08-02 17:39:37
99971001983,V4359271390,AGT-024,,2026-08-02 17:49:56
99971002121,V5EEA049C10,AGT-010,,2026-08-02 17:53:35
99971002263,,,f566cf9271cadf99,2026-08-02 18:00:28
99971001906,,,bd8763e01f3bff7d,2026-08-02 18:07:36
99971000910,,,8d4fd50b0e568b11,2026-08-02 18:11:39
99971002400,VB9FC586F4B,AGT-004,,2026-08-02 18:13:03
99971001497,VA730EAC245,AGT-012,,2026-08-02 18:21:52
99971001937,VEA1A2DAF48,AGT-036,,2026-08-02 18:50:46
99971001645,,,bf11ab0c2022520c,2026-08-02 18:52:47
99971000319,V4A8C1C4E3A,AGT-018,,2026-08-02 18:53:31
99971001786,V93691F5418,AGT-001,,2026-08-02 19:03:28
99971001803,V36BF8A06D5,AGT-019,,2026-08-02 19:14:25
99971002114,V192993BB62,AGT-034,,2026-08-02 19:17:59
99971000553,V77F41A20E2,AGT-028,,2026-08-02 19:28:23
99971000389,,,46bb07737fb659ba,2026-08-02 19:36:28
99971001197,VFD6E490015,AGT-007,,2026-08-02 19:37:10
99971001987,VCB4802C0D3,AGT-040,,2026-08-02 19:38:44
99971000384,V6CAF3B7D6C,AGT-033,,2026-08-02 19:56:26
99971001613,VEF5E3FDB55,AGT-002,,2026-08-02 20:17:34
99971001758,,,609bcbc54c6ee16d,2026-08-02 20:25:20
99971000695,,,ed36371e0bd2a232,2026-08-02 20:30:31
99971000349,V9DE6C8675C,AGT-009,,2026-08-02 20:59:04
99971000728,VE831153353,AGT-012,,2026-08-03 07:07:05
99971001698,VE8EEE98E69,AGT-002,,2026-08-03 07:10:46
99971000906,VC774362352,AGT-028,,2026-08-03 07:20:24
99971000607,,,31d55e3557994764,2026-08-03 07:37:28
99971001588,VBA08B1F53C,AGT-020,,2026-08-03 07:43:08
99971000047,V58C03E1857,AGT-002,,2026-08-03 08:06:34
99971000968,V68917AA99E,AGT-027,,2026-08-03 08:13:16
99971001191,,,164a4d91259fb8f2,2026-08-03 08:36:27
99971000242,,,663a974841ad4b20,2026-08-03 08:45:15
99971001425,,,38e75815436a9f41,2026-08-03 08:49:01
99971000973,VD90C8E7E2B,AGT-002,,2026-08-03 08:51:37
99971001596,,,88b038f17eaca245,2026-08-03 08:52:22
99971001674,VAF24974484,AGT-013,,2026-08-03 09:04:56
99971001020,VC99DEEDE04,AGT-034,,2026-08-03 09:16:24
99971000386,V1E82C86FCC,AGT-013,,2026-08-03 09:35:50
99971002363,V69497B8551,AGT-011,,2026-08-03 10:33:32
99971002155,,,9aebfd58f97f6d32,2026-08-03 10:53:34
99971001249,,,63708bb8ec09e4a1,2026-08-03 11:01:41
99971001857,VCFC0F01FCA,AGT-027,,2026-08-03 11:20:44
99971001056,V29228069D4,AGT-029,,2026-08-03 11:20:58
99971000691,,,d1a71d468a729dff,2026-08-03 11:27:30
99971000821,V8E0B2F6D99,AGT-009,,2026-08-03 11:34:44
99971000639,,,fb5757cf17986999,2026-08-03 11:45:49
99971002172,VB65AFF638C,AGT-032,,2026-08-03 11:58:49
99971000918,V5DAF3E7DF6,AGT-035,,2026-08-03 12:13:58
99971002142,V5AEA8676DA,AGT-006,,2026-08-03 12:41:45
99971002233,,,6a1d62bff185b6d0,2026-08-03 12:43:06
99971001385,,,295419d1b234c069,2026-08-03 13:01:17
99971002054,,,0a5ab5c3680aea0a,2026-08-03 13:04:55
99971002130,,,e8b56f8883a6011b,2026-08-03 13:24:30
99971000079,V60C9E3629E,AGT-015,,2026-08-03 13:29:08
99971000806,,,770c8c15f222484f,2026-08-03 13:38:51
99971001098,V265229800D,AGT-038,,2026-08-03 13:47:24
99971001571,,,b4632f32cf2df0b4,2026-08-03 13:47:32
99971001642,V39F0133380,AGT-025,,2026-08-03 14:10:54
99971000745,V2616A76142,AGT-004,,2026-08-03 14:20:00
99971000943,VFB172B5DD9,AGT-017,,2026-08-03 14:31:29
99971001568,V10B0CFF319,AGT-037,,2026-08-03 14:39:03
99971000486,V3BADE25E34,AGT-025,,2026-08-03 14:48:42
99971001381,V45A9F66B04,AGT-029,,2026-08-03 14:50:44
99971000413,VAB1235240D,AGT-035,,2026-08-03 15:01:10
99971002206,V1111713F39,AGT-022,,2026-08-03 15:22:45
99971002000,,,c7a2a046dbc271ed,2026-08-03 15:27:11
99971000120,VED682BE366,AGT-027,,2026-08-03 15:30:22
99971000698,,,da1ee03e8167f2d1,2026-08-03 15:33:37
99971002216,,,35ca35c29aa6e38f,2026-08-03 15:53:39
99971002378,,,4f5120c72bbbc3d5,2026-08-03 16:08:29
99971001702,VE3F1FA5867,AGT-018,,2026-08-03 16:13:22
99971000216,VA8B4C31A67,AGT-037,,2026-08-03 16:20:14
99971000073,V6E36B490BC,AGT-031,,2026-08-03 16:20:18
99971001224,V6BA1FFDBB9,AGT-040,,2026-08-03 16:26:26
99971000704,,,5dacccf81a99d608,2026-08-03 16:27:17
99971001569,,,102b8e5dacb2e796,2026-08-03 16:29:58
99971000027,,,f256e59218c26652,2026-08-03 16:44:45
99971000343,V02FDC5CE95,AGT-027,,2026-08-03 16:56:40
99971001566,V47241458B9,AGT-030,,2026-08-03 17:10:08
99971000638,V7474F0B7B7,AGT-037,,2026-08-03 17:13:06
99971001748,VD476268DA3,AGT-010,,2026-08-03 17:17:10
99971000674,,,2fcc5abc2d5a2800,2026-08-03 17:22:16
99971001766,V76C816D5B3,AGT-010,,2026-08-03 17:26:01
99971001468,V452542DCC0,AGT-040,,2026-08-03 17:30:39
99971001157,,,eb95a76f28fe1993,2026-08-03 17:50:33
99971001598,V3A799EA839,AGT-023,,2026-08-03 18:03:43
99971000585,V42646C9673,AGT-022,,2026-08-03 18:18:09
99971002323,,,3aebf3bc50c59364,2026-08-03 18:30:18
99971001454,VCBC2F6438F,AGT-035,,2026-08-03 18:37:00
99971001545,V4EC5A86636,AGT-028,,2026-08-03 18:39:06
99971001228,,,ce36f720f4f4f58d,2026-08-03 18:40:57
99971000291,,,539844626227c94a,2026-08-03 18:41:23
99971000177,,,ea1c86aa75f03785,2026-08-03 19:02:52
99971000447,,,a5ff56724a99adba,2026-08-03 19:10:42
99971001954,,,043962686896fa23,2026-08-03 19:14:09
99971002278,VF36E946443,AGT-021,,2026-08-03 19:18:00
99971000928,V95CD2397AB,AGT-025,,2026-08-03 19:18:57
99971001324,,,de8c3f22dead7f33,2026-08-03 19:23:41
99971001640,V6AD79C4E92,AGT-009,,2026-08-03 19:26:40
99971000950,V596661759D,AGT-039,,2026-08-03 19:32:13
99971001281,V608C93FC58,AGT-035,,2026-08-03 19:32:20
99971000192,,,d6caa76121d19390,2026-08-03 19:36:32
99971000025,V1F599A38EB,AGT-030,,2026-08-03 19:41:55
99971001599,VB629AA183F,AGT-026,,2026-08-03 19:44:35
99971000183,,,2ee8509348771bbf,2026-08-03 19:54:18
99971001911,,,25d4e5bb768e2129,2026-08-03 20:15:01
99971001174,V7891F79554,AGT-004,,2026-08-03 20:20:39
99971000393,VFA60ED89C6,AGT-024,,2026-08-03 20:25:13
99971002318,VE3088A4F70,AGT-011,,2026-08-03 20:26:27
99971002109,V63D4CCA995,AGT-015,,2026-08-03 20:38:12
99971000830,,,f750a1d0ffe6fbcc,2026-08-03 20:41:47
99971001152,VA9145664DB,AGT-025,,2026-08-03 20:55:48
99971001865,V580CCDC2DB,AGT-011,,2026-08-04 07:02:13
99971002092,V898B5FF6EE,AGT-022,,2026-08-04 07:50:06
99971002248,V4C7BAC4D60,AGT-001,,2026-08-04 08:01:37
99971002144,V6D9328644C,AGT-024,,2026-08-04 08:08:14
99971001264,V9FA5F5E673,AGT-028,,2026-08-04 08:28:06
99971001049,V6AB5D427E1,AGT-011,,2026-08-04 08:40:22
99971000551,,,e83a402a115d29c4,2026-08-04 09:05:17
99971002234,VAAC0A1DEA8,AGT-001,,2026-08-04 09:48:24
99971000486,VF0D9C96C53,AGT-033,,2026-08-04 09:50:02
99971001163,VB17DF00D69,AGT-004,,2026-08-04 10:13:13
99971002202,VEA209C11CB,AGT-014,,2026-08-04 10:15:57
99971001093,V688AFD4056,AGT-009,,2026-08-04 10:18:02
99971001368,,,7d12963b90c9a2f5,2026-08-04 10:22:07
99971002047,V4DCA091669,AGT-027,,2026-08-04 10:49:58
99971002341,,,2ba2ef19d381fce1,2026-08-04 11:46:46
99971001007,VD05B34CDD4,AGT-031,,2026-08-04 12:30:00
99971001841,V7E66A0C090,AGT-014,,2026-08-04 12:50:21
99971001396,VE8AD7AECCA,AGT-031,,2026-08-04 13:12:07
99971001125,VE353F47DAB,AGT-020,,2026-08-04 13:24:29
99971001206,V605112FAD3,AGT-032,,2026-08-04 13:30:58
99971000261,VC1CAFD8BC7,AGT-002,,2026-08-04 13:48:31
99971000871,V48F7129E97,AGT-022,,2026-08-04 13:54:16
99971000372,VFD95A1B975,AGT-006,,2026-08-04 13:58:59
99971001202,V878579E8F7,AGT-015,,2026-08-04 14:11:39
99971001782,V2ACB0DA9AF,AGT-012,,2026-08-04 14:37:28
99971000958,VDCB05FDDB4,AGT-012,,2026-08-04 14:44:44
99971000806,,,770c8c15f222484f,2026-08-04 14:47:55
99971001455,V41266A5F25,AGT-018,,2026-08-04 14:56:02
99971000329,V11DD64A1C3,AGT-001,,2026-08-04 15:22:49
99971001677,VC88C0B7CE5,AGT-029,,2026-08-04 15:35:02
99971001236,,,00a793066661a824,2026-08-04 15:54:16
99971000927,V4A87777A45,AGT-008,,2026-08-04 15:58:17
99971000281,,,a4a333afb93db94d,2026-08-04 16:31:24
99971000086,V18613C2630,AGT-012,,2026-08-04 16:32:26
99971001688,,,6f1b895a26c0fb05,2026-08-04 16:35:20
99971002191,VE7142C745B,AGT-028,,2026-08-04 16:59:13
99971001282,V56262DD10F,AGT-007,,2026-08-04 17:05:34
99971000669,V92A2F0B3A1,AGT-011,,2026-08-04 17:21:20
99971000776,VCC00C2AB8B,AGT-018,,2026-08-04 17:21:53
99971001177,V2B786974E6,AGT-022,,2026-08-04 17:34:26
99971001874,,,8c208329f90218b4,2026-08-04 17:38:39
99971002381,,,948154456590d3d5,2026-08-04 17:44:05
99971002014,VB2D6E78344,AGT-002,,2026-08-04 17:48:30
99971000018,V4E0380669A,AGT-038,,2026-08-04 17:48:33
99971001628,,,7f23cb601a1d1c98,2026-08-04 18:03:48
99971001019,V750124BF6C,AGT-020,,2026-08-04 18:20:21
99971002096,V6C4EDAE2D5,AGT-035,,2026-08-04 18:29:55
99971001150,V45DF58018B,AGT-015,,2026-08-04 18:38:16
99971000006,V10FD5E2D4C,AGT-028,,2026-08-04 19:00:25
99971001952,V428DE82396,AGT-016,,2026-08-04 19:05:05
99971001859,,,c12e30357d1df59e,2026-08-04 19:06:05
99971002342,V728498EFB3,AGT-029,,2026-08-04 19:35:43
99971001429,V062FB2DB17,AGT-039,,2026-08-04 19:44:42
99971001113,V5C775421D1,AGT-017,,2026-08-04 19:46:18
99971001552,,,7521a70fc1e2e2fd,2026-08-04 19:47:56
99971001662,V5129452865,AGT-036,,2026-08-04 19:52:25
99971001300,,,bf7f65cd27ca2030,2026-08-04 20:12:40
99971000592,VA873D0F260,AGT-037,,2026-08-04 20:18:51
99971001272,V005FCD53B2,AGT-030,,2026-08-04 20:43:37
99971000629,,,49ecc671a2ed76f8,2026-08-05 07:07:24
99971001384,,,4554bed93b8096ad,2026-08-05 07:13:47
99971000274,V49A64B429F,AGT-013,,2026-08-05 07:30:20
99971001122,,,3076d6335654b83a,2026-08-05 08:21:17
99971000289,V73435CD26F,AGT-018,,2026-08-05 08:24:34
99971002305,V17D2FD3838,AGT-021,,2026-08-05 08:29:22
99971001301,,,df6d7997fe354490,2026-08-05 08:51:27
99971001112,,,7d3009a798ae466a,2026-08-05 09:02:52
99971002232,,,3bdb46438df6c312,2026-08-05 09:11:49
99971001063,,,f7816910cd906f96,2026-08-05 09:25:12
99971001266,,,99906da7541a5253,2026-08-05 09:26:58
99971000092,V1C9A5AF772,AGT-010,,2026-08-05 09:27:31
99971000107,VF2697F0692,AGT-032,,2026-08-05 09:38:54
99971000677,,,77a9acef0240c10f,2026-08-05 09:40:53
99971000843,VEC042EDE16,AGT-029,,2026-08-05 09:42:18
99971001099,V320B4A2CCA,AGT-014,,2026-08-05 09:52:28
99971001944,,,51f8b818b0dddad0,2026-08-05 09:58:39
99971001031,,,ffa4fba994fb783a,2026-08-05 10:18:35
99971001179,,,1c92a8734aadc975,2026-08-05 10:26:39
99971001766,V0C4ED5F929,AGT-025,,2026-08-05 11:28:13
99971000731,V67C757E8DF,AGT-022,,2026-08-05 11:42:14
99971000274,V92E539BCF5,AGT-005,,2026-08-05 11:43:34
99971001773,V45EF05FF76,AGT-011,,2026-08-05 11:46:11
99971000322,V2133738826,AGT-031,,2026-08-05 11:48:02
99971000316,VB0F3CA42F8,AGT-021,,2026-08-05 11:57:27
99971001146,,,9b77cb1a5c3cc372,2026-08-05 12:03:14
99971001997,,,7f6cd979558a5866,2026-08-05 12:07:05
99971000964,,,2698cf4137eea4cd,2026-08-05 12:17:19
99971002338,V7A75D243FF,AGT-033,,2026-08-05 12:25:44
99971001867,,,1e84f315fbb451a6,2026-08-05 12:34:46
99971001723,V1D388CDB48,AGT-009,,2026-08-05 12:39:02
99971000107,VDFC9C60FEE,AGT-007,,2026-08-05 13:02:54
99971000356,V8AB1CDA65D,AGT-013,,2026-08-05 13:21:46
99971000080,VCD37E3D9E9,AGT-019,,2026-08-05 13:47:40
99971000768,V44A85C01C9,AGT-025,,2026-08-05 13:52:05
99971002218,VD67BEA7F28,AGT-033,,2026-08-05 14:05:28
99971001508,,,4e44123c40d7c6c5,2026-08-05 14:25:00
99971002384,V1140A2F9D7,AGT-016,,2026-08-05 16:09:21
99971000699,,,bc42c686ab56709a,2026-08-05 16:12:36
99971000403,V646D832DC4,AGT-026,,2026-08-05 16:16:03
99971000366,V6842089FA3,AGT-038,,2026-08-05 16:28:54
99971001957,,,68eb5377f01ce39c,2026-08-05 16:33:48
99971001687,,,48021696ed290b66,2026-08-05 16:43:15
99971000170,VCE35643432,AGT-020,,2026-08-05 16:52:39
99971000841,V387E01254D,AGT-025,,2026-08-05 16:59:42
99971000651,V88381389C3,AGT-015,,2026-08-05 17:00:34
99971001188,VE4EA8B9CA1,AGT-007,,2026-08-05 17:07:08
99971001487,V8736960DD3,AGT-022,,2026-08-05 17:21:01
99971001883,VF780F710E2,AGT-008,,2026-08-05 17:21:51
99971000482,V5C3EC40BF2,AGT-038,,2026-08-05 17:23:48
99971000197,VD72C5A96A2,AGT-009,,2026-08-05 17:28:57
99971001122,,,3076d6335654b83a,2026-08-05 17:38:40
99971002024,,,8935dc409dd120d9,2026-08-05 17:56:09
99971001523,V52AA8532AD,AGT-030,,2026-08-05 18:27:04
99971002097,VC7710E7A99,AGT-028,,2026-08-05 18:32:47
99971002192,,,95dfde5200c78119,2026-08-05 18:41:36
99971000776,VF53FD2D732,AGT-038,,2026-08-05 19:11:49
99971000977,VD04E2D0F8B,AGT-023,,2026-08-05 19:17:30
99971001782,V22864353CA,AGT-033,,2026-08-05 19:32:54
99971000861,V46A1F70F89,AGT-025,,2026-08-05 19:50:32
99971002347,V0373E6F72F,AGT-006,,2026-08-05 19:58:48
99971000502,V965EB57A60,AGT-024,,2026-08-05 20:24:35
99971001780,,,7fa17e2937cd44fc,2026-08-05 20:31:09
99971001722,,,2872039d45b72513,2026-08-05 20:37:31
99971002302,V4C8907E283,AGT-038,,2026-08-05 20:38:51
99971000775,,,6aaf62d200508d97,2026-08-05 20:44:35
99971001490,VADDBEE868E,AGT-009,,2026-08-05 20:53:23
99971000492,VEF699E0972,AGT-010,,2026-08-05 20:54:31
99971002052,V9EFA484C3F,AGT-032,,2026-08-05 20:55:03
99971002234,V7C7D8D15E8,AGT-035,,2026-08-06 07:01:42
99971001282,VEAE4B0205D,AGT-011,,2026-08-06 07:05:17
99971000624,V96E3A5CC5A,AGT-027,,2026-08-06 07:26:41
99971002240,V3EC5C586C6,AGT-010,,2026-08-06 07:39:13
99971001601,V56A2BED65F,AGT-033,,2026-08-06 07:46:26
99971001695,VB3E47F0BA2,AGT-018,,2026-08-06 08:00:25
99971000532,,,cf4c0619be5d9cce,2026-08-06 08:19:33
99971000653,V2626DD5C61,AGT-021,,2026-08-06 08:22:18
99971000418,,,ec399d5ea83ef6ea,2026-08-06 08:39:32
99971000828,,,7bdf5d7849ca4e50,2026-08-06 08:44:58
99971001550,,,04da9dacf1d7160a,2026-08-06 08:55:55
99971002156,VE2EF6FE15B,AGT-021,,2026-08-06 09:03:41
99971001658,,,5a9fb6ba27882035,2026-08-06 09:07:55
99971001612,,,9f0713fa5f727dfa,2026-08-06 10:09:07
99971001850,VC6CF8A9A9E,AGT-039,,2026-08-06 10:13:34
99971001650,V76D79EF6D3,AGT-002,,2026-08-06 10:25:31
99971001118,,,b061d95bbbbc3e69,2026-08-06 10:27:53
99971001376,V5780D02B9A,AGT-009,,2026-08-06 10:51:42
99971000231,V3C92C2B0B9,AGT-034,,2026-08-06 10:51:45
99971000507,V5927C2DD33,AGT-006,,2026-08-06 10:51:47
99971001560,V4B0803612F,AGT-014,,2026-08-06 11:05:24
99971000554,V046FC316AE,AGT-023,,2026-08-06 11:25:07
99971002132,,,f529ac75c87ea900,2026-08-06 11:34:11
99971001664,,,80d42e93bd138176,2026-08-06 11:42:57
99971002028,V418ED5E504,AGT-014,,2026-08-06 11:55:06
99971002204,V663B1014CF,AGT-040,,2026-08-06 12:02:17
99971001283,,,3975ad0a5ca8c306,2026-08-06 12:03:00
99971000629,,,49ecc671a2ed76f8,2026-08-06 12:07:36
99971001482,V2AE62FF283,AGT-015,,2026-08-06 12:10:30
99971001159,V9DBCC14489,AGT-023,,2026-08-06 12:10:38
99971000901,V21032B3270,AGT-007,,2026-08-06 12:35:08
99971000521,V44AB288699,AGT-009,,2026-08-06 12:48:18
99971001320,,,1e35a08be9893120,2026-08-06 12:55:04
99971000067,V9144523AA1,AGT-016,,2026-08-06 13:11:31
99971002240,V068B617284,AGT-024,,2026-08-06 13:25:27
99971000497,,,38de4ce2428bad98,2026-08-06 13:29:32
99971001745,V0CE7E983DF,AGT-031,,2026-08-06 13:34:56
99971001089,V39C782B8D5,AGT-021,,2026-08-06 13:37:58
99971000399,V407CE500EB,AGT-004,,2026-08-06 13:39:18
99971001549,V60E40FF1B7,AGT-035,,2026-08-06 13:42:17
99971001422,V619115F0B3,AGT-006,,2026-08-06 13:43:09
99971000405,VD19515DC01,AGT-031,,2026-08-06 13:44:07
99971000333,V33002258F3,AGT-005,,2026-08-06 13:55:04
99971001056,V38EF4D7875,AGT-004,,2026-08-06 14:04:47
99971001584,,,4b53ac6de6ac3fd5,2026-08-06 14:11:56
99971001996,V540E7A2032,AGT-008,,2026-08-06 14:14:09
99971001853,V9386F2C780,AGT-040,,2026-08-06 14:15:46
99971001354,V7958148711,AGT-039,,2026-08-06 14:21:33
99971001186,V481278216B,AGT-022,,2026-08-06 14:44:54
99971002158,VB8BC1BED4E,AGT-009,,2026-08-06 14:45:22
99971002082,V11036A131C,AGT-039,,2026-08-06 14:48:31
99971001698,VC54DD4709A,AGT-001,,2026-08-06 15:19:47
99971001421,V3365FA1B91,AGT-009,,2026-08-06 15:21:12
99971002187,V7266BD5D96,AGT-031,,2026-08-06 15:27:06
99971001095,V4BA89F74DF,AGT-021,,2026-08-06 15:41:45
99971002236,VE146F45F4E,AGT-035,,2026-08-06 15:54:22
99971000949,,,944cbf000d41cc03,2026-08-06 16:36:19
99971002318,V6432CDAA90,AGT-018,,2026-08-06 16:56:57
99971001325,VBA27AD661B,AGT-008,,2026-08-06 17:41:52
99971000829,VD83E9E04E6,AGT-004,,2026-08-06 17:42:28
99971002210,V704D27F62D,AGT-005,,2026-08-06 17:52:32
99971000626,V10805705DC,AGT-024,,2026-08-06 17:56:42
99971002130,,,e8b56f8883a6011b,2026-08-06 18:07:34
99971002135,V023769C1B4,AGT-021,,2026-08-06 18:19:46
99971001898,V3E4985065E,AGT-011,,2026-08-06 18:21:22
99971001816,V47EDB5F6A5,AGT-021,,2026-08-06 18:21:30
99971000170,V0207E26F0A,AGT-005,,2026-08-06 18:27:10
99971000924,,,1f0af17a79260eba,2026-08-06 18:33:39
99971000905,,,e0acd272482c9abc,2026-08-06 18:34:30
99971001045,V54F9A00827,AGT-003,,2026-08-06 19:14:54
99971001326,V77B6F01A0A,AGT-039,,2026-08-06 19:23:15
99971001676,,,8a708379ccf88b05,2026-08-06 19:27:43
99971001095,V8A36A6B342,AGT-030,,2026-08-06 19:32:04
99971000788,VE1B146004C,AGT-015,,2026-08-06 19:33:57
99971002266,VAD100A6163,AGT-013,,2026-08-06 19:50:45
99971002298,VA22DE4BB3D,AGT-025,,2026-08-06 19:59:59
99971000580,V667A5874A8,AGT-016,,2026-08-06 20:08:18
99971002177,VC72825A52B,AGT-019,,2026-08-06 20:08:56
99971001691,,,28a5e495b1f0e303,2026-08-06 20:12:46
99971000315,VF2B78E098B,AGT-027,,2026-08-06 20:32:14
99971002161,VE235978E7F,AGT-019,,2026-08-06 20:32:32
99971002247,VA68CA9889E,AGT-016,,2026-08-07 07:24:15
99971002151,VB78083A1F3,AGT-018,,2026-08-07 08:00:10
99971000936,V8FE1E85751,AGT-007,,2026-08-07 08:05:43
99971002337,,,e7ceb8ac4ab33bcf,2026-08-07 08:11:37
99971001793,,,7e9625e1a8997280,2026-08-07 08:24:43
99971002285,,,b49b07bbba8c440e,2026-08-07 08:25:48
99971001281,VBCE5B1D915,AGT-037,,2026-08-07 08:32:45
99971000870,V6F6357E823,AGT-010,,2026-08-07 08:36:47
99971001809,,,74ece47e1e116060,2026-08-07 08:58:28
99971002346,V9DEEC6F8B4,AGT-027,,2026-08-07 09:03:50
99971000307,V4931CE0AE4,AGT-010,,2026-08-07 09:06:06
99971000401,VC0F5E6D069,AGT-004,,2026-08-07 09:09:46
99971000728,V48EAFBC6F7,AGT-023,,2026-08-07 09:23:50
99971001541,,,4489d2cbad5282b6,2026-08-07 09:34:03
99971000010,,,87aca893f7008c4b,2026-08-07 10:06:55
99971002348,V82D5287E09,AGT-029,,2026-08-07 10:07:46
99971000811,V7137BD5B58,AGT-003,,2026-08-07 10:18:03
99971002062,,,f06a98da1aeb215c,2026-08-07 10:26:53
99971001038,V05F99AD403,AGT-017,,2026-08-07 10:33:37
99971000727,,,61c4054c1294d645,2026-08-07 10:34:20
99971001788,,,0a6255bcc9c00c6b,2026-08-07 10:50:21
99971000340,V083D498EA6,AGT-013,,2026-08-07 11:11:20
99971002096,VB9C9C7899F,AGT-013,,2026-08-07 11:32:02
99971002054,,,0a5ab5c3680aea0a,2026-08-07 11:32:53
99971000606,VCB30E92A81,AGT-033,,2026-08-07 11:40:17
99971002284,,,5dd61281bd10c252,2026-08-07 11:45:45
99971002029,V7A700A8579,AGT-031,,2026-08-07 11:46:08
99971000565,V17830B6336,AGT-027,,2026-08-07 11:50:27
99971000109,,,7974eb0ae75ad539,2026-08-07 12:02:05
99971001487,V37C6546954,AGT-024,,2026-08-07 12:03:54
99971001074,,,cfda3f65f11fc1f5,2026-08-07 12:10:22
99971001807,,,b6c6d34cc72505cb,2026-08-07 12:23:00
99971001360,VB55757763A,AGT-004,,2026-08-07 12:40:59
99971000942,V9BE150D761,AGT-028,,2026-08-07 13:01:27
99971000451,V53DFE9DA43,AGT-040,,2026-08-07 13:29:46
99971000201,VCBDB288705,AGT-031,,2026-08-07 13:44:08
99971000878,V3B1A445FA2,AGT-024,,2026-08-07 14:08:27
99971000027,,,f256e59218c26652,2026-08-07 14:10:04
99971000381,,,0c8c97132a607e06,2026-08-07 14:12:11
99971002167,VFD95B352DD,AGT-040,,2026-08-07 14:18:56
99971001212,,,985c3c8d9f7d9bda,2026-08-07 14:22:16
99971000982,VDFF679F963,AGT-037,,2026-08-07 14:41:18
99971002323,,,3aebf3bc50c59364,2026-08-07 14:47:30
99971002232,,,3bdb46438df6c312,2026-08-07 14:53:21
99971001043,VD7832E790B,AGT-001,,2026-08-07 15:09:54
99971000597,VDF44261DAF,AGT-031,,2026-08-07 15:10:34
99971001588,VF2D6F09BDD,AGT-037,,2026-08-07 15:13:55
99971002198,V7049BFE8A7,AGT-022,,2026-08-07 15:13:56
99971001758,,,609bcbc54c6ee16d,2026-08-07 15:18:02
99971000808,,,33fb9f409b3e261f,2026-08-07 15:20:31
99971000531,V465E91F4A3,AGT-035,,2026-08-07 15:27:10
99971001666,VF2653BAD30,AGT-039,,2026-08-07 15:47:42
99971001389,V52C669C78E,AGT-016,,2026-08-07 15:50:38
99971000649,V751417E844,AGT-031,,2026-08-07 15:54:36
99971002094,V3ADC18C22F,AGT-040,,2026-08-07 16:01:20
99971000148,VA8CF27DA2A,AGT-036,,2026-08-07 16:01:21
99971000616,,,191481d83efe3fac,2026-08-07 16:08:21
99971000670,V5B51E5BDB7,AGT-029,,2026-08-07 16:20:58
99971000093,V7CD355BB6B,AGT-032,,2026-08-07 16:21:08
99971000239,VB4E20B129B,AGT-003,,2026-08-07 16:45:58
99971001941,,,46d4b54cea616a01,2026-08-07 16:46:27
99971002085,,,868b423c13d46073,2026-08-07 16:48:36
99971001854,V96930B1133,AGT-016,,2026-08-07 16:51:16
99971001281,V708DFDD4A5,AGT-021,,2026-08-07 16:54:27
99971000838,V2669455054,AGT-039,,2026-08-07 16:58:02
99971001779,V1D0C07DCED,AGT-036,,2026-08-07 17:00:30
99971001507,V34D6552E9D,AGT-028,,2026-08-07 17:07:27
99971000036,VEAE0655207,AGT-029,,2026-08-07 17:53:34
99971000855,,,d7fae56b41f3032c,2026-08-07 18:11:19
99971001085,VA0BF81B291,AGT-006,,2026-08-07 18:19:59
99971000444,V4814F54D51,AGT-018,,2026-08-07 18:24:27
99971000727,,,61c4054c1294d645,2026-08-07 19:01:21
99971000609,,,8f01bf9ea6bcd4d1,2026-08-07 19:06:09
99971000738,,,599fcb1c5b6d6c1d,2026-08-07 19:09:16
99971000329,V883E72BC4C,AGT-038,,2026-08-07 19:11:26
99971000518,VEE65DEE626,AGT-025,,2026-08-07 19:24:56
99971000505,VBA491570ED,AGT-001,,2026-08-07 19:32:27
99971002254,V1779E40FCD,AGT-031,,2026-08-07 19:33:48
99971000928,V5CE11564BF,AGT-023,,2026-08-07 19:47:00
99971002233,,,6a1d62bff185b6d0,2026-08-07 20:13:38
99971001575,,,c8d71c800cf9bf89,2026-08-07 20:16:47
99971000913,V9121568167,AGT-026,,2026-08-07 20:21:04
99971000061,VDF6D7B567E,AGT-032,,2026-08-07 20:32:41
99971001233,V4286E41DAD,AGT-003,,2026-08-07 20:46:46
99971000213,V4BB0653896,AGT-036,,2026-08-08 07:03:51
99971000295,,,52a4187ce0942d57,2026-08-08 07:04:56
99971000759,,,bea73d35c6c429de,2026-08-08 07:35:49
99971000112,V8C6325E853,AGT-032,,2026-08-08 07:39:23
99971000138,,,039f68dbebe07e5e,2026-08-08 07:52:02
99971001809,,,74ece47e1e116060,2026-08-08 07:55:07
99971000135,V1089975E97,AGT-030,,2026-08-08 08:06:28
99971002213,,,662985d08ccfc9af,2026-08-08 08:37:20
99971000938,V21F74CFC97,AGT-035,,2026-08-08 08:40:48
99971000335,VE9B1AD32BD,AGT-031,,2026-08-08 09:05:38
99971001355,VA142D848DE,AGT-012,,2026-08-08 09:16:59
99971001268,V248FAA2D69,AGT-032,,2026-08-08 09:40:21
99971002112,VAC0257C1E8,AGT-026,,2026-08-08 10:13:21
99971000018,V8B41E109F0,AGT-018,,2026-08-08 10:16:38
99971001887,,,ab88d9e2b53dc610,2026-08-08 10:17:43
99971000316,V134130BE8C,AGT-007,,2026-08-08 10:19:08
99971000171,VD3ACA32F4D,AGT-014,,2026-08-08 10:19:10
99971001092,V9F98E77831,AGT-017,,2026-08-08 10:24:12
99971001682,,,e688a7d0d5455d8d,2026-08-08 10:31:46
99971000542,V98785A436E,AGT-027,,2026-08-08 10:33:32
99971000125,V034FD4C2C0,AGT-030,,2026-08-08 10:57:45
99971001718,,,c025dca33c60a72c,2026-08-08 11:05:05
99971001909,VD29F839DA9,AGT-027,,2026-08-08 11:33:52
99971001146,,,9b77cb1a5c3cc372,2026-08-08 11:36:14
99971002018,V152D39D8C5,AGT-021,,2026-08-08 11:37:44
99971001826,V5F90170A81,AGT-003,,2026-08-08 11:53:47
99971001025,,,268ab33a4f3e1046,2026-08-08 12:07:43
99971000030,V1BADDF7773,AGT-018,,2026-08-08 12:23:55
99971001777,V062DE63158,AGT-017,,2026-08-08 12:44:22
99971001793,,,7e9625e1a8997280,2026-08-08 12:49:18
99971001725,VFF9DDE0006,AGT-016,,2026-08-08 13:00:13
99971001974,VF4B28B9600,AGT-024,,2026-08-08 13:00:53
99971001408,VA6D2012F12,AGT-013,,2026-08-08 13:11:20
99971000067,V851E1BC45A,AGT-022,,2026-08-08 13:26:08
99971001137,V3D202D654F,AGT-023,,2026-08-08 13:27:34
99971002096,V065B6F79B9,AGT-021,,2026-08-08 13:38:22
99971001745,V931EFE9BAD,AGT-027,,2026-08-08 13:38:38
99971001144,V265787CD5D,AGT-022,,2026-08-08 13:45:53
99971002257,V0D5C3ACF52,AGT-011,,2026-08-08 13:56:09
99971000980,V980A96DEEF,AGT-038,,2026-08-08 14:00:25
99971000078,V96D8A00E74,AGT-013,,2026-08-08 14:10:03
99971001071,V5EAEC379B8,AGT-031,,2026-08-08 14:15:05
99971002154,V5BDCD2B538,AGT-040,,2026-08-08 14:21:50
99971002309,,,a380cb3661d3f148,2026-08-08 14:58:10
99971000896,V9BCD71F986,AGT-012,,2026-08-08 15:26:40
99971001184,,,9c5dfdf74b1e75fb,2026-08-08 15:41:55
99971001595,V33493908A7,AGT-021,,2026-08-08 15:51:23
99971000076,V30FF87A6E9,AGT-013,,2026-08-08 15:54:55
99971002190,V041190972D,AGT-019,,2026-08-08 16:05:56
99971001809,,,74ece47e1e116060,2026-08-08 16:12:40
99971002306,V29D0C9E36A,AGT-025,,2026-08-08 16:20:29
99971000562,V93F8FDDC87,AGT-027,,2026-08-08 16:28:59
99971000559,V343E15F264,AGT-002,,2026-08-08 17:10:26
99971000716,V7F6B030C6C,AGT-017,,2026-08-08 17:12:11
99971000621,V79ECCB736C,AGT-003,,2026-08-08 17:20:24
99971000101,,,7f2b3c7cde121070,2026-08-08 17:32:05
99971002019,VF30E7CCEF3,AGT-015,,2026-08-08 18:34:44
99971000878,V1174788FB3,AGT-011,,2026-08-08 18:37:18
99971000111,V8782C6ED01,AGT-015,,2026-08-08 18:49:36
99971001174,VA9941A8AA9,AGT-024,,2026-08-08 18:55:08
99971000166,,,c6912b33b3deb177,2026-08-08 19:13:11
99971000042,V356EB8688B,AGT-006,,2026-08-08 19:19:57
99971000134,V116092933C,AGT-024,,2026-08-08 19:24:07
99971000200,,,61fdfd093506cae8,2026-08-08 19:24:35
99971001126,,,3ab1bd09e64464b0,2026-08-08 19:37:01
99971000089,,,59718abc1562c3d2,2026-08-08 19:38:37
99971002270,V758587921F,AGT-020,,2026-08-08 19:39:12
99971000095,VD8C851BF1C,AGT-024,,2026-08-08 19:58:39
99971002114,V74D6588274,AGT-002,,2026-08-08 20:08:03
99971001259,V9C6270D920,AGT-008,,2026-08-08 20:18:20
99971001006,V571640AD58,AGT-023,,2026-08-08 20:29:56
99971001656,VDEDCC74F79,AGT-023,,2026-08-08 20:40:14
99971001974,VAFE2FD6AD3,AGT-038,,2026-08-08 20:41:26
99971000723,V1FC53FC014,AGT-030,,2026-08-08 20:59:10
99971001190,,,31864dda8be76293,2026-08-09 07:03:48
99971001415,V4B2C38BE8C,AGT-030,,2026-08-09 07:31:23
99971001710,V469999FDF5,AGT-003,,2026-08-09 07:35:24
99971000604,VF95EF9B55C,AGT-034,,2026-08-09 09:03:46
99971001582,V38754CA3AC,AGT-003,,2026-08-09 09:22:10
99971001731,V41A7B262BE,AGT-018,,2026-08-09 09:29:38
99971001365,,,6974f251bdbb2be9,2026-08-09 10:02:51
99971000014,,,7d323e5fe774f935,2026-08-09 10:05:27
99971000539,V516CFBBA36,AGT-019,,2026-08-09 10:35:28
99971001317,VC52304BD6D,AGT-011,,2026-08-09 10:39:29
99971001840,,,64a39042d1ea19b4,2026-08-09 10:42:39
99971000276,,,4260d1eb1e1c21fe,2026-08-09 11:06:29
99971000054,VD27A008A38,AGT-035,,2026-08-09 11:11:13
99971001252,,,9c88e06ddd8c3177,2026-08-09 11:31:51
99971000504,VB920B93169,AGT-012,,2026-08-09 11:43:58
99971002073,,,cbf4ca5256cb90cf,2026-08-09 11:44:47
99971001916,VC6E716691B,AGT-031,,2026-08-09 11:49:42
99971002393,VEB9A880018,AGT-031,,2026-08-09 11:52:11
99971000025,VE0C4F977BE,AGT-032,,2026-08-09 12:03:14
99971001353,V17D7DE9102,AGT-007,,2026-08-09 12:07:06
99971002107,,,e2db493d556758ce,2026-08-09 12:07:08
99971001408,VD6D49AC47A,AGT-005,,2026-08-09 12:23:34
99971001164,VA8A4D90CFA,AGT-024,,2026-08-09 12:27:25
99971001330,VF6ADD55266,AGT-031,,2026-08-09 12:29:33
99971001401,VE1A13035E6,AGT-008,,2026-08-09 12:37:31
99971000235,VEFB2E5F5B6,AGT-022,,2026-08-09 12:44:23
99971000074,VAD398E3711,AGT-033,,2026-08-09 12:45:46
99971002056,V06C243BC1F,AGT-032,,2026-08-09 12:50:55
99971002117,VA2333E2191,AGT-014,,2026-08-09 13:03:57
99971000379,,,e48000c90d28a526,2026-08-09 13:32:21
99971001596,,,88b038f17eaca245,2026-08-09 13:44:05
99971002331,,,fea09ed6fcd869d2,2026-08-09 13:44:51
99971000506,,,af7ca9a55fecde11,2026-08-09 14:04:05
99971001826,V63672F567B,AGT-025,,2026-08-09 14:23:32
99971001194,V09BF060361,AGT-014,,2026-08-09 14:32:22
99971001106,,,d4d1bba8a2134727,2026-08-09 14:33:14
99971002393,VB479F84F35,AGT-038,,2026-08-09 14:35:59
99971000273,,,61e0366f5733c870,2026-08-09 14:41:41
99971000820,,,bb371bef200aa92b,2026-08-09 15:53:00
99971000084,V39AA7CAB93,AGT-025,,2026-08-09 16:03:18
99971000693,V1B1EB26125,AGT-025,,2026-08-09 16:11:39
99971001070,V3B74A821D4,AGT-034,,2026-08-09 16:23:50
99971000860,V6BC7AAF0CD,AGT-040,,2026-08-09 16:31:43
99971000407,V032A25FDD5,AGT-015,,2026-08-09 16:36:48
99971000466,,,f448f20c25af21af,2026-08-09 16:59:04
99971000351,,,2e71a65fd36a06a0,2026-08-09 17:16:07
99971002218,VD3137BFA9D,AGT-020,,2026-08-09 17:30:41
99971000854,V54A94099C1,AGT-012,,2026-08-09 17:33:38
99971000532,,,cf4c0619be5d9cce,2026-08-09 17:54:17
99971000996,VFA343E762F,AGT-015,,2026-08-09 18:03:00
99971001738,V5BA4E3B8DB,AGT-040,,2026-08-09 18:15:00
99971000215,V5CADFE3AC7,AGT-012,,2026-08-09 18:28:31
99971001647,V512EF8C108,AGT-016,,2026-08-09 19:04:47
99971000756,,,1aec8eedeb491d38,2026-08-09 19:05:33
99971001444,VE9C160311F,AGT-007,,2026-08-09 19:21:46
99971001063,,,f7816910cd906f96,2026-08-09 19:34:29
99971000356,V60A5FB4DE9,AGT-036,,2026-08-09 19:39:10
99971001793,,,7e9625e1a8997280,2026-08-09 19:44:56
99971000155,V02EB811223,AGT-027,,2026-08-09 19:45:00
99971000447,,,a5ff56724a99adba,2026-08-09 19:46:09
99971000169,,,c73a9b45245648ba,2026-08-09 20:10:59
99971001044,VF9BDE34A61,AGT-006,,2026-08-09 20:26:21
99971000054,V4A5AD5C46F,AGT-014,,2026-08-09 20:28:10
99971000318,VE78E60D38B,AGT-007,,2026-08-09 20:38:55
99971001894,,,bed8bd744fec3e68,2026-08-09 20:46:55
99971000728,V012079E990,AGT-038,,2026-08-09 20:59:45
99971000333,VEBB3B4D41E,AGT-015,,2026-08-10 07:13:03
99971001358,VE045956B6E,AGT-007,,2026-08-10 07:34:01
99971000023,V77EE70A7D9,AGT-025,,2026-08-10 07:41:40
99971001747,V76383617EF,AGT-017,,2026-08-10 08:03:39
99971001343,V1E7F256737,AGT-010,,2026-08-10 08:44:44
99971001081,V098C2C2D00,AGT-007,,2026-08-10 08:52:37
99971001281,V86F5145897,AGT-040,,2026-08-10 09:03:24
99971001384,,,4554bed93b8096ad,2026-08-10 09:14:11
99971001073,VC4B652DC75,AGT-007,,2026-08-10 09:20:34
99971001300,,,bf7f65cd27ca2030,2026-08-10 09:28:00
99971001601,V8E1AEA1619,AGT-029,,2026-08-10 09:34:06
99971001862,V8C83F4DEBD,AGT-007,,2026-08-10 09:58:07
99971000034,VD4CA18607F,AGT-001,,2026-08-10 10:10:43
99971001836,,,624034ed50eeebd1,2026-08-10 10:15:00
99971000158,V5C8642ADA0,AGT-031,,2026-08-10 10:36:37
99971000594,V4CD7868C20,AGT-006,,2026-08-10 10:44:47
99971001082,VA089288032,AGT-023,,2026-08-10 11:05:14
99971001629,V3275FE10AC,AGT-040,,2026-08-10 11:31:32
99971001525,V169296B670,AGT-040,,2026-08-10 11:48:21
99971002326,V30C687543E,AGT-016,,2026-08-10 12:07:14
99971000975,V54A9A16CEC,AGT-020,,2026-08-10 12:26:15
99971000405,VE2A012799D,AGT-020,,2026-08-10 12:28:42
99971000052,,,eb9d7fd3126e45e0,2026-08-10 12:37:52
99971000405,VE19C1ECBE3,AGT-011,,2026-08-10 12:39:20
99971001466,V8D6832582D,AGT-010,,2026-08-10 12:54:24
99971000493,,,094e6dccc6a735b4,2026-08-10 13:05:22
99971000045,V5E493661CE,AGT-023,,2026-08-10 13:16:33
99971000284,VC60E832447,AGT-002,,2026-08-10 13:40:15
99971001533,V46D26E0E27,AGT-011,,2026-08-10 14:17:01
99971002340,V17357880EF,AGT-008,,2026-08-10 14:17:33
99971001875,,,8e24746bebfd4ec2,2026-08-10 14:30:13
99971000402,,,a9df2153b561bf81,2026-08-10 14:44:31
99971001020,VEA169E868C,AGT-026,,2026-08-10 14:48:06
99971000809,,,affbf8b0bff13ffa,2026-08-10 15:00:36
99971000950,VA094ED2884,AGT-002,,2026-08-10 15:33:05
99971001038,V28112221AB,AGT-029,,2026-08-10 15:45:54
99971001175,V924D72A5CD,AGT-019,,2026-08-10 15:55:01
99971001292,VCBFC6970D8,AGT-016,,2026-08-10 15:55:25
99971000146,,,1bf69ad680edd917,2026-08-10 16:11:06
99971000981,,,571bdc8e7ad16f81,2026-08-10 16:30:20
99971001525,V419B555ABC,AGT-025,,2026-08-10 16:56:36
99971002217,V637E80B643,AGT-032,,2026-08-10 17:10:09
99971000507,VC61C3CC4EA,AGT-037,,2026-08-10 17:11:25
99971000064,VD1D150978B,AGT-037,,2026-08-10 17:11:39
99971001413,V844F8F16F8,AGT-023,,2026-08-10 17:24:39
99971001016,VC83951D59F,AGT-014,,2026-08-10 18:17:48
99971001639,V080CDBF6EB,AGT-020,,2026-08-10 18:27:07
99971000028,,,dba03e08f8bc61cf,2026-08-10 18:53:02
99971001401,VF6826CBB08,AGT-014,,2026-08-10 19:05:57
99971002107,,,e2db493d556758ce,2026-08-10 19:14:59
99971001511,V3857509A42,AGT-004,,2026-08-10 19:16:32
99971000133,VCC46ECA60A,AGT-012,,2026-08-10 19:32:31
99971002310,V64DCB1BD1F,AGT-036,,2026-08-10 19:37:51
99971001436,,,94548f1fbefcb3ad,2026-08-10 20:03:12
99971002055,VB75471C004,AGT-033,,2026-08-10 20:05:15
99971001558,V4A038298A4,AGT-017,,2026-08-10 20:12:38
99971002301,VD680C97EAC,AGT-021,,2026-08-10 20:37:17
99971000920,VE365EC7D1F,AGT-037,,2026-08-10 20:40:30
99971000290,V81078516F9,AGT-001,,2026-08-10 20:56:20
99971000364,V5A0EB29D9A,AGT-036,,2026-08-11 07:03:02
99971001839,V29D735397F,AGT-034,,2026-08-11 07:03:15
99971001096,,,d8f74168b757a444,2026-08-11 07:15:27
99971001603,V7425F1D532,AGT-025,,2026-08-11 07:21:28
99971001556,V2C94F9E2EE,AGT-036,,2026-08-11 07:22:59
99971001010,VF14BF4C52C,AGT-004,,2026-08-11 07:24:20
99971002226,,,15f6778401150530,2026-08-11 07:24:47
99971000601,,,d5be43777369fc72,2026-08-11 07:38:15
99971000968,VAF7371B631,AGT-039,,2026-08-11 07:56:06
99971001848,VD17A409BF9,AGT-021,,2026-08-11 08:00:28
99971000608,V6A42201A57,AGT-001,,2026-08-11 08:21:47
99971000584,,,5f22b14311920f6e,2026-08-11 08:45:32
99971001814,V936583CD8E,AGT-021,,2026-08-11 08:47:23
99971001493,VE149C50A38,AGT-026,,2026-08-11 08:51:14
99971000504,VD102E16B3E,AGT-036,,2026-08-11 09:05:28
99971002120,VE0B3151B4F,AGT-023,,2026-08-11 09:22:19
99971001572,V15C810F8C0,AGT-010,,2026-08-11 09:41:20
99971000902,V234C7E80C9,AGT-029,,2026-08-11 09:45:51
99971000146,,,1bf69ad680edd917,2026-08-11 09:58:09
99971000166,,,c6912b33b3deb177,2026-08-11 10:31:19
99971000334,V0E7235384E,AGT-008,,2026-08-11 11:14:40
99971002064,VF9FDD2B53C,AGT-025,,2026-08-11 11:24:11
99971001338,V46CF6697DF,AGT-005,,2026-08-11 11:24:49
99971000493,,,094e6dccc6a735b4,2026-08-11 11:38:52
99971001069,V7B038B6913,AGT-006,,2026-08-11 11:40:19
99971001303,V5042389EFC,AGT-036,,2026-08-11 11:57:00
99971000909,,,8d4fd50b0e568b11,2026-08-11 12:21:11
99971002122,,,c11d80a722673bba,2026-08-11 12:32:54
99971001963,V8C0FF55ECE,AGT-021,,2026-08-11 12:35:17
99971001579,VE013BB5B1E,AGT-007,,2026-08-11 13:13:12
99971001528,VA4234E454A,AGT-027,,2026-08-11 13:17:18
99971001387,V2180D09488,AGT-025,,2026-08-11 13:33:27
99971000297,VD7490B8FFD,AGT-030,,2026-08-11 13:34:45
99971000320,V2CB5561683,AGT-020,,2026-08-11 13:37:10
99971001090,,,3dc48bf7878c3db5,2026-08-11 13:50:38
99971001052,VD731EBAFC4,AGT-006,,2026-08-11 14:10:37
99971000831,,,f735a5425a05eab5,2026-08-11 14:22:36
99971002041,VA823E0B238,AGT-030,,2026-08-11 14:26:12
99971001999,V6F7F562F58,AGT-040,,2026-08-11 14:49:31
99971002167,V0B26B9D9FF,AGT-008,,2026-08-11 15:06:31
99971001874,,,8c208329f90218b4,2026-08-11 15:08:49
99971001123,V8F5C04CF15,AGT-002,,2026-08-11 15:14:48
99971002011,V48D483E605,AGT-039,,2026-08-11 15:24:46
99971001020,V1CCFB02B21,AGT-008,,2026-08-11 15:25:34
99971002218,V706B2CB3EB,AGT-019,,2026-08-11 15:30:40
99971001895,V30F7F3DCB4,AGT-021,,2026-08-11 15:41:43
99971001838,V0C8A493FAB,AGT-008,,2026-08-11 15:41:52
99971001249,,,63708bb8ec09e4a1,2026-08-11 15:58:43
99971002109,VD4BD28A1ED,AGT-006,,2026-08-11 16:13:08
99971001031,,,ffa4fba994fb783a,2026-08-11 16:18:18
99971001325,VC03A361A59,AGT-010,,2026-08-11 16:24:16
99971001257,V9E10AC513E,AGT-030,,2026-08-11 16:35:25
99971001252,,,9c88e06ddd8c3177,2026-08-11 16:35:59
99971000962,,,88fe7b49d52a8f7d,2026-08-11 16:39:31
99971002377,V52BCBB3572,AGT-034,,2026-08-11 16:41:23
99971000198,,,4270ec59d3675271,2026-08-11 16:51:24
99971001446,VD6F06D19FF,AGT-023,,2026-08-11 16:52:51
99971000977,VFE41686016,AGT-022,,2026-08-11 17:28:36
99971000828,,,7bdf5d7849ca4e50,2026-08-11 17:28:38
99971000095,V3BC98DDBED,AGT-003,,2026-08-11 17:50:40
99971002077,,,093ddf559924984a,2026-08-11 17:53:20
99971001413,V9EC129164E,AGT-039,,2026-08-11 17:59:35
99971001313,V907A430212,AGT-015,,2026-08-11 18:04:24
99971000902,VAB24C6C347,AGT-010,,2026-08-11 18:07:09
99971001520,VBFDC6EE07A,AGT-001,,2026-08-11 18:22:53
99971000168,,,1f81826ac80b8412,2026-08-11 18:23:21
99971001440,VC9C5F8181A,AGT-029,,2026-08-11 18:42:44
99971002291,,,2108c51664ff38d1,2026-08-11 18:53:46
99971001678,V6E9ADB8E9D,AGT-002,,2026-08-11 19:04:15
99971000248,,,dab6279b326bdaea,2026-08-11 19:13:12
99971001113,V3D0E9A8127,AGT-028,,2026-08-11 19:36:12
99971000375,,,2b3c1230a6350eec,2026-08-11 19:49:48
99971001925,V5850BAC585,AGT-006,,2026-08-11 20:13:10
99971000469,V883E53C037,AGT-029,,2026-08-11 20:31:02
99971002032,,,7cbfd3c8fcc8f8ae,2026-08-11 20:36:00
99971000603,V70A8A748B9,AGT-037,,2026-08-11 20:40:47
99971002389,V67D66D0FBE,AGT-010,,2026-08-11 20:44:08
99971000767,VFA4D412A71,AGT-036,,2026-08-11 20:44:37
99971000535,V57CE0DD2C6,AGT-039,,2026-08-11 20:52:14
99971001216,V0E400FCF3A,AGT-038,,2026-08-12 07:03:00
99971001036,V321DF238C7,AGT-023,,2026-08-12 07:31:07
99971000770,V61865D05D3,AGT-036,,2026-08-12 07:37:57
99971000790,V260AD675C9,AGT-006,,2026-08-12 07:43:00
99971002081,V8481FC998E,AGT-036,,2026-08-12 07:55:03
99971000378,,,61f40c47f37900b1,2026-08-12 07:59:25
99971001227,,,a05597d9ea30c2af,2026-08-12 07:59:43
99971001372,V0A1ED5C255,AGT-033,,2026-08-12 08:07:39
99971001773,V42F2DD4C58,AGT-011,,2026-08-12 08:10:22
99971001657,V0940626291,AGT-004,,2026-08-12 08:22:49
99971001893,VED102C78E0,AGT-017,,2026-08-12 08:30:26
99971001154,,,4ad50d5e6ae7002f,2026-08-12 08:33:19
99971001417,V81D376AF33,AGT-001,,2026-08-12 08:44:48
99971001610,,,d454b7f6e15df5b6,2026-08-12 08:51:09
99971000168,,,1f81826ac80b8412,2026-08-12 08:51:13
99971000383,V7B3EDE528A,AGT-034,,2026-08-12 08:58:28
99971001138,,,b8ee4bc682b3685a,2026-08-12 09:24:42
99971001296,,,b9c9ed5725a4c221,2026-08-12 09:35:50
99971002377,VF8223104BE,AGT-014,,2026-08-12 10:11:22
99971000401,V4A1CABE6DB,AGT-023,,2026-08-12 10:23:43
99971000637,V3D6BDCEF06,AGT-006,,2026-08-12 10:29:10
99971000526,VB3382E4634,AGT-003,,2026-08-12 10:38:40
99971001084,,,75dc4829f1f065b8,2026-08-12 10:49:22
99971001876,,,1816a4bd8b165d7e,2026-08-12 10:53:18
99971001942,V8643CF3813,AGT-031,,2026-08-12 10:53:34
99971000411,VFDEF9C761D,AGT-019,,2026-08-12 11:07:01
99971000944,VFD6BA2E1F5,AGT-013,,2026-08-12 11:13:39
99971001891,,,c28cc994987d6411,2026-08-12 11:23:44
99971000450,,,dfd95007ef62c516,2026-08-12 11:44:49
99971000018,V4B3122DD9A,AGT-009,,2026-08-12 11:56:46
99971002024,,,8935dc409dd120d9,2026-08-12 12:01:09
99971001425,,,38e75815436a9f41,2026-08-12 12:01:28
99971002162,V5E85498420,AGT-004,,2026-08-12 12:41:37
99971000451,V481B11DF49,AGT-001,,2026-08-12 12:44:34
99971000990,,,a9dbd7724985466e,2026-08-12 13:06:14
99971002112,VDECAFF2B7F,AGT-026,,2026-08-12 14:26:36
99971001345,,,a82aa7096e487f36,2026-08-12 14:30:00
99971002178,VF6698FF6BC,AGT-027,,2026-08-12 15:00:57
99971000723,VE1368CA88C,AGT-022,,2026-08-12 15:07:53
99971001593,,,07fdf317abca0cbf,2026-08-12 15:32:14
99971001887,,,ab88d9e2b53dc610,2026-08-12 16:00:47
99971000416,V098A3C1130,AGT-030,,2026-08-12 16:20:56
99971002028,V1A8FCE3B3F,AGT-034,,2026-08-12 16:34:07
99971001026,V1967C3BFDE,AGT-023,,2026-08-12 16:56:49
99971000377,,,db976b36b98538b8,2026-08-12 16:57:13
99971001772,VE031B91FA0,AGT-011,,2026-08-12 16:59:31
99971001288,,,c4d7d06b38481750,2026-08-12 17:02:04
99971000761,V3D24A63128,AGT-015,,2026-08-12 17:07:58
99971001532,VCC5679DE9D,AGT-017,,2026-08-12 17:17:00
99971001828,VD9D06B6FAF,AGT-004,,2026-08-12 17:22:45
99971000338,V3247D2F4E4,AGT-004,,2026-08-12 18:04:00
99971000325,,,c8aa4056e2214541,2026-08-12 18:05:53
99971001729,V8AEE6642C8,AGT-016,,2026-08-12 18:06:59
99971000455,,,a9556baaa77c3880,2026-08-12 18:23:49
99971001493,VE93E946AD9,AGT-034,,2026-08-12 18:26:13
99971002363,VB29CA93AEC,AGT-033,,2026-08-12 18:28:16
99971000597,V5F552012B2,AGT-020,,2026-08-12 18:38:31
99971001757,V7995476D53,AGT-012,,2026-08-12 18:39:39
99971000047,V83CA252112,AGT-002,,2026-08-12 18:50:40
99971000471,VA29BF46248,AGT-030,,2026-08-12 19:10:29
99971002086,V88388DE696,AGT-008,,2026-08-12 19:31:13
99971001224,VEEE69725AD,AGT-008,,2026-08-12 19:39:42
99971001103,V3C46BF0514,AGT-020,,2026-08-12 19:53:52
99971000872,V8DE6A2981F,AGT-001,,2026-08-12 19:55:49
99971000776,V2ECF0D6477,AGT-013,,2026-08-12 19:56:21
99971001301,,,df6d7997fe354490,2026-08-12 20:20:56
99971002352,,,bd7a0d1373d408f1,2026-08-12 20:24:03
99971000074,V35C00DB7B3,AGT-010,,2026-08-12 20:24:39
99971001904,,,34563887a53ad357,2026-08-12 20:25:23
99971001555,V8C93AA498D,AGT-038,,2026-08-12 20:56:45
99971001456,V65B3C3F7C2,AGT-032,,2026-08-13 07:00:37
99971002342,VB1F73F6854,AGT-018,,2026-08-13 07:12:20
99971000405,V072EE55700,AGT-008,,2026-08-13 07:15:51
99971002075,,,59043f03ea9438db,2026-08-13 07:21:36
99971000501,VF5260028D9,AGT-007,,2026-08-13 07:23:31
99971001979,V58E82165DB,AGT-007,,2026-08-13 07:28:44
99971000979,V356B1F0747,AGT-032,,2026-08-13 07:32:37
99971001780,,,7fa17e2937cd44fc,2026-08-13 07:46:25
99971000815,VB6AB9A29A0,AGT-031,,2026-08-13 07:48:22
99971001648,VF66C6022C7,AGT-019,,2026-08-13 07:50:55
99971000757,V45B14C3273,AGT-031,,2026-08-13 07:52:01
99971000986,,,81997ae178bdd3b5,2026-08-13 07:55:56
99971002232,,,3bdb46438df6c312,2026-08-13 07:56:10
99971001680,V64A7836C0F,AGT-019,,2026-08-13 08:15:55
99971000361,,,da4365851c01652b,2026-08-13 08:22:18
99971002269,V57A42FDF54,AGT-011,,2026-08-13 08:25:54
99971000378,,,61f40c47f37900b1,2026-08-13 08:30:32
99971001795,,,12b2e8d96da4d670,2026-08-13 08:44:29
99971000248,,,dab6279b326bdaea,2026-08-13 09:02:55
99971001671,VD73FB6EDAD,AGT-005,,2026-08-13 09:41:19
99971002330,,,36c8beaf6c9489c4,2026-08-13 09:58:59
99971002064,VD4CD8BF8D0,AGT-010,,2026-08-13 10:00:34
99971001474,V88E40AC610,AGT-024,,2026-08-13 10:51:12
99971000061,V6971803D37,AGT-024,,2026-08-13 10:51:37
99971002139,,,da7a1f0329c40651,2026-08-13 10:58:00
99971001132,V14059909B0,AGT-035,,2026-08-13 11:08:31
99971001267,V750204BD4D,AGT-027,,2026-08-13 11:11:49
99971002013,VA179A97CEE,AGT-010,,2026-08-13 11:17:33
99971001611,V93E8E07DC1,AGT-008,,2026-08-13 11:27:15
99971001392,V9C11729674,AGT-040,,2026-08-13 11:42:48
99971000147,V3189710D84,AGT-012,,2026-08-13 11:55:38
99971002187,V1AF8906076,AGT-014,,2026-08-13 12:13:39
99971001987,VA003CC4177,AGT-025,,2026-08-13 12:48:08
99971002129,V34D62CCCAD,AGT-022,,2026-08-13 12:53:06
99971000876,V725DDEF72C,AGT-019,,2026-08-13 13:19:17
99971001238,VF9C4F280F2,AGT-003,,2026-08-13 13:20:49
99971001496,V75EFC4DB69,AGT-017,,2026-08-13 13:21:30
99971001210,V59E9C01901,AGT-010,,2026-08-13 13:23:32
99971000509,,,b8c82d5b9900fa9d,2026-08-13 13:24:36
99971002250,V7EA4F6373D,AGT-018,,2026-08-13 13:31:41
99971000079,V5D810BFCCD,AGT-016,,2026-08-13 13:46:43
99971000017,,,2b59763aff9ba7a4,2026-08-13 13:48:17
99971000106,VCC1BC4461B,AGT-036,,2026-08-13 14:16:53
99971001705,,,2a7034753bbe40df,2026-08-13 14:25:54
99971000020,V8442A006AC,AGT-029,,2026-08-13 14:28:17
99971001254,VC1E95EC65C,AGT-008,,2026-08-13 15:00:09
99971000518,VDE40F9863B,AGT-025,,2026-08-13 15:10:23
99971001003,V938A506AF1,AGT-036,,2026-08-13 15:11:57
99971000155,VC136AC5112,AGT-002,,2026-08-13 15:14:53
99971000108,VA7F8557C7F,AGT-004,,2026-08-13 15:14:57
99971002335,V897210400F,AGT-016,,2026-08-13 15:21:10
99971000268,,,f68a9d6cdda06e52,2026-08-13 15:22:47
99971000471,V8D571AC01A,AGT-038,,2026-08-13 15:23:15
99971001132,V5F4FA50828,AGT-014,,2026-08-13 15:32:29
99971000361,,,da4365851c01652b,2026-08-13 15:45:00
99971001819,V504CCA55FF,AGT-022,,2026-08-13 16:03:09
99971000859,V3700F872DE,AGT-027,,2026-08-13 16:05:28
99971001926,V1CD6A6EC5A,AGT-021,,2026-08-13 16:26:33
99971000532,,,cf4c0619be5d9cce,2026-08-13 16:51:08
99971000205,,,97c6751ca8821da3,2026-08-13 17:05:38
99971001609,,,1c7274ed99809b48,2026-08-13 17:39:39
99971000996,VF87FA793C1,AGT-015,,2026-08-13 18:03:33
99971002391,V29464D5C45,AGT-010,,2026-08-13 18:28:17
99971001482,V159FCFF44E,AGT-009,,2026-08-13 18:47:51
99971000499,V526806D184,AGT-015,,2026-08-13 18:48:40
99971000138,,,039f68dbebe07e5e,2026-08-13 19:11:36
99971000528,V886B6B4CC8,AGT-039,,2026-08-13 19:50:20
99971001610,,,d454b7f6e15df5b6,2026-08-13 20:45:09
99971000818,V1F4A3AC0E1,AGT-029,,2026-08-13 20:59:00
99971000007,V73B085370A,AGT-027,,2026-08-13 20:59:50
99971001497,V54EB2AE2AE,AGT-036,,2026-08-14 07:08:36
99971000166,,,c6912b33b3deb177,2026-08-14 07:23:01
99971000194,,,c08840b9d0aedb36,2026-08-14 08:17:26
99971000218,VD1F9DAA574,AGT-028,,2026-08-14 08:38:32
99971001637,V14CB5818BF,AGT-030,,2026-08-14 08:46:49
99971001733,V71DBF1152C,AGT-034,,2026-08-14 08:57:09
99971001305,V8184FA7CEA,AGT-003,,2026-08-14 09:14:14
99971000443,,,6f7f4cf459224843,2026-08-14 09:14:28
99971001910,,,1cc0210fcffa18b4,2026-08-14 09:36:00
99971001424,,,eb57df89877f4c19,2026-08-14 09:39:06
99971001234,VFD5FCE7596,AGT-004,,2026-08-14 09:46:46
99971000632,VF0DA00E293,AGT-025,,2026-08-14 09:54:57
99971002046,V82C416A1EF,AGT-039,,2026-08-14 10:01:27
99971000873,VD49AF3F0A9,AGT-001,,2026-08-14 10:19:28
99971001503,,,e7f8833e3001a43f,2026-08-14 10:37:56
99971001804,V7AB1CAC2BF,AGT-038,,2026-08-14 10:48:22
99971000493,,,094e6dccc6a735b4,2026-08-14 10:55:34
99971000061,V0A7EE3043B,AGT-018,,2026-08-14 11:01:14
99971000261,V73E21119DB,AGT-001,,2026-08-14 11:20:29
99971001095,V594F5388F1,AGT-001,,2026-08-14 11:20:49
99971001204,,,290f38a3b567263f,2026-08-14 11:25:04
99971002289,,,92cbfa03ef894d69,2026-08-14 11:25:19
99971000614,VF730FBF393,AGT-006,,2026-08-14 11:45:38
99971002181,V6AE3C2F2B2,AGT-008,,2026-08-14 11:53:49
99971001234,V560C98C389,AGT-020,,2026-08-14 12:02:46
99971001570,V314B487D45,AGT-001,,2026-08-14 12:39:00
99971002317,V562D46CA61,AGT-018,,2026-08-14 13:12:11
99971001239,V436A32403F,AGT-037,,2026-08-14 13:18:15
99971001110,VF86A22E945,AGT-027,,2026-08-14 13:18:30
99971000855,,,d7fae56b41f3032c,2026-08-14 13:22:14
99971002109,V438143AC75,AGT-002,,2026-08-14 13:35:15
99971000640,VB456F8F932,AGT-011,,2026-08-14 14:02:35
99971000184,VB542A2BAE0,AGT-028,,2026-08-14 14:10:07
99971000481,V1E365F4C78,AGT-039,,2026-08-14 14:18:31
99971000187,VA56AA1E4FB,AGT-026,,2026-08-14 14:19:47
99971002012,,,9136766800b0d660,2026-08-14 14:25:51
99971002327,VFD1F787B53,AGT-005,,2026-08-14 14:31:58
99971000058,VEFB135A1F3,AGT-038,,2026-08-14 14:35:42
99971002112,V896EA14659,AGT-009,,2026-08-14 14:38:58
99971000354,,,18687ff23c3419a0,2026-08-14 14:39:03
99971001495,,,515735c51be2b355,2026-08-14 14:42:22
99971000161,,,61a356cccd49c82a,2026-08-14 14:47:12
99971001679,VD87C435D3F,AGT-020,,2026-08-14 14:47:25
99971000949,,,944cbf000d41cc03,2026-08-14 15:17:09
99971000627,V9D75C0328C,AGT-005,,2026-08-14 15:19:58
99971001179,,,1c92a8734aadc975,2026-08-14 15:21:55
99971001061,V20D8B0B6F7,AGT-026,,2026-08-14 15:26:35
99971000455,,,a9556baaa77c3880,2026-08-14 15:26:58
99971002158,V01E83910A0,AGT-018,,2026-08-14 15:30:16
99971001411,VA53D273D4B,AGT-015,,2026-08-14 15:45:22
99971000703,V0B95055CCF,AGT-021,,2026-08-14 15:51:50
99971001783,VD45F2D0A0E,AGT-028,,2026-08-14 16:00:41
99971002149,V5FF818303D,AGT-031,,2026-08-14 16:05:18
99971002338,V41B001C888,AGT-006,,2026-08-14 16:07:28
99971000774,VFE156BCA21,AGT-005,,2026-08-14 16:12:31
99971001763,V3704F92B74,AGT-034,,2026-08-14 16:16:01
99971001263,VCD437D5A69,AGT-015,,2026-08-14 16:17:16
99971000186,V5816D35FBD,AGT-028,,2026-08-14 16:18:24
99971000163,V284CC1A741,AGT-007,,2026-08-14 16:42:09
99971001457,VCB9BE16229,AGT-024,,2026-08-14 16:42:40
99971001204,,,290f38a3b567263f,2026-08-14 16:42:44
99971000216,V3A032FF90F,AGT-037,,2026-08-14 16:46:06
99971000818,V2D4B7396DF,AGT-001,,2026-08-14 16:47:04
99971001603,V1911C590F2,AGT-029,,2026-08-14 17:06:18
99971000034,V74A7E34FFF,AGT-007,,2026-08-14 17:51:02
99971001841,V47A31E2409,AGT-013,,2026-08-14 17:57:18
99971001049,V40E00D1E11,AGT-027,,2026-08-14 17:59:44
99971001508,,,4e44123c40d7c6c5,2026-08-14 18:06:27
99971000164,VA2AA5A3A84,AGT-021,,2026-08-14 18:16:45
99971002344,VB6E8003E2B,AGT-033,,2026-08-14 18:25:35
99971000580,V66F9028E74,AGT-005,,2026-08-14 18:27:14
99971000181,,,87a0fbd75321cc7b,2026-08-14 18:29:36
99971000546,VAD6CE4AFF3,AGT-035,,2026-08-14 18:32:34
99971002111,VC0365215CD,AGT-007,,2026-08-14 18:44:32
99971000571,,,b23dd41a631ca70d,2026-08-14 18:50:48
99971001209,,,20684e468a7b8ca3,2026-08-14 18:52:59
99971000513,VD692821015,AGT-008,,2026-08-14 19:13:19
99971001490,VBBEA7D1D4B,AGT-018,,2026-08-14 19:13:45
99971002290,,,62620900252d7288,2026-08-14 19:18:19
99971000390,V31599357DB,AGT-025,,2026-08-14 19:23:41
99971001408,VC11F6EE5D8,AGT-040,,2026-08-14 19:24:28
99971001802,VAE042425A1,AGT-006,,2026-08-14 19:35:08
99971002352,,,bd7a0d1373d408f1,2026-08-14 19:39:07
99971000349,V58F468A3C9,AGT-021,,2026-08-14 20:05:29
99971001034,VBDA965BBC0,AGT-005,,2026-08-14 20:14:35
99971000918,V38DCF5967A,AGT-032,,2026-08-14 20:45:14
99971000800,,,8d19eca6a7e89f67,2026-08-14 20:52:47
99971000597,V6C43DEF820,AGT-034,,2026-08-14 20:55:56
99971002028,V6606183C1E,AGT-038,,2026-08-14 20:56:49
99971002272,V381F8CCC8D,AGT-003,,2026-08-15 07:21:06
99971001951,V16E3FB4218,AGT-014,,2026-08-15 07:29:47
99971001384,,,4554bed93b8096ad,2026-08-15 08:25:26
99971002348,VB4E62EEB75,AGT-030,,2026-08-15 08:37:36
99971002219,,,b621bc5fe8fce7ba,2026-08-15 09:07:41
99971002015,V9EF424BE56,AGT-024,,2026-08-15 09:14:49
99971000048,,,4e2cfabacad868e2,2026-08-15 09:17:27
99971001261,V750BADEC4C,AGT-003,,2026-08-15 09:45:26
99971000877,VAC3F8EDCE5,AGT-022,,2026-08-15 09:50:57
99971000496,V967F605784,AGT-034,,2026-08-15 09:53:16
99971000697,,,38298e5984b8ef83,2026-08-15 10:06:42
99971000063,,,78fd83dc68e8f5cd,2026-08-15 10:32:09
99971001360,VD610FE9099,AGT-040,,2026-08-15 10:38:17
99971002375,,,4a4737d8987c28de,2026-08-15 11:08:06
99971000932,V87CDE88A60,AGT-008,,2026-08-15 11:23:15
99971000017,,,2b59763aff9ba7a4,2026-08-15 11:33:03
99971000657,,,09d7cc93d4976430,2026-08-15 11:55:16
99971000415,VF5BC8346C9,AGT-004,,2026-08-15 12:01:42
99971000755,V0722106B56,AGT-035,,2026-08-15 12:18:34
99971001233,V676461F4B5,AGT-040,,2026-08-15 12:27:54
99971002396,V3CB232DA37,AGT-020,,2026-08-15 12:38:55
99971000234,VF22B398775,AGT-005,,2026-08-15 12:58:08
99971000987,V68C08D5998,AGT-019,,2026-08-15 13:00:14
99971001836,,,624034ed50eeebd1,2026-08-15 13:02:52
99971001111,VA1684BA919,AGT-039,,2026-08-15 13:11:06
99971000585,VA05A7E6AB1,AGT-019,,2026-08-15 13:11:19
99971002224,,,8602c12a730cbe20,2026-08-15 13:22:13
99971000744,,,a989ad44aad7036a,2026-08-15 13:33:56
99971000195,VD30DCEC4B6,AGT-038,,2026-08-15 13:38:50
99971000523,VBEE1FBBA87,AGT-012,,2026-08-15 13:42:15
99971001012,V234BC13698,AGT-020,,2026-08-15 13:45:13
99971000166,,,c6912b33b3deb177,2026-08-15 13:50:42
99971002090,VEFEE22131E,AGT-017,,2026-08-15 14:25:23
99971000606,V6A2D3BDF32,AGT-030,,2026-08-15 14:29:27
99971001244,V48ABC989FA,AGT-023,,2026-08-15 14:29:40
99971000588,V564B4F8064,AGT-018,,2026-08-15 14:29:44
99971001131,VC2604E4878,AGT-036,,2026-08-15 14:33:57
99971002175,,,ef5ac4900a60ac83,2026-08-15 14:41:12
99971000795,V177BEE6A8A,AGT-019,,2026-08-15 14:42:52
99971001261,V1A02BFC273,AGT-002,,2026-08-15 14:45:53
99971000601,,,d5be43777369fc72,2026-08-15 14:56:04
99971001737,V84563AA83E,AGT-023,,2026-08-15 15:01:19
99971000358,V4C3A46B1E6,AGT-026,,2026-08-15 15:14:14
99971000305,V7578D134A6,AGT-023,,2026-08-15 15:15:57
99971002297,VF49EBF19A0,AGT-018,,2026-08-15 15:17:23
99971001377,V68B3F66B2F,AGT-002,,2026-08-15 15:19:54
99971000760,V72A1EF1F79,AGT-039,,2026-08-15 15:29:28
99971002346,V541D3225E4,AGT-031,,2026-08-15 15:48:47
99971000442,V71DB2F29C3,AGT-022,,2026-08-15 15:56:31
99971002055,V27388789BA,AGT-038,,2026-08-15 15:58:09
99971001427,,,0950dc909cefcc70,2026-08-15 16:03:25
99971001682,,,e688a7d0d5455d8d,2026-08-15 16:22:53
99971001464,,,e4f209a749fb3593,2026-08-15 16:58:31
99971001966,V3D401778EF,AGT-006,,2026-08-15 17:08:52
99971000033,V1320BBBE7F,AGT-030,,2026-08-15 17:20:41
99971000389,,,46bb07737fb659ba,2026-08-15 17:33:59
99971000741,VA81B0DAB66,AGT-032,,2026-08-15 17:36:06
99971000472,V7EB7483A5E,AGT-019,,2026-08-15 17:49:37
99971002311,,,6cdb027bbb9a726f,2026-08-15 18:26:50
99971001647,VD3238EE367,AGT-033,,2026-08-15 18:53:55
99971001487,V0104CFC840,AGT-034,,2026-08-15 18:57:11
99971002180,,,83770ed29f0a288b,2026-08-15 19:03:28
99971000250,,,979402c315a05f03,2026-08-15 19:03:46
99971001051,VC404CC0CE3,AGT-029,,2026-08-15 19:18:26
99971001795,,,12b2e8d96da4d670,2026-08-15 19:54:57
99971000591,,,d4dde4535dc19610,2026-08-15 20:10:14
99971000334,V50246DD82F,AGT-032,,2026-08-15 20:46:21
99971000325,,,c8aa4056e2214541,2026-08-15 20:47:21
99971001330,V9A68254148,AGT-017,,2026-08-15 20:52:05
99971001853,V1DBB1C343D,AGT-001,,2026-08-15 20:54:55
99971000965,V91387DD8B8,AGT-013,,2026-08-16 07:09:30
99971000806,,,770c8c15f222484f,2026-08-16 07:14:14
99971000797,V095D7CC056,AGT-020,,2026-08-16 07:17:11
99971001455,VF5A4037C31,AGT-009,,2026-08-16 07:24:08
99971000687,,,5189a6df4ed53c63,2026-08-16 07:28:44
99971000802,VB97864829D,AGT-021,,2026-08-16 07:29:30
99971001271,,,3515aaf645dd00c6,2026-08-16 07:39:58
99971000339,VE1B9A1D145,AGT-040,,2026-08-16 07:56:33
99971000664,V243049DADD,AGT-036,,2026-08-16 08:19:26
99971001683,VD5F5865F71,AGT-039,,2026-08-16 08:26:30
99971002390,,,1c5b41b99419cac2,2026-08-16 08:27:59
99971000221,V62B78C3D48,AGT-035,,2026-08-16 08:49:02
99971001697,V47CE84BCE7,AGT-036,,2026-08-16 08:57:01
99971002373,V349D549D20,AGT-037,,2026-08-16 09:26:30
99971000376,V2BCB98DD01,AGT-028,,2026-08-16 09:33:59
99971000732,,,6a5757a87fd59a41,2026-08-16 09:37:37
99971001075,V1E321F652B,AGT-012,,2026-08-16 09:40:43
99971000731,VBF69FE1CCC,AGT-021,,2026-08-16 09:44:06
99971000435,V9AFF61E225,AGT-027,,2026-08-16 09:45:23
99971000797,V737AC4CAE6,AGT-038,,2026-08-16 09:45:26
99971002029,VB4D094B0B6,AGT-016,,2026-08-16 09:54:11
99971001532,V9319BD963D,AGT-002,,2026-08-16 10:11:09
99971001992,VEEE4FCAD58,AGT-010,,2026-08-16 10:11:46
99971001749,V2F483985AB,AGT-036,,2026-08-16 10:16:41
99971001999,V375DC1A00B,AGT-003,,2026-08-16 10:17:35
99971000636,,,1ad8478480571a41,2026-08-16 10:34:19
99971000958,V76BA0D761A,AGT-019,,2026-08-16 10:40:43
99971000609,,,8f01bf9ea6bcd4d1,2026-08-16 10:42:16
99971000477,V5B9366A8BF,AGT-030,,2026-08-16 10:50:59
99971002108,V410F5EBB0B,AGT-036,,2026-08-16 10:52:40
99971001292,VFEBF2A7AEE,AGT-004,,2026-08-16 11:11:16
99971001433,V64D510C25D,AGT-027,,2026-08-16 11:17:20
99971001271,,,3515aaf645dd00c6,2026-08-16 11:23:18
99971000700,,,9e906f78a667b6f9,2026-08-16 11:32:07
99971001138,,,b8ee4bc682b3685a,2026-08-16 11:33:03
99971000093,V8665A6050A,AGT-029,,2026-08-16 11:33:48
99971001883,V7A26F71DE9,AGT-039,,2026-08-16 11:35:06
99971001724,V505B00B021,AGT-031,,2026-08-16 11:42:43
99971001377,V6B3652678F,AGT-022,,2026-08-16 11:43:58
99971000968,V69EAC022F7,AGT-017,,2026-08-16 12:20:10
99971000211,V8D30A035A5,AGT-014,,2026-08-16 12:25:11
99971000463,,,71c5bdd24f2a64a3,2026-08-16 12:43:49
99971002275,VDBB1BB1130,AGT-014,,2026-08-16 13:04:00
99971001001,VC5AC814E16,AGT-025,,2026-08-16 13:10:04
99971001164,V48058D88C5,AGT-035,,2026-08-16 13:22:09
99971001056,V17EE11C10A,AGT-030,,2026-08-16 13:33:53
99971000260,V25DC1B9C86,AGT-005,,2026-08-16 13:47:09
99971001409,V2012B2FF9C,AGT-010,,2026-08-16 13:54:59
99971001189,,,f7c3d203ce0aaec1,2026-08-16 14:00:50
99971000007,V74F4286234,AGT-038,,2026-08-16 14:06:48
99971002284,,,5dd61281bd10c252,2026-08-16 14:45:06
99971000735,V22AED969B5,AGT-014,,2026-08-16 14:51:06
99971001520,VFEE4F6AF05,AGT-009,,2026-08-16 15:00:11
99971001921,V7799DFDDB3,AGT-023,,2026-08-16 15:16:44
99971000524,V975AE8C022,AGT-024,,2026-08-16 15:19:55
99971000959,V018B3BE5F5,AGT-038,,2026-08-16 15:36:22
99971002272,V3E558AFB06,AGT-019,,2026-08-16 15:39:57
99971002114,V4BB67BEC06,AGT-002,,2026-08-16 16:06:49
99971002001,V4A0E1854E9,AGT-017,,2026-08-16 16:13:57
99971001808,VED94345E10,AGT-026,,2026-08-16 16:23:07
99971001737,V54F43F0BD9,AGT-011,,2026-08-16 16:23:49
99971000770,V6480F992C2,AGT-038,,2026-08-16 16:37:26
99971000272,,,00670c814210f495,2026-08-16 16:42:20
99971000635,,,cf399c244c452f23,2026-08-16 16:51:01
99971000076,V64DEAA3B4E,AGT-024,,2026-08-16 16:53:00
99971000879,VE83CCBBDF8,AGT-015,,2026-08-16 17:11:49
99971001292,VA13CDA7D5F,AGT-040,,2026-08-16 17:12:35
99971000940,V1529D3A5B9,AGT-004,,2026-08-16 17:16:46
99971000766,V58301E8E52,AGT-014,,2026-08-16 17:16:48
99971001285,,,e7563b3d984f6c51,2026-08-16 17:32:10
99971002009,V6FB526C756,AGT-013,,2026-08-16 17:47:55
99971001880,,,e73e14e09dc188fe,2026-08-16 17:51:03
99971002040,V85C836C505,AGT-032,,2026-08-16 18:21:14
99971001134,VC727E36684,AGT-035,,2026-08-16 18:21:36
99971002252,VBA299DB783,AGT-038,,2026-08-16 18:44:34
99971000153,VDC0FF59815,AGT-020,,2026-08-16 18:52:56
99971000633,VD453A9CAA4,AGT-023,,2026-08-16 18:53:07
99971001584,,,4b53ac6de6ac3fd5,2026-08-16 18:56:43
99971000546,VC05C7C28F3,AGT-030,,2026-08-16 19:10:30
99971001877,V6DA1C0F6EA,AGT-001,,2026-08-16 19:11:52
99971000257,V2316CB39D2,AGT-006,,2026-08-16 19:29:10
99971001479,,,5eeddef9f88d7fe6,2026-08-16 19:46:22
99971000757,V036EA472A2,AGT-006,,2026-08-16 19:59:12
99971002076,V8609095046,AGT-024,,2026-08-16 20:14:17
99971001278,V89D37E2714,AGT-001,,2026-08-16 20:23:51
99971001183,V4873E290B5,AGT-027,,2026-08-16 20:32:37
99971000971,VFDE1FB3482,AGT-011,,2026-08-16 20:37:56
99971001483,,,7f78ab38d8202379,2026-08-16 20:51:32
99971001961,,,94165293a4455e62,2026-08-16 20:57:40
99971001035,VFE2F6FC783,AGT-022,,2026-08-17 07:10:09
99971000793,,,b8bf91de0306979d,2026-08-17 07:12:49
99971001921,VA206F447A9,AGT-017,,2026-08-17 07:15:21
99971001816,V7E90249CA7,AGT-024,,2026-08-17 07:28:54
99971000206,V33A805BF07,AGT-027,,2026-08-17 07:36:43
99971001811,VDAFE643FF2,AGT-019,,2026-08-17 07:43:43
99971000687,,,5189a6df4ed53c63,2026-08-17 07:51:26
99971000337,VD1227586B5,AGT-039,,2026-08-17 08:00:52
99971002158,V4A55FDB0A6,AGT-003,,2026-08-17 08:03:39
99971000163,V93F22D1EF0,AGT-033,,2026-08-17 08:07:46
99971001829,,,9630c238c286d13d,2026-08-17 08:10:21
99971000625,V7D4393FC09,AGT-037,,2026-08-17 08:21:03
99971001136,V82A9488BDA,AGT-029,,2026-08-17 08:23:06
99971002399,VD492E82809,AGT-013,,2026-08-17 08:24:53
99971000219,V641D295D53,AGT-030,,2026-08-17 08:31:57
99971001306,VDBB7EDD6CB,AGT-017,,2026-08-17 08:54:47
99971001928,V0A281E9E42,AGT-005,,2026-08-17 10:15:53
99971000192,,,d6caa76121d19390,2026-08-17 10:42:03
99971000636,,,1ad8478480571a41,2026-08-17 10:48:34
99971001881,,,76ce0529a2ed9a67,2026-08-17 10:50:06
99971001350,V07E5DFB7B9,AGT-009,,2026-08-17 10:58:12
99971001122,,,3076d6335654b83a,2026-08-17 11:04:11
99971002395,V82DC434F39,AGT-010,,2026-08-17 11:04:58
99971000085,V8ED3E44BE6,AGT-039,,2026-08-17 11:25:09
99971000221,V61E1E3A96D,AGT-036,,2026-08-17 11:40:14
99971000268,,,f68a9d6cdda06e52,2026-08-17 11:44:24
99971000319,VD74F626A72,AGT-025,,2026-08-17 11:54:49
99971001696,V76EDBC21D1,AGT-019,,2026-08-17 12:02:31
99971001568,VE33F23A49F,AGT-034,,2026-08-17 12:12:00
99971001059,,,ab0b4a2a58f3c7ec,2026-08-17 12:13:59
99971001990,V7A33763EBB,AGT-026,,2026-08-17 12:28:22
99971002151,VEDE25E53D9,AGT-028,,2026-08-17 12:29:09
99971000993,V975C962EE1,AGT-040,,2026-08-17 12:43:23
99971000244,VFA706C8955,AGT-025,,2026-08-17 12:44:45
99971000800,,,8d19eca6a7e89f67,2026-08-17 12:45:27
99971000478,,,4993b656f2e77f67,2026-08-17 13:19:04
99971002024,,,8935dc409dd120d9,2026-08-17 13:22:57
99971001779,V8A64B76766,AGT-006,,2026-08-17 13:25:00
99971002310,VE194CD7E1A,AGT-004,,2026-08-17 13:38:45
99971001714,V4224CDC1B5,AGT-007,,2026-08-17 13:43:44
99971001860,,,1908206b45fe9d9f,2026-08-17 14:17:18
99971001389,VBC2AF2A208,AGT-038,,2026-08-17 14:43:03
99971001921,VCCC4CEED0C,AGT-013,,2026-08-17 14:51:31
99971000634,,,71658db7c7cce8f0,2026-08-17 15:12:17
99971002227,,,5cbf02023fbe4aec,2026-08-17 15:20:53
99971001859,,,c12e30357d1df59e,2026-08-17 15:28:11
99971000287,,,27455833a15598f3,2026-08-17 15:50:55
99971000050,,,5fdc0c9da9a53333,2026-08-17 15:53:09
99971001466,V7CA11500B9,AGT-011,,2026-08-17 15:58:22
99971000143,,,b7fcacba663fae41,2026-08-17 16:04:44
99971000032,,,5be32f07190b73df,2026-08-17 16:40:54
99971001206,V8E8BF5F4F6,AGT-040,,2026-08-17 16:49:49
99971000352,V2729F2C121,AGT-011,,2026-08-17 16:55:56
99971002396,V9489709C0C,AGT-020,,2026-08-17 17:07:56
99971001962,,,68cc65e1235c434c,2026-08-17 17:14:19
99971001658,,,5a9fb6ba27882035,2026-08-17 17:51:03
99971001457,V8A67C2A86B,AGT-003,,2026-08-17 18:12:31
99971001947,VDA60F16C4F,AGT-023,,2026-08-17 18:18:54
99971000430,V6D2F0E9F82,AGT-040,,2026-08-17 18:24:21
99971000364,VCBE0F59164,AGT-037,,2026-08-17 18:24:56
99971000918,V471E117586,AGT-017,,2026-08-17 18:29:59
99971001829,,,9630c238c286d13d,2026-08-17 18:31:59
99971000120,VBB8CF1FA35,AGT-029,,2026-08-17 18:47:41
99971001707,V5ECDBAED1C,AGT-032,,2026-08-17 18:54:40
99971000675,,,b2222b1c74c504b3,2026-08-17 18:57:02
99971002383,V12D2D42444,AGT-029,,2026-08-17 18:57:32
99971001090,,,3dc48bf7878c3db5,2026-08-17 18:58:03
99971000549,VF337F6D60A,AGT-009,,2026-08-17 19:05:16
99971000310,VD2D93E7507,AGT-005,,2026-08-17 19:07:06
99971000045,VE39CF4A97C,AGT-038,,2026-08-17 19:09:06
99971001269,V30715C0353,AGT-014,,2026-08-17 20:18:16
99971001613,VA8641B270F,AGT-036,,2026-08-17 20:45:03
99971001474,VC93186690B,AGT-036,,2026-08-17 20:50:37
99971001942,V8948BD28C6,AGT-010,,2026-08-18 07:35:36
99971001643,V9F712E0D91,AGT-028,,2026-08-18 07:35:53
99971001821,V2EEC1885BE,AGT-023,,2026-08-18 07:51:18
99971002307,VD6FB766AA3,AGT-032,,2026-08-18 07:53:58
99971000459,V2433A61D1B,AGT-002,,2026-08-18 08:07:38
99971002265,V81540EB4DD,AGT-027,,2026-08-18 08:32:57
99971000515,VF1E7532B36,AGT-022,,2026-08-18 08:33:50
99971001497,VC405CDE65E,AGT-027,,2026-08-18 08:34:13
99971000178,,,63932148e1e319d7,2026-08-18 08:34:23
99971000653,VE1E062E287,AGT-013,,2026-08-18 08:45:50
99971000461,,,0e39578bae3f8b07,2026-08-18 08:48:43
99971000981,,,571bdc8e7ad16f81,2026-08-18 08:59:50
99971001449,V7424F7BC55,AGT-040,,2026-08-18 09:04:02
99971000036,V658A1C3D1E,AGT-032,,2026-08-18 09:05:06
99971000115,VB996725940,AGT-021,,2026-08-18 09:05:33
99971001350,V913B33D8B7,AGT-016,,2026-08-18 09:08:15
99971001856,V8E64C72130,AGT-039,,2026-08-18 09:09:35
99971000670,VB15C05C624,AGT-021,,2026-08-18 09:17:58
99971001777,V5B012D4260,AGT-017,,2026-08-18 09:20:49
99971001456,VC3F73A3FD2,AGT-024,,2026-08-18 09:53:45
99971000673,VA1678B87AD,AGT-012,,2026-08-18 10:02:46
99971001880,,,e73e14e09dc188fe,2026-08-18 10:17:58
99971000656,,,6b171e11a2688113,2026-08-18 10:19:33
99971001505,V48FA1D8EEE,AGT-010,,2026-08-18 10:26:02
99971000967,,,42a77278a2b76823,2026-08-18 10:34:40
99971001150,V114DC05AE8,AGT-003,,2026-08-18 10:51:57
99971000958,VBF034BADDD,AGT-021,,2026-08-18 11:01:49
99971001874,,,8c208329f90218b4,2026-08-18 11:11:41
99971001313,V93AFFCD21C,AGT-007,,2026-08-18 11:24:45
99971001636,,,ad69661681ed556a,2026-08-18 11:31:10
99971000636,,,1ad8478480571a41,2026-08-18 11:45:16
99971000867,,,b3d6ae19d747a8c5,2026-08-18 12:04:59
99971001261,VC98D837B2F,AGT-037,,2026-08-18 12:06:20
99971000565,V45607E2F30,AGT-026,,2026-08-18 12:32:32
99971000593,,,d918c815cc3e84d7,2026-08-18 12:41:37
99971000210,,,859649aa20d026df,2026-08-18 12:42:13
99971000943,V04B761E9D5,AGT-004,,2026-08-18 12:43:22
99971001353,VB29D728549,AGT-035,,2026-08-18 13:01:31
99971001280,V8A40BD07D7,AGT-008,,2026-08-18 13:01:51
99971001629,V99E1D8A0FB,AGT-023,,2026-08-18 13:03:36
99971002037,VCFD025F618,AGT-034,,2026-08-18 13:16:52
99971001767,V385BF9964C,AGT-019,,2026-08-18 13:29:22
99971000186,VC49E0AFFF3,AGT-006,,2026-08-18 14:31:04
99971001799,,,c1139fea06219c71,2026-08-18 14:39:17
99971002167,V0962260C0C,AGT-007,,2026-08-18 14:56:59
99971001429,VA9B8B70F5E,AGT-023,,2026-08-18 15:23:17
99971000677,,,77a9acef0240c10f,2026-08-18 16:07:37
99971000198,,,4270ec59d3675271,2026-08-18 16:36:47
99971001685,V2C96D962D1,AGT-022,,2026-08-18 16:39:11
99971000380,V18F5FEECA1,AGT-028,,2026-08-18 17:00:55
99971000758,V4B0FE60438,AGT-004,,2026-08-18 17:07:54
99971000708,,,8b9d8b0797a9800a,2026-08-18 17:23:15
99971001821,V5A04A6F82E,AGT-029,,2026-08-18 17:33:11
99971002383,V144884C3CF,AGT-030,,2026-08-18 17:57:05
99971002209,V725296D505,AGT-006,,2026-08-18 18:18:28
99971000730,V058279F7C8,AGT-029,,2026-08-18 18:20:33
99971001446,VF7DEA15F50,AGT-026,,2026-08-18 19:35:08
99971000552,,,00851879313908af,2026-08-18 19:45:12
99971001747,VB4C036E443,AGT-004,,2026-08-18 19:47:48
99971001135,V4743D123CB,AGT-002,,2026-08-18 19:52:07
99971000004,,,f8a64770d77a1f3f,2026-08-18 19:59:49
99971002246,,,fae9609087ad423e,2026-08-18 20:00:33
99971000432,VA305777286,AGT-002,,2026-08-18 20:02:04
99971000282,VAA9A418D17,AGT-009,,2026-08-18 20:07:23
99971001045,V5BE184D281,AGT-036,,2026-08-18 20:10:03
99971001065,,,8ba0ae1cdd51e853,2026-08-18 20:28:22
99971001101,,,0444733fdc3b7726,2026-08-18 20:43:27
99971001435,V99307B933E,AGT-008,,2026-08-18 20:50:52
99971002027,V04A10A9A53,AGT-032,,2026-08-18 20:58:33
99971000638,VD25183504F,AGT-026,,2026-08-19 07:05:56
99971000816,V6DE6217CCC,AGT-039,,2026-08-19 07:08:10
99971000338,V7C50CB8558,AGT-013,,2026-08-19 07:32:28
99971001964,VEC7BE00D46,AGT-014,,2026-08-19 07:35:44
99971002260,,,266c5bca07c05a52,2026-08-19 07:39:03
99971000318,V58A8A3C456,AGT-015,,2026-08-19 07:43:02
99971001002,V7E4EBE153C,AGT-018,,2026-08-19 07:43:14
99971000696,,,2aab5045cb3b0b2e,2026-08-19 07:57:39
99971000957,V348CF045C8,AGT-016,,2026-08-19 08:09:44
99971001934,,,7b100cae734785b4,2026-08-19 08:19:53
99971000621,VB80AA45309,AGT-011,,2026-08-19 08:26:38
99971000761,VC28668A932,AGT-018,,2026-08-19 08:45:39
99971000556,V7634AF4A3F,AGT-019,,2026-08-19 08:57:09
99971000696,,,2aab5045cb3b0b2e,2026-08-19 09:08:25
99971000893,V63CCD0D155,AGT-026,,2026-08-19 09:33:39
99971000005,,,60063c300dc13db3,2026-08-19 09:39:02
99971000198,,,4270ec59d3675271,2026-08-19 10:35:12
99971000193,V3917BBB2BF,AGT-011,,2026-08-19 10:51:43
99971000777,V4F743D154F,AGT-030,,2026-08-19 10:53:07
99971000124,V4FFEDFCA27,AGT-027,,2026-08-19 11:01:59
99971002013,VBE4A3F8C03,AGT-008,,2026-08-19 11:31:30
99971000193,VAED383255D,AGT-004,,2026-08-19 11:42:20
99971001856,V91A224B486,AGT-039,,2026-08-19 11:54:15
99971001060,,,06ca5b8d9967ba38,2026-08-19 11:55:27
99971001127,V1CDA5F56D9,AGT-023,,2026-08-19 12:41:02
99971001747,V0E6F907E44,AGT-027,,2026-08-19 12:49:04
99971001288,,,c4d7d06b38481750,2026-08-19 12:52:37
99971002056,V459FF6C5E0,AGT-010,,2026-08-19 12:59:19
99971001223,VD283753A3A,AGT-023,,2026-08-19 13:08:09
99971002305,V9158C90C41,AGT-008,,2026-08-19 13:18:45
99971001732,,,78323ffa08cb9e97,2026-08-19 14:20:49
99971001066,V0EB3491081,AGT-005,,2026-08-19 14:26:21
99971001356,VFA34CFBE5F,AGT-004,,2026-08-19 14:53:51
99971002174,V57DA8FEC4C,AGT-020,,2026-08-19 14:57:33
99971000557,VAC40B7C545,AGT-037,,2026-08-19 15:27:24
99971000952,V772A4E48B3,AGT-012,,2026-08-19 15:34:56
99971001825,V5BECCB2481,AGT-016,,2026-08-19 15:54:47
99971000435,V5E40B3A8EF,AGT-002,,2026-08-19 16:01:33
99971000624,V5560FD3870,AGT-035,,2026-08-19 16:27:19
99971000894,V40A6A418DA,AGT-017,,2026-08-19 16:40:08
99971000094,,,354cfeb115bf7ecc,2026-08-19 16:53:22
99971000105,V9C3FAD9C9E,AGT-016,,2026-08-19 16:55:20
99971001617,,,8c36ca1323422b1b,2026-08-19 16:58:29
99971000603,VD213EF8424,AGT-010,,2026-08-19 17:01:25
99971000940,V612A51AEF7,AGT-006,,2026-08-19 17:04:28
99971001608,,,190574b9cc274697,2026-08-19 17:11:37
99971001045,V7B4BCD9182,AGT-024,,2026-08-19 17:12:46
99971001579,VA059F4706A,AGT-006,,2026-08-19 17:14:07
99971000286,VFBCE89C49B,AGT-016,,2026-08-19 17:35:30
99971000816,VC712479B24,AGT-007,,2026-08-19 17:36:24
99971002382,VDF3E1DF18C,AGT-034,,2026-08-19 17:43:57
99971002289,,,92cbfa03ef894d69,2026-08-19 17:52:26
99971001298,VC2D4215AFE,AGT-028,,2026-08-19 18:00:11
99971001656,V1E612B597D,AGT-012,,2026-08-19 18:05:39
99971000544,V20925A5BFA,AGT-012,,2026-08-19 18:09:39
99971000075,,,f7adb7eabd018afb,2026-08-19 18:11:48
99971001549,VE9628F08C9,AGT-001,,2026-08-19 18:20:55
99971002248,V1CF311A66C,AGT-027,,2026-08-19 18:24:31
99971001692,V33D4F2D1F7,AGT-005,,2026-08-19 18:34:13
99971002036,V475E851F41,AGT-015,,2026-08-19 18:37:05
99971002148,V2542E39422,AGT-024,,2026-08-19 19:04:55
99971002023,,,c98a67690f98f51e,2026-08-19 19:23:12
99971000430,VAD9C5E0D30,AGT-028,,2026-08-19 19:26:33
99971001645,,,bf11ab0c2022520c,2026-08-19 19:52:31
99971001008,,,082b1a0731a281f0,2026-08-19 20:06:05
99971002217,V89A0F64355,AGT-026,,2026-08-19 20:08:51
99971000356,V4DE812E878,AGT-035,,2026-08-19 20:11:13
99971001156,V6A271CFC76,AGT-015,,2026-08-19 20:54:57
99971001169,V7EBE9C03D9,AGT-034,,2026-08-19 20:59:26
99971002137,V710CC083E5,AGT-019,,2026-08-20 07:31:51
99971001741,VAA6B56A227,AGT-035,,2026-08-20 07:36:20
99971001729,VE877334313,AGT-020,,2026-08-20 07:51:23
99971000177,,,ea1c86aa75f03785,2026-08-20 08:04:40
99971001840,,,64a39042d1ea19b4,2026-08-20 08:09:51
99971001944,,,51f8b818b0dddad0,2026-08-20 08:10:06
99971001745,VB76E5ADF2A,AGT-016,,2026-08-20 08:12:06
99971001868,VE5F09B3E97,AGT-033,,2026-08-20 08:14:36
99971000300,,,8bf56636700a365f,2026-08-20 08:18:48
99971000463,,,71c5bdd24f2a64a3,2026-08-20 08:24:22
99971001014,,,87b424b2c3e957f0,2026-08-20 08:50:00
99971001499,VDF136BBE13,AGT-008,,2026-08-20 08:58:37
99971001029,VD081CAD03D,AGT-017,,2026-08-20 09:01:03
99971001406,VB57ED870E8,AGT-025,,2026-08-20 09:12:03
99971000003,V465CC55D9C,AGT-005,,2026-08-20 09:35:14
99971000230,,,50293c17b9c8b1cf,2026-08-20 10:12:51
99971002322,VB6FB453D47,AGT-022,,2026-08-20 10:18:59
99971001518,VCDE97481E5,AGT-012,,2026-08-20 10:25:22
99971001860,,,1908206b45fe9d9f,2026-08-20 10:27:28
99971002322,V9D59F84AD6,AGT-009,,2026-08-20 10:28:01
99971000672,VDA708AA688,AGT-026,,2026-08-20 10:39:21
99971002090,V04F76AFDE4,AGT-010,,2026-08-20 10:42:45
99971000114,,,3fa8743ccf5a455e,2026-08-20 11:13:13
99971000735,VB470DFFF24,AGT-023,,2026-08-20 11:17:09
99971000754,V5EE902E984,AGT-021,,2026-08-20 11:31:45
99971002014,VD4EE052A31,AGT-026,,2026-08-20 11:38:57
99971000991,,,c1bb2f1d97a71b78,2026-08-20 11:50:03
99971000028,,,dba03e08f8bc61cf,2026-08-20 12:04:24
99971001959,,,aad8f85f7e3196c3,2026-08-20 12:19:20
99971000428,VFB97B91804,AGT-017,,2026-08-20 12:27:19
99971001011,VFEB3AEA134,AGT-011,,2026-08-20 12:28:04
99971000977,V3C28AB3779,AGT-005,,2026-08-20 12:53:42
99971001570,V8494D8489D,AGT-005,,2026-08-20 13:12:58
99971001984,VDFEF5994CE,AGT-013,,2026-08-20 13:13:15
99971001394,,,2b6406b9d5a62ceb,2026-08-20 13:33:52
99971000260,VDC827E633D,AGT-017,,2026-08-20 13:34:56
99971002020,V9CF67CEC53,AGT-013,,2026-08-20 14:03:40
99971001752,VFDE6D62D84,AGT-012,,2026-08-20 14:09:43
99971000875,VB0B3906A2F,AGT-033,,2026-08-20 15:15:33
99971000447,,,a5ff56724a99adba,2026-08-20 15:30:33
99971001097,,,0eef745568db509c,2026-08-20 15:38:45
99971000174,,,98912fb37869f971,2026-08-20 15:45:13
99971001719,,,cd2a27eae59d9d9b,2026-08-20 15:55:24
99971000300,,,8bf56636700a365f,2026-08-20 16:04:45
99971001071,V3869698055,AGT-008,,2026-08-20 16:04:46
99971000887,V665A069A23,AGT-012,,2026-08-20 16:30:43
99971001389,V21DDBED332,AGT-019,,2026-08-20 16:48:56
99971000756,,,1aec8eedeb491d38,2026-08-20 16:56:35
99971000670,V08FD143D72,AGT-026,,2026-08-20 16:59:08
99971000524,V983E22059B,AGT-032,,2026-08-20 17:08:50
99971002000,,,c7a2a046dbc271ed,2026-08-20 17:14:23
99971000197,V4D01BE4417,AGT-029,,2026-08-20 17:16:41
99971001126,,,3ab1bd09e64464b0,2026-08-20 17:22:59
99971000230,,,50293c17b9c8b1cf,2026-08-20 17:49:46
99971000679,VD654D46D27,AGT-001,,2026-08-20 17:51:05
99971001665,,,55bab8b853235f14,2026-08-20 18:15:44
99971000303,VF3506AA9A1,AGT-011,,2026-08-20 18:32:39
99971001127,V10B2D84489,AGT-016,,2026-08-20 18:39:19
99971000133,VE5A72D71C2,AGT-015,,2026-08-20 18:54:44
99971002300,,,878a3475f573cbc9,2026-08-20 19:02:36
99971000012,V3E1E91AD82,AGT-006,,2026-08-20 19:18:08
99971001017,V9BB0CAF1FA,AGT-010,,2026-08-20 19:38:05
99971001557,V7C0734F263,AGT-028,,2026-08-20 19:53:54
99971001059,,,ab0b4a2a58f3c7ec,2026-08-20 20:12:27
99971000959,VDD76F12EC4,AGT-002,,2026-08-20 20:15:29
99971000644,V15E26CDE22,AGT-001,,2026-08-20 20:25:54
99971000091,VF99E5FA627,AGT-017,,2026-08-20 20:40:29
99971000411,VD3A7A44FB5,AGT-029,,2026-08-21 07:01:55
99971002376,,,b3f72244553ed189,2026-08-21 07:37:35
99971001667,V04227A36D1,AGT-004,,2026-08-21 07:39:30
99971000700,,,9e906f78a667b6f9,2026-08-21 08:02:25
99971000831,,,f735a5425a05eab5,2026-08-21 08:07:27
99971001817,VF0613D5A17,AGT-019,,2026-08-21 08:14:24
99971002122,,,c11d80a722673bba,2026-08-21 08:18:57
99971002223,,,7e807ef0d21e5300,2026-08-21 08:32:49
99971000507,V2DC01E0EC8,AGT-013,,2026-08-21 09:19:14
99971000860,V512E219FD7,AGT-033,,2026-08-21 09:19:59
99971000903,V4F2C29578B,AGT-013,,2026-08-21 10:02:17
99971001175,VB05C2D1C75,AGT-019,,2026-08-21 10:09:58
99971000703,V0AA56C4A85,AGT-039,,2026-08-21 10:12:45
99971002229,VF11C48E7C1,AGT-031,,2026-08-21 10:19:37
99971001599,VBA1343D87F,AGT-023,,2026-08-21 10:19:52
99971000926,,,0d1bc67b4a5d0015,2026-08-21 10:35:01
99971001657,V33E1756A0F,AGT-019,,2026-08-21 10:56:10
99971000238,V2B937E9F8E,AGT-031,,2026-08-21 11:33:16
99971000240,V137E87E61E,AGT-031,,2026-08-21 11:37:13
99971000354,,,18687ff23c3419a0,2026-08-21 11:46:34
99971001401,VA17303240B,AGT-009,,2026-08-21 11:54:23
99971000661,,,e3afc144a32db240,2026-08-21 11:55:40
99971000192,,,d6caa76121d19390,2026-08-21 11:55:55
99971002193,V3ED63CA90C,AGT-002,,2026-08-21 12:05:31
99971000084,VD73538A14B,AGT-007,,2026-08-21 12:09:40
99971000865,,,84180b6e76076489,2026-08-21 12:13:31
99971000973,VD1DCC5F39C,AGT-003,,2026-08-21 12:56:18
99971002393,V7133EDFD3E,AGT-029,,2026-08-21 12:58:18
99971001391,,,bcf535bd433d233e,2026-08-21 13:19:23
99971001876,,,1816a4bd8b165d7e,2026-08-21 13:23:36
99971000420,,,8810f927d48763c9,2026-08-21 13:35:33
99971002298,V3EFCE51861,AGT-014,,2026-08-21 13:47:42
99971001086,,,038058ce164f0189,2026-08-21 14:04:03
99971000544,V241C6E8D5F,AGT-016,,2026-08-21 14:11:10
99971000815,VA4470E1788,AGT-022,,2026-08-21 14:17:48
99971002394,VE35A6FE043,AGT-027,,2026-08-21 14:33:14
99971000670,VF94CFBE453,AGT-035,,2026-08-21 14:58:27
99971001468,V7AA9CDFE60,AGT-010,,2026-08-21 15:05:49
99971001729,V6B90A28546,AGT-013,,2026-08-21 15:12:51
99971000713,VBD84D855A7,AGT-029,,2026-08-21 15:24:08
99971002118,,,952f7e71d2ca004e,2026-08-21 15:26:52
99971002279,V9993C5AE4C,AGT-031,,2026-08-21 15:34:08
99971001030,VC4EF031AE0,AGT-026,,2026-08-21 15:34:54
99971002145,VCA73B17C30,AGT-021,,2026-08-21 15:35:51
99971000020,VFDA0BE7730,AGT-029,,2026-08-21 15:43:56
99971000879,V661614F18C,AGT-028,,2026-08-21 15:51:26
99971000093,V72AD06F5B5,AGT-014,,2026-08-21 16:02:21
99971000078,V4E8E8C2FE8,AGT-039,,2026-08-21 16:04:51
99971001669,VC6BF8DA096,AGT-002,,2026-08-21 16:06:10
99971001583,,,67c2bd5e3e6e4e10,2026-08-21 16:16:32
99971001664,,,80d42e93bd138176,2026-08-21 16:18:49
99971000497,,,38de4ce2428bad98,2026-08-21 16:19:12
99971000232,,,35574280de1e9111,2026-08-21 16:27:56
99971000239,VAF55860E24,AGT-038,,2026-08-21 16:30:25
99971000695,,,ed36371e0bd2a232,2026-08-21 16:40:06
99971000644,V052D3FEE5C,AGT-019,,2026-08-21 16:43:09
99971002195,,,6e0f28b05e82e0e4,2026-08-21 16:55:38
99971002125,V4073A97CAC,AGT-040,,2026-08-21 17:12:03
99971001467,,,36b3bb2e836b389c,2026-08-21 17:32:48
99971001416,V0FB8EB441C,AGT-017,,2026-08-21 17:35:21
99971000816,V523AF3F59E,AGT-014,,2026-08-21 17:50:39
99971001634,,,c6aba598320b827e,2026-08-21 18:00:43
99971001490,VAAF8A145AD,AGT-028,,2026-08-21 18:07:53
99971000632,V9CB3EE5C25,AGT-032,,2026-08-21 18:10:21
99971001124,,,4f1040f474bcc12a,2026-08-21 18:33:32
99971002312,VA2A9948E8F,AGT-001,,2026-08-21 18:50:07
99971002034,,,6bfc37461ed6272d,2026-08-21 18:55:58
99971002390,,,1c5b41b99419cac2,2026-08-21 19:10:20
99971000327,V3CCA53B722,AGT-028,,2026-08-21 20:10:31
99971001699,,,dcbfe135236dc8b6,2026-08-21 20:19:08
99971001828,VD3A7DAB321,AGT-011,,2026-08-21 20:50:23
99971000550,VC4031AFF80,AGT-021,,2026-08-21 20:53:05
99971000830,,,f750a1d0ffe6fbcc,2026-08-22 07:00:06
99971001875,,,8e24746bebfd4ec2,2026-08-22 07:11:16
99971000913,V445CF69FFB,AGT-008,,2026-08-22 07:16:23
99971000966,V803ED0F9EE,AGT-013,,2026-08-22 07:26:28
99971000710,V90701BC60E,AGT-025,,2026-08-22 07:32:17
99971000131,,,9ad8448e587a87fd,2026-08-22 07:34:39
99971000563,,,eb1b56944261fa7b,2026-08-22 07:43:41
99971001171,VB59EEB32E6,AGT-006,,2026-08-22 07:45:10
99971000564,V2993A77BA0,AGT-032,,2026-08-22 08:06:58
99971001016,VCF89B62B38,AGT-002,,2026-08-22 08:15:19
99971002352,,,bd7a0d1373d408f1,2026-08-22 08:15:21
99971001652,VD67592A890,AGT-027,,2026-08-22 08:37:02
99971002260,,,266c5bca07c05a52,2026-08-22 08:47:39
99979400005,,,dcd660e355725e03,2026-08-22 09:16:37
99979400001,,,5d80a3072db2f05a,2026-08-22 09:55:44
99971000802,V4076AD5F5C,AGT-022,,2026-08-22 10:02:29
99971001656,V43325AE767,AGT-006,,2026-08-22 10:12:00
99971001232,V2EC4BA4DE0,AGT-017,,2026-08-22 10:18:00
99971001870,VD188611ED2,AGT-004,,2026-08-22 10:38:04
99971001744,,,31bc46bcd56307f4,2026-08-22 10:39:56
99971001775,V92286873C1,AGT-014,,2026-08-22 11:21:04
99971000231,V3FE8D95AD5,AGT-018,,2026-08-22 11:24:22
99971000770,V502815D6F9,AGT-028,,2026-08-22 11:30:48
99971000619,V7475739A49,AGT-033,,2026-08-22 11:33:56
99971001381,V5D2A838BB4,AGT-022,,2026-08-22 11:35:15
99971000257,V7C4FEEDAC9,AGT-020,,2026-08-22 11:50:01
99971001941,,,46d4b54cea616a01,2026-08-22 11:50:53
99971001796,,,3b37070ec389abc5,2026-08-22 12:09:32
99971002161,V7536D03C6A,AGT-014,,2026-08-22 12:21:57
99971001226,V3205343BD8,AGT-008,,2026-08-22 12:27:32
99971001527,V3F527C0819,AGT-039,,2026-08-22 12:57:50
99971002154,V5D41E43048,AGT-004,,2026-08-22 12:58:44
99971000637,V0FCC77C990,AGT-012,,2026-08-22 13:07:23
99971001660,,,f632efdac7a7b42d,2026-08-22 13:35:26
99971001086,,,038058ce164f0189,2026-08-22 14:17:18
99971000296,VA2653D28E4,AGT-030,,2026-08-22 14:25:59
99971000749,V4E53635CA0,AGT-015,,2026-08-22 15:05:18
99971000217,V2CFF19181C,AGT-040,,2026-08-22 15:08:53
99971000525,VEC21F59A90,AGT-009,,2026-08-22 15:43:07
99971000777,V3D77F001D9,AGT-010,,2026-08-22 15:45:25
99971001648,VB98C34CA8F,AGT-030,,2026-08-22 15:46:44
99971001783,VA230E88BE5,AGT-010,,2026-08-22 15:58:45
99971000243,,,2296a8fb56b65ed7,2026-08-22 16:06:52
99971001285,,,e7563b3d984f6c51,2026-08-22 16:12:27
99971001704,V625997FF0E,AGT-005,,2026-08-22 16:29:44
99971001756,,,2979bd97615468a9,2026-08-22 16:34:21
99971001707,V2598669E07,AGT-023,,2026-08-22 16:40:48
99971000488,VA1CDBD4F7E,AGT-039,,2026-08-22 16:47:30
99971001243,VCDAEFF3DF8,AGT-031,,2026-08-22 16:50:22
99971002058,V5868704706,AGT-038,,2026-08-22 16:55:54
99971001804,V37A8F0CF20,AGT-013,,2026-08-22 17:04:50
99971001180,,,72bd33ca72ad59b4,2026-08-22 17:23:25
99971000152,VDBE2024584,AGT-021,,2026-08-22 17:32:36
99971000210,,,859649aa20d026df,2026-08-22 17:47:48
99971002239,VAFBE5CABB3,AGT-025,,2026-08-22 17:52:11
99971002218,VA4FB182359,AGT-030,,2026-08-22 17:53:43
99971000315,V3791E5FF6B,AGT-030,,2026-08-22 18:14:49
99971001154,,,4ad50d5e6ae7002f,2026-08-22 18:17:30
99971002279,VCE8C696D80,AGT-019,,2026-08-22 18:26:58
99971001580,,,efc638ca4fbf9ecc,2026-08-22 18:37:19
99971001432,V248F429EDE,AGT-038,,2026-08-22 18:49:09
99971000636,,,1ad8478480571a41,2026-08-22 18:50:11
99971002285,,,b49b07bbba8c440e,2026-08-22 18:52:34
99971000475,V3A93C614C8,AGT-023,,2026-08-22 19:00:10
99971001894,,,bed8bd744fec3e68,2026-08-22 19:00:35
99971000736,V71EA4B4DA8,AGT-023,,2026-08-22 19:03:04
99971002173,,,50472d6f5517bcb9,2026-08-22 19:05:05
99971000139,,,db3c260ee1b37cda,2026-08-22 19:26:22
99971001109,,,598b74f147cb5eea,2026-08-22 19:33:58
99971000815,V0E9C8AAE0D,AGT-024,,2026-08-22 20:05:30
99971002113,V93B0F4CED3,AGT-028,,2026-08-22 20:23:43
99971001082,VC2BBBD7DEA,AGT-040,,2026-08-22 20:24:20
99971001759,VAA088C3D60,AGT-029,,2026-08-22 20:38:05
99971002051,VE26965BF14,AGT-003,,2026-08-23 07:12:10
99971001246,V534C2B01CA,AGT-031,,2026-08-23 07:15:44
99971002255,V1C12FF006F,AGT-004,,2026-08-23 07:37:08
99971001943,V6360C485FA,AGT-032,,2026-08-23 08:05:02
99971000842,,,f81dee315fc77bd3,2026-08-23 08:09:48
99971002117,VCEA5F122F8,AGT-034,,2026-08-23 08:12:48
99971002069,V2858DB4868,AGT-004,,2026-08-23 08:19:41
99971000740,,,f4df40bf4d98dae2,2026-08-23 08:22:15
99971001800,V10AD636256,AGT-001,,2026-08-23 08:28:38
99971000075,,,f7adb7eabd018afb,2026-08-23 08:35:58
99971002107,,,e2db493d556758ce,2026-08-23 08:44:10
99971002273,,,3843adc6c5d54311,2026-08-23 08:51:02
99971000427,VE089B46F79,AGT-039,,2026-08-23 09:15:04
99971002004,V87CED454AC,AGT-008,,2026-08-23 09:20:53
99971001583,,,67c2bd5e3e6e4e10,2026-08-23 09:21:31
99971002082,V3309080422,AGT-030,,2026-08-23 09:43:29
99971000054,VFF4AF70FAA,AGT-003,,2026-08-23 09:56:18
99971001430,VF3C61C6874,AGT-003,,2026-08-23 10:01:53
99971000940,VA2E77EA4D2,AGT-005,,2026-08-23 10:03:01
99971000326,VD5DC426B3B,AGT-038,,2026-08-23 10:06:42
99971000003,VE4FD48F179,AGT-011,,2026-08-23 10:11:18
99971001958,V5AFA68A350,AGT-001,,2026-08-23 10:59:36
99971001097,,,0eef745568db509c,2026-08-23 11:01:29
99971001074,,,cfda3f65f11fc1f5,2026-08-23 11:06:41
99971001996,V35DD869133,AGT-003,,2026-08-23 11:15:01
99971002266,V7E4CD49168,AGT-021,,2026-08-23 11:34:31
99971002078,VD0C70EB43F,AGT-001,,2026-08-23 11:54:17
99971000484,V47712389DC,AGT-025,,2026-08-23 12:00:57
99971001055,,,3c231287668c73bf,2026-08-23 12:02:06
99971000256,V9CBC468FFB,AGT-017,,2026-08-23 12:45:47
99971000785,V4D87EA0FA6,AGT-017,,2026-08-23 13:08:38
99971001180,,,72bd33ca72ad59b4,2026-08-23 13:30:05
99971001264,VA262D2E5FE,AGT-005,,2026-08-23 13:35:35
99971001642,V3626C88C7B,AGT-035,,2026-08-23 13:38:46
99971001524,VE6A056B76F,AGT-011,,2026-08-23 14:01:36
99971001932,,,7e005ac8bce14977,2026-08-23 14:11:14
99971000425,,,ede7201eafec7b17,2026-08-23 14:15:11
99971000169,,,c73a9b45245648ba,2026-08-23 14:23:50
99971000020,V449671706F,AGT-011,,2026-08-23 14:30:56
99971001484,,,36cfc6f450952d23,2026-08-23 14:47:11
99971000329,VE0758F5BE3,AGT-018,,2026-08-23 15:09:05
99971001254,V56413B2648,AGT-030,,2026-08-23 15:14:03
99971000920,V0683ED4BD2,AGT-013,,2026-08-23 15:15:41
99971000324,V727BAB36A8,AGT-009,,2026-08-23 15:42:19
99971001398,VDAE7BEC5B7,AGT-020,,2026-08-23 15:50:14
99971001371,VE1A690A3CA,AGT-026,,2026-08-23 15:55:05
99971000886,V07FBACC3B0,AGT-023,,2026-08-23 16:40:18
99971001679,VD4BE8A901E,AGT-029,,2026-08-23 17:05:01
99971000236,V9E84598B80,AGT-012,,2026-08-23 17:22:34
99971001578,VE2E61F1144,AGT-020,,2026-08-23 17:39:34
99971000155,V0C55835BF3,AGT-022,,2026-08-23 17:40:56
99971000052,,,eb9d7fd3126e45e0,2026-08-23 17:42:08
99971001749,V43BA4C22B9,AGT-015,,2026-08-23 17:45:07
99971001001,V05AC98586C,AGT-024,,2026-08-23 18:02:38
99971002180,,,83770ed29f0a288b,2026-08-23 18:13:11
99971000868,,,5906c5a38edc9659,2026-08-23 18:19:26
99971000006,VDBD684F292,AGT-011,,2026-08-23 18:24:03
99971001556,VF6EDF5901F,AGT-007,,2026-08-23 18:37:34
99971000527,VC35F224286,AGT-010,,2026-08-23 19:00:15
99971000102,V144C99CAA9,AGT-008,,2026-08-23 19:00:16
99971002269,VF7668BB4B2,AGT-031,,2026-08-23 19:11:58
99971001579,V31F3A0A241,AGT-004,,2026-08-23 19:27:37
99971000993,V020A0AB9D6,AGT-033,,2026-08-23 19:31:15
99971000501,V1A8F780D25,AGT-013,,2026-08-23 19:32:20
99971000411,V4EF710EC08,AGT-001,,2026-08-23 19:34:37
99971000471,V16B6C8CAF7,AGT-008,,2026-08-23 19:40:09
99971001035,V656D19ACC5,AGT-025,,2026-08-23 20:18:26
99971001130,V0ACEFE909D,AGT-009,,2026-08-23 20:19:35
99971000771,V210CF152CA,AGT-012,,2026-08-23 20:23:10
99971001851,,,e70ac6717db3baa3,2026-08-23 20:31:13
99971002332,V2438F7DDF7,AGT-004,,2026-08-23 20:37:26
99971002244,V74203FD4BA,AGT-021,,2026-08-23 20:49:12
99971001289,VE56D974B64,AGT-009,,2026-08-23 20:52:57
99971002283,V2DE9F9F67E,AGT-018,,2026-08-24 07:19:11
99971000561,V0658E8EFE5,AGT-020,,2026-08-24 07:32:14
99971000095,VB6EA442333,AGT-011,,2026-08-24 07:40:44
99971000587,V8C53F7163B,AGT-003,,2026-08-24 07:49:20
99971001166,,,5cf412e36c1163a7,2026-08-24 08:17:30
99971001362,,,aa40691921a9f16c,2026-08-24 08:32:08
99971000496,V64CA201D77,AGT-025,,2026-08-24 08:34:10
99971000302,VF35DDDD298,AGT-022,,2026-08-24 08:36:24
99971001085,VE8F8F0A22B,AGT-037,,2026-08-24 09:10:02
99971000703,VA58C29CCE5,AGT-011,,2026-08-24 09:14:22
99971000196,V082D3263FF,AGT-012,,2026-08-24 09:17:37
99971001427,,,0950dc909cefcc70,2026-08-24 09:25:35
99971000922,V58C2C8E59E,AGT-009,,2026-08-24 11:47:17
99971000525,V09206E77A3,AGT-019,,2026-08-24 11:47:37
99971002297,VE258505857,AGT-002,,2026-08-24 11:51:32
99971002011,VC1957BB6B8,AGT-013,,2026-08-24 11:52:59
99971000756,,,1aec8eedeb491d38,2026-08-24 11:59:36
99971000340,V020E7676B4,AGT-015,,2026-08-24 12:08:21
99971001952,V5C7C2A1796,AGT-015,,2026-08-24 12:14:12
99971001311,,,28c37e89c187c847,2026-08-24 12:23:24
99971001874,,,8c208329f90218b4,2026-08-24 12:30:37
99971002042,V65872DA610,AGT-012,,2026-08-24 12:34:44
99971001633,VF91722F64D,AGT-018,,2026-08-24 12:38:46
99971000063,,,78fd83dc68e8f5cd,2026-08-24 12:40:30
99971001049,V0D9CB216E8,AGT-003,,2026-08-24 12:42:32
99971000053,VA6BEB7AE72,AGT-009,,2026-08-24 12:42:43
99971000430,VF18DC22B76,AGT-032,,2026-08-24 12:43:48
99971002001,V60FE3D36C0,AGT-015,,2026-08-24 12:50:19
99971002364,VF2ECAE190C,AGT-001,,2026-08-24 12:58:03
99971001503,,,e7f8833e3001a43f,2026-08-24 13:00:46
99971000837,,,55b26da486bd3130,2026-08-24 13:01:20
99971000652,V055ADFC582,AGT-020,,2026-08-24 13:01:30
99971000894,V076E272C94,AGT-006,,2026-08-24 13:18:14
99971002174,V71804A0AE4,AGT-030,,2026-08-24 13:35:46
99971000466,,,f448f20c25af21af,2026-08-24 13:48:24
99971001689,V2AA4D70563,AGT-014,,2026-08-24 13:52:08
99971000010,,,87aca893f7008c4b,2026-08-24 13:53:57
99971001086,,,038058ce164f0189,2026-08-24 13:55:13
99971000798,V4DE95B6A56,AGT-010,,2026-08-24 14:04:08
99971002016,V5359A6C488,AGT-029,,2026-08-24 14:18:12
99971000812,,,f0a82aecf34267ce,2026-08-24 14:19:22
99971002002,VD9881268AB,AGT-017,,2026-08-24 14:38:25
99979400004,,,cb2f17cd9aa4a813,2026-08-24 14:43:58
99971001553,,,7e28f0ba547194fc,2026-08-24 14:57:59
99971001474,VB21B725D37,AGT-021,,2026-08-24 15:00:18
99971001323,V673409E7A6,AGT-033,,2026-08-24 15:02:09
99971000120,VE69F4AC25E,AGT-010,,2026-08-24 15:13:05
99971001819,V999B9F9F12,AGT-033,,2026-08-24 15:14:01
99971001009,,,a0247b14d5599208,2026-08-24 15:29:24
99971000365,VFFD3C7910C,AGT-003,,2026-08-24 15:39:10
99971001794,V50A0F5D882,AGT-005,,2026-08-24 15:39:37
99971002032,,,7cbfd3c8fcc8f8ae,2026-08-24 16:03:09
99971001210,V1E34316061,AGT-015,,2026-08-24 16:07:50
99971001674,V0D7D9A6C30,AGT-037,,2026-08-24 16:30:23
99971001328,VC0F52E725A,AGT-016,,2026-08-24 16:40:33
99971000092,VB50F30DF9B,AGT-025,,2026-08-24 16:59:46
99971001721,,,3969a243b1349cde,2026-08-24 17:16:19
99971001599,VB65C686D2F,AGT-028,,2026-08-24 17:20:45
99971001168,,,7981de07c9bd537b,2026-08-24 17:31:53
99971001630,V6DCC8BC358,AGT-021,,2026-08-24 17:35:58
99971001801,V50F40BB644,AGT-027,,2026-08-24 17:51:51
99971000114,,,3fa8743ccf5a455e,2026-08-24 17:58:21
99971002281,,,c953a6b7856d4a5d,2026-08-24 18:02:05
99971001457,V912DCBC1F6,AGT-005,,2026-08-24 19:03:54
99971001842,V4A2C2E6113,AGT-028,,2026-08-24 19:32:06
99971000644,VAA3024E7A4,AGT-007,,2026-08-24 19:35:15
99971002155,,,9aebfd58f97f6d32,2026-08-24 19:55:17
99971001170,VCF350CCF0E,AGT-032,,2026-08-24 19:58:22
99971001640,VBE76D141E0,AGT-017,,2026-08-24 19:59:23
99971000706,V1A64EE420C,AGT-024,,2026-08-24 20:22:23
99971000358,VA1B1F294F3,AGT-039,,2026-08-24 20:25:57
99971001036,VDD7A27AA30,AGT-022,,2026-08-24 20:36:24
99971001823,VB699BD17A5,AGT-002,,2026-08-24 20:36:54
99971000460,V3E2BA86179,AGT-012,,2026-08-24 20:46:15
99971001741,V06A56170E7,AGT-022,,2026-08-25 07:21:54
99971001904,,,34563887a53ad357,2026-08-25 08:06:59
99971001037,V64363092B9,AGT-039,,2026-08-25 08:22:11
99971000367,VA66881C750,AGT-014,,2026-08-25 08:29:35
99971001701,V976D6942E3,AGT-029,,2026-08-25 08:46:34
99971001407,VC39443F2C3,AGT-015,,2026-08-25 08:47:51
99971001648,V4D788DF4A7,AGT-021,,2026-08-25 08:51:16
99971002042,VA7C4F19644,AGT-035,,2026-08-25 08:54:49
99971000487,V0EEC9F616A,AGT-024,,2026-08-25 09:32:11
99971000074,V217783E440,AGT-038,,2026-08-25 09:39:54
99971001568,V09D8C008D2,AGT-013,,2026-08-25 09:42:16
99971000304,V5F188EAB59,AGT-034,,2026-08-25 09:56:26
99971001729,V8CCB47EB2D,AGT-003,,2026-08-25 10:05:46
99971001657,V37BB6B4523,AGT-033,,2026-08-25 10:21:24
99971001417,V273820BB69,AGT-038,,2026-08-25 10:49:30
99971001138,,,b8ee4bc682b3685a,2026-08-25 11:05:33
99971000806,,,770c8c15f222484f,2026-08-25 11:11:41
99971001164,V69E0D81EF9,AGT-026,,2026-08-25 11:26:10
99971002312,V56F448F452,AGT-011,,2026-08-25 11:38:14
99971001602,V3CFFE60C00,AGT-022,,2026-08-25 11:40:04
99971000661,,,e3afc144a32db240,2026-08-25 11:43:57
99971000761,VEC1E45CFE4,AGT-012,,2026-08-25 11:45:50
99971000942,V48F1B3C6E4,AGT-006,,2026-08-25 11:59:13
99971001246,VD78D3C0A96,AGT-011,,2026-08-25 12:13:42
99971000976,VD622BD37EA,AGT-017,,2026-08-25 12:21:21
99971001305,V7791DA80A8,AGT-040,,2026-08-25 12:27:05
99971002396,V03E23A3DD1,AGT-003,,2026-08-25 12:48:56
99971001104,VC7DA67D048,AGT-022,,2026-08-25 13:35:04
99971000793,,,b8bf91de0306979d,2026-08-25 13:42:34
99971001069,VC6CD0991BF,AGT-034,,2026-08-25 14:32:03
99971001337,VCE79D5F6AA,AGT-024,,2026-08-25 14:50:22
99971001247,V2D01024C9C,AGT-001,,2026-08-25 15:05:04
99971000687,,,5189a6df4ed53c63,2026-08-25 15:29:06
99971001055,,,3c231287668c73bf,2026-08-25 15:32:30
99971002243,,,83b9bc1ae2e58dc5,2026-08-25 15:39:15
99971001699,,,dcbfe135236dc8b6,2026-08-25 16:17:47
99971001993,,,bd7e49a9fcac318b,2026-08-25 16:19:13
99971001350,VD2E89DDEEC,AGT-026,,2026-08-25 16:50:09
99971002340,VE6533B3648,AGT-016,,2026-08-25 16:56:03
99971000025,VE12BC10881,AGT-002,,2026-08-25 17:30:26
99971001769,VDC68F3D55A,AGT-023,,2026-08-25 18:03:17
99971002172,V424C3D72BD,AGT-037,,2026-08-25 18:14:41
99971002007,V87B1AB9BE1,AGT-030,,2026-08-25 18:14:45
99971000603,V20E3F18FCA,AGT-020,,2026-08-25 18:23:17
99971001695,V6A3DAD19EC,AGT-006,,2026-08-25 18:25:00
99971000011,V29D0C08C50,AGT-012,,2026-08-25 18:25:18
99971000690,V374294F605,AGT-024,,2026-08-25 18:31:03
99971001083,,,46f3ee23c7b86626,2026-08-25 18:35:31
99971001780,,,7fa17e2937cd44fc,2026-08-25 18:35:46
99971000565,V2C50AEDF76,AGT-034,,2026-08-25 18:42:18
99971000154,,,7b663d8e87f7191d,2026-08-25 18:48:49
99971002210,V3868B4DDBA,AGT-011,,2026-08-25 19:08:50
99971002236,V741B191FCD,AGT-007,,2026-08-25 19:39:11
99971002188,,,b7935f525785ff46,2026-08-25 19:56:28
99971001397,,,dfc21005d7821cd4,2026-08-25 20:01:46
99971002059,,,061a984325cd1f90,2026-08-25 20:10:38
99971000092,VC910C1917B,AGT-017,,2026-08-25 20:13:16
99971001296,,,b9c9ed5725a4c221,2026-08-25 20:18:33
99971001169,VFA962BEE0C,AGT-005,,2026-08-25 20:30:27
99971000420,,,8810f927d48763c9,2026-08-25 20:40:33
99971000476,,,38bea46a67aac00b,2026-08-25 20:44:00
99971000274,V3576C392B9,AGT-010,,2026-08-25 20:47:44
99971000817,,,818e416a499df8e6,2026-08-25 20:47:57
99971000843,V109F44952F,AGT-016,,2026-08-25 20:50:07
99971002045,VB8769279E7,AGT-007,,2026-08-26 07:00:04
99971001306,VE3D6C5BF88,AGT-032,,2026-08-26 07:10:44
99971001445,,,c733691aca266b1f,2026-08-26 07:15:13
99971002155,,,9aebfd58f97f6d32,2026-08-26 07:22:19
99971000602,V703789FE2E,AGT-010,,2026-08-26 07:24:55
99971001780,,,7fa17e2937cd44fc,2026-08-26 07:56:18
99971001107,V0A9D2BF619,AGT-001,,2026-08-26 08:14:37
99971001175,VBB894BC3E4,AGT-018,,2026-08-26 08:28:38
99971001909,VD0AC373043,AGT-026,,2026-08-26 08:50:24
99971001511,V2AD5CB1FB5,AGT-011,,2026-08-26 08:51:31
99971000566,,,6f20dc590bdadb8d,2026-08-26 09:08:00
99971002066,V81F085AED4,AGT-018,,2026-08-26 09:14:06
99971000626,VE5A9E2C287,AGT-032,,2026-08-26 09:17:17
99971000803,VCD5DB5E24F,AGT-019,,2026-08-26 09:26:46
99971000843,V64834F435E,AGT-035,,2026-08-26 09:27:17
99971001202,V8F658EDFC8,AGT-007,,2026-08-26 10:16:15
99971001249,,,63708bb8ec09e4a1,2026-08-26 10:18:08
99971000280,,,fbe8aa90f84edfb5,2026-08-26 10:25:42
99971000220,V80CF893E9B,AGT-010,,2026-08-26 10:47:31
99971002026,V67FC4E74F7,AGT-026,,2026-08-26 10:51:47
99971000138,,,039f68dbebe07e5e,2026-08-26 10:55:22
99971000512,VF189234A28,AGT-015,,2026-08-26 11:12:23
99971000153,VE1123E6F54,AGT-002,,2026-08-26 11:18:10
99971002338,V0E9C4B547E,AGT-004,,2026-08-26 11:28:52
99971002236,V1D43AC9348,AGT-025,,2026-08-26 11:35:37
99971001321,V1135AAE28F,AGT-034,,2026-08-26 11:52:18
99971000107,V8D794D66D2,AGT-014,,2026-08-26 12:01:55
99971000635,,,cf399c244c452f23,2026-08-26 12:08:54
99971001991,,,6f012a566ee939c6,2026-08-26 12:14:28
99971000120,V78A62762B0,AGT-033,,2026-08-26 12:24:26
99971001741,V329C622778,AGT-028,,2026-08-26 12:26:27
99979400002,,,4f46eab918538c85,2026-08-26 12:39:16
99971001709,V211CD2FE9D,AGT-020,,2026-08-26 12:45:50
99971002317,VD73DE9BFCB,AGT-031,,2026-08-26 12:49:07
99971000540,V8C6C99B1A9,AGT-002,,2026-08-26 12:50:19
99971001033,V198DF7928C,AGT-014,,2026-08-26 13:00:21
99971001101,,,0444733fdc3b7726,2026-08-26 13:14:25
99971000654,VC5C61BD22E,AGT-001,,2026-08-26 13:16:30
99971001410,VFE8A1283C6,AGT-031,,2026-08-26 13:58:06
99971001489,V9289922AC4,AGT-020,,2026-08-26 14:07:26
99971001841,V17FA36EBA8,AGT-010,,2026-08-26 14:12:14
99971000317,,,9e14894469ca111f,2026-08-26 14:22:14
99971001762,V6FBB6F8F01,AGT-032,,2026-08-26 14:23:20
99971002360,,,32850afefd19c297,2026-08-26 14:25:54
99971000792,,,f58d380e96e4e04d,2026-08-26 14:33:04
99971000515,V11B7AE16DE,AGT-028,,2026-08-26 14:47:31
99971000905,,,e0acd272482c9abc,2026-08-26 15:00:02
99971002009,V51BCD6EAED,AGT-002,,2026-08-26 15:18:40
99971000513,VE0BE5D2BC7,AGT-003,,2026-08-26 15:40:20
99971000783,,,0e235ceaf63f7ef9,2026-08-26 16:02:20
99971002286,,,98a8f7a040452f9c,2026-08-26 16:03:12
99979400006,,,a3a6fe25658a0f1f,2026-08-26 16:04:07
99971001116,V6C7B792469,AGT-031,,2026-08-26 16:36:28
99971000773,V40E3333CF8,AGT-023,,2026-08-26 16:46:56
99971000102,V92066E9D3A,AGT-033,,2026-08-26 16:55:01
99971001854,V523DA3CEFE,AGT-017,,2026-08-26 16:55:17
99971001759,V1C3E7E2449,AGT-009,,2026-08-26 17:00:17
99971000570,VF4717C50A6,AGT-023,,2026-08-26 17:00:44
99971000866,,,9e7cb60e442dcb58,2026-08-26 17:05:48
99971000868,,,5906c5a38edc9659,2026-08-26 17:35:49
99971001248,VC968894997,AGT-031,,2026-08-26 17:44:34
99971000795,V52467D2CD7,AGT-018,,2026-08-26 17:53:40
99971000549,V6494FBBC9D,AGT-001,,2026-08-26 18:09:57
99971000648,,,086def6ec7d3855a,2026-08-26 18:26:04
99971000613,V31FFE1AC04,AGT-029,,2026-08-26 18:44:21
99971001396,V8523739441,AGT-001,,2026-08-26 18:50:40
99971001868,V277F2B0790,AGT-007,,2026-08-26 18:56:12
99971002198,VB3521BC567,AGT-028,,2026-08-26 19:09:03
99971000849,,,5875472544ed89d2,2026-08-26 19:22:37
99971000979,V00CE7810A4,AGT-010,,2026-08-26 19:38:23
99971000389,,,46bb07737fb659ba,2026-08-26 19:46:53
99971002089,V17C6EA66B6,AGT-011,,2026-08-26 19:47:50
99971000865,,,84180b6e76076489,2026-08-26 19:56:08
99971000939,V99259AAC96,AGT-026,,2026-08-26 19:58:39
99971002355,VD91369667C,AGT-022,,2026-08-26 20:12:08
99971000323,,,219e0ca58541991c,2026-08-26 20:17:30
99971000415,VD3CB88EB87,AGT-033,,2026-08-26 20:21:29
99971001506,,,4e4179104cadec0d,2026-08-26 20:33:21
99971001963,V0BFE903A6C,AGT-021,,2026-08-26 20:36:27
99971000815,V683F0E1F54,AGT-029,,2026-08-26 20:39:07
99971001360,V17D6B90738,AGT-020,,2026-08-26 20:48:29
99971000481,V490C9CDF67,AGT-018,,2026-08-27 07:14:08
99971000212,VCBDA8E103C,AGT-040,,2026-08-27 07:14:25
99971000118,V95970D4ACD,AGT-019,,2026-08-27 07:21:19
99971000705,VD1A8E178AB,AGT-011,,2026-08-27 07:22:10
99971001571,,,b4632f32cf2df0b4,2026-08-27 07:35:06
99971000375,,,2b3c1230a6350eec,2026-08-27 07:40:33
99971000934,V800D109BD2,AGT-002,,2026-08-27 07:47:20
99971001817,V20F6A58E48,AGT-037,,2026-08-27 07:52:24
99971001603,VD4C022C5A8,AGT-016,,2026-08-27 07:55:54
99971001919,V462CF621BE,AGT-039,,2026-08-27 07:57:25
99971001690,VA1B7ABF699,AGT-010,,2026-08-27 08:12:57
99971001427,,,0950dc909cefcc70,2026-08-27 08:25:22
99971002177,V4D6372825B,AGT-011,,2026-08-27 08:28:58
99971001197,V3A32645261,AGT-011,,2026-08-27 08:46:07
99971000625,V55D7598DED,AGT-037,,2026-08-27 08:50:27
99971000777,V2306A64196,AGT-022,,2026-08-27 09:10:57
99971000028,,,dba03e08f8bc61cf,2026-08-27 09:42:53
99971001872,V7B1F339C82,AGT-002,,2026-08-27 09:46:04
99971001814,VE5B6930714,AGT-007,,2026-08-27 10:10:05
99971001876,,,1816a4bd8b165d7e,2026-08-27 10:16:31
99971001542,VE8918CEFA1,AGT-007,,2026-08-27 10:53:58
99971002204,VF39D48E11A,AGT-018,,2026-08-27 10:58:37
99971000442,V507B6A2FB0,AGT-032,,2026-08-27 11:03:08
99971002269,VA93B22D8AF,AGT-029,,2026-08-27 11:08:14
99971001411,VE8A5EDB7AF,AGT-023,,2026-08-27 11:31:26
99971000859,V373706D241,AGT-023,,2026-08-27 11:35:48
99971000052,,,eb9d7fd3126e45e0,2026-08-27 11:50:06
99971000191,V44DC86DB01,AGT-017,,2026-08-27 12:03:31
99971001163,VA915FE047B,AGT-019,,2026-08-27 12:04:40
99971002108,V71D3D6CB4F,AGT-024,,2026-08-27 12:47:35
99971000423,,,43601345b67658b2,2026-08-27 13:18:30
99971000326,V20A2E5059C,AGT-022,,2026-08-27 13:19:25
99971000079,VFFE1C98495,AGT-033,,2026-08-27 13:19:51
99971000570,VE6F884EEF1,AGT-010,,2026-08-27 13:36:47
99971000555,V062CFC9864,AGT-025,,2026-08-27 13:45:31
99971000660,V5AF6BE5BB3,AGT-026,,2026-08-27 13:45:41
99971001501,,,a69ad537768dcc72,2026-08-27 13:49:38
99971001816,V84C3D178D7,AGT-020,,2026-08-27 13:52:52
99971001992,VF18E9578B8,AGT-038,,2026-08-27 14:03:35
99971001744,,,31bc46bcd56307f4,2026-08-27 14:17:07
99971000598,VDFA3DEAC56,AGT-008,,2026-08-27 14:37:34
99971000993,V86118BA3F0,AGT-012,,2026-08-27 14:39:46
99971000070,,,49ba63bddbb7cc88,2026-08-27 14:59:51
99971001519,V5AEC5D934B,AGT-017,,2026-08-27 15:02:36
99971001525,V5A87440F05,AGT-014,,2026-08-27 15:02:48
99971001232,V4AB24363BC,AGT-027,,2026-08-27 15:16:25
99971000139,,,db3c260ee1b37cda,2026-08-27 15:20:41
99971001429,VD891CDB5F1,AGT-022,,2026-08-27 15:43:19
99971000633,V99C22AE25B,AGT-022,,2026-08-27 15:56:31
99971000521,V7D9921987B,AGT-031,,2026-08-27 16:21:02
99971000459,V163E61793F,AGT-032,,2026-08-27 16:40:40
99971000660,VA1A50D6AB2,AGT-025,,2026-08-27 17:07:17
99971000551,,,e83a402a115d29c4,2026-08-27 17:12:17
99971000946,,,05e2ff4b510b3bac,2026-08-27 17:13:35
99971001913,V29B8084E2C,AGT-009,,2026-08-27 17:17:23
99971001763,VD0AED9E9D3,AGT-016,,2026-08-27 17:26:54
99971002116,,,368faec17a6a8b9a,2026-08-27 17:39:02
99971001291,,,e62d85f5045f2647,2026-08-27 17:58:45
99971000219,V45E003BB9E,AGT-025,,2026-08-27 18:00:52
99971001091,VAE515850EC,AGT-005,,2026-08-27 18:21:11
99971001895,V49AE6D7552,AGT-024,,2026-08-27 18:37:50
99971001569,,,102b8e5dacb2e796,2026-08-27 18:47:25
99971001800,V9D96A9CD13,AGT-005,,2026-08-27 18:59:48
99971002353,VDC5ABDDBE9,AGT-018,,2026-08-27 18:59:50
99971000364,V825B2F769C,AGT-027,,2026-08-27 19:04:19
99971002143,,,5eb11699763345cf,2026-08-27 19:20:12
99971000767,VE937D74809,AGT-038,,2026-08-27 19:21:58
99971002395,V79CBE3897F,AGT-003,,2026-08-27 19:31:18
99971002009,V07311AB67E,AGT-028,,2026-08-27 19:33:44
99971002049,VD881107DB3,AGT-036,,2026-08-27 19:51:51
99971001545,VAAC0472F64,AGT-033,,2026-08-27 20:11:39
99971000126,V1B4DB3D7F6,AGT-009,,2026-08-27 20:15:30
99971001600,VF2BA0F9E12,AGT-031,,2026-08-27 20:25:04
99971002399,VA5BD3B468D,AGT-039,,2026-08-27 20:31:00
99971000663,,,620b53154e164ecf,2026-08-27 20:32:45
99971001063,,,f7816910cd906f96,2026-08-28 07:16:52
99971000038,V75546C882F,AGT-034,,2026-08-28 07:33:25
99971001940,VAFD4BAC5E5,AGT-022,,2026-08-28 07:55:17
99971000770,V4E0DD3092B,AGT-014,,2026-08-28 08:10:57
99971001933,,,7b100cae734785b4,2026-08-28 08:53:11
99971002021,V8E5E285905,AGT-040,,2026-08-28 08:56:12
99971000379,,,e48000c90d28a526,2026-08-28 09:20:45
99971001549,V0ED58E1A3A,AGT-019,,2026-08-28 09:21:03
99971000223,V139AD87935,AGT-040,,2026-08-28 09:33:30
99971002064,V2A5144564F,AGT-019,,2026-08-28 09:35:27
99971000206,VAE3437012A,AGT-009,,2026-08-28 09:49:44
99971000926,,,0d1bc67b4a5d0015,2026-08-28 10:09:06
99971000172,,,6f15dfe875753a66,2026-08-28 10:13:11
99971002241,V0445192D84,AGT-024,,2026-08-28 10:32:15
99971000186,V13BA25319A,AGT-008,,2026-08-28 10:36:39
99971002119,,,c5be8284dfdf3ca7,2026-08-28 10:43:08
99971000455,,,a9556baaa77c3880,2026-08-28 10:59:31
99971000402,,,a9df2153b561bf81,2026-08-28 11:03:55
99971001795,,,12b2e8d96da4d670,2026-08-28 11:05:09
99971000706,V019C90CC69,AGT-013,,2026-08-28 11:15:54
99971000377,,,db976b36b98538b8,2026-08-28 11:17:39
99971000500,VE28EEC1C51,AGT-003,,2026-08-28 11:33:42
99971000048,,,4e2cfabacad868e2,2026-08-28 11:50:43
99971001896,,,3947b6928a53fa97,2026-08-28 12:11:24
99971000042,V02C6BED124,AGT-030,,2026-08-28 12:16:34
99971001358,VB65CE40545,AGT-024,,2026-08-28 12:41:10
99971000973,V6546EF0BC5,AGT-008,,2026-08-28 12:50:29
99971000395,V642C354CAF,AGT-027,,2026-08-28 12:56:43
99971000480,V3D5AFAAAB5,AGT-038,,2026-08-28 12:58:24
99971000595,V8868A58990,AGT-026,,2026-08-28 13:22:02
99971000217,V6EB501D63C,AGT-030,,2026-08-28 13:54:17
99971002184,VE867DE6DC0,AGT-037,,2026-08-28 13:59:56
99971000284,V0C48A91C9F,AGT-013,,2026-08-28 14:02:34
99971001696,V8A2FDCBD14,AGT-002,,2026-08-28 14:05:31
99971001094,,,470ffd1c6432831c,2026-08-28 14:07:14
99971001159,VAD476ED777,AGT-022,,2026-08-28 14:16:00
99971000964,,,2698cf4137eea4cd,2026-08-28 14:19:15
99971000108,V09CA5B5145,AGT-003,,2026-08-28 15:26:57
99971001421,VE24D321A89,AGT-039,,2026-08-28 15:30:53
99971000733,V389908C427,AGT-027,,2026-08-28 15:31:35
99971001227,,,a05597d9ea30c2af,2026-08-28 15:52:36
99971001223,VF59F0C605F,AGT-036,,2026-08-28 16:00:45
99971002266,V07BFD0B223,AGT-035,,2026-08-28 16:11:30
99971000755,V9485EBEC69,AGT-027,,2026-08-28 16:13:51
99971000409,VD8A55F0DEC,AGT-017,,2026-08-28 16:24:23
99971000797,V3658B0618E,AGT-040,,2026-08-28 16:31:51
99971000634,,,71658db7c7cce8f0,2026-08-28 17:32:33
99971001019,VC86CD53025,AGT-035,,2026-08-28 17:34:29
99971000743,V3F93B92CA9,AGT-027,,2026-08-28 17:38:52
99971001199,,,baed6b813867ce9d,2026-08-28 18:16:30
99971001329,,,8a653738311f0bd9,2026-08-28 18:21:33
99971000053,V649FB9F7D4,AGT-010,,2026-08-28 18:29:46
99971001323,VABB71C18B2,AGT-031,,2026-08-28 18:41:03
99971001822,V60C51A020E,AGT-027,,2026-08-28 19:00:23
99971000889,VF2FB9D3C27,AGT-038,,2026-08-28 19:23:35
99971000520,V20634B32AE,AGT-010,,2026-08-28 19:42:27
99971000503,V5F8C9788C9,AGT-021,,2026-08-28 19:43:49
99971000514,V9B4C0BE6B3,AGT-022,,2026-08-28 20:10:08
99971000596,V92F3A193C5,AGT-036,,2026-08-28 20:16:43
99971001626,VB00D6469D4,AGT-008,,2026-08-28 20:27:32
99971001104,V220BBD573A,AGT-035,,2026-08-28 20:41:28
99971002249,VFCF2956F2A,AGT-026,,2026-08-28 20:47:09
99971000882,V011F549713,AGT-033,,2026-08-29 07:08:30
99971002168,,,20fa95f6ee8b8f85,2026-08-29 07:14:29
99971000788,V5C0F0869B6,AGT-008,,2026-08-29 07:27:10
99971000556,V8A072EF39F,AGT-011,,2026-08-29 07:32:22
99971002263,,,f566cf9271cadf99,2026-08-29 07:37:00
99971002170,V2C55C4A9AB,AGT-035,,2026-08-29 07:47:43
99971001997,,,7f6cd979558a5866,2026-08-29 07:49:33
99971002163,VD2B25A30E4,AGT-002,,2026-08-29 08:08:08
99971001117,VA3C9C7A304,AGT-016,,2026-08-29 08:41:22
99971001827,,,3dc11b017042da19,2026-08-29 08:43:56
99971001828,V4309A63A73,AGT-001,,2026-08-29 08:45:25
99971001355,V725A3AD01F,AGT-003,,2026-08-29 08:49:59
99971001025,,,268ab33a4f3e1046,2026-08-29 08:55:23
99971000333,V97E6224895,AGT-019,,2026-08-29 08:56:57
99971002226,,,15f6778401150530,2026-08-29 08:57:46
99971000340,V5C48AC130A,AGT-012,,2026-08-29 08:58:14
99971000447,,,a5ff56724a99adba,2026-08-29 09:23:21
99971000846,V9B907BBA5C,AGT-001,,2026-08-29 09:27:27
99971002096,VC0CD12E6D0,AGT-024,,2026-08-29 09:30:01
99971001713,,,32d52a186cca1061,2026-08-29 09:38:10
99971002256,V100B78DD57,AGT-009,,2026-08-29 10:02:57
99971000563,,,eb1b56944261fa7b,2026-08-29 10:04:17
99971001294,V270D93CC97,AGT-020,,2026-08-29 10:29:28
99979400005,,,dcd660e355725e03,2026-08-29 10:43:25
99971002277,V5F9E0E55EA,AGT-024,,2026-08-29 11:19:30
99971001536,V9A50F486C4,AGT-016,,2026-08-29 11:23:49
99971001989,,,fcfe7fad72f2caa3,2026-08-29 11:37:57
99971001110,V4B4855F28B,AGT-039,,2026-08-29 11:44:42
99971002398,VE75FF545EE,AGT-016,,2026-08-29 12:16:21
99979400003,,,45215bcd419a3c37,2026-08-29 12:21:57
99971001007,VAB5D045DA7,AGT-013,,2026-08-29 12:38:44
99971000040,,,b7ab2f11d46e5b6c,2026-08-29 12:44:06
99971001414,VBDF5F38AD9,AGT-014,,2026-08-29 12:50:51
99971000410,,,fb43e34b8d9db8bb,2026-08-29 13:06:22
99971000124,VC128964BC3,AGT-032,,2026-08-29 13:18:02
99971000290,VE643A5F1B5,AGT-030,,2026-08-29 13:25:21
99971000984,V64532783A2,AGT-030,,2026-08-29 13:27:19
99971001362,,,aa40691921a9f16c,2026-08-29 13:39:51
99971001826,V23093461E5,AGT-027,,2026-08-29 13:53:58
99971000677,,,77a9acef0240c10f,2026-08-29 14:05:19
99971000232,,,35574280de1e9111,2026-08-29 14:05:38
99971001963,V7E995CCE76,AGT-013,,2026-08-29 14:30:38
99971002329,,,f1ed67097f778a18,2026-08-29 14:38:02
99971001206,VE46C7BA8EC,AGT-001,,2026-08-29 14:52:12
99979400006,,,a3a6fe25658a0f1f,2026-08-29 14:52:41
99971000443,,,6f7f4cf459224843,2026-08-29 15:08:40
99971000080,V30C7106218,AGT-012,,2026-08-29 15:22:06
99971001732,,,78323ffa08cb9e97,2026-08-29 15:22:43
99971001539,,,78390d63c7f5f711,2026-08-29 15:48:49
99971000091,VE09115B699,AGT-005,,2026-08-29 15:57:17
99971001864,,,bae88c7dbee71a81,2026-08-29 16:22:44
99971000213,V10815F07E4,AGT-025,,2026-08-29 16:26:44
99971000535,V11ADC7D5F7,AGT-036,,2026-08-29 16:42:21
99971000950,VF3D31A514E,AGT-018,,2026-08-29 16:59:23
99971001824,,,704fb3f550e436f1,2026-08-29 17:29:12
99971000348,,,4381085163c6b744,2026-08-29 17:41:03
99971002079,VBCADA60D03,AGT-003,,2026-08-29 17:52:11
99971002027,VC098D6161A,AGT-008,,2026-08-29 18:04:15
99971002238,V774A34B4AA,AGT-008,,2026-08-29 18:08:33
99971002099,V135C72B9B4,AGT-033,,2026-08-29 18:09:40
99971000342,,,1d20128c6b5247bc,2026-08-29 18:12:18
99971002097,V6E300600A8,AGT-003,,2026-08-29 18:51:02
99971001964,V328DEDC5D8,AGT-010,,2026-08-29 18:54:19
99971000889,V4BD123AF93,AGT-002,,2026-08-29 19:07:59
99971002125,V1AF6A0A5E3,AGT-004,,2026-08-29 19:12:19
99971002068,VBBB759DBFF,AGT-037,,2026-08-29 19:51:25
99971000638,V57759C707E,AGT-028,,2026-08-29 19:59:31
99971002093,V0A10399142,AGT-035,,2026-08-29 20:09:35
99971000745,V3F0064D2D7,AGT-039,,2026-08-29 20:38:12
99971001244,V9E9E5C07F0,AGT-020,,2026-08-29 20:40:32
99971001468,V5D545DF10E,AGT-035,,2026-08-29 20:52:21
99971000528,V6D877DFD67,AGT-003,,2026-08-30 07:04:02
99971001002,VE08D19E5E0,AGT-040,,2026-08-30 07:14:38
99971000335,VCFA5DFC3AB,AGT-004,,2026-08-30 07:31:07
99971000358,V39708D5170,AGT-022,,2026-08-30 07:45:51
99971001832,,,212f3a9cb59f0311,2026-08-30 08:03:30
99971001578,VA60E6A4A92,AGT-032,,2026-08-30 08:07:30
99971000704,,,5dacccf81a99d608,2026-08-30 08:10:22
99971002256,V6F187BC092,AGT-015,,2026-08-30 08:27:02
99971002331,,,fea09ed6fcd869d2,2026-08-30 08:32:35
99971000040,,,b7ab2f11d46e5b6c,2026-08-30 08:41:38
99971000376,VA352C3ED9B,AGT-004,,2026-08-30 08:52:32
99971000778,V2C75DFFFF7,AGT-032,,2026-08-30 08:59:04
99971001596,,,88b038f17eaca245,2026-08-30 09:28:55
99971000111,VA30E9EE73D,AGT-014,,2026-08-30 10:01:31
99971000433,V16D732B94D,AGT-037,,2026-08-30 10:02:07
99971001426,,,ef864b1bd55e210b,2026-08-30 10:02:40
99971000156,,,15f18967e09e9224,2026-08-30 10:04:14
99971001558,VCAC346BE13,AGT-021,,2026-08-30 10:08:15
99971000451,V206A1BD3FC,AGT-022,,2026-08-30 10:33:25
99971001500,,,bf3ac8f5d759ccac,2026-08-30 10:42:01
99971001095,V84F821E219,AGT-006,,2026-08-30 10:42:29
99971001359,,,af5b80c3a0d16efa,2026-08-30 10:44:56
99971002386,V3325BA968B,AGT-014,,2026-08-30 10:45:15
99971001079,,,7f9262a14840c99d,2026-08-30 11:06:39
99971001321,V5BA0839ABC,AGT-014,,2026-08-30 11:08:50
99971000124,V994F9396A2,AGT-016,,2026-08-30 11:12:45
99971000783,,,0e235ceaf63f7ef9,2026-08-30 11:23:30
99971001238,VB2023E6B86,AGT-018,,2026-08-30 11:24:04
99971002368,VAE49F471C1,AGT-018,,2026-08-30 11:31:55
99971001822,V26AB4A15DB,AGT-015,,2026-08-30 11:37:43
99971002272,VA60A33EDE0,AGT-010,,2026-08-30 11:40:08
99971000848,VF0843AEDF9,AGT-038,,2026-08-30 11:44:31
99971001683,V56CA16792C,AGT-005,,2026-08-30 11:50:44
99971001961,,,94165293a4455e62,2026-08-30 11:51:24
99971001178,V6867C44C38,AGT-005,,2026-08-30 11:51:36
99971000587,VAA48D20925,AGT-040,,2026-08-30 11:58:26
99971000363,V8AA91EE42A,AGT-031,,2026-08-30 12:05:04
99971000404,V69428D1D46,AGT-037,,2026-08-30 12:10:12
99971001661,,,990a99a4c85d6a81,2026-08-30 12:13:40
99971001963,V422EFBE836,AGT-011,,2026-08-30 12:19:34
99971000716,V562FB96983,AGT-020,,2026-08-30 12:31:02
99971000423,,,43601345b67658b2,2026-08-30 12:37:10
99971002141,V79460ACF8F,AGT-023,,2026-08-30 12:45:16
99971000048,,,4e2cfabacad868e2,2026-08-30 12:58:50
99971002144,V4FC015A09A,AGT-037,,2026-08-30 12:59:12
99971000469,V43B7B0D3C5,AGT-005,,2026-08-30 13:07:43
99971002276,,,3a503db6bdc81ff9,2026-08-30 13:08:21
99971001734,V44C60BE1F0,AGT-016,,2026-08-30 13:10:29
99971001608,,,190574b9cc274697,2026-08-30 13:17:40
99971000966,V86FD38419D,AGT-037,,2026-08-30 13:20:20
99971001300,,,bf7f65cd27ca2030,2026-08-30 13:25:04
99971000418,,,ec399d5ea83ef6ea,2026-08-30 13:38:41
99971000290,VF9689DC938,AGT-009,,2026-08-30 13:44:08
99971001675,,,e0dbc8bf938b2128,2026-08-30 13:51:31
99971002381,,,948154456590d3d5,2026-08-30 14:07:08
99971002214,V9A67239DB3,AGT-023,,2026-08-30 14:25:19
99971000175,VC11DEEBC3F,AGT-015,,2026-08-30 14:47:30
99971001557,V0E19F4BEE6,AGT-006,,2026-08-30 14:54:45
99971000878,V6180826D76,AGT-003,,2026-08-30 15:16:32
99971002088,,,a90c7de7f5b2e1d1,2026-08-30 15:34:47
99971000841,V5C17388B5B,AGT-003,,2026-08-30 15:40:04
99971001332,VFA95D8C1E9,AGT-014,,2026-08-30 15:42:52
99971001705,,,2a7034753bbe40df,2026-08-30 15:46:36
99971000699,,,bc42c686ab56709a,2026-08-30 15:54:45
99971000552,,,00851879313908af,2026-08-30 16:03:53
99971000679,V82306FD942,AGT-025,,2026-08-30 16:05:51
99971002300,,,878a3475f573cbc9,2026-08-30 16:41:30
99971001911,,,25d4e5bb768e2129,2026-08-30 16:48:41
99971000146,,,1bf69ad680edd917,2026-08-30 16:51:56
99971001961,,,94165293a4455e62,2026-08-30 17:00:52
99971001733,VB8FFE4B59C,AGT-019,,2026-08-30 17:01:36
99971001659,,,300c857f4de86e6d,2026-08-30 17:45:28
99971001827,,,3dc11b017042da19,2026-08-30 18:06:20
99971000088,V08CF74238E,AGT-016,,2026-08-30 18:24:43
99971001204,,,290f38a3b567263f,2026-08-30 18:28:43
99971001654,V3C9959A5E5,AGT-034,,2026-08-30 18:43:54
99971000708,,,8b9d8b0797a9800a,2026-08-30 18:45:42
99971001010,VC9BB203DC2,AGT-029,,2026-08-30 19:21:56
99971001899,V0D42948DAB,AGT-016,,2026-08-30 19:24:29
99971001645,,,bf11ab0c2022520c,2026-08-30 19:32:47
99971001469,V8A6DF7D6F6,AGT-018,,2026-08-30 19:45:50
99971000148,V8FDD2EB6FA,AGT-010,,2026-08-30 20:02:15
99971002271,,,545071c2097bb058,2026-08-30 20:22:35
99971001338,VD07B1C8C7C,AGT-035,,2026-08-30 20:25:28
99971001053,,,c3d974355fcffe27,2026-08-30 20:25:44
99971000093,V9DE37F62D3,AGT-038,,2026-08-30 20:50:12
99971000559,V259DB6BAF4,AGT-022,,2026-08-30 20:59:41
99971000616,,,191481d83efe3fac,2026-08-31 07:10:43
99971001719,,,cd2a27eae59d9d9b,2026-08-31 07:30:16
99971000126,VBE12430F12,AGT-040,,2026-08-31 07:45:18
99971000148,V7A2DBA646B,AGT-027,,2026-08-31 07:51:31
99971002255,V84A99BDB67,AGT-033,,2026-08-31 08:10:29
99971001356,VB66FC7BAF7,AGT-012,,2026-08-31 08:11:37
99971000738,,,599fcb1c5b6d6c1d,2026-08-31 08:17:24
99971000085,V196487A596,AGT-037,,2026-08-31 08:22:11
99971000468,VC9FEC48E1E,AGT-036,,2026-08-31 08:24:11
99971000559,VB26768E97D,AGT-001,,2026-08-31 08:34:23
99971001850,V73A4ABD987,AGT-004,,2026-08-31 08:34:33
99971001754,,,bc44fb5ba5579ce0,2026-08-31 08:43:27
99971001026,VA6E8103EFA,AGT-033,,2026-08-31 08:49:50
99971001852,,,2cc784c5639faddc,2026-08-31 08:59:12
99971002364,V1D7BC07843,AGT-033,,2026-08-31 08:59:39
99971000669,V015FA3EED3,AGT-034,,2026-08-31 09:11:34
99971001383,,,9c8a15660297827c,2026-08-31 09:16:35
99971001859,,,c12e30357d1df59e,2026-08-31 09:19:56
99971000487,V93279F00DB,AGT-001,,2026-08-31 09:27:59
99971002210,V6C34CCDF5A,AGT-009,,2026-08-31 09:35:38
99971002009,V31F2FCD1F8,AGT-038,,2026-08-31 10:02:17
99971000189,V7D9DFA53AF,AGT-028,,2026-08-31 10:24:24
99971000821,V57D16A4C5E,AGT-006,,2026-08-31 10:33:21
99971000476,,,38bea46a67aac00b,2026-08-31 10:37:53
99971000472,V703C8D2630,AGT-017,,2026-08-31 10:38:07
99971002006,,,6948c358b29e24d4,2026-08-31 10:44:52
99971001079,,,7f9262a14840c99d,2026-08-31 10:58:39
99971001575,,,c8d71c800cf9bf89,2026-08-31 11:00:00
99971001364,,,0a8f75654f7df506,2026-08-31 11:12:37
99971000358,V087C750A5E,AGT-009,,2026-08-31 11:14:48
99971002323,,,3aebf3bc50c59364,2026-08-31 11:31:41
99971000265,VD0080B7F4B,AGT-033,,2026-08-31 11:43:30
99971001808,V850851BE1E,AGT-032,,2026-08-31 11:43:58
99971001264,V60B1A0A227,AGT-019,,2026-08-31 11:46:49
99971000181,,,87a0fbd75321cc7b,2026-08-31 12:00:10
99971001271,,,3515aaf645dd00c6,2026-08-31 12:01:46
99971001850,VF01D548CDC,AGT-028,,2026-08-31 12:11:39
99971002285,,,b49b07bbba8c440e,2026-08-31 12:18:06
99971000415,VCDED938669,AGT-011,,2026-08-31 12:22:34
99971001472,V86693BE0CD,AGT-030,,2026-08-31 12:25:47
99971002071,V3DB534B5B5,AGT-026,,2026-08-31 12:52:15
99971000155,VBEBBFABC74,AGT-009,,2026-08-31 12:58:23
99979500003,V1C97696FBC,AGT-666,,2026-08-31 13:04:43
99971001754,,,bc44fb5ba5579ce0,2026-08-31 13:08:07
99971001789,,,522b05c92a6952f4,2026-08-31 13:24:46
99971001728,VA52D3F69FA,AGT-006,,2026-08-31 13:28:45
99971001582,VC8A3D6DDE7,AGT-012,,2026-08-31 13:34:47
99971002108,VE3FEC01257,AGT-003,,2026-08-31 13:43:05
99971000553,V444BCBCB61,AGT-040,,2026-08-31 13:55:04
99971001256,V2BBBFEDFB7,AGT-010,,2026-08-31 14:15:09
99971000849,,,5875472544ed89d2,2026-08-31 14:22:26
99971000079,V5F82BCDC21,AGT-026,,2026-08-31 14:30:00
99971001300,,,bf7f65cd27ca2030,2026-08-31 14:30:11
99971001623,V67443D50F9,AGT-032,,2026-08-31 14:30:27
99971002178,V98ACF84F46,AGT-021,,2026-08-31 14:42:51
99971002226,,,15f6778401150530,2026-08-31 14:45:22
99971001555,VF2A8702E1A,AGT-029,,2026-08-31 14:48:17
99971000927,VFEC6767C3C,AGT-013,,2026-08-31 14:49:39
99971001184,,,9c5dfdf74b1e75fb,2026-08-31 15:00:27
99971001394,,,2b6406b9d5a62ceb,2026-08-31 15:09:48
99971001916,V66CCB5849A,AGT-032,,2026-08-31 15:10:51
99971002399,V3CBFE6F752,AGT-026,,2026-08-31 16:05:21
99971001948,V5F9BE465C0,AGT-030,,2026-08-31 16:19:06
99971000485,VCD084EB9C6,AGT-033,,2026-08-31 16:24:12
99971001612,,,9f0713fa5f727dfa,2026-08-31 17:03:50
99971000101,,,7f2b3c7cde121070,2026-08-31 17:04:30
99971000781,,,5b110517a9241bbd,2026-08-31 17:09:49
99971002003,VE15209303D,AGT-035,,2026-08-31 17:21:33
99971001298,V52D205D880,AGT-002,,2026-08-31 17:26:26
99971001003,VCF7A1A1E22,AGT-028,,2026-08-31 17:28:19
99971000059,V73D18C794F,AGT-024,,2026-08-31 17:47:58
99971000077,,,ff28667c8e6c67f7,2026-08-31 18:08:03
99971001728,VEE21997333,AGT-005,,2026-08-31 18:11:12
99971001093,V62455DB8E3,AGT-007,,2026-08-31 18:11:53
99971000854,V6EF1B85FEF,AGT-021,,2026-08-31 18:23:52
99971001477,,,a1058bd41daf8a4e,2026-08-31 18:26:00
99971001129,,,e8931b0b8898de42,2026-08-31 18:38:11
99971000540,V94606D7B44,AGT-010,,2026-08-31 18:41:35
99971000981,,,571bdc8e7ad16f81,2026-08-31 18:47:07
99971000609,,,8f01bf9ea6bcd4d1,2026-08-31 19:01:08
99971001839,V51120F4F16,AGT-031,,2026-08-31 19:02:31
99971002234,V145FABBBF1,AGT-027,,2026-08-31 19:05:00
99971001835,V710A83E6C2,AGT-038,,2026-08-31 19:13:36
99971000115,VB77D344A86,AGT-037,,2026-08-31 19:14:35
99971000531,V131ED9EF7D,AGT-008,,2026-08-31 19:14:45
99971001189,,,f7c3d203ce0aaec1,2026-08-31 19:18:11
99971002161,V6C52D65B32,AGT-039,,2026-08-31 19:18:13
99971001495,,,515735c51be2b355,2026-08-31 19:23:02
99971000852,V4778C4329F,AGT-026,,2026-08-31 19:37:59
99971001416,V15A403C7B2,AGT-032,,2026-08-31 19:50:05
99971001243,V1516C137F5,AGT-036,,2026-08-31 20:11:24
99971002254,V23D35BEACE,AGT-026,,2026-08-31 20:15:08
99971000343,VB5D51AC1EA,AGT-013,,2026-08-31 20:16:03
99971000792,,,f58d380e96e4e04d,2026-08-31 20:26:55
99971000419,V094679340E,AGT-020,,2026-08-31 20:29:23
99971001811,V192AADA8FB,AGT-028,,2026-08-31 20:30:36
99971000771,V46266C58B3,AGT-001,,2026-08-31 20:57:50
99971000745,VC076318E7F,AGT-017,,2026-09-01 07:08:57
99971001005,V576CCF49BF,AGT-027,,2026-09-01 07:16:42
99971001643,VBBC904082C,AGT-039,,2026-09-01 07:40:23
99971001403,,,36eaf20270b9618b,2026-09-01 08:06:52
99971000992,V573892DE11,AGT-035,,2026-09-01 08:07:13
99971000729,V6C8FD14845,AGT-040,,2026-09-01 08:09:04
99971000545,V654BED2D8D,AGT-010,,2026-09-01 08:12:40
99971001370,,,b16dd43057a3a09a,2026-09-01 08:17:12
99971000488,V5BDC77CB79,AGT-020,,2026-09-01 08:24:32
99971002183,VCA55C5CD47,AGT-006,,2026-09-01 08:27:46
99971002081,V6CEF5E80A7,AGT-023,,2026-09-01 08:35:10
99971000421,,,e2bb712569516d1a,2026-09-01 08:39:53
99971002178,V4D86AB222D,AGT-014,,2026-09-01 08:45:41
99971000884,,,3ba3887340b4f4c0,2026-09-01 08:50:14
99971002135,V21ABE8D9B6,AGT-024,,2026-09-01 08:55:48
99971001196,,,f8a198da95140eca,2026-09-01 09:01:37
99971000304,VE618A31806,AGT-025,,2026-09-01 09:03:05
99971000707,VD110DA12B2,AGT-012,,2026-09-01 09:10:40
99971001539,,,78390d63c7f5f711,2026-09-01 09:11:17
99971001492,V19C7DC0974,AGT-020,,2026-09-01 09:17:23
99971001807,,,b6c6d34cc72505cb,2026-09-01 09:23:54
99971000675,,,b2222b1c74c504b3,2026-09-01 09:24:30
99971002174,VCF468924E4,AGT-023,,2026-09-01 09:31:09
99971001288,,,c4d7d06b38481750,2026-09-01 09:53:03
99971001414,V5E41647869,AGT-029,,2026-09-01 10:13:34
99971001962,,,68cc65e1235c434c,2026-09-01 10:34:27
99979500001,VB37897CBCF,AGT-666,,2026-09-01 10:38:20
99971000002,,,2ffe899555f939a5,2026-09-01 10:50:41
99971001821,VA29B857A5D,AGT-015,,2026-09-01 11:04:33
99971000613,V6A46C5BCAF,AGT-001,,2026-09-01 11:28:27
99971002335,V7E2B4CCD49,AGT-018,,2026-09-01 11:37:19
99971002209,V47F232AEE5,AGT-030,,2026-09-01 11:40:24
99971001642,V1F901DACB4,AGT-019,,2026-09-01 11:42:49
99971000518,VEF12AD22D7,AGT-031,,2026-09-01 11:46:15
99971000188,VA1D5B2B4B5,AGT-021,,2026-09-01 11:57:41
99971000319,VFB75271C61,AGT-011,,2026-09-01 12:02:12
99971001181,VF94FE8967B,AGT-017,,2026-09-01 12:11:16
99971001583,,,67c2bd5e3e6e4e10,2026-09-01 12:11:41
99971000484,VC715D4678A,AGT-001,,2026-09-01 12:12:48
99971001572,V75661F73A6,AGT-015,,2026-09-01 12:29:18
99971000117,V5DE554FFA7,AGT-033,,2026-09-01 13:00:02
99971001088,,,da295b6d4141f160,2026-09-01 13:18:03
99971000645,V29229C7423,AGT-030,,2026-09-01 13:18:16
99971000416,V5E535198EC,AGT-017,,2026-09-01 13:21:02
99971001114,,,547ba7dad4250d6d,2026-09-01 13:21:53
99971000392,V9B2FFFC64F,AGT-001,,2026-09-01 13:31:59
99971001869,,,293514ff063f84d2,2026-09-01 13:36:28
99971001834,V685C5D43F3,AGT-016,,2026-09-01 13:51:40
99971000810,VCFE0D50F62,AGT-025,,2026-09-01 13:54:02
99971000392,VC9890B9F05,AGT-013,,2026-09-01 14:31:32
99971000971,V61B4044123,AGT-025,,2026-09-01 14:33:27
99971001610,,,d454b7f6e15df5b6,2026-09-01 14:36:45
99971002076,V12C69C377B,AGT-008,,2026-09-01 14:38:58
99971000631,V3C697D13F5,AGT-018,,2026-09-01 14:45:26
99971000604,V3507DDB709,AGT-035,,2026-09-01 15:15:23
99971002199,V56257CF708,AGT-034,,2026-09-01 15:24:33
99971000485,V6BCD9F75F0,AGT-027,,2026-09-01 15:31:31
99971001430,VA789AF4674,AGT-036,,2026-09-01 15:38:43
99971002248,V1F13F03894,AGT-030,,2026-09-01 15:39:52
99971000800,,,8d19eca6a7e89f67,2026-09-01 15:42:45
99971001718,,,c025dca33c60a72c,2026-09-01 15:50:36
99971001141,VA512620CAF,AGT-037,,2026-09-01 15:55:57
99971000362,,,4f672e362755d929,2026-09-01 15:57:18
99971000067,VDA46902041,AGT-017,,2026-09-01 15:57:53
99971000260,VC9AE0B4229,AGT-010,,2026-09-01 16:09:08
99971001551,V401F8A6C44,AGT-038,,2026-09-01 16:16:31
99971001601,V8687F69A1D,AGT-024,,2026-09-01 16:27:57
99971000451,V3771F6D408,AGT-028,,2026-09-01 16:33:32
99971000202,VFB89BBA210,AGT-032,,2026-09-01 16:34:33
99971000803,VD1AB6E896A,AGT-005,,2026-09-01 16:36:52
99971000345,V19F8DB7679,AGT-018,,2026-09-01 17:02:09
99971001109,,,598b74f147cb5eea,2026-09-01 17:07:38
99971002142,VF518C97BB6,AGT-033,,2026-09-01 17:13:31
99971001917,VE78B403308,AGT-032,,2026-09-01 17:49:19
99971001778,,,8ed6567705e4a0e9,2026-09-01 18:02:48
99971001571,,,b4632f32cf2df0b4,2026-09-01 18:17:02
99971002319,,,600825d5b258efda,2026-09-01 18:24:23
99971001695,V91D7F6E0F2,AGT-031,,2026-09-01 18:33:01
99971000656,,,6b171e11a2688113,2026-09-01 18:35:48
99971002087,VF69CA202A8,AGT-029,,2026-09-01 18:48:58
99971000796,VC5792051CB,AGT-018,,2026-09-01 19:45:35
99971001759,V9177714437,AGT-003,,2026-09-01 19:59:30
99971002139,,,da7a1f0329c40651,2026-09-01 20:06:21
99971000599,V120C430E44,AGT-001,,2026-09-01 20:19:36
99971002377,V0E7D3498BB,AGT-027,,2026-09-01 20:40:13
99971002307,VFEA8D85D06,AGT-019,,2026-09-02 07:17:03
99971000911,V69EE1104D0,AGT-015,,2026-09-02 07:17:56
99971000990,,,a9dbd7724985466e,2026-09-02 07:33:14
99971001882,VAEE4E996D7,AGT-037,,2026-09-02 08:22:21
99971001892,V403870FC9F,AGT-032,,2026-09-02 09:07:18
99971001532,V7A2D8D3730,AGT-040,,2026-09-02 09:09:51
99971000244,V846CA005B0,AGT-038,,2026-09-02 09:55:55
99971000700,,,9e906f78a667b6f9,2026-09-02 10:02:18
99971000685,V513873F1B5,AGT-010,,2026-09-02 10:04:00
99971001506,,,4e4179104cadec0d,2026-09-02 10:48:06
99971000714,VDF20FB30DA,AGT-022,,2026-09-02 11:08:54
99971001177,VE1841B3518,AGT-020,,2026-09-02 11:21:25
99971002028,V54290EFF88,AGT-035,,2026-09-02 11:36:39
99971002059,,,061a984325cd1f90,2026-09-02 11:41:23
99971001652,V4A924E322F,AGT-022,,2026-09-02 11:42:24
99971001275,V7FF91C5523,AGT-027,,2026-09-02 11:51:37
99971000474,,,8cd182a3ee93f5d2,2026-09-02 12:15:30
99971001259,V057F35858F,AGT-028,,2026-09-02 12:21:19
99971001710,VA2E1B1B673,AGT-021,,2026-09-02 12:34:20
99971001150,V631EB17792,AGT-030,,2026-09-02 12:58:39
99971000944,V45555402D6,AGT-029,,2026-09-02 13:08:26
99971000162,VDCF5075A60,AGT-010,,2026-09-02 13:10:05
99971002210,VA65BB99F89,AGT-004,,2026-09-02 13:33:53
99971000536,,,e1db069c603e3ac5,2026-09-02 13:57:22
99971000651,V2A52A8956E,AGT-040,,2026-09-02 14:03:10
99971002032,,,7cbfd3c8fcc8f8ae,2026-09-02 14:09:50
99971000392,VAEC62C063E,AGT-007,,2026-09-02 14:16:01
99971001393,V5352209985,AGT-007,,2026-09-02 14:22:38
99971000492,V2812C54080,AGT-031,,2026-09-02 14:34:24
99971000676,VA5DE72B092,AGT-019,,2026-09-02 14:55:47
99971001607,VD4026CF717,AGT-029,,2026-09-02 15:02:43
99971001660,,,f632efdac7a7b42d,2026-09-02 15:03:32
99971000967,,,42a77278a2b76823,2026-09-02 15:07:52
99971000046,,,08e97d18e0c3850c,2026-09-02 15:13:51
99971000850,VB03FD174AC,AGT-029,,2026-09-02 15:18:17
99971000861,VE256A7DBB5,AGT-038,,2026-09-02 15:42:28
99971000951,,,ada3a56ff92a0a1d,2026-09-02 16:18:41
99971002225,,,38b68c96bde3eb48,2026-09-02 16:29:18
99971001999,V4F531C4C05,AGT-019,,2026-09-02 16:39:03
99971002076,V1F2EFCDD44,AGT-022,,2026-09-02 16:45:10
99971001431,VA86FC6AD95,AGT-015,,2026-09-02 16:50:40
99971000807,V4E04F66E9A,AGT-034,,2026-09-02 16:54:58
99971002102,V1E4ED61A16,AGT-006,,2026-09-02 17:12:01
99971000981,,,571bdc8e7ad16f81,2026-09-02 17:17:03
99971002178,VFF68C6E601,AGT-003,,2026-09-02 17:30:39
99971000523,V82477A52EF,AGT-040,,2026-09-02 18:02:16
99971000637,V34FB7E78C5,AGT-003,,2026-09-02 18:09:07
99971001680,V775A083269,AGT-013,,2026-09-02 18:25:40
99971000736,V6FE661A3FB,AGT-017,,2026-09-02 18:31:26
99971001405,V3F8AB6A21B,AGT-026,,2026-09-02 18:47:58
99971001775,VB85C66262A,AGT-026,,2026-09-02 18:55:35
99971000007,VF75D24F111,AGT-032,,2026-09-02 19:04:47
99971002215,VCDE8B0A5C0,AGT-015,,2026-09-02 19:20:32
99971002145,V2B1F3393C0,AGT-001,,2026-09-02 19:21:53
99971002097,V0C0903B4D9,AGT-026,,2026-09-02 19:23:53
99971001493,VE2383DFB2B,AGT-002,,2026-09-02 19:24:29
99971000351,,,2e71a65fd36a06a0,2026-09-02 19:41:29
99971000986,,,81997ae178bdd3b5,2026-09-02 19:57:31
99971000801,VD5F7533DE4,AGT-030,,2026-09-02 20:02:32
99971002017,V591DF7C175,AGT-004,,2026-09-02 20:28:14
99971000967,,,42a77278a2b76823,2026-09-02 20:29:50
99971002283,VED63951BC2,AGT-007,,2026-09-02 20:35:12
99971000802,VA2347D1D71,AGT-022,,2026-09-02 20:46:31
99971001710,V5827C306B4,AGT-001,,2026-09-03 07:01:34
99971000317,,,9e14894469ca111f,2026-09-03 07:05:14
99971002390,,,1c5b41b99419cac2,2026-09-03 07:12:01
99971000178,,,63932148e1e319d7,2026-09-03 07:15:57
99971002364,VEF388EA3D4,AGT-003,,2026-09-03 07:37:11
99971001103,V089FF1B53C,AGT-029,,2026-09-03 07:58:55
99971002002,V13D13A6A94,AGT-017,,2026-09-03 08:18:23
99971001336,VE92354DB78,AGT-024,,2026-09-03 08:27:20
99971002386,V2FCAE5880B,AGT-026,,2026-09-03 08:36:06
99971001093,V81839FA423,AGT-021,,2026-09-03 08:42:42
99971000695,,,ed36371e0bd2a232,2026-09-03 08:42:46
99971001600,V53F5DE18FB,AGT-033,,2026-09-03 08:44:58
99971000661,,,e3afc144a32db240,2026-09-03 08:47:57
99971002023,,,c98a67690f98f51e,2026-09-03 09:00:15
99971001172,VF7AFD7AB50,AGT-010,,2026-09-03 09:05:26
99971001641,VEA73AD13B6,AGT-019,,2026-09-03 09:11:18
99971000038,VF2703DAA6A,AGT-024,,2026-09-03 09:12:34
99971000865,,,84180b6e76076489,2026-09-03 09:22:25
99971000760,V2BE2B95A17,AGT-030,,2026-09-03 09:24:49
99971000685,VBF458F5B71,AGT-003,,2026-09-03 09:46:27
99971000400,,,40b4c47d69e91b16,2026-09-03 09:50:17
99971002250,VF4747F5A9C,AGT-030,,2026-09-03 09:58:21
99971000846,VA76F78939B,AGT-037,,2026-09-03 10:02:10
99971000902,V9B4F8E2A7B,AGT-019,,2026-09-03 10:05:40
99971001518,VC15B63E8B2,AGT-002,,2026-09-03 10:06:28
99971002177,V2D10B4DED8,AGT-039,,2026-09-03 10:18:25
99971001124,,,4f1040f474bcc12a,2026-09-03 11:00:34
99971000907,,,47e5fbd24804bcad,2026-09-03 11:03:22
99971001245,,,f8ffbe56ff23047e,2026-09-03 11:09:50
99971001771,VB6CD9BD4AB,AGT-027,,2026-09-03 11:26:24
99971000158,V80704839B2,AGT-005,,2026-09-03 11:43:00
99971001157,,,eb95a76f28fe1993,2026-09-03 11:49:59
99971000258,,,e604c8f273ab1af1,2026-09-03 11:50:16
99971000162,VC77E38FD2B,AGT-015,,2026-09-03 11:55:49
99971001697,V142B98827C,AGT-028,,2026-09-03 12:31:12
99971000403,VE163DB6CEE,AGT-008,,2026-09-03 12:31:51
99971001156,VDC60F4ECEA,AGT-035,,2026-09-03 12:37:46
99979400006,,,a3a6fe25658a0f1f,2026-09-03 12:51:40
99971000202,V4B81A343E8,AGT-011,,2026-09-03 12:54:09
99971000301,,,b7bc67c60c354505,2026-09-03 13:13:38
99971000685,V68771C5582,AGT-006,,2026-09-03 13:18:50
99971000279,VE230ED01A0,AGT-017,,2026-09-03 13:22:31
99971001811,VB7EFA3067E,AGT-035,,2026-09-03 13:30:30
99971000707,VC3E7548346,AGT-037,,2026-09-03 13:31:01
99971002059,,,061a984325cd1f90,2026-09-03 13:40:23
99971000936,VD9091C0388,AGT-015,,2026-09-03 13:47:55
99971000348,,,4381085163c6b744,2026-09-03 13:52:09
99971002384,V2DDB606B48,AGT-012,,2026-09-03 14:20:48
99971001057,,,09aa9fefaa6ce0b5,2026-09-03 14:32:24
99971000318,V9BA41CC6B9,AGT-023,,2026-09-03 14:41:18
99971001226,V1CBA174CBF,AGT-032,,2026-09-03 14:46:37
99971000588,V225BA78B8F,AGT-040,,2026-09-03 14:46:39
99971000828,,,7bdf5d7849ca4e50,2026-09-03 14:48:19
99971000372,VBCDF6F0EC3,AGT-040,,2026-09-03 14:52:43
99971002193,V814C73BC80,AGT-034,,2026-09-03 14:55:02
99971002217,V7BBD888C5A,AGT-038,,2026-09-03 14:59:45
99971001169,VE312922EB8,AGT-026,,2026-09-03 15:03:19
99971001745,VBCD2796579,AGT-030,,2026-09-03 15:08:47
99971001990,V67DA6382DC,AGT-019,,2026-09-03 15:12:59
99971002192,,,95dfde5200c78119,2026-09-03 15:16:59
99971001868,V2B6F12DB14,AGT-028,,2026-09-03 15:18:53
99971000055,V650895F7E1,AGT-029,,2026-09-03 15:59:59
99971002137,V5F781AAAF7,AGT-004,,2026-09-03 16:00:52
99971001902,VDF59662FE0,AGT-018,,2026-09-03 16:07:12
99971000798,VE764AD7270,AGT-020,,2026-09-03 16:14:37
99971000255,,,cd022e68dbc98275,2026-09-03 16:25:05
99971001343,V2FCC8DA7FC,AGT-038,,2026-09-03 16:40:26
99971002236,V8ED6E6E027,AGT-012,,2026-09-03 16:51:25
99971001834,VEB24708A43,AGT-037,,2026-09-03 17:45:39
99971000904,V7561AD21DE,AGT-019,,2026-09-03 18:06:46
99971001444,VF44F133286,AGT-002,,2026-09-03 18:18:33
99971001583,,,67c2bd5e3e6e4e10,2026-09-03 18:38:12
99971001357,V63846A7A5F,AGT-021,,2026-09-03 18:51:14
99971002238,V3A44E638BF,AGT-027,,2026-09-03 19:27:17
99971001269,V38962EB1BC,AGT-004,,2026-09-03 19:40:50
99971001445,,,c733691aca266b1f,2026-09-03 19:55:16
99971001919,VA6FCDF6D5A,AGT-010,,2026-09-03 20:08:05
99971001870,V17AFBEFF8D,AGT-016,,2026-09-03 20:17:30
99971000985,,,8654f823855116fc,2026-09-03 20:30:14
99971002073,,,cbf4ca5256cb90cf,2026-09-03 20:41:53
99971001416,V26C7C4189E,AGT-008,,2026-09-03 20:47:27
99971002395,V508D2C6C97,AGT-021,,2026-09-03 20:48:32
99971001948,VDBA0C3ECBE,AGT-036,,2026-09-04 07:11:08
99971001090,,,3dc48bf7878c3db5,2026-09-04 07:16:29
99971002047,VF500FD66C6,AGT-008,,2026-09-04 07:21:01
99971000866,,,9e7cb60e442dcb58,2026-09-04 07:28:00
99971000132,V6E3B25D42B,AGT-019,,2026-09-04 07:30:41
99971001364,,,0a8f75654f7df506,2026-09-04 07:57:15
99971000409,VD187BCB12E,AGT-013,,2026-09-04 08:04:16
99971001412,V9CCD813E0B,AGT-029,,2026-09-04 08:08:15
99971002137,VD8849E87B2,AGT-012,,2026-09-04 08:19:34
99971001459,,,437a4b2b68b86b19,2026-09-04 08:23:05
99971002087,V621DD0C78B,AGT-022,,2026-09-04 08:42:05
99971001955,V655E79C752,AGT-035,,2026-09-04 08:45:05
99971001400,V920FA2E382,AGT-022,,2026-09-04 08:56:07
99971000539,VE605F6717E,AGT-002,,2026-09-04 09:09:20
99971000603,V7FFF5DB8B5,AGT-029,,2026-09-04 09:10:36
99971000618,V620BC1C806,AGT-005,,2026-09-04 09:16:18
99971000568,VFCE87B45C5,AGT-008,,2026-09-04 09:25:45
99971001067,,,42d7d882b9f95473,2026-09-04 09:26:36
99971000056,VE8122213EC,AGT-035,,2026-09-04 09:46:48
99971000716,V3675660AD3,AGT-002,,2026-09-04 09:50:04
99971002183,VBCCAA6937C,AGT-012,,2026-09-04 10:11:09
99971001053,,,c3d974355fcffe27,2026-09-04 10:12:40
99971002233,,,6a1d62bff185b6d0,2026-09-04 10:16:38
99971000861,V310FB742F9,AGT-006,,2026-09-04 10:21:04
99971001709,VDBC1418340,AGT-021,,2026-09-04 10:34:55
99971001964,V03BDCDEF93,AGT-030,,2026-09-04 11:03:08
99971000494,,,0f02b524694c479b,2026-09-04 11:17:14
99971001433,V0E7878176E,AGT-029,,2026-09-04 11:21:04
99971001104,V7EC8DE9869,AGT-020,,2026-09-04 11:34:05
99971000871,V4C42E2AB2C,AGT-039,,2026-09-04 11:38:37
99971001264,VBE4663E1D6,AGT-035,,2026-09-04 11:47:47
99971000147,VF9AA7AA5EE,AGT-017,,2026-09-04 12:09:21
99971000969,V9EF76A535D,AGT-037,,2026-09-04 12:33:56
99971001129,,,e8931b0b8898de42,2026-09-04 12:38:13
99971001429,VB09295661C,AGT-011,,2026-09-04 12:42:05
99971001496,V654341C6D4,AGT-011,,2026-09-04 12:50:01
99971000711,,,2a177b71d2fba3e1,2026-09-04 12:58:54
99971001507,VF066F57D2B,AGT-031,,2026-09-04 13:16:43
99971000601,,,d5be43777369fc72,2026-09-04 13:31:40
99971001661,,,990a99a4c85d6a81,2026-09-04 13:47:21
99979500004,VB40D479772,AGT-666,,2026-09-04 13:48:49
99971000586,,,2cb3dbd81fa5816d,2026-09-04 13:51:26
99971002247,V1F4E1B61B5,AGT-016,,2026-09-04 13:57:55
99971001481,,,3e772b4fc45530e6,2026-09-04 14:08:09
99971001496,V4FAC3EE8C9,AGT-028,,2026-09-04 14:10:14
99971001785,V679DB2468C,AGT-032,,2026-09-04 14:15:58
99971000459,V6AB65A07B0,AGT-014,,2026-09-04 14:21:55
99971001130,VC388F98E7F,AGT-019,,2026-09-04 14:22:53
99971002326,V17D94398C6,AGT-015,,2026-09-04 14:33:32
99971000867,,,b3d6ae19d747a8c5,2026-09-04 14:47:51
99979400001,,,5d80a3072db2f05a,2026-09-04 14:50:28
99971000156,,,15f18967e09e9224,2026-09-04 14:51:38
99971002207,,,441d9277d71b2bd0,2026-09-04 15:02:33
99971001999,V9287CA461D,AGT-021,,2026-09-04 15:05:01
99971001301,,,df6d7997fe354490,2026-09-04 15:18:00
99971000839,V648E3190A3,AGT-004,,2026-09-04 15:23:05
99971001612,,,9f0713fa5f727dfa,2026-09-04 15:23:33
99971001566,V8C75141B10,AGT-022,,2026-09-04 15:41:15
99971000164,VD887E2D7E4,AGT-006,,2026-09-04 16:04:09
99971000938,V58BFCEA25D,AGT-026,,2026-09-04 16:06:49
99971001077,,,873383d23895ce78,2026-09-04 16:22:49
99971000014,,,7d323e5fe774f935,2026-09-04 16:22:54
99971000582,VAFD5A2D9D6,AGT-029,,2026-09-04 16:23:43
99971000231,V7F1416CE27,AGT-034,,2026-09-04 16:48:21
99971001054,,,008597715eca4f0f,2026-09-04 17:46:24
99971001673,VCE51194796,AGT-013,,2026-09-04 18:00:19
99971001091,V4E3E42F576,AGT-040,,2026-09-04 18:00:37
99971001103,VD4BF76B01A,AGT-024,,2026-09-04 18:09:48
99971000392,V25D71582F2,AGT-009,,2026-09-04 18:11:14
99971000545,V77F19B9AA5,AGT-033,,2026-09-04 18:12:35
99971001634,,,c6aba598320b827e,2026-09-04 18:24:19
99971000373,,,91e3ed0dfe536758,2026-09-04 19:14:22
99971001479,,,5eeddef9f88d7fe6,2026-09-04 19:18:14
99971002116,,,368faec17a6a8b9a,2026-09-04 19:19:22
99971001501,,,a69ad537768dcc72,2026-09-04 19:51:16
99971001758,,,609bcbc54c6ee16d,2026-09-04 19:51:35
99971001158,,,76f228fae2a809b4,2026-09-04 19:53:14
99971000606,V4A77947D4D,AGT-003,,2026-09-04 20:03:44
99971001022,,,cfbd1068aa4b1ac9,2026-09-04 20:26:34
99971000041,V4E6FEADA8C,AGT-036,,2026-09-04 20:32:30
99971001817,VB02DB8B355,AGT-016,,2026-09-05 07:21:55
99971000997,V004C0BCF2F,AGT-038,,2026-09-05 07:56:17
99971000386,V23586E176C,AGT-002,,2026-09-05 07:58:30
99971001083,,,46f3ee23c7b86626,2026-09-05 08:17:40
99971000640,VDA172634CF,AGT-029,,2026-09-05 08:22:39
99971000608,VB918271CCF,AGT-017,,2026-09-05 08:26:41
99971001934,,,7b100cae734785b4,2026-09-05 08:27:38
99971001005,V9ED9969574,AGT-031,,2026-09-05 08:30:37
99971001585,VA74114B43F,AGT-018,,2026-09-05 08:41:10
99971001270,V8F4EC5DC58,AGT-008,,2026-09-05 09:07:25
99971001598,V3E4DD68C2A,AGT-005,,2026-09-05 09:07:39
99971000508,,,b13c0ef68ab3ccd3,2026-09-05 09:20:22
99971001306,VAEE6E41A43,AGT-028,,2026-09-05 09:25:18
99971002274,,,d2949dc47cf8dc1e,2026-09-05 09:33:38
99971002187,VABC746C5C4,AGT-028,,2026-09-05 09:55:51
99971001831,V589B98D756,AGT-020,,2026-09-05 09:56:03
99971000357,,,7b2a2ce7399b3971,2026-09-05 10:10:56
99971002199,V489FD36D84,AGT-019,,2026-09-05 10:33:15
99971001712,V0235871811,AGT-020,,2026-09-05 10:51:18
99971001447,V06239A8C00,AGT-023,,2026-09-05 11:13:17
99971000171,VFBFD1D1E7D,AGT-037,,2026-09-05 11:27:17
99971000101,,,7f2b3c7cde121070,2026-09-05 11:28:13
99971002112,VD7175CFAEC,AGT-021,,2026-09-05 11:39:18
99971000324,V112AB5235F,AGT-003,,2026-09-05 11:44:40
99971002158,V1F117D4021,AGT-002,,2026-09-05 11:51:26
99971001421,V87182D3BE4,AGT-003,,2026-09-05 11:53:52
99971000112,V07A39EF4DC,AGT-035,,2026-09-05 12:07:16
99971002031,,,7cbfd3c8fcc8f8ae,2026-09-05 12:10:01
99971001746,,,fc5da6001b7540d2,2026-09-05 12:17:43
99971001524,VD5A8C7DDF6,AGT-034,,2026-09-05 12:30:58
99971000198,,,4270ec59d3675271,2026-09-05 12:45:46
99971001008,,,082b1a0731a281f0,2026-09-05 12:46:46
99971000803,VE7D5B1448F,AGT-039,,2026-09-05 13:17:55
99971000149,V514B3BE51F,AGT-031,,2026-09-05 13:22:14
99971000413,V647FB9CDFB,AGT-039,,2026-09-05 13:24:35
99971001360,VCCD8196AC1,AGT-011,,2026-09-05 13:33:45
99979400002,,,4f46eab918538c85,2026-09-05 14:03:14
99971002389,V6B75F1D891,AGT-038,,2026-09-05 14:18:10
99971000959,VF46758215A,AGT-024,,2026-09-05 14:30:52
99971002342,V08CFEDAE6E,AGT-037,,2026-09-05 14:37:14
99971000094,,,354cfeb115bf7ecc,2026-09-05 14:37:35
99971001349,V2BA5353B64,AGT-015,,2026-09-05 14:43:59
99971001763,V14DCFA681F,AGT-030,,2026-09-05 14:46:43
99971002262,,,39b19fda058e5227,2026-09-05 14:50:29
99971000645,V39F12BE8E9,AGT-025,,2026-09-05 14:51:06
99971001022,,,cfbd1068aa4b1ac9,2026-09-05 14:58:20
99971002201,V041C24CB9C,AGT-032,,2026-09-05 15:18:37
99971001783,V134A554150,AGT-031,,2026-09-05 15:19:56
99971002393,V10B95965DB,AGT-022,,2026-09-05 16:04:16
99971001502,,,775cfa011626feda,2026-09-05 16:04:21
99979500003,VEEEBB0F50F,AGT-666,,2026-09-05 16:14:58
99971002321,V3EBDDE03DD,AGT-009,,2026-09-05 16:22:11
99971002237,,,e12b7237c2a874dc,2026-09-05 16:44:42
99971001199,,,baed6b813867ce9d,2026-09-05 17:11:38
99971000693,V0AFD8F49ED,AGT-040,,2026-09-05 17:25:57
99971001159,V92824AABED,AGT-033,,2026-09-05 17:27:44
99971001633,VD5E60968A5,AGT-035,,2026-09-05 17:44:24
99971001696,VE07CE4ECC2,AGT-022,,2026-09-05 17:47:26
99971002386,V46F4BEA810,AGT-004,,2026-09-05 17:49:47
99979400001,,,5d80a3072db2f05a,2026-09-05 17:51:58
99971001298,V2B39948BFE,AGT-026,,2026-09-05 18:02:06
99971002301,VA4D83EBB09,AGT-002,,2026-09-05 18:11:25
99971000475,VF588658A6E,AGT-030,,2026-09-05 18:14:23
99971001263,V4CFEF26707,AGT-026,,2026-09-05 18:17:20
99971001647,VDB9FBFE07F,AGT-033,,2026-09-05 18:19:41
99971001984,V1DAE06F15F,AGT-029,,2026-09-05 18:27:38
99971001329,,,8a653738311f0bd9,2026-09-05 18:29:42
99971001118,,,b061d95bbbbc3e69,2026-09-05 18:59:17
99971001004,V5A40538D29,AGT-007,,2026-09-05 19:07:35
99971001836,,,624034ed50eeebd1,2026-09-05 19:19:51
99971002277,VF5AF4A8960,AGT-014,,2026-09-05 19:44:39
99971000139,,,db3c260ee1b37cda,2026-09-05 19:53:15
99971002227,,,5cbf02023fbe4aec,2026-09-05 20:07:23
99971002191,VCCBC879511,AGT-031,,2026-09-05 20:11:00
99971000460,VC17B2FA0F6,AGT-007,,2026-09-05 20:12:20
99971000355,,,27465e823d93faf0,2026-09-05 20:20:43
99971001115,V91DB8DDFD2,AGT-025,,2026-09-05 20:37:45
99971000417,VADB8089914,AGT-034,,2026-09-05 20:42:15
99971000208,,,a8934d92dd27d075,2026-09-05 20:43:21
99971000643,V7DA496ACAD,AGT-003,,2026-09-05 20:57:01
99971000109,,,7974eb0ae75ad539,2026-09-06 07:20:16
99971000114,,,3fa8743ccf5a455e,2026-09-06 07:21:04
99971001428,,,bf74384069b064ca,2026-09-06 07:24:29
99971002046,VF01C4FB5B7,AGT-017,,2026-09-06 07:46:44
99971001489,VD3BBC224FD,AGT-002,,2026-09-06 07:55:26
99971001285,,,e7563b3d984f6c51,2026-09-06 08:12:30
99971002059,,,061a984325cd1f90,2026-09-06 08:27:16
99971000397,V6A86E0340B,AGT-025,,2026-09-06 08:28:02
99971000970,V65459008DB,AGT-030,,2026-09-06 08:32:05
99971002251,V2F9B18B4A8,AGT-002,,2026-09-06 08:40:32
99971001472,V9A63054726,AGT-027,,2026-09-06 08:52:10
99971001609,,,1c7274ed99809b48,2026-09-06 09:02:21
99971001229,VD20C2C6D0A,AGT-011,,2026-09-06 09:09:00
99971000772,,,cb141a120b6938ad,2026-09-06 09:24:38
99971001326,V679FFFDF6A,AGT-033,,2026-09-06 09:40:09
99971000761,V1A56F18338,AGT-023,,2026-09-06 09:57:53
99971001533,VFC3B69E9D4,AGT-034,,2026-09-06 09:59:48
99971001854,VED74F1ED41,AGT-015,,2026-09-06 10:20:39
99971001742,,,241d57723c8ac8f9,2026-09-06 10:24:19
99971000778,VA2F42C1C11,AGT-033,,2026-09-06 10:34:34
99971000752,,,24daadfeee8d747c,2026-09-06 10:37:19
99971002173,,,50472d6f5517bcb9,2026-09-06 10:50:16
99971001310,,,6155799327e44e55,2026-09-06 11:06:29
99971001891,,,c28cc994987d6411,2026-09-06 11:57:42
99971001730,V4A6A8A5EB9,AGT-026,,2026-09-06 12:00:02
99971000021,VE2944AFFC2,AGT-037,,2026-09-06 12:31:57
99971000885,,,da381861540bfac5,2026-09-06 12:38:01
99971001334,V1D42A6DB85,AGT-020,,2026-09-06 12:38:17
99971000814,V7F72F550A5,AGT-006,,2026-09-06 12:38:39
99971001576,VB2721DFE78,AGT-025,,2026-09-06 13:19:42
99971001492,VD0BD0BF8E0,AGT-025,,2026-09-06 13:34:32
99971001174,VA24CAEF260,AGT-040,,2026-09-06 13:51:08
99971001791,V743CF83819,AGT-020,,2026-09-06 13:52:01
99971001775,V0F95570C9F,AGT-003,,2026-09-06 14:10:00
99971000996,V6D79FB2080,AGT-003,,2026-09-06 14:35:46
99971000801,V7FA258C2DA,AGT-007,,2026-09-06 14:50:56
99971001338,VDEE69EE77A,AGT-024,,2026-09-06 15:56:23
99971000335,V5456721EA0,AGT-016,,2026-09-06 16:02:35
99971000117,VB731AF79B6,AGT-026,,2026-09-06 16:07:00
99971002206,V21140562A4,AGT-027,,2026-09-06 16:23:20
99971000663,,,620b53154e164ecf,2026-09-06 16:31:03
99971001549,V4E8A416969,AGT-007,,2026-09-06 16:36:20
99971000640,VB4699FFF3B,AGT-007,,2026-09-06 16:59:09
99971000785,VAD3DB22C37,AGT-019,,2026-09-06 16:59:50
99971000367,VF2618CD307,AGT-033,,2026-09-06 17:46:37
99971001748,V697BF5D7C0,AGT-015,,2026-09-06 17:49:41
99971000769,V18F3303138,AGT-022,,2026-09-06 17:55:11
99971000101,,,7f2b3c7cde121070,2026-09-06 17:59:34
99971000698,,,da1ee03e8167f2d1,2026-09-06 18:03:54
99971000376,V39A16BA246,AGT-036,,2026-09-06 18:06:27
99971000005,,,60063c300dc13db3,2026-09-06 18:12:28
99971001536,VD2AB15A8B0,AGT-022,,2026-09-06 18:20:20
99971001665,,,55bab8b853235f14,2026-09-06 18:21:03
99971001593,,,07fdf317abca0cbf,2026-09-06 18:24:08
99971002181,V83824DF291,AGT-035,,2026-09-06 18:28:52
99971002185,,,948dc47a878edf1a,2026-09-06 18:34:53
99971000785,VDDCEC016DD,AGT-020,,2026-09-06 18:41:34
99971001501,,,a69ad537768dcc72,2026-09-06 18:50:12
99971000190,,,8bf65615e03ba221,2026-09-06 18:57:23
99971002250,V91378C6FB8,AGT-016,,2026-09-06 19:00:10
99971001458,,,6557e201eb09296d,2026-09-06 19:18:28
99971001705,,,2a7034753bbe40df,2026-09-06 19:44:47
99971000508,,,b13c0ef68ab3ccd3,2026-09-06 19:46:04
99971000125,VF7934C3D9A,AGT-022,,2026-09-06 19:55:43
99971000988,V1142FAB634,AGT-031,,2026-09-06 20:04:30
99971000692,VD6A4144D38,AGT-007,,2026-09-06 20:05:12
99971000768,V1597DF8C73,AGT-022,,2026-09-06 20:13:08
99971001024,VE7351D3731,AGT-036,,2026-09-06 20:22:18
99971001363,,,9eced4380eb11e55,2026-09-06 20:27:37
99971001050,,,3d7b5bd1395c5a55,2026-09-06 20:28:18
99971000378,,,61f40c47f37900b1,2026-09-06 20:32:32
99971000001,V564698F6F9,AGT-031,,2026-09-06 20:56:38
99971002113,V138E0AF780,AGT-034,,2026-09-06 20:56:49
99971001728,V5FA0E4EB66,AGT-032,,2026-09-07 07:02:06
99971001819,V0E89AF9D2F,AGT-034,,2026-09-07 07:03:06
99971002347,V26C73D077B,AGT-006,,2026-09-07 07:04:55
99971000668,V759A1E9708,AGT-003,,2026-09-07 07:07:00
99971000547,,,b018862ef90b7b1c,2026-09-07 07:15:20
99971001564,V4866D1344A,AGT-018,,2026-09-07 07:25:15
99971001926,VAFFA261405,AGT-032,,2026-09-07 07:27:42
99971000554,VF7D6324320,AGT-009,,2026-09-07 07:28:09
99971002311,,,6cdb027bbb9a726f,2026-09-07 07:29:19
99971002386,VF640FF5094,AGT-015,,2026-09-07 07:31:16
99971001308,V465C18FDEC,AGT-035,,2026-09-07 07:34:23
99971000076,V67AEA124A6,AGT-034,,2026-09-07 07:45:31
99971001752,V3D915AAF98,AGT-018,,2026-09-07 07:47:19
99971002305,VC45D7B488E,AGT-024,,2026-09-07 07:48:01
99971001634,,,c6aba598320b827e,2026-09-07 07:59:38
99971001191,,,164a4d91259fb8f2,2026-09-07 08:06:26
99971001159,V4C2B946715,AGT-019,,2026-09-07 08:08:37
99971002071,V1ECB2EA5A7,AGT-024,,2026-09-07 08:14:52
99971000129,V6E8E52C768,AGT-037,,2026-09-07 08:28:26
99971000546,V295562392D,AGT-002,,2026-09-07 08:33:41
99971000349,V11FCF1B422,AGT-014,,2026-09-07 08:34:04
99971002339,VD03C9D06CD,AGT-018,,2026-09-07 08:42:20
99971002077,,,093ddf559924984a,2026-09-07 09:17:50
99971000339,V93C993B561,AGT-003,,2026-09-07 09:35:43
99971002289,,,92cbfa03ef894d69,2026-09-07 09:46:49
99971001881,,,76ce0529a2ed9a67,2026-09-07 10:00:17
99971002118,,,952f7e71d2ca004e,2026-09-07 10:09:30
99971001767,V93D78D2197,AGT-005,,2026-09-07 10:11:14
99971000713,V2DCBB5E097,AGT-004,,2026-09-07 10:14:20
99971001288,,,c4d7d06b38481750,2026-09-07 10:20:08
99971001325,V8684F4E239,AGT-002,,2026-09-07 10:38:50
99971000597,VB5594A2D69,AGT-006,,2026-09-07 10:56:37
99971000126,V4544B7962A,AGT-018,,2026-09-07 11:03:45
99971001284,VEE5321EF4C,AGT-026,,2026-09-07 11:06:04
99971000128,V4DCA29261D,AGT-019,,2026-09-07 11:30:37
99971002050,V1974A6E8DB,AGT-001,,2026-09-07 11:37:40
99971001881,,,76ce0529a2ed9a67,2026-09-07 11:40:21
99971000121,VD6AEF607D8,AGT-023,,2026-09-07 11:41:01
99971001949,VB8FA01B994,AGT-039,,2026-09-07 11:45:33
99971001101,,,0444733fdc3b7726,2026-09-07 11:55:49
99971001069,VDAC2B13928,AGT-039,,2026-09-07 11:58:22
99971001996,V996FE41214,AGT-039,,2026-09-07 11:58:37
99971000042,VEBAEB0FA8B,AGT-025,,2026-09-07 12:03:59
99971001075,V6663203C7E,AGT-036,,2026-09-07 12:14:39
99971000104,,,4113afdc87cfae25,2026-09-07 12:23:58
99971000690,VB7A8325200,AGT-001,,2026-09-07 12:28:52
99971002263,,,f566cf9271cadf99,2026-09-07 12:30:43
99979500005,V2BBEA7C9DA,AGT-666,,2026-09-07 12:35:11
99971000320,V838DA26957,AGT-019,,2026-09-07 12:55:16
99971000353,VEC86FE96E7,AGT-010,,2026-09-07 12:55:40
99971001158,,,76f228fae2a809b4,2026-09-07 13:04:56
99971001966,V56B3E3EF1E,AGT-001,,2026-09-07 13:13:20
99971000987,V9078ADF10A,AGT-013,,2026-09-07 13:34:09
99971002358,,,db8ac2bea8c0818c,2026-09-07 13:35:19
99971001507,VFE4D7ACAC8,AGT-005,,2026-09-07 13:40:44
99971001501,,,a69ad537768dcc72,2026-09-07 13:44:22
99971001560,V2725179A5E,AGT-026,,2026-09-07 13:47:56
99971000248,,,dab6279b326bdaea,2026-09-07 14:06:12
99971001768,V1E830C3998,AGT-009,,2026-09-07 14:07:02
99971002002,VF74E201BF6,AGT-032,,2026-09-07 14:13:26
99971002344,V765639C6DB,AGT-027,,2026-09-07 14:24:17
99971002063,V862FDAD8C3,AGT-024,,2026-09-07 14:38:43
99971002214,V34FB7AB75E,AGT-012,,2026-09-07 14:45:35
99971000337,V389BE872CC,AGT-034,,2026-09-07 14:54:54
99971001284,V729A3489FE,AGT-030,,2026-09-07 15:01:11
99971002102,V8C382FA376,AGT-040,,2026-09-07 15:11:04
99971002027,VF826293F98,AGT-014,,2026-09-07 15:24:58
99971002156,VA6665E25F0,AGT-034,,2026-09-07 15:37:48
99971001348,V0E20A5B8A3,AGT-026,,2026-09-07 15:40:43
99971000983,V53B4BE6A12,AGT-001,,2026-09-07 16:01:50
99971000402,,,a9df2153b561bf81,2026-09-07 16:09:57
99971000174,,,98912fb37869f971,2026-09-07 16:11:30
99971001244,V67D25CDC02,AGT-036,,2026-09-07 16:30:47
99971000403,V4CBCC0C46C,AGT-023,,2026-09-07 16:37:46
99971000411,V79C01717E5,AGT-039,,2026-09-07 16:55:15
99971001132,VD3401682F3,AGT-020,,2026-09-07 17:15:09
99971000375,,,2b3c1230a6350eec,2026-09-07 17:59:40
99971001034,VF20F0B24B2,AGT-021,,2026-09-07 18:10:45
99971001902,V5120C494A0,AGT-032,,2026-09-07 18:19:17
99971000631,VAF4D955C45,AGT-023,,2026-09-07 18:19:36
99971001097,,,0eef745568db509c,2026-09-07 18:51:59
99971000554,VC45582CFE1,AGT-030,,2026-09-07 18:52:43
99971002266,V31B6D7E53B,AGT-031,,2026-09-07 19:03:13
99971000197,V506881B579,AGT-040,,2026-09-07 19:07:51
99971002279,VB40CFBF4EE,AGT-008,,2026-09-07 19:31:10
99971000634,,,71658db7c7cce8f0,2026-09-07 19:40:46
99971001703,V7CCF5C92DF,AGT-040,,2026-09-07 20:00:14
99971001446,VEE69C1971D,AGT-031,,2026-09-07 20:01:12
99971001127,VC98DDDE0BD,AGT-014,,2026-09-07 20:01:46
99971001724,V8E9E9C8525,AGT-013,,2026-09-07 20:08:18
99971001029,VCDDFA49C5C,AGT-025,,2026-09-07 20:13:11
99971001000,,,484760eadafdbe20,2026-09-07 20:17:27
99971002274,,,d2949dc47cf8dc1e,2026-09-07 20:20:56
99971001909,VFA74BC698F,AGT-030,,2026-09-07 20:22:18
99971000304,V7D0016BAEA,AGT-004,,2026-09-07 20:33:44
99971001552,,,7521a70fc1e2e2fd,2026-09-07 20:43:27
99971002225,,,38b68c96bde3eb48,2026-09-08 07:03:40
99971000966,V2615A2E62A,AGT-015,,2026-09-08 07:18:21
99971000346,,,20ec662563c706df,2026-09-08 07:18:31
99971001682,,,e688a7d0d5455d8d,2026-09-08 07:24:37
99971000189,VA4429C06A9,AGT-026,,2026-09-08 07:24:50
99971000420,,,8810f927d48763c9,2026-09-08 07:31:20
99971000460,V0F6AA14C36,AGT-033,,2026-09-08 07:54:52
99971000020,VE3DE2D1EDA,AGT-029,,2026-09-08 08:29:58
99971000957,VC62FF730E7,AGT-010,,2026-09-08 08:32:30
99971001752,V2484D9529F,AGT-010,,2026-09-08 08:35:20
99971002048,V48DCA88D50,AGT-004,,2026-09-08 09:11:45
99971001061,VD329B4610C,AGT-015,,2026-09-08 09:38:55
99971000145,V59B7F20947,AGT-005,,2026-09-08 10:02:47
99971001940,V5F2F5D563B,AGT-021,,2026-09-08 10:28:54
99971000657,,,09d7cc93d4976430,2026-09-08 10:52:59
99971001664,,,80d42e93bd138176,2026-09-08 11:06:08
99971000940,VD5DC397B93,AGT-020,,2026-09-08 11:07:47
99971001335,VC2E0BC40A4,AGT-019,,2026-09-08 11:15:30
99971001565,VD0520F4CCA,AGT-039,,2026-09-08 11:44:35
99971000513,V14370B9D3A,AGT-011,,2026-09-08 11:45:47
99971000114,,,3fa8743ccf5a455e,2026-09-08 11:54:23
99971001237,,,d9c9ca6c465e7162,2026-09-08 12:03:42
99971001599,VFA537F5784,AGT-015,,2026-09-08 12:07:24
99971001354,V93DDB37596,AGT-003,,2026-09-08 12:16:05
99971000632,V2E27A7C9BD,AGT-018,,2026-09-08 12:16:42
99971002140,V34286900C2,AGT-031,,2026-09-08 12:17:10
99971000993,VAED9794621,AGT-026,,2026-09-08 12:46:13
99971000276,,,4260d1eb1e1c21fe,2026-09-08 12:52:02
99971000005,,,60063c300dc13db3,2026-09-08 12:57:56
99971000744,,,a989ad44aad7036a,2026-09-08 13:03:48
99971000248,,,dab6279b326bdaea,2026-09-08 13:16:57
99971002337,,,e7ceb8ac4ab33bcf,2026-09-08 13:17:35
99979400005,,,dcd660e355725e03,2026-09-08 13:22:12
99971001772,V2B67BB4288,AGT-014,,2026-09-08 13:23:06
99971000708,,,8b9d8b0797a9800a,2026-09-08 13:25:26
99971000365,V3ED3E52C05,AGT-019,,2026-09-08 13:28:03
99971001234,VA54C7230F5,AGT-034,,2026-09-08 13:46:07
99971000744,,,a989ad44aad7036a,2026-09-08 13:56:47
99971000307,VCE60065056,AGT-010,,2026-09-08 14:00:05
99971001268,V4C10F632DF,AGT-012,,2026-09-08 14:05:31
99971000407,V462B253EA6,AGT-016,,2026-09-08 14:32:53
99971001704,V741C9FF28F,AGT-013,,2026-09-08 14:41:52
99971001542,VF5CDBCBFAF,AGT-022,,2026-09-08 14:42:51
99971000194,,,c08840b9d0aedb36,2026-09-08 14:49:24
99971001801,V5BE7FB28FD,AGT-012,,2026-09-08 14:54:01
99971000549,V9635160FD8,AGT-034,,2026-09-08 15:24:50
99971001173,V77DA463C61,AGT-029,,2026-09-08 15:27:57
99971001363,,,9eced4380eb11e55,2026-09-08 15:31:40
99971002274,,,d2949dc47cf8dc1e,2026-09-08 15:45:02
99971000003,V28F8476294,AGT-024,,2026-09-08 15:54:21
99971001082,VE25180120B,AGT-035,,2026-09-08 16:03:37
99971002048,V6C697A4C64,AGT-035,,2026-09-08 16:10:47
99971001772,V50689A4EDA,AGT-012,,2026-09-08 16:59:04
99971001840,,,64a39042d1ea19b4,2026-09-08 17:14:26
99971001933,,,7b100cae734785b4,2026-09-08 17:20:48
99971002367,V08E68A0D3B,AGT-023,,2026-09-08 17:22:05
99971000776,VF839312F1D,AGT-040,,2026-09-08 17:36:38
99971000357,,,7b2a2ce7399b3971,2026-09-08 17:47:44
99971000317,,,9e14894469ca111f,2026-09-08 17:48:49
99971002002,V277C14DAE9,AGT-030,,2026-09-08 17:54:00
99971001922,V0DD8726BE0,AGT-015,,2026-09-08 18:03:11
99971001195,V4B80D86C35,AGT-007,,2026-09-08 18:10:49
99971002118,,,952f7e71d2ca004e,2026-09-08 18:21:30
99971001411,V3AA97F6440,AGT-021,,2026-09-08 18:28:53
99971000879,V8BD2CC4C2F,AGT-027,,2026-09-08 18:39:17
99971001026,VA351DDC0A8,AGT-001,,2026-09-08 18:40:41
99971001593,,,07fdf317abca0cbf,2026-09-08 18:51:47
99971001661,,,990a99a4c85d6a81,2026-09-08 18:58:00
99971000731,V773132BA4D,AGT-031,,2026-09-08 19:34:19
99971000779,VC4BB9BEB9D,AGT-040,,2026-09-08 19:34:19
99971000553,V93BE959B99,AGT-008,,2026-09-08 19:40:23
99971000762,,,9d503facbab6a923,2026-09-08 19:43:58
99971000413,VE932C924D4,AGT-012,,2026-09-08 20:05:53
99971001019,V425051A782,AGT-038,,2026-09-08 20:20:30
99971000672,VD6957F3413,AGT-011,,2026-09-08 20:20:55
99971001533,VA61533F197,AGT-013,,2026-09-08 20:28:45
99971001851,,,e70ac6717db3baa3,2026-09-08 20:51:30
99971001458,,,6557e201eb09296d,2026-09-08 20:56:48
99971000685,VEA1E548267,AGT-004,,2026-09-09 07:01:46
99971001550,,,04da9dacf1d7160a,2026-09-09 07:16:01
99971001398,VEECA4DA2A8,AGT-026,,2026-09-09 07:41:26
99971000212,V2E7725F0F4,AGT-034,,2026-09-09 07:42:46
99971000482,V8DB2E7A0CF,AGT-012,,2026-09-09 07:42:49
99971001268,V9FEF172112,AGT-004,,2026-09-09 07:51:43
99971000904,V7C15556791,AGT-033,,2026-09-09 08:14:18
99971002243,,,83b9bc1ae2e58dc5,2026-09-09 08:40:17
99971000025,V7565C4EEE2,AGT-022,,2026-09-09 08:54:58
99971000497,,,38de4ce2428bad98,2026-09-09 09:29:36
99971000168,,,1f81826ac80b8412,2026-09-09 09:34:22
99971001692,V2962644D58,AGT-015,,2026-09-09 10:09:06
99971000839,V5C56520D7A,AGT-009,,2026-09-09 10:39:53
99971001806,VC46BB7A2CB,AGT-036,,2026-09-09 10:42:14
99971001038,V58A7439F6C,AGT-029,,2026-09-09 10:54:20
99971002278,V97F5CF0647,AGT-007,,2026-09-09 11:36:13
99971002272,V9F0A0AD18A,AGT-036,,2026-09-09 11:48:21
99971001394,,,2b6406b9d5a62ceb,2026-09-09 12:13:09
99971001650,V9B9568B76A,AGT-037,,2026-09-09 12:33:25
99971001425,,,38e75815436a9f41,2026-09-09 12:47:14
99971001773,V6F4BE19975,AGT-025,,2026-09-09 12:47:52
99971001499,V57286DB618,AGT-034,,2026-09-09 12:54:55
99971000046,,,08e97d18e0c3850c,2026-09-09 12:58:54
99971001666,VEC149E6E71,AGT-024,,2026-09-09 13:05:43
99971000188,V1CE4A58C01,AGT-014,,2026-09-09 13:10:34
99971002174,V5225ED1738,AGT-008,,2026-09-09 13:31:00
99971000310,VF5528BA4FD,AGT-004,,2026-09-09 13:34:11
99971000041,V777CFD34DC,AGT-001,,2026-09-09 13:50:54
99971000480,V7BF8E4F130,AGT-031,,2026-09-09 13:51:28
99971000797,V0E0D487F38,AGT-012,,2026-09-09 13:56:59
99971001088,,,da295b6d4141f160,2026-09-09 14:14:48
99979500002,VMULE00000A1,AGT-666,,2026-09-09 14:22:01
99971001835,VABE47C906C,AGT-032,,2026-09-09 14:35:58
99971000192,,,d6caa76121d19390,2026-09-09 14:39:27
99971001225,VB850397DD2,AGT-004,,2026-09-09 14:42:21
99971000814,VCD2ABE0829,AGT-029,,2026-09-09 14:42:43
99971000163,VADAA6BC487,AGT-013,,2026-09-09 14:43:16
99971001338,VC41704ED52,AGT-017,,2026-09-09 15:02:27
99971001722,,,2872039d45b72513,2026-09-09 15:02:30
99971000522,,,6ad44651a219db40,2026-09-09 15:07:37
99971000537,V01E17152A8,AGT-039,,2026-09-09 15:19:48
99971001115,VD182782629,AGT-018,,2026-09-09 15:27:20
99971000357,,,7b2a2ce7399b3971,2026-09-09 15:29:22
99971001283,,,3975ad0a5ca8c306,2026-09-09 15:33:08
99971001335,V1E486042FB,AGT-024,,2026-09-09 16:14:05
99971001183,V1D548D4BFF,AGT-025,,2026-09-09 16:37:31
99971000494,,,0f02b524694c479b,2026-09-09 16:42:53
99971001786,VDB896364A6,AGT-002,,2026-09-09 16:59:25
99971001671,VECA66EB2FE,AGT-015,,2026-09-09 17:18:43
99971001920,V029B8E2620,AGT-020,,2026-09-09 17:24:18
99971001403,,,36eaf20270b9618b,2026-09-09 17:26:54
99971000990,,,a9dbd7724985466e,2026-09-09 17:31:50
99971001664,,,80d42e93bd138176,2026-09-09 17:50:35
99979500003,V94F646805A,AGT-666,,2026-09-09 17:54:03
99971002138,,,cab169d5f6b45e5b,2026-09-09 18:02:50
99971000771,V26B4923E40,AGT-038,,2026-09-09 18:14:55
99971000089,,,59718abc1562c3d2,2026-09-09 18:29:31
99971001620,,,10f1c6c415c421cd,2026-09-09 19:11:10
99971000063,,,78fd83dc68e8f5cd,2026-09-09 19:11:21
99971000701,V760BCF14BE,AGT-017,,2026-09-09 19:11:36
99971001007,V5375462526,AGT-009,,2026-09-09 19:30:42
99971000831,,,f735a5425a05eab5,2026-09-09 19:51:26
99971001592,V12B45ACF5F,AGT-003,,2026-09-09 19:58:28
99971001233,VFEE4703452,AGT-030,,2026-09-09 20:29:53
99971000475,V9BFC64F9AF,AGT-025,,2026-09-09 20:35:54
99971000886,V424B695D52,AGT-030,,2026-09-09 20:45:16
99971000191,V986683A8B5,AGT-026,,2026-09-10 07:24:41
99971000441,V7EF99646EE,AGT-005,,2026-09-10 07:28:00
99971000654,VA4B1723038,AGT-024,,2026-09-10 07:40:44
99971001504,VFDE913977E,AGT-034,,2026-09-10 07:43:49
99971002327,V1E2689CC10,AGT-029,,2026-09-10 07:45:06
99971000946,,,05e2ff4b510b3bac,2026-09-10 07:47:47
99971001951,V4E41A2FE37,AGT-031,,2026-09-10 07:49:13
99971000616,,,191481d83efe3fac,2026-09-10 08:03:35
99971001575,,,c8d71c800cf9bf89,2026-09-10 08:21:22
99971000147,VDBBA40C1EC,AGT-026,,2026-09-10 08:24:40
99971001584,,,4b53ac6de6ac3fd5,2026-09-10 08:46:14
99971000750,,,91e5584fb191c76e,2026-09-10 08:46:54
99971000952,VF2DF95BF30,AGT-004,,2026-09-10 08:58:54
99971000684,V848CC8E159,AGT-031,,2026-09-10 09:00:07
99971000521,VC03EB6150F,AGT-020,,2026-09-10 09:08:16
99971000917,V6957BA427C,AGT-019,,2026-09-10 09:14:01
99971000122,,,55dec82026d40c7a,2026-09-10 09:56:55
99971000618,V3D265E4F52,AGT-021,,2026-09-10 10:20:36
99971001055,,,3c231287668c73bf,2026-09-10 10:30:58
99971001353,VE106EB22E7,AGT-029,,2026-09-10 10:34:06
99971000838,VCF89221407,AGT-034,,2026-09-10 10:35:27
99971001132,V09F3C22EF0,AGT-035,,2026-09-10 10:54:02
99971000929,VAFCBE9C882,AGT-038,,2026-09-10 11:01:44
99971001519,V02043F4D3B,AGT-017,,2026-09-10 11:20:00
99971001102,,,36499cd6a29b91e2,2026-09-10 11:42:18
99971001412,VFD3508F9B2,AGT-040,,2026-09-10 12:07:02
99971002148,V2ECBAC375B,AGT-036,,2026-09-10 12:22:05
99971001044,V2CD1F010F8,AGT-035,,2026-09-10 12:29:45
99971000394,,,54b3ca2310013e90,2026-09-10 12:47:43
99971000343,V8B58C18E59,AGT-027,,2026-09-10 12:49:21
99971001572,V62B158FE07,AGT-006,,2026-09-10 13:35:09
99971001100,V06FCF060DE,AGT-035,,2026-09-10 13:38:54
99971000640,V6E32E6F6C5,AGT-019,,2026-09-10 13:54:46
99971000801,V8873D28711,AGT-027,,2026-09-10 14:02:41
99971000914,VFF6B97D804,AGT-020,,2026-09-10 14:03:04
99971001422,VCCC30A6772,AGT-038,,2026-09-10 14:20:43
99971002191,V035161CFE4,AGT-033,,2026-09-10 14:46:24
99971000303,V31D0759CB2,AGT-039,,2026-09-10 14:51:00
99971000708,,,8b9d8b0797a9800a,2026-09-10 15:00:04
99971000112,V2664053621,AGT-038,,2026-09-10 15:13:24
99971001601,V5FEC351CEF,AGT-026,,2026-09-10 15:22:31
99971001704,V6CCE32D36A,AGT-009,,2026-09-10 15:23:27
99979500001,VMULE00000A1,AGT-666,,2026-09-10 15:31:27
99971001123,VEF978CE356,AGT-010,,2026-09-10 15:35:24
99971000698,,,da1ee03e8167f2d1,2026-09-10 15:47:34
99971000587,VA3F1177521,AGT-021,,2026-09-10 16:12:30
99971001334,VFB9A336BE8,AGT-032,,2026-09-10 16:14:47
99971001408,VC373CDC43C,AGT-026,,2026-09-10 16:19:34
99971000733,VD6326A7BBA,AGT-024,,2026-09-10 16:23:09
99971000809,,,affbf8b0bff13ffa,2026-09-10 16:24:28
99971002050,V2120070287,AGT-026,,2026-09-10 16:59:49
99971001523,VD05B825A08,AGT-026,,2026-09-10 17:03:55
99971000516,,,e1ac15cd4994eb14,2026-09-10 17:11:18
99971000759,,,bea73d35c6c429de,2026-09-10 17:16:57
99971000867,,,b3d6ae19d747a8c5,2026-09-10 17:17:36
99971001147,V69619019DE,AGT-026,,2026-09-10 17:29:59
99971001099,VB1AE5581AB,AGT-009,,2026-09-10 17:45:20
99971001645,,,bf11ab0c2022520c,2026-09-10 17:56:11
99971001112,,,7d3009a798ae466a,2026-09-10 18:08:17
99971001037,V4C66193D8A,AGT-037,,2026-09-10 19:11:54
99971000978,V46CCB2FB4A,AGT-007,,2026-09-10 19:15:21
99971000762,,,9d503facbab6a923,2026-09-10 19:21:18
99971000599,VE07059BFC2,AGT-015,,2026-09-10 19:23:50
99971000117,V216BB3F16A,AGT-004,,2026-09-10 19:27:46
99971002215,V5992A0B32B,AGT-035,,2026-09-10 19:35:27
99971002246,,,fae9609087ad423e,2026-09-10 19:57:27
99971000788,VC911173BAB,AGT-007,,2026-09-10 20:04:37
99971001481,,,3e772b4fc45530e6,2026-09-10 20:15:45
99971000583,V4EDC8B6075,AGT-024,,2026-09-10 20:30:11
99971000483,V458F6A4A68,AGT-020,,2026-09-10 20:38:02
99971001236,,,00a793066661a824,2026-09-10 20:49:43
99971002213,,,662985d08ccfc9af,2026-09-11 07:13:03
99971001457,VC4903FAA09,AGT-022,,2026-09-11 08:05:34
99971000141,,,4f107951d8755e56,2026-09-11 08:13:48
99971001103,V0C8CDEA6D5,AGT-007,,2026-09-11 08:15:57
99971001851,,,e70ac6717db3baa3,2026-09-11 08:37:44
99971002181,VAA0125253A,AGT-035,,2026-09-11 08:42:07
99971001662,VC371470A81,AGT-022,,2026-09-11 08:51:21
99971000771,V3CCD32563D,AGT-025,,2026-09-11 08:56:43
99971001083,,,46f3ee23c7b86626,2026-09-11 08:59:12
99971001943,V95176AB79C,AGT-028,,2026-09-11 09:19:47
99971001581,VCAFB525011,AGT-003,,2026-09-11 09:29:57
99971000718,,,ebee0c698c464a08,2026-09-11 09:38:41
99971001807,,,b6c6d34cc72505cb,2026-09-11 09:41:01
99971000679,VD88B55471D,AGT-022,,2026-09-11 09:59:09
99971001053,,,c3d974355fcffe27,2026-09-11 10:14:11
99971000691,,,d1a71d468a729dff,2026-09-11 10:19:30
99971001329,,,8a653738311f0bd9,2026-09-11 10:33:51
99971001917,V862B46E62C,AGT-032,,2026-09-11 10:40:03
99971001725,VB40FA4D46E,AGT-016,,2026-09-11 10:40:13
99971000191,V98AFFC07F7,AGT-003,,2026-09-11 10:49:03
99971000559,VEE51860B46,AGT-027,,2026-09-11 10:52:41
99971001635,V809298B9F7,AGT-018,,2026-09-11 11:13:09
99971002339,VFE83146C31,AGT-010,,2026-09-11 11:29:54
99971000982,V9229FF7014,AGT-005,,2026-09-11 12:20:58
99971000950,V1F5C3A6689,AGT-025,,2026-09-11 12:40:20
99971000692,V5A7666FDCD,AGT-017,,2026-09-11 12:53:16
99971001500,,,bf3ac8f5d759ccac,2026-09-11 12:59:51
99971001067,,,42d7d882b9f95473,2026-09-11 13:17:45
99971001110,V7DFE7F1065,AGT-009,,2026-09-11 13:37:43
99971000849,,,5875472544ed89d2,2026-09-11 13:43:15
99971000273,,,61e0366f5733c870,2026-09-11 14:03:55
99971001036,VE4A723CE0A,AGT-003,,2026-09-11 14:25:18
99971000525,V8CC10B0118,AGT-012,,2026-09-11 14:25:47
99971001593,,,07fdf317abca0cbf,2026-09-11 14:42:09
99971000474,,,8cd182a3ee93f5d2,2026-09-11 15:26:10
99971002193,V730D9526A9,AGT-020,,2026-09-11 15:43:09
99971000683,VEA90C92CFE,AGT-013,,2026-09-11 15:44:37
99971001716,V0B18C21CBF,AGT-022,,2026-09-11 15:45:48
99971000883,V3FEA520804,AGT-032,,2026-09-11 16:04:06
99971001853,V5C2F8B4DCF,AGT-030,,2026-09-11 16:13:42
99971001702,V15CE33C9EC,AGT-014,,2026-09-11 16:20:48
99971000311,V2CFB321678,AGT-012,,2026-09-11 16:21:57
99971001077,,,873383d23895ce78,2026-09-11 16:32:23
99971002032,,,7cbfd3c8fcc8f8ae,2026-09-11 16:35:27
99971000869,V51CDCA49F8,AGT-004,,2026-09-11 16:36:42
99971002399,V08EA873522,AGT-013,,2026-09-11 16:50:17
99971001790,,,f26352f9661e1a24,2026-09-11 16:53:20
99971001490,V20458E5B33,AGT-035,,2026-09-11 17:12:52
99971001484,,,36cfc6f450952d23,2026-09-11 17:12:55
99971001430,V6710DA85E1,AGT-024,,2026-09-11 17:20:25
99971000353,V088A28244C,AGT-033,,2026-09-11 17:39:07
99971000373,,,91e3ed0dfe536758,2026-09-11 17:40:32
99971000239,V5B7BEB098B,AGT-019,,2026-09-11 17:53:52
99971002284,,,5dd61281bd10c252,2026-09-11 19:10:48
99971001372,V7F92F0EF90,AGT-019,,2026-09-11 19:24:28
99971002034,,,6bfc37461ed6272d,2026-09-11 19:30:35
99971000407,V883F05E838,AGT-028,,2026-09-11 19:59:18
99971000809,,,affbf8b0bff13ffa,2026-09-11 20:29:55
99971001073,VDB44BE2372,AGT-021,,2026-09-11 20:31:09
99971001389,V328A053ACB,AGT-023,,2026-09-11 20:38:14
99971001433,VB8BEC36B67,AGT-040,,2026-09-11 20:43:18
99971001107,V2676074C0B,AGT-033,,2026-09-11 20:51:48
99971002167,VB66170F9E7,AGT-005,,2026-09-12 07:18:00
99971001524,V57BF3EC2D7,AGT-010,,2026-09-12 07:28:29
99971000222,VBBD169367F,AGT-037,,2026-09-12 07:45:19
99971002149,V098A25F6A9,AGT-005,,2026-09-12 07:49:28
99971001405,VD5C68BB131,AGT-007,,2026-09-12 07:52:42
99971002226,,,15f6778401150530,2026-09-12 07:58:36
99971001542,V799A84ECDE,AGT-031,,2026-09-12 08:09:22
99971001057,,,09aa9fefaa6ce0b5,2026-09-12 08:13:20
99971001946,VBE94C17D7E,AGT-031,,2026-09-12 08:17:22
99971001748,V10138C3A98,AGT-018,,2026-09-12 08:22:20
99971002027,V4BB9146A44,AGT-034,,2026-09-12 08:26:43
99971000416,V87BD97A507,AGT-016,,2026-09-12 08:28:16
99971002149,VDF3106D869,AGT-024,,2026-09-12 08:43:45
99971001596,,,88b038f17eaca245,2026-09-12 09:13:10
99971002250,V38B817F275,AGT-007,,2026-09-12 09:30:39
99971001468,V151BE4B910,AGT-033,,2026-09-12 09:57:58
99971002244,VB379C2D93D,AGT-024,,2026-09-12 10:16:33
99971000513,V7B79B1DB22,AGT-013,,2026-09-12 10:29:52
99979500003,VMULE00000A2,AGT-666,,2026-09-12 10:59:50
99971002048,V1B218F18E7,AGT-011,,2026-09-12 11:02:01
99971001184,,,9c5dfdf74b1e75fb,2026-09-12 11:03:13
99971002295,,,2fa46477ba572820,2026-09-12 11:12:32
99971001335,V3D664CD84E,AGT-006,,2026-09-12 11:28:14
99971000107,V8B78E6BBEF,AGT-001,,2026-09-12 11:31:53
99971000244,V1AE7E43EAB,AGT-009,,2026-09-12 11:37:04
99971002289,,,92cbfa03ef894d69,2026-09-12 12:34:23
99971000098,V1BEB4C1DF2,AGT-035,,2026-09-12 12:54:29
99971000612,VAC94555CFD,AGT-007,,2026-09-12 13:01:22
99971000177,,,ea1c86aa75f03785,2026-09-12 13:01:23
99971001472,V9CE66C26D6,AGT-028,,2026-09-12 13:09:21
99971000445,VE8CAAAF24E,AGT-017,,2026-09-12 13:15:23
99971000083,,,17e9427d09a1ea9c,2026-09-12 13:29:33
99971001914,V278D462F4E,AGT-039,,2026-09-12 13:29:36
99971000985,,,8654f823855116fc,2026-09-12 13:33:40
99971002231,V2B8C7AA4E8,AGT-039,,2026-09-12 13:35:34
99971000812,,,f0a82aecf34267ce,2026-09-12 13:39:45
99971001880,,,e73e14e09dc188fe,2026-09-12 13:40:19
99971000921,,,3f887ba7167282da,2026-09-12 13:49:49
99971001954,,,043962686896fa23,2026-09-12 14:14:28
99971002098,,,fb24ae0bdeb363dd,2026-09-12 14:20:15
99979500002,V2584EDF00A,AGT-666,,2026-09-12 14:22:28
99971000970,V5D7BD19671,AGT-037,,2026-09-12 14:42:35
99971000478,,,4993b656f2e77f67,2026-09-12 14:44:27
99971000913,V8B59727491,AGT-025,,2026-09-12 14:50:41
99971001691,,,28a5e495b1f0e303,2026-09-12 15:03:55
99971001915,V96F6C37E24,AGT-001,,2026-09-12 15:16:56
99979500004,VMULE00000A2,AGT-666,,2026-09-12 15:24:16
99971000281,,,a4a333afb93db94d,2026-09-12 15:37:32
99971001107,V637272D292,AGT-005,,2026-09-12 16:03:04
99971001646,VEC23097956,AGT-006,,2026-09-12 16:21:20
99971001576,VA9D57253F0,AGT-012,,2026-09-12 16:26:38
99971001897,,,e1684186e9449372,2026-09-12 16:32:12
99971000817,,,818e416a499df8e6,2026-09-12 16:39:06
99971002244,VEA69CDBABE,AGT-026,,2026-09-12 16:42:47
99971001698,V28B457BFCF,AGT-020,,2026-09-12 16:49:13
99971001574,,,4d2d79eebb6d59c2,2026-09-12 17:08:09
99971001134,V8C93BEAAA6,AGT-024,,2026-09-12 17:29:21
99971000625,VF77D2C7849,AGT-015,,2026-09-12 17:47:31
99971001750,,,ae5981b802552138,2026-09-12 18:01:46
99971001354,V24EB86C437,AGT-018,,2026-09-12 18:09:51
99971000263,V307049799C,AGT-001,,2026-09-12 18:19:14
99971000633,V250C8F910C,AGT-015,,2026-09-12 18:52:47
99971001283,,,3975ad0a5ca8c306,2026-09-12 18:58:34
99971001435,V52AA82A15A,AGT-007,,2026-09-12 19:02:40
99971002240,V7EFF8972A4,AGT-014,,2026-09-12 19:07:17
99971001823,V6911F8845A,AGT-036,,2026-09-12 19:27:19
99971001884,,,d4d6d0fe12d09793,2026-09-12 19:30:20
99971002116,,,368faec17a6a8b9a,2026-09-12 19:41:39
99971000080,V84E6CFEB93,AGT-022,,2026-09-12 19:46:58
99971001055,,,3c231287668c73bf,2026-09-12 19:53:07
99971001804,VFD399D3A99,AGT-017,,2026-09-12 20:18:26
99971001188,VC686E5C700,AGT-012,,2026-09-12 20:21:48
99971001345,,,a82aa7096e487f36,2026-09-12 20:26:20
99971000284,VC3D17DCA4C,AGT-025,,2026-09-12 20:38:11
99971001366,V62627C08A7,AGT-027,,2026-09-13 07:05:24
99971001649,VB7F35EE573,AGT-022,,2026-09-13 07:07:55
99971001466,V3A74BE8BEF,AGT-003,,2026-09-13 07:13:55
99971000384,V24B84CA9AF,AGT-008,,2026-09-13 07:33:58
99971002117,V775AB96A28,AGT-011,,2026-09-13 07:44:45
99971002152,V2640ABB901,AGT-011,,2026-09-13 07:56:07
99971002283,V9C968C725D,AGT-009,,2026-09-13 08:06:01
99971001800,VFC56196ED7,AGT-009,,2026-09-13 08:24:29
99971002348,V102BFACC21,AGT-003,,2026-09-13 08:24:51
99971001748,V1B1C7D80C5,AGT-016,,2026-09-13 08:40:56
99971000850,VC880845628,AGT-001,,2026-09-13 08:53:00
99971000507,V53AC9D9D8F,AGT-024,,2026-09-13 08:59:34
99971001967,V2D72F9C671,AGT-040,,2026-09-13 09:05:21
99971000400,,,40b4c47d69e91b16,2026-09-13 09:22:26
99971001219,VCFFAE0A77A,AGT-012,,2026-09-13 09:49:19
99971001806,V3426F57EFF,AGT-017,,2026-09-13 09:57:35
99971000860,V34CAC3E89E,AGT-010,,2026-09-13 09:57:41
99971001820,,,f23f4c047d4e3c2a,2026-09-13 10:14:52
99971001860,,,1908206b45fe9d9f,2026-09-13 10:27:54
99971001840,,,64a39042d1ea19b4,2026-09-13 10:28:35
99971001178,VEEF39284CC,AGT-023,,2026-09-13 10:35:01
99971000326,V8897A69F33,AGT-020,,2026-09-13 10:35:26
99971001056,VAF4B754BB9,AGT-016,,2026-09-13 10:42:11
99971000354,,,18687ff23c3419a0,2026-09-13 10:45:02
99971001882,VDFCE8FE3FE,AGT-038,,2026-09-13 10:53:11
99971000309,VB28AD46FA9,AGT-030,,2026-09-13 11:02:18
99971001848,V5DB9391224,AGT-026,,2026-09-13 11:13:13
99971001269,V9A5703F274,AGT-002,,2026-09-13 11:24:29
99971001445,,,c733691aca266b1f,2026-09-13 11:37:32
99971001636,,,ad69661681ed556a,2026-09-13 11:53:10
99971002383,V8B40538C7E,AGT-025,,2026-09-13 12:31:46
99971001869,,,293514ff063f84d2,2026-09-13 12:40:22
99971000809,,,affbf8b0bff13ffa,2026-09-13 12:47:56
99971002070,VFB4E64C363,AGT-027,,2026-09-13 12:58:16
99971002211,,,fc9df39437fdbcb8,2026-09-13 13:01:58
99971001033,VD593738CA6,AGT-008,,2026-09-13 13:13:54
99971001006,V63D3D5D1E2,AGT-002,,2026-09-13 13:30:06
99971002306,V23D9AE7F2B,AGT-026,,2026-09-13 13:47:00
99971002023,,,c98a67690f98f51e,2026-09-13 14:20:07
99971002247,V3FB7E81743,AGT-018,,2026-09-13 14:20:15
99971001982,,,8d30abac9bda43be,2026-09-13 14:42:22
99971001269,VC0CFF61456,AGT-013,,2026-09-13 15:12:29
99971000900,,,ee17e1e98bf0db96,2026-09-13 15:16:54
99971000718,,,ebee0c698c464a08,2026-09-13 15:19:46
99971002240,VDC3971DABA,AGT-023,,2026-09-13 15:39:52
99971001006,VC6BD7ECDB1,AGT-022,,2026-09-13 16:15:22
99971000838,VFD2D4A2DFC,AGT-037,,2026-09-13 16:28:07
99971001043,V67A11BAB86,AGT-032,,2026-09-13 16:34:02
99971002281,,,c953a6b7856d4a5d,2026-09-13 16:50:08
99971000812,,,f0a82aecf34267ce,2026-09-13 17:01:25
99971001285,,,e7563b3d984f6c51,2026-09-13 17:07:15
99971001057,,,09aa9fefaa6ce0b5,2026-09-13 17:07:20
99971000404,V3906724A89,AGT-037,,2026-09-13 17:10:02
99971001819,V22B1374E45,AGT-013,,2026-09-13 17:25:48
99971000688,V796C5BFC19,AGT-032,,2026-09-13 17:45:29
99971001795,,,12b2e8d96da4d670,2026-09-13 17:45:39
99971000667,VC8C31EB731,AGT-012,,2026-09-13 18:19:01
99971000172,,,6f15dfe875753a66,2026-09-13 18:45:09
99971002139,,,da7a1f0329c40651,2026-09-13 18:53:54
99971002329,,,f1ed67097f778a18,2026-09-13 19:40:01
99971001875,,,8e24746bebfd4ec2,2026-09-13 19:55:31
99971000731,VA772644EEA,AGT-022,,2026-09-13 20:29:04
99971001519,V54DE59F03B,AGT-016,,2026-09-13 20:33:45
99971000085,V1751B2CAD8,AGT-014,,2026-09-14 07:03:56
99971001893,VA1FD850598,AGT-032,,2026-09-14 07:33:21
99971001492,V12FBB223EA,AGT-035,,2026-09-14 07:38:55
99971002346,VC55878150E,AGT-018,,2026-09-14 07:49:03
99971002367,V0FF6BC263B,AGT-001,,2026-09-14 07:51:29
99971000250,,,979402c315a05f03,2026-09-14 07:56:11
99971001613,VB04D590596,AGT-018,,2026-09-14 07:57:56
99971001041,V704B31141F,AGT-021,,2026-09-14 08:00:21
99971001325,V49883BE741,AGT-036,,2026-09-14 08:02:20
99971001021,VDEEC1724A3,AGT-034,,2026-09-14 08:23:48
99971002301,V03AA9111CB,AGT-006,,2026-09-14 08:37:54
99971001831,V804D06C761,AGT-014,,2026-09-14 08:40:36
99971000153,V323E348F54,AGT-023,,2026-09-14 08:57:35
99971000289,V39ECFC407E,AGT-023,,2026-09-14 09:10:18
99971000355,,,27465e823d93faf0,2026-09-14 09:17:14
99971002098,,,fb24ae0bdeb363dd,2026-09-14 09:23:43
99971001881,,,76ce0529a2ed9a67,2026-09-14 09:28:20
99971002255,V5AEB925947,AGT-007,,2026-09-14 09:42:15
99979400003,,,45215bcd419a3c37,2026-09-14 09:42:35
99971000682,VA974C07C32,AGT-011,,2026-09-14 10:02:55
99971001697,VCE5F39A6F0,AGT-039,,2026-09-14 10:07:57
99971000153,V15FE701C2E,AGT-024,,2026-09-14 10:24:47
99971000271,,,751c628a110780bf,2026-09-14 10:50:28
99971000145,V9E642C3D8C,AGT-038,,2026-09-14 10:56:55
99971000904,VA9A898D4F3,AGT-004,,2026-09-14 10:58:26
99971000089,,,59718abc1562c3d2,2026-09-14 10:58:48
99971002172,V9B6D362F4C,AGT-020,,2026-09-14 11:05:24
99971002041,V113C044C50,AGT-037,,2026-09-14 11:42:47
99971001409,V188AF5C450,AGT-025,,2026-09-14 12:05:40
99971000496,V41F78E1894,AGT-023,,2026-09-14 12:20:03
99971000992,VC91D4CC188,AGT-018,,2026-09-14 12:48:06
99971001118,,,b061d95bbbbc3e69,2026-09-14 12:56:25
99971000494,,,0f02b524694c479b,2026-09-14 13:04:01
99971000982,VFD65861BCB,AGT-011,,2026-09-14 13:11:36
99971001579,VEE2ED0FDF7,AGT-017,,2026-09-14 13:19:08
99971002295,,,2fa46477ba572820,2026-09-14 13:23:41
99971000502,V5C99FE1412,AGT-022,,2026-09-14 13:50:23
99971001665,,,55bab8b853235f14,2026-09-14 13:53:20
99971000965,V774773C475,AGT-006,,2026-09-14 14:13:23
99971002119,,,c5be8284dfdf3ca7,2026-09-14 14:35:54
99971000129,V7F94979A15,AGT-012,,2026-09-14 14:39:35
99971000110,,,a97a3f3b1dc1f7e9,2026-09-14 14:41:34
99971001158,,,76f228fae2a809b4,2026-09-14 15:03:05
99971000836,VA3ABE083F7,AGT-017,,2026-09-14 15:04:55
99971001598,VF9E7A70728,AGT-005,,2026-09-14 15:12:11
99971002372,VEDF4C1BC74,AGT-015,,2026-09-14 15:26:47
99971001497,V976837A826,AGT-012,,2026-09-14 15:39:34
99971000908,V8D66C8FF6F,AGT-037,,2026-09-14 15:52:25
99971001196,,,f8a198da95140eca,2026-09-14 16:03:50
99971000966,V184235A684,AGT-032,,2026-09-14 16:06:23
99971001893,V3BB8CF2C5B,AGT-038,,2026-09-14 16:08:33
99971000403,V31116F3364,AGT-035,,2026-09-14 16:26:03
99971001044,VE7197293CB,AGT-035,,2026-09-14 16:37:42
99971000736,V723BB45B5E,AGT-021,,2026-09-14 16:45:23
99971001462,VBF917E20A4,AGT-038,,2026-09-14 17:07:00
99979400004,,,cb2f17cd9aa4a813,2026-09-14 17:14:14
99971000701,V9D2277A305,AGT-007,,2026-09-14 17:19:48
99971001862,VFD69B08E37,AGT-038,,2026-09-14 17:39:42
99971002273,,,3843adc6c5d54311,2026-09-14 17:59:26
99971001125,V59C0073BEC,AGT-016,,2026-09-14 18:21:14
99971001192,,,8b23259275846649,2026-09-14 18:21:38
99971001829,,,9630c238c286d13d,2026-09-14 18:22:42
99971000936,V3C724842AE,AGT-025,,2026-09-14 18:30:44
99971001703,V2AD55441BC,AGT-031,,2026-09-14 18:49:20
99971000935,V75045C2F61,AGT-027,,2026-09-14 19:08:49
99971000671,,,9046a5b23f4be477,2026-09-14 19:26:01
99971001949,VECDF187361,AGT-039,,2026-09-14 19:43:35
99971001733,VBAEA92FC79,AGT-037,,2026-09-14 19:43:51
99971002227,,,5cbf02023fbe4aec,2026-09-14 19:46:48
99971001841,VB05E38246A,AGT-023,,2026-09-14 19:46:54
99971000844,V66E64033A2,AGT-040,,2026-09-14 20:19:50
99971000608,V037A9068B7,AGT-038,,2026-09-14 20:24:50
99971002180,,,83770ed29f0a288b,2026-09-14 20:44:09
99971000621,VE8F4BB48F2,AGT-005,,2026-09-15 07:05:35
99971002340,V2FE3112D5C,AGT-040,,2026-09-15 07:12:56
99971000833,,,d41ba2f53465f07d,2026-09-15 07:15:49
99971000401,V93FEA800F1,AGT-034,,2026-09-15 07:24:56
99971001259,V824E5C2FE2,AGT-025,,2026-09-15 07:49:55
99971000487,VE2B7478328,AGT-006,,2026-09-15 08:34:46
99971000195,V4CF20E85F1,AGT-015,,2026-09-15 08:39:33
99971000182,VBFF8AF2856,AGT-034,,2026-09-15 08:52:18
99971001590,,,49f6d87ce993fc5b,2026-09-15 08:57:32
99971002213,,,662985d08ccfc9af,2026-09-15 09:07:42
99971002292,,,837a2a3e0c36e2ef,2026-09-15 09:28:17
99971001546,,,51f6ceaea617ade6,2026-09-15 09:29:39
99971001148,,,c8e8f33bef95fb6b,2026-09-15 09:30:02
99971001043,V946F4290AF,AGT-018,,2026-09-15 09:33:21
99971000425,,,ede7201eafec7b17,2026-09-15 09:33:44
99971000803,V3F9E5DC098,AGT-033,,2026-09-15 09:42:33
99971001923,V08F0C994FC,AGT-014,,2026-09-15 10:01:47
99971000932,V2B7EA5632A,AGT-031,,2026-09-15 10:02:41
99971002008,V708DF1296C,AGT-025,,2026-09-15 10:17:32
99971001223,V975A92D7F4,AGT-026,,2026-09-15 10:29:16
99971000612,VCA32C37113,AGT-022,,2026-09-15 10:30:04
99971001908,V8CBC709F82,AGT-036,,2026-09-15 10:37:33
99971001694,V85A28AD976,AGT-029,,2026-09-15 10:40:31
99971001603,V250807E446,AGT-038,,2026-09-15 10:41:46
99971001941,,,46d4b54cea616a01,2026-09-15 11:25:37
99971001823,V6E74F98DEE,AGT-038,,2026-09-15 11:31:34
99971000360,,,fa66d126b1b75156,2026-09-15 11:31:42
99971000746,VD2F7E3743D,AGT-009,,2026-09-15 11:47:40
99971000210,,,859649aa20d026df,2026-09-15 11:50:24
99971001962,,,68cc65e1235c434c,2026-09-15 11:54:54
99971001658,,,5a9fb6ba27882035,2026-09-15 11:55:42
99971001709,VAC32E4D679,AGT-020,,2026-09-15 12:00:05
99971000902,V60E5C7FB78,AGT-029,,2026-09-15 12:08:10
99971001560,VE1D03C4EEE,AGT-023,,2026-09-15 12:50:03
99971002322,VE5CE2D51DF,AGT-012,,2026-09-15 12:52:27
99971000947,V0FE4B2F9C2,AGT-016,,2026-09-15 12:58:29
99971000787,V06472111B0,AGT-014,,2026-09-15 13:12:36
99971000647,,,5121bc3ef9327858,2026-09-15 13:16:22
99971001679,V80CD4BC5F0,AGT-011,,2026-09-15 13:20:02
99979500005,VMULE00000A2,AGT-666,,2026-09-15 13:32:03
99979400002,,,4f46eab918538c85,2026-09-15 13:33:50
99971000728,V0BB994FF8A,AGT-021,,2026-09-15 13:57:12
99971001769,V31232D877D,AGT-009,,2026-09-15 14:24:32
99971000431,,,3961296c69ea7fdc,2026-09-15 14:30:01
99971000146,,,1bf69ad680edd917,2026-09-15 15:08:34
99971001882,V93A654C29A,AGT-006,,2026-09-15 15:10:13
99971000013,VAA2A5BD0B6,AGT-031,,2026-09-15 15:10:40
99971000250,,,979402c315a05f03,2026-09-15 15:13:07
99971000492,VDAC42950C4,AGT-020,,2026-09-15 15:24:03
99971001552,,,7521a70fc1e2e2fd,2026-09-15 15:47:47
99971001848,VE0C7F50EBA,AGT-015,,2026-09-15 15:57:05
99971001520,VE9113BC6ED,AGT-028,,2026-09-15 16:06:09
99971000618,VD9867F63E5,AGT-035,,2026-09-15 16:07:43
99979300003,,,5d80a3072db2f05a,2026-09-15 16:13:55
99971002139,,,da7a1f0329c40651,2026-09-15 16:29:54
99971001676,,,8a708379ccf88b05,2026-09-15 16:50:11
99971000594,V8068CF8263,AGT-032,,2026-09-15 16:52:42
99971002213,,,662985d08ccfc9af,2026-09-15 17:20:54
99971002246,,,fae9609087ad423e,2026-09-15 18:12:22
99971000604,VEBB71FC245,AGT-028,,2026-09-15 18:19:15
99971000430,VC1FBFD8463,AGT-006,,2026-09-15 18:58:17
99971002012,,,9136766800b0d660,2026-09-15 19:08:24
99971000856,,,1007e312549b0af5,2026-09-15 19:15:07
99971001796,,,3b37070ec389abc5,2026-09-15 19:17:22
99971001465,V63D51BD483,AGT-032,,2026-09-15 19:21:35
99971002191,V399FB24736,AGT-023,,2026-09-15 19:47:20
99971000562,V5CA1399D29,AGT-034,,2026-09-15 19:51:47
99971000170,V9287FEFD9E,AGT-037,,2026-09-15 19:57:26
99971000317,,,9e14894469ca111f,2026-09-15 20:00:08
99971001074,,,cfda3f65f11fc1f5,2026-09-15 20:00:52
99971000001,VADF1D22948,AGT-012,,2026-09-15 20:06:57
99971000147,V6ED1C0C46B,AGT-016,,2026-09-15 20:54:17
99971001436,,,94548f1fbefcb3ad,2026-09-15 20:58:08
99971002060,VD05FD0F2A4,AGT-029,,2026-09-15 20:59:46
99971001117,V9D820FE508,AGT-037,,2026-09-16 07:45:12
99971001442,VB10201EE81,AGT-008,,2026-09-16 07:58:35
99971001540,V43C4EFCDCE,AGT-026,,2026-09-16 08:22:41
99971001222,,,a3be1699d0ab9a00,2026-09-16 08:40:22
99971001882,VD63439A9D7,AGT-022,,2026-09-16 08:43:12
99971000140,V2B25F2E99D,AGT-029,,2026-09-16 08:54:01
99971000196,V5913919953,AGT-011,,2026-09-16 08:54:04
99971001520,V36AFDB6A48,AGT-020,,2026-09-16 08:59:15
99971002392,,,f0b75c2eae62dd02,2026-09-16 09:06:45
99971000290,V46847C5E18,AGT-030,,2026-09-16 09:18:10
99971000133,V39CFA7E836,AGT-013,,2026-09-16 09:48:55
99971000443,,,6f7f4cf459224843,2026-09-16 10:17:25
99971000859,V3FC1534AFF,AGT-008,,2026-09-16 10:24:21
99979500002,V8C8712AB9C,AGT-666,,2026-09-16 10:52:45
99971000754,VA2A4D78D96,AGT-039,,2026-09-16 11:09:02
99971001992,V42766E58F7,AGT-035,,2026-09-16 11:14:49
99971002177,V18E986E3D0,AGT-031,,2026-09-16 11:19:44
99971000550,V3CCF46D925,AGT-023,,2026-09-16 11:21:24
99971002271,,,545071c2097bb058,2026-09-16 11:32:52
99971001911,,,25d4e5bb768e2129,2026-09-16 12:28:50
99971001305,V1101EB2705,AGT-019,,2026-09-16 12:50:25
99971001523,V109AA782B1,AGT-037,,2026-09-16 12:55:29
99971001001,V33F8636B64,AGT-033,,2026-09-16 13:03:55
99971001875,,,8e24746bebfd4ec2,2026-09-16 13:20:04
99971001383,,,9c8a15660297827c,2026-09-16 13:30:29
99971002291,,,2108c51664ff38d1,2026-09-16 13:31:23
99971001308,V36AA8BD8EF,AGT-025,,2026-09-16 13:35:56
99971000279,V3D6BF22FEB,AGT-037,,2026-09-16 13:56:27
99971000520,V4D8D0B52C1,AGT-008,,2026-09-16 14:00:59
99971000903,V4D0EB21EE4,AGT-003,,2026-09-16 14:03:38
99971000755,V3B96285CAE,AGT-012,,2026-09-16 14:16:41
99971000213,V1941064D28,AGT-036,,2026-09-16 14:33:12
99971000516,,,e1ac15cd4994eb14,2026-09-16 14:35:31
99971001807,,,b6c6d34cc72505cb,2026-09-16 14:56:17
99979500004,VF343B5A0BA,AGT-666,,2026-09-16 15:19:04
99971000790,V6FD7A2A2F8,AGT-022,,2026-09-16 15:49:07
99971002262,,,39b19fda058e5227,2026-09-16 15:49:44
99971000777,V4B6E13C61F,AGT-030,,2026-09-16 15:54:17
99971000718,,,ebee0c698c464a08,2026-09-16 15:54:58
99971000516,,,e1ac15cd4994eb14,2026-09-16 15:59:57
99971000719,V65F9D82CDE,AGT-012,,2026-09-16 16:01:17
99971000421,,,e2bb712569516d1a,2026-09-16 16:18:29
99971000994,,,b22abf4cb44dfd56,2026-09-16 16:21:00
99971001766,V05822E2A04,AGT-001,,2026-09-16 17:03:18
99971002090,VBB22B18F53,AGT-021,,2026-09-16 17:08:50
99971001979,V4DD022E3F7,AGT-032,,2026-09-16 17:45:59
99971001897,,,e1684186e9449372,2026-09-16 17:51:35
99971001075,VBC9980A3AC,AGT-032,,2026-09-16 17:56:58
99971001246,V82A088889F,AGT-014,,2026-09-16 18:32:40
99971002137,VB33E8FBBE2,AGT-034,,2026-09-16 18:35:06
99971002311,,,6cdb027bbb9a726f,2026-09-16 18:58:02
99971001796,,,3b37070ec389abc5,2026-09-16 19:17:28
99971000738,,,599fcb1c5b6d6c1d,2026-09-16 19:21:18
99971000395,V66D0015B7A,AGT-016,,2026-09-16 19:23:47
99971001504,V36903DDAAD,AGT-026,,2026-09-16 19:28:41
99971000544,V7F1A070B37,AGT-025,,2026-09-16 19:38:31
99971000448,VDA212DCEA5,AGT-028,,2026-09-16 19:43:58
99971001948,V16D5E4DFCC,AGT-021,,2026-09-16 19:50:07
99971001147,V3B466D0E2F,AGT-003,,2026-09-16 19:58:10
99971000205,,,97c6751ca8821da3,2026-09-16 19:59:06
99971002192,,,95dfde5200c78119,2026-09-16 20:03:14
99971001718,,,c025dca33c60a72c,2026-09-16 20:10:08
99971001976,V2A64A7B71F,AGT-012,,2026-09-16 20:15:48
99971000753,VC330648A4D,AGT-026,,2026-09-16 20:19:03
99971001208,VCD99352C5E,AGT-021,,2026-09-17 07:27:29
99971000883,VA895591C78,AGT-015,,2026-09-17 07:49:08
99971000375,,,2b3c1230a6350eec,2026-09-17 07:49:59
99971000419,V598E2CB4F1,AGT-036,,2026-09-17 07:54:24
99971001228,,,ce36f720f4f4f58d,2026-09-17 07:54:50
99971000488,V72C40A299F,AGT-029,,2026-09-17 07:56:38
99971002168,,,20fa95f6ee8b8f85,2026-09-17 07:57:53
99971000418,,,ec399d5ea83ef6ea,2026-09-17 08:15:43
99971000755,V48452AC912,AGT-011,,2026-09-17 08:17:47
99971000534,,,21566a02faa16f6f,2026-09-17 08:28:13
99971000535,VC60F396FAB,AGT-034,,2026-09-17 08:28:43
99971001054,,,008597715eca4f0f,2026-09-17 08:38:30
99971000921,,,3f887ba7167282da,2026-09-17 08:39:46
99971002195,,,6e0f28b05e82e0e4,2026-09-17 09:01:44
99971000085,V4DE615CCB0,AGT-039,,2026-09-17 09:11:10
99971002017,V4BF91BAFE4,AGT-002,,2026-09-17 09:50:35
99971000704,,,5dacccf81a99d608,2026-09-17 09:54:43
99971001749,VDC05C22991,AGT-022,,2026-09-17 10:07:55
99971001908,V94437604FB,AGT-004,,2026-09-17 10:17:57
99971000347,,,fb8ad52861ac500c,2026-09-17 10:30:04
99971001323,V555A38EA65,AGT-002,,2026-09-17 10:47:58
99971000851,,,8cb93839cdbe7ae6,2026-09-17 10:50:20
99971000121,V27DFD00EF0,AGT-021,,2026-09-17 10:50:23
99971000171,V30384C8B11,AGT-019,,2026-09-17 10:54:34
99971001862,VE698D85128,AGT-012,,2026-09-17 11:08:16
99971001428,,,bf74384069b064ca,2026-09-17 11:13:03
99971000599,VE4C7D329ED,AGT-026,,2026-09-17 11:14:21
99971001682,,,e688a7d0d5455d8d,2026-09-17 11:18:14
99971000196,VFCB13EF1AC,AGT-024,,2026-09-17 11:23:51
99971001856,V7C3C0526CF,AGT-014,,2026-09-17 11:29:28
99971000934,VB0D1F21B18,AGT-022,,2026-09-17 11:32:04
99971001380,,,dc91b6deea6a1286,2026-09-17 11:34:59
99971000860,VD998EB9AD1,AGT-013,,2026-09-17 11:39:32
99971002259,V1AAD05CF3B,AGT-003,,2026-09-17 11:52:34
99971000516,,,e1ac15cd4994eb14,2026-09-17 12:00:53
99971000217,V8AF3F8788C,AGT-040,,2026-09-17 12:11:51
99971000092,V527E482AB1,AGT-033,,2026-09-17 12:23:35
99971000384,V039815F72A,AGT-003,,2026-09-17 12:55:24
99971000486,V9A80752D67,AGT-004,,2026-09-17 13:12:24
99971001283,,,3975ad0a5ca8c306,2026-09-17 13:16:02
99971000683,V57D54AE1DC,AGT-010,,2026-09-17 13:31:48
99979400005,,,dcd660e355725e03,2026-09-17 13:52:37
99971000320,V48EBA9F043,AGT-017,,2026-09-17 13:54:05
99971001737,V44CDFDAD68,AGT-004,,2026-09-17 13:56:33
99971000669,V1F07497918,AGT-030,,2026-09-17 13:59:08
99971000524,VF5B6E02DC2,AGT-029,,2026-09-17 14:06:42
99971000347,,,fb8ad52861ac500c,2026-09-17 14:14:51
99971002329,,,f1ed67097f778a18,2026-09-17 14:29:44
99971001182,VED35739A88,AGT-031,,2026-09-17 14:49:06
99971000345,V333AB0E867,AGT-012,,2026-09-17 14:53:26
99971000195,VEE560B9E3D,AGT-018,,2026-09-17 14:54:22
99971000987,V62DB33B4B2,AGT-038,,2026-09-17 15:00:11
99971002195,,,6e0f28b05e82e0e4,2026-09-17 15:10:34
99971001296,,,b9c9ed5725a4c221,2026-09-17 15:15:53
99971000076,VBC93C678E5,AGT-032,,2026-09-17 15:18:00
99971000252,V4ACF59AAA9,AGT-014,,2026-09-17 15:45:56
99971002356,V022DEA5CC5,AGT-016,,2026-09-17 16:05:12
99971001227,,,a05597d9ea30c2af,2026-09-17 16:16:22
99971000208,,,a8934d92dd27d075,2026-09-17 16:19:26
99971000842,,,f81dee315fc77bd3,2026-09-17 16:24:55
99971002324,V7AEC72ED73,AGT-023,,2026-09-17 16:32:16
99971001548,,,1844dd7a950030a4,2026-09-17 16:39:55
99971001242,V55A40DAD53,AGT-016,,2026-09-17 16:45:39
99971000307,V5A8340DAEA,AGT-002,,2026-09-17 16:50:08
99971000220,VE2B54AB549,AGT-005,,2026-09-17 16:50:24
99971000935,VF589A92C7A,AGT-001,,2026-09-17 17:00:03
99971002186,VC876AA4CA5,AGT-010,,2026-09-17 17:02:15
99971000450,,,dfd95007ef62c516,2026-09-17 17:13:02
99971000813,VB5F07CE992,AGT-035,,2026-09-17 17:13:14
99971002180,,,83770ed29f0a288b,2026-09-17 17:16:19
99971000454,V47D89CBA09,AGT-037,,2026-09-17 17:31:45
99971002352,,,bd7a0d1373d408f1,2026-09-17 17:33:18
99971001571,,,b4632f32cf2df0b4,2026-09-17 17:44:28
99971001092,V43A9D51449,AGT-030,,2026-09-17 18:02:14
99971000529,VE2E7CC2BF5,AGT-037,,2026-09-17 18:10:16
99971002163,V7D05144209,AGT-016,,2026-09-17 18:10:49
99971000842,,,f81dee315fc77bd3,2026-09-17 18:13:10
99971001019,VF9774DE14C,AGT-012,,2026-09-17 18:18:35
99971000781,,,5b110517a9241bbd,2026-09-17 18:21:13
99971001102,,,36499cd6a29b91e2,2026-09-17 19:06:48
99971000557,V670335705D,AGT-010,,2026-09-17 19:07:09
99971001126,,,3ab1bd09e64464b0,2026-09-17 19:29:35
99971001933,,,7b100cae734785b4,2026-09-17 19:32:41
99971002246,,,fae9609087ad423e,2026-09-17 19:32:58
99971001651,,,0ef14bbab9c3cc6a,2026-09-17 20:00:43
99971000359,V19822C6B98,AGT-010,,2026-09-17 20:01:30
99971001223,V14397A6DA6,AGT-017,,2026-09-17 20:08:20
99971000309,V06166ABDF9,AGT-025,,2026-09-17 20:25:13
99971001126,,,3ab1bd09e64464b0,2026-09-17 20:36:15
99971001117,V86BEF1A040,AGT-023,,2026-09-17 20:37:47
99971001511,V8A3A17B0FF,AGT-033,,2026-09-17 20:51:20
99971001570,V0BD1362F57,AGT-017,,2026-09-18 07:00:41
99971000485,V2204C5CC94,AGT-027,,2026-09-18 07:50:15
99971002099,V68EB7EF816,AGT-037,,2026-09-18 08:00:06
99971000838,V674417DC16,AGT-024,,2026-09-18 08:04:08
99971001992,V2657092DD8,AGT-030,,2026-09-18 08:08:34
99971001444,VE2FC6BDEDD,AGT-013,,2026-09-18 08:16:57
99971000280,,,fbe8aa90f84edfb5,2026-09-18 08:20:02
99971001701,VAA167515BE,AGT-007,,2026-09-18 08:21:40
99971000481,V3FD7F0C932,AGT-033,,2026-09-18 08:42:40
99971001002,V84391CA9A2,AGT-033,,2026-09-18 08:48:46
99971000413,V768C6CA15F,AGT-021,,2026-09-18 09:02:33
99971002319,,,600825d5b258efda,2026-09-18 09:05:11
99971001450,VE09943FF21,AGT-019,,2026-09-18 09:06:53
99979500004,VF9124427DA,AGT-666,,2026-09-18 09:27:22
99971000546,V17BA61B842,AGT-001,,2026-09-18 09:37:38
99971001504,VCD83CED84B,AGT-040,,2026-09-18 09:42:35
99971000428,V4A372C2BE1,AGT-034,,2026-09-18 09:50:35
99971000837,,,55b26da486bd3130,2026-09-18 10:20:21
99971001446,V576110F733,AGT-038,,2026-09-18 10:42:46
99971001309,,,41835c24de79aeae,2026-09-18 11:08:51
99971002153,,,60f550242c7792ea,2026-09-18 11:10:09
99971002209,VED09C45DCC,AGT-011,,2026-09-18 11:26:31
99971000651,V3E7DA2477E,AGT-010,,2026-09-18 11:32:04
99971001317,V20AD6B1A97,AGT-038,,2026-09-18 11:45:03
99971000527,V71700254F1,AGT-022,,2026-09-18 11:55:11
99971000656,,,6b171e11a2688113,2026-09-18 11:58:57
99971002095,VE38A0E9CCE,AGT-029,,2026-09-18 12:00:27
99971001880,,,e73e14e09dc188fe,2026-09-18 12:19:39
99971002369,,,e0b3f44d45c8c938,2026-09-18 12:36:57
99971000404,V836C1007F2,AGT-014,,2026-09-18 13:23:45
99971000443,,,6f7f4cf459224843,2026-09-18 13:24:27
99971000359,V8CDCC18529,AGT-018,,2026-09-18 13:31:31
99971000893,VE1EDD5A985,AGT-037,,2026-09-18 13:35:41
99971000620,,,63c87e5954db03dd,2026-09-18 13:39:22
99971001928,VC3C14CF588,AGT-004,,2026-09-18 13:57:02
99971000592,V1FF9F4092F,AGT-005,,2026-09-18 13:57:10
99971001821,VA9E9E8C51D,AGT-036,,2026-09-18 14:01:43
99971000409,V380E35F963,AGT-038,,2026-09-18 14:26:36
99971000491,VE17B30ED0D,AGT-011,,2026-09-18 14:34:00
99971001888,V2CCD5110CE,AGT-022,,2026-09-18 14:36:42
99971000055,V3908F830F4,AGT-022,,2026-09-18 14:42:51
99971001966,VEA75229445,AGT-012,,2026-09-18 14:51:57
99971000866,,,9e7cb60e442dcb58,2026-09-18 14:58:13
99971001663,V06FA594E51,AGT-009,,2026-09-18 15:07:09
99971001163,VD114BC1879,AGT-036,,2026-09-18 15:49:28
99971002102,V17DD88A549,AGT-008,,2026-09-18 15:55:34
99971001233,V93BD708A73,AGT-026,,2026-09-18 15:58:16
99971002317,V3E4539337D,AGT-030,,2026-09-18 16:07:39
99971000205,,,97c6751ca8821da3,2026-09-18 16:11:26
99971000296,V4796849582,AGT-008,,2026-09-18 16:22:24
99971000283,V1D29C80944,AGT-017,,2026-09-18 16:25:26
99971000344,,,3c7641e0fe0a984d,2026-09-18 16:35:24
99971001224,V06D1977607,AGT-008,,2026-09-18 17:03:33
99971000669,VBBB04406BA,AGT-022,,2026-09-18 17:14:03
99971000428,V680AA1515B,AGT-022,,2026-09-18 17:17:02
99971000006,VC149962FA6,AGT-030,,2026-09-18 17:27:21
99971000693,V908FD58313,AGT-006,,2026-09-18 17:42:33
99971002300,,,878a3475f573cbc9,2026-09-18 18:00:02
99971000468,VB2BEC0AC16,AGT-021,,2026-09-18 18:03:50
99971001456,V4C90AD03AF,AGT-020,,2026-09-18 18:15:17
99971000773,V94C4C42EFF,AGT-012,,2026-09-18 18:35:38
99971000149,V996C427E67,AGT-038,,2026-09-18 18:43:13
99971001391,,,bcf535bd433d233e,2026-09-18 18:50:03
99971001138,,,b8ee4bc682b3685a,2026-09-18 18:52:50
99971000877,VF5E8564012,AGT-025,,2026-09-18 18:57:09
99971000873,VCA580AA0E2,AGT-031,,2026-09-18 19:04:26
99971001892,V00D06BBDC1,AGT-035,,2026-09-18 19:24:02
99971000434,V028580A037,AGT-024,,2026-09-18 19:43:56
99971000625,V8DAADCF8E7,AGT-011,,2026-09-18 20:00:49
99971000691,,,d1a71d468a729dff,2026-09-18 20:06:41
99971000907,,,47e5fbd24804bcad,2026-09-18 20:13:31
99971000947,V9F87A96607,AGT-011,,2026-09-18 20:15:55
99971001536,V3B10335FCA,AGT-005,,2026-09-18 20:18:36
99971002109,V3DB7BE5CC3,AGT-029,,2026-09-18 20:46:16
99971000384,V0016C85740,AGT-027,,2026-09-18 20:46:42
99971002373,VC4F7CD5731,AGT-021,,2026-09-19 07:07:24
99971000452,V0E4775A1F1,AGT-026,,2026-09-19 07:40:03
99971000529,V1F74F1566C,AGT-034,,2026-09-19 07:48:09
99971001495,,,515735c51be2b355,2026-09-19 07:57:16
99971000136,,,1d3f45834100626f,2026-09-19 08:03:55
99971001277,,,5009535ee6018543,2026-09-19 08:06:12
99971001340,,,85a2254c70ac6a8a,2026-09-19 08:10:09
99971002225,,,38b68c96bde3eb48,2026-09-19 08:24:28
99971002327,V9BD7213C76,AGT-031,,2026-09-19 08:25:57
99971001696,V94FF87F01E,AGT-028,,2026-09-19 08:36:22
99971001802,V6BA77D6690,AGT-024,,2026-09-19 08:46:42
99971002086,VC9C822E6E1,AGT-036,,2026-09-19 08:47:45
99971001759,V4B1EC88CD4,AGT-039,,2026-09-19 09:21:40
99971000521,V56B83065DA,AGT-027,,2026-09-19 09:27:31
99971002285,,,b49b07bbba8c440e,2026-09-19 09:34:12
99971000868,,,5906c5a38edc9659,2026-09-19 09:37:16
99971000590,V6932F2D63F,AGT-015,,2026-09-19 09:51:25
99971001683,V1557188114,AGT-020,,2026-09-19 10:00:12
99971000061,VBEEEBCC16F,AGT-018,,2026-09-19 10:03:58
99971001397,,,dfc21005d7821cd4,2026-09-19 10:10:36
99971002145,VFDEE823098,AGT-013,,2026-09-19 10:11:44
99971000265,V1A238D07EA,AGT-027,,2026-09-19 10:17:16
99971001961,,,94165293a4455e62,2026-09-19 10:26:14
99971001536,VF2C29CE8E0,AGT-039,,2026-09-19 10:27:56
99979300005,VSUBF0000005,AGT-666,,2026-09-19 10:54:35
99971001690,V3AE5F554A0,AGT-015,,2026-09-19 10:58:13
99971000339,V7459B77807,AGT-034,,2026-09-19 11:07:19
99979400006,,,a3a6fe25658a0f1f,2026-09-19 11:09:44
99971001816,VEED1D4881B,AGT-017,,2026-09-19 11:26:16
99971001796,,,3b37070ec389abc5,2026-09-19 11:58:48
99971000222,VC161A42CB2,AGT-033,,2026-09-19 12:04:03
99971001814,V5A4195DC75,AGT-028,,2026-09-19 12:17:02
99971000810,V6FBD5102CF,AGT-038,,2026-09-19 12:18:18
99971001507,VF096947D25,AGT-025,,2026-09-19 12:26:19
99971000235,VC0EB0A0EA1,AGT-032,,2026-09-19 12:38:29
99971001243,V02CADAFE4B,AGT-009,,2026-09-19 12:40:06
99971002369,,,e0b3f44d45c8c938,2026-09-19 12:54:16
99971001786,V1BFD7D7F34,AGT-029,,2026-09-19 12:58:37
99971000456,VB219D7CE88,AGT-013,,2026-09-19 13:48:35
99971000537,V2ED9A150C5,AGT-029,,2026-09-19 14:02:00
99971001908,VF051168CB0,AGT-012,,2026-09-19 14:06:34
99971001333,V5A75813BF7,AGT-001,,2026-09-19 14:07:32
99971001357,VAE2014E431,AGT-016,,2026-09-19 14:21:02
99971001555,V91E1BEFBEC,AGT-007,,2026-09-19 14:24:33
99971001774,,,0ad0c038299e459f,2026-09-19 14:27:47
99971000799,,,8d19eca6a7e89f67,2026-09-19 14:31:42
99971001434,V00B6C53B20,AGT-022,,2026-09-19 14:38:01
99979400001,,,5d80a3072db2f05a,2026-09-19 14:40:48
99971002219,,,b621bc5fe8fce7ba,2026-09-19 15:11:19
99971001072,VBF62C9BD50,AGT-037,,2026-09-19 15:52:44
99971000162,V374E833512,AGT-032,,2026-09-19 16:00:25
99971002353,V1E43339FAD,AGT-020,,2026-09-19 16:06:08
99971001503,,,e7f8833e3001a43f,2026-09-19 16:07:35
99971001114,,,547ba7dad4250d6d,2026-09-19 16:28:12
99971000385,V3815EFED97,AGT-029,,2026-09-19 16:29:17
99971001636,,,ad69661681ed556a,2026-09-19 16:43:31
99971000705,VD550BBCBE3,AGT-005,,2026-09-19 16:47:58
99971000869,V2BB5962AB3,AGT-004,,2026-09-19 16:56:56
99971002394,V15D91BC9BF,AGT-018,,2026-09-19 17:01:09
99971002166,V71EEA0E793,AGT-016,,2026-09-19 17:02:02
99971000607,,,31d55e3557994764,2026-09-19 17:04:08
99971001872,V1423D55413,AGT-021,,2026-09-19 17:20:23
99979400003,,,45215bcd419a3c37,2026-09-19 17:42:15
99971000582,V0B3C93F85E,AGT-021,,2026-09-19 17:58:27
99971002031,,,7cbfd3c8fcc8f8ae,2026-09-19 18:11:03
99971002117,V3A987A5AD6,AGT-017,,2026-09-19 18:12:38
99971000722,V2DB9E83907,AGT-021,,2026-09-19 18:32:45
99971001415,VE921B4210B,AGT-026,,2026-09-19 18:49:47
99971000983,VB9E1A115BA,AGT-010,,2026-09-19 18:51:13
99971002013,VAD2E79F486,AGT-004,,2026-09-19 19:19:42
99971001024,V97510A4F8E,AGT-018,,2026-09-19 19:56:28
99971002190,V0C11D33EDB,AGT-036,,2026-09-19 20:28:15
99971001387,V1B850BB673,AGT-025,,2026-09-19 20:40:35
99971002275,V6C70E74F19,AGT-029,,2026-09-19 20:50:07
99971001039,V19010BAC0C,AGT-004,,2026-09-20 07:15:12
99971002029,V8EC9BC4633,AGT-011,,2026-09-20 07:19:38
99971000543,VE7CF6B8645,AGT-010,,2026-09-20 07:26:00
99971000351,,,2e71a65fd36a06a0,2026-09-20 07:33:09
99971000894,V5A0333E7FF,AGT-004,,2026-09-20 07:35:35
99971000774,V243A55AA93,AGT-033,,2026-09-20 07:37:31
99971000854,V7799711945,AGT-037,,2026-09-20 07:37:38
99971001192,,,8b23259275846649,2026-09-20 07:40:14
99971001242,V4C460BCEFD,AGT-033,,2026-09-20 07:44:37
99971001472,V17EB3D8AE3,AGT-014,,2026-09-20 07:49:25
99971001270,VA1ACFCC63F,AGT-009,,2026-09-20 08:02:58
99971001195,V0FA3444057,AGT-034,,2026-09-20 08:03:29
99971001353,V0E140503AF,AGT-037,,2026-09-20 08:10:41
99971002125,V40648966AA,AGT-006,,2026-09-20 08:12:06
99971000338,V9BB2AC840C,AGT-024,,2026-09-20 08:16:49
99971001974,VF0AFC6E775,AGT-030,,2026-09-20 08:30:07
99971002046,V7D1326B76C,AGT-032,,2026-09-20 08:36:14
99971000588,V154120A32C,AGT-019,,2026-09-20 08:52:47
99971000322,V66E802E1A8,AGT-002,,2026-09-20 09:04:10
99971000202,V07946AF6A9,AGT-027,,2026-09-20 09:16:35
99971000174,,,98912fb37869f971,2026-09-20 09:27:49
99971001196,,,f8a198da95140eca,2026-09-20 09:44:59
99971001844,V2B6748C57D,AGT-006,,2026-09-20 09:53:15
99971001521,VAD51B8B9AC,AGT-020,,2026-09-20 09:53:22
99971001931,,,e2006a45f0f2f2c5,2026-09-20 10:02:24
99971002286,,,98a8f7a040452f9c,2026-09-20 10:02:54
99971000701,V3BD7A45F54,AGT-027,,2026-09-20 10:32:05
99971000710,VDC150BDEAE,AGT-027,,2026-09-20 10:42:00
99971000535,VB04EBD3A6A,AGT-019,,2026-09-20 10:51:42
99971000946,,,05e2ff4b510b3bac,2026-09-20 10:52:21
99971001628,,,7f23cb601a1d1c98,2026-09-20 11:03:03
99971000600,,,9b26085ffa064966,2026-09-20 11:24:39
99971000292,,,5392f44e9eab49e8,2026-09-20 11:38:34
99971001941,,,46d4b54cea616a01,2026-09-20 11:43:09
99971002238,V51C0F5F66E,AGT-036,,2026-09-20 11:46:59
99971000905,,,e0acd272482c9abc,2026-09-20 12:04:02
99971000752,,,24daadfeee8d747c,2026-09-20 12:06:47
99971000827,,,7bdf5d7849ca4e50,2026-09-20 12:11:42
99971001210,V40B3603689,AGT-030,,2026-09-20 12:30:19
99971000073,VB16027E83F,AGT-038,,2026-09-20 12:41:20
99971001426,,,ef864b1bd55e210b,2026-09-20 12:43:21
99971002130,,,e8b56f8883a6011b,2026-09-20 12:47:12
99971000046,,,08e97d18e0c3850c,2026-09-20 12:59:54
99971000972,VE4789F3A78,AGT-039,,2026-09-20 13:07:19
99971001542,VEA8BBB2121,AGT-005,,2026-09-20 13:12:08
99971000596,VC27C2D54E2,AGT-023,,2026-09-20 13:18:30
99971000613,VBB54493497,AGT-009,,2026-09-20 13:21:33
99971000922,V3D25D4E64C,AGT-009,,2026-09-20 13:22:03
99971001270,V327A99311F,AGT-005,,2026-09-20 13:38:30
99971001084,,,75dc4829f1f065b8,2026-09-20 13:53:35
99971001767,VC6EA9208ED,AGT-014,,2026-09-20 14:05:15
99971001267,V5CC461F895,AGT-024,,2026-09-20 14:12:51
99971001268,VEFBD836DDE,AGT-008,,2026-09-20 14:13:05
99971000884,,,3ba3887340b4f4c0,2026-09-20 14:27:29
99971001654,VA572A11B2A,AGT-029,,2026-09-20 15:46:35
99971001062,,,29ea343ec927c588,2026-09-20 15:50:27
99971000911,V6CCF089DE8,AGT-011,,2026-09-20 15:50:50
99971000744,,,a989ad44aad7036a,2026-09-20 16:34:44
99971000566,,,6f20dc590bdadb8d,2026-09-20 16:50:56
99971000311,VC13681A769,AGT-012,,2026-09-20 17:19:31
99971001001,V2E9A0FE311,AGT-028,,2026-09-20 17:31:56
99971001185,V33FF0A1F8E,AGT-025,,2026-09-20 17:42:05
99971000242,,,663a974841ad4b20,2026-09-20 17:52:23
99971001182,V9B625253E0,AGT-009,,2026-09-20 17:56:39
99971001560,V0B7C8F4496,AGT-001,,2026-09-20 18:05:53
99971001118,,,b061d95bbbbc3e69,2026-09-20 18:19:01
99971000904,V98917DFDE1,AGT-017,,2026-09-20 18:27:23
99971002108,VFEAF37A4F1,AGT-014,,2026-09-20 18:35:34
99971002048,V1E145D8765,AGT-010,,2026-09-20 18:57:40
99971001100,V2BFC19E747,AGT-017,,2026-09-20 19:18:28
99971001895,V11BA187868,AGT-040,,2026-09-20 19:33:21
99971000608,VC17DE3CBAE,AGT-029,,2026-09-20 19:38:13
99971001679,VEFC86641B7,AGT-029,,2026-09-20 19:53:21
99971002077,,,093ddf559924984a,2026-09-20 20:00:11
99971000477,V43B671322A,AGT-039,,2026-09-20 20:06:42
99971000604,VF27EE7FC02,AGT-017,,2026-09-20 20:18:03
99971000587,V70791BD28C,AGT-014,,2026-09-20 20:23:30
99971001454,V0DDC2D27FF,AGT-036,,2026-09-20 20:36:13
99971002322,V45546725AF,AGT-030,,2026-09-20 20:51:45
99971000987,V2388DE0620,AGT-033,,2026-09-20 20:59:40
99971002234,VEA59B13E68,AGT-017,,2026-09-21 07:02:32
99971001782,V4CD13DB08D,AGT-037,,2026-09-21 07:14:42
99971001863,V873FA1A63D,AGT-026,,2026-09-21 07:17:39
99971000306,V7F12031B1F,AGT-011,,2026-09-21 07:28:50
99971001397,,,dfc21005d7821cd4,2026-09-21 07:33:30
99971000149,V11DA3CBEDD,AGT-027,,2026-09-21 07:37:41
99971001045,VA2BCBF2C2A,AGT-038,,2026-09-21 07:44:08
99971002166,V03FD927600,AGT-009,,2026-09-21 08:02:39
99971001213,VF30F797ABE,AGT-009,,2026-09-21 08:04:15
99971000480,V2822758C02,AGT-039,,2026-09-21 08:24:01
99971000518,V42888F04D5,AGT-028,,2026-09-21 08:38:27
99971002092,VD3B6870B54,AGT-005,,2026-09-21 08:54:18
99971000906,V25E77AFA98,AGT-039,,2026-09-21 08:55:32
99971000132,VC26E8CA78C,AGT-003,,2026-09-21 09:12:06
99971002271,,,545071c2097bb058,2026-09-21 09:21:04
99971000296,V77FEC6486B,AGT-017,,2026-09-21 09:23:20
99971001617,,,8c36ca1323422b1b,2026-09-21 09:38:08
99971000756,,,1aec8eedeb491d38,2026-09-21 09:42:57
99971002319,,,600825d5b258efda,2026-09-21 09:46:53
99971002214,V659FF99F62,AGT-006,,2026-09-21 09:50:08
99971001525,V508593C726,AGT-030,,2026-09-21 09:53:24
99971001856,VF7AFA8356E,AGT-037,,2026-09-21 10:31:16
99971000486,V7A20FF97B0,AGT-036,,2026-09-21 10:36:54
99971002058,VB2134D7314,AGT-035,,2026-09-21 10:51:35
99971000386,VE9D94816FD,AGT-005,,2026-09-21 11:15:10
99971002011,V60D91DEDFE,AGT-037,,2026-09-21 11:15:27
99971000654,VE845051F40,AGT-032,,2026-09-21 11:20:42
99971001332,V5094314278,AGT-040,,2026-09-21 12:20:26
99971001334,VCAD7CDF347,AGT-033,,2026-09-21 12:41:04
99971002080,V58260257AD,AGT-023,,2026-09-21 12:45:22
99971000844,VCB0E8A8DD6,AGT-004,,2026-09-21 12:46:38
99971000108,V0C48318A9D,AGT-015,,2026-09-21 12:46:54
99971001934,,,7b100cae734785b4,2026-09-21 12:54:23
99971002029,V9F8BF40266,AGT-022,,2026-09-21 12:59:19
99971000172,,,6f15dfe875753a66,2026-09-21 13:21:58
99971000425,,,ede7201eafec7b17,2026-09-21 13:37:36
99971002247,V5B4917E6A6,AGT-035,,2026-09-21 13:51:22
99971000389,,,46bb07737fb659ba,2026-09-21 14:11:02
99971000715,V051EEC01B1,AGT-034,,2026-09-21 14:18:11
99971001495,,,515735c51be2b355,2026-09-21 14:22:20
99971000484,V0147FD59D5,AGT-029,,2026-09-21 14:51:24
99971001059,,,ab0b4a2a58f3c7ec,2026-09-21 14:56:05
99971000359,VF71AFA7B48,AGT-027,,2026-09-21 15:22:20
99971001459,,,437a4b2b68b86b19,2026-09-21 15:36:21
99971001799,,,c1139fea06219c71,2026-09-21 15:40:18
99971002087,VEF8C3C9695,AGT-007,,2026-09-21 15:42:10
99971001785,V5F91E756C3,AGT-040,,2026-09-21 16:00:24
99971000111,VF06E19D53C,AGT-019,,2026-09-21 16:08:26
99971000380,V25D90783D4,AGT-024,,2026-09-21 16:13:09
99971001182,V41296B6A45,AGT-019,,2026-09-21 16:20:45
99971000064,VB27270D1D4,AGT-020,,2026-09-21 16:26:15
99971001294,VD1A9868ED6,AGT-007,,2026-09-21 16:30:30
99971000232,,,35574280de1e9111,2026-09-21 16:55:03
99971002073,,,cbf4ca5256cb90cf,2026-09-21 17:02:03
99971001528,V73CD33E720,AGT-008,,2026-09-21 17:11:07
99971001209,,,20684e468a7b8ca3,2026-09-21 17:17:36
99971001135,VEA364A385F,AGT-010,,2026-09-21 17:27:20
99971001701,V95A67EE7DD,AGT-013,,2026-09-21 17:46:16
99971001766,VC176E7F065,AGT-030,,2026-09-21 17:53:49
99971000738,,,599fcb1c5b6d6c1d,2026-09-21 18:02:53
99971002170,V96CB5686A2,AGT-023,,2026-09-21 18:06:33
99971001409,V460C4F907C,AGT-001,,2026-09-21 18:15:25
99971000432,V93C2675479,AGT-019,,2026-09-21 18:34:49
99971000793,,,b8bf91de0306979d,2026-09-21 18:38:32
99971001209,,,20684e468a7b8ca3,2026-09-21 18:47:16
99971000985,,,8654f823855116fc,2026-09-21 19:28:41
99971001589,V243CE573DA,AGT-027,,2026-09-21 19:40:24
99971001428,,,bf74384069b064ca,2026-09-21 20:37:58
99971001297,V42600C405F,AGT-013,,2026-09-21 20:41:47
99971000036,VBFDB288DDB,AGT-032,,2026-09-21 20:46:57
99971001192,,,8b23259275846649,2026-09-21 20:51:20
99971000220,VB00A6A8EF4,AGT-019,,2026-09-22 07:07:53
99971000858,V8C8A3846DA,AGT-022,,2026-09-22 07:16:34
99971002187,V6F6613B060,AGT-002,,2026-09-22 07:30:19
99971000467,V31A0DC3062,AGT-033,,2026-09-22 07:31:45
99971000524,VFA800C2914,AGT-036,,2026-09-22 07:38:34
99971000196,V4E55964AC9,AGT-023,,2026-09-22 07:51:18
99971000793,,,b8bf91de0306979d,2026-09-22 07:58:44
99971001244,VBDA49B8C21,AGT-034,,2026-09-22 08:14:21
99971000468,V0DC977D71C,AGT-017,,2026-09-22 08:21:21
99971000073,V5FB1650D62,AGT-026,,2026-09-22 08:39:52
99971001442,VC428EE7006,AGT-013,,2026-09-22 08:44:52
99971002017,V14CCB778B2,AGT-033,,2026-09-22 08:50:19
99971000601,,,d5be43777369fc72,2026-09-22 09:17:04
99971001636,,,ad69661681ed556a,2026-09-22 09:26:18
99971001358,VDC3C821790,AGT-023,,2026-09-22 09:40:13
99971001799,,,c1139fea06219c71,2026-09-22 09:40:14
99971001355,V36095C9CCE,AGT-015,,2026-09-22 10:11:56
99971001710,V7D331F9D64,AGT-020,,2026-09-22 10:31:56
99971000684,V5488EE366A,AGT-038,,2026-09-22 10:37:15
99971001114,,,547ba7dad4250d6d,2026-09-22 10:40:33
99971000337,V99CA9E4FF9,AGT-016,,2026-09-22 10:46:19
99971001801,V6CC3EE23DD,AGT-011,,2026-09-22 10:54:49
99971001616,V4BCD092925,AGT-029,,2026-09-22 10:56:31
99971000788,V07E27306E0,AGT-034,,2026-09-22 10:57:45
99971001462,V6422F24727,AGT-036,,2026-09-22 10:59:49
99971000344,,,3c7641e0fe0a984d,2026-09-22 11:09:52
99971001335,V5D9CF8B1CE,AGT-016,,2026-09-22 11:17:23
99971001566,VB0C3F21FB2,AGT-040,,2026-09-22 11:24:30
99971000156,,,15f18967e09e9224,2026-09-22 11:33:47
99979400004,,,cb2f17cd9aa4a813,2026-09-22 11:34:35
99971001008,,,082b1a0731a281f0,2026-09-22 11:34:55
99971000790,V8ABC66F4A2,AGT-037,,2026-09-22 11:36:34
99971001122,,,3076d6335654b83a,2026-09-22 11:37:54
99971002207,,,441d9277d71b2bd0,2026-09-22 11:54:21
99971000914,V95D7B60497,AGT-018,,2026-09-22 11:59:12
99971001016,V2F09FB89E4,AGT-029,,2026-09-22 11:59:32
99971000271,,,751c628a110780bf,2026-09-22 12:02:31
99971000423,,,43601345b67658b2,2026-09-22 12:09:50
99971000552,,,00851879313908af,2026-09-22 12:16:29
99971001646,VF568862B27,AGT-039,,2026-09-22 12:17:45
99971001628,,,7f23cb601a1d1c98,2026-09-22 12:24:08
99971002244,V01F1F068E5,AGT-008,,2026-09-22 12:25:10
99971001502,,,775cfa011626feda,2026-09-22 12:45:09
99971001746,,,fc5da6001b7540d2,2026-09-22 13:06:51
99971000039,V1E42FAB691,AGT-026,,2026-09-22 13:15:47
99971002251,VEC54651ADD,AGT-013,,2026-09-22 13:16:40
99971002294,V849157D389,AGT-012,,2026-09-22 13:35:50
99971000773,VDBB7BAD473,AGT-002,,2026-09-22 13:39:34
99971000570,V953069507B,AGT-039,,2026-09-22 13:44:17
99971000672,V24D56EAC77,AGT-010,,2026-09-22 13:44:42
99971000502,VC125C40786,AGT-003,,2026-09-22 13:58:09
99971000492,V4CB7474656,AGT-018,,2026-09-22 14:19:13
99971001473,,,17913fbb62e9fd29,2026-09-22 14:32:45
99971000123,,,9af4c584c73b5e21,2026-09-22 14:47:04
99971001666,V5CF6CA8000,AGT-019,,2026-09-22 14:53:42
99971001730,V0BD540F7C2,AGT-022,,2026-09-22 15:04:39
99971000138,,,039f68dbebe07e5e,2026-09-22 15:06:51
99971000311,V4FA020B92B,AGT-016,,2026-09-22 15:09:29
99971001037,VE26C7ED2F8,AGT-029,,2026-09-22 15:12:16
99971001502,,,775cfa011626feda,2026-09-22 15:16:11
99979500003,VMULE00000A1,AGT-666,,2026-09-22 15:36:04
99971000406,V20BCA4C954,AGT-016,,2026-09-22 15:57:39
99971000582,V49CFEDE2B6,AGT-017,,2026-09-22 15:58:45
99971001644,VADF6F499CD,AGT-030,,2026-09-22 16:01:21
99971000170,VB370727772,AGT-003,,2026-09-22 16:07:40
99971000235,VA84F3011A2,AGT-040,,2026-09-22 16:18:10
99971000060,V2A6558AC71,AGT-017,,2026-09-22 16:39:39
99971000528,V447CCF3216,AGT-028,,2026-09-22 16:40:58
99971000208,,,a8934d92dd27d075,2026-09-22 16:45:01
99971002243,,,83b9bc1ae2e58dc5,2026-09-22 16:47:04
99971000036,VAC9AEFA677,AGT-013,,2026-09-22 16:52:13
99971001902,VEAAF5240B3,AGT-008,,2026-09-22 16:59:32
99971001123,V8D3DBA7395,AGT-014,,2026-09-22 17:22:05
99971000454,VF445B2C8AF,AGT-031,,2026-09-22 17:29:56
99971002060,VFEE9450ACA,AGT-017,,2026-09-22 17:41:03
99971000654,V0922A7DF92,AGT-040,,2026-09-22 17:43:08
99971002237,,,e12b7237c2a874dc,2026-09-22 18:31:12
99971000416,V8C72799598,AGT-027,,2026-09-22 18:39:43
99971000948,VE9586CB960,AGT-028,,2026-09-22 18:40:40
99971000238,V3845A90C0B,AGT-036,,2026-09-22 18:43:13
99971001226,V285821B617,AGT-014,,2026-09-22 19:02:01
99971000727,,,61c4054c1294d645,2026-09-22 19:12:28
99971001584,,,4b53ac6de6ac3fd5,2026-09-22 19:12:36
99971000727,,,61c4054c1294d645,2026-09-22 19:33:54
99971000570,V532500D98D,AGT-028,,2026-09-22 19:54:52
99971000522,,,6ad44651a219db40,2026-09-22 20:11:14
99971000693,V3000A11708,AGT-017,,2026-09-22 20:12:25
99971001715,,,d8cb5118b6cae12d,2026-09-22 20:14:06
99971002086,V698E2BC4CD,AGT-032,,2026-09-22 20:28:11
99971001723,V2E638E0B01,AGT-014,,2026-09-22 20:42:19
99971001610,,,d454b7f6e15df5b6,2026-09-23 07:14:42
99971001639,VCDA97C2437,AGT-020,,2026-09-23 07:16:08
99971001406,VB9232E70C1,AGT-026,,2026-09-23 07:26:49
99971000129,V56F2676C4F,AGT-016,,2026-09-23 07:33:05
99971000590,V818A9B5635,AGT-037,,2026-09-23 07:34:49
99971000327,V43A5192D0A,AGT-028,,2026-09-23 08:13:06
99971002150,,,a0a61a91c839917c,2026-09-23 08:24:17
99971000009,V20A2EB78F0,AGT-031,,2026-09-23 08:27:34
99971001836,,,624034ed50eeebd1,2026-09-23 09:02:35
99971000700,,,9e906f78a667b6f9,2026-09-23 09:09:53
99971002020,VB9996D3FB0,AGT-020,,2026-09-23 09:34:05
99971000364,V5E6C84F8E2,AGT-016,,2026-09-23 09:34:23
99971000971,V20FEAC1D6D,AGT-032,,2026-09-23 09:45:00
99971002318,V298BA6C120,AGT-037,,2026-09-23 10:04:21
99971000323,,,219e0ca58541991c,2026-09-23 10:17:13
99971001746,,,fc5da6001b7540d2,2026-09-23 10:17:33
99971000058,VE2541E9F98,AGT-010,,2026-09-23 10:34:25
99971000652,V92B2E21E59,AGT-001,,2026-09-23 10:49:58
99971000592,V4DF3D4C163,AGT-013,,2026-09-23 11:01:50
99971002317,VEF714EC29F,AGT-020,,2026-09-23 11:04:41
99971001585,VD1F73F8F35,AGT-014,,2026-09-23 11:10:10
99971000250,,,979402c315a05f03,2026-09-23 11:16:40
99971001630,V749484B5AA,AGT-022,,2026-09-23 11:34:43
99971001209,,,20684e468a7b8ca3,2026-09-23 11:39:40
99971001656,V9B5BCE8711,AGT-025,,2026-09-23 11:50:17
99971001124,,,4f1040f474bcc12a,2026-09-23 12:09:29
99971001473,,,17913fbb62e9fd29,2026-09-23 12:11:16
99971001167,VA5D2DD2052,AGT-031,,2026-09-23 12:22:55
99971001166,,,5cf412e36c1163a7,2026-09-23 13:01:21
99971001630,VF9CF1E612C,AGT-011,,2026-09-23 13:09:51
99971001473,,,17913fbb62e9fd29,2026-09-23 13:33:13
99971002113,VA685BCA709,AGT-037,,2026-09-23 13:54:15
99971001170,VA55F29F5E2,AGT-025,,2026-09-23 14:07:57
99971000844,V31199F5EAF,AGT-012,,2026-09-23 14:09:20
99971000119,V347D5F16C4,AGT-028,,2026-09-23 14:35:06
99971000937,VA51D9779E2,AGT-007,,2026-09-23 14:39:08
99971001600,V6D6728F83C,AGT-032,,2026-09-23 14:47:06
99971000003,V1946979DFC,AGT-040,,2026-09-23 14:47:33
99971001295,V99BBC4C01D,AGT-031,,2026-09-23 14:55:20
99971001169,V440B64F7CF,AGT-001,,2026-09-23 15:06:13
99971001294,VD99B4A7155,AGT-032,,2026-09-23 15:21:29
99971002211,,,fc9df39437fdbcb8,2026-09-23 15:42:30
99971001576,V5CF8A48F55,AGT-029,,2026-09-23 15:53:14
99971001768,VEBE0A6CA04,AGT-032,,2026-09-23 16:00:33
99971002039,V19DEA7790B,AGT-005,,2026-09-23 16:16:53
99971001178,V8DEFB6849A,AGT-025,,2026-09-23 16:22:46
99971001851,,,e70ac6717db3baa3,2026-09-23 16:28:24
99971001997,,,7f6cd979558a5866,2026-09-23 16:37:56
99971000938,V256FA161EF,AGT-029,,2026-09-23 16:40:10
99971001037,VA2F592028D,AGT-002,,2026-09-23 16:42:42
99971001681,,,9276d5212bdc45de,2026-09-23 16:47:13
99971001355,VB804991FAA,AGT-007,,2026-09-23 17:03:50
99971001774,,,0ad0c038299e459f,2026-09-23 17:11:17
99971000297,V24A6CC16C8,AGT-005,,2026-09-23 17:23:28
99971000620,,,63c87e5954db03dd,2026-09-23 17:33:24
99971000448,V26EDE5BFA4,AGT-016,,2026-09-23 18:07:28
99971002254,V7682EB880F,AGT-007,,2026-09-23 18:10:02
99971000703,V5A67E760EF,AGT-018,,2026-09-23 18:12:20
99971001168,,,7981de07c9bd537b,2026-09-23 19:08:10
99971000706,VDE10EE253E,AGT-021,,2026-09-23 19:53:02
99971002092,V82AEC01FB8,AGT-013,,2026-09-23 19:54:58
99971000355,,,27465e823d93faf0,2026-09-23 20:13:09
99971000991,,,c1bb2f1d97a71b78,2026-09-23 20:24:15
99971001212,,,985c3c8d9f7d9bda,2026-09-23 20:49:51
99971001646,V1657A7C612,AGT-005,,2026-09-23 20:50:13
99971002332,V6D03D9BCC1,AGT-031,,2026-09-24 07:07:36
99971002107,,,e2db493d556758ce,2026-09-24 07:44:24
99971000175,V5D493A9AE5,AGT-016,,2026-09-24 07:45:35
99971000406,VE7B604F754,AGT-034,,2026-09-24 07:56:40
99971001504,V97C752E57B,AGT-015,,2026-09-24 08:04:34
99971001572,V8355F4FAB8,AGT-011,,2026-09-24 08:15:40
99971001552,,,7521a70fc1e2e2fd,2026-09-24 08:23:06
99971000635,,,cf399c244c452f23,2026-09-24 08:45:26
99971000645,V8ECDB822D6,AGT-009,,2026-09-24 08:50:33
99971000215,VF38B04AF42,AGT-028,,2026-09-24 08:55:37
99971001730,VA4169AF103,AGT-031,,2026-09-24 08:58:24
99971000409,V3B06BD3E1D,AGT-001,,2026-09-24 09:12:34
99971001985,,,1c24a3c7bfb3bc01,2026-09-24 09:15:37
99979500005,V6B8EC73F39,AGT-666,,2026-09-24 09:16:50
99971001609,,,1c7274ed99809b48,2026-09-24 09:17:03
99971002071,V671DCE9780,AGT-020,,2026-09-24 09:18:55
99971002383,V5C80B04A87,AGT-011,,2026-09-24 09:19:02
99971002102,VDDE5543AE2,AGT-021,,2026-09-24 09:24:48
99971002188,,,b7935f525785ff46,2026-09-24 09:27:14
99971000594,VA5F0D88351,AGT-016,,2026-09-24 09:32:56
99971000836,VF113393B97,AGT-040,,2026-09-24 09:47:36
99971001744,,,31bc46bcd56307f4,2026-09-24 10:11:48
99971000926,,,0d1bc67b4a5d0015,2026-09-24 10:20:09
99971000903,V8AB2919E5E,AGT-035,,2026-09-24 10:20:30
99971000193,V892B0A3F54,AGT-029,,2026-09-24 10:29:39
99971001545,V713E5B290E,AGT-014,,2026-09-24 11:15:39
99971000611,V915C91AD05,AGT-024,,2026-09-24 11:19:31
99971001910,,,1cc0210fcffa18b4,2026-09-24 11:20:42
99971002074,,,4e9f927f19c1956f,2026-09-24 11:46:25
99971000510,,,fc97191f5e0d8f3d,2026-09-24 11:48:53
99971000774,V140ABDA30E,AGT-002,,2026-09-24 11:56:59
99971002162,V7023155755,AGT-018,,2026-09-24 12:03:11
99971000172,,,6f15dfe875753a66,2026-09-24 12:07:44
99971000886,V9AE628EF73,AGT-006,,2026-09-24 12:11:57
99971000842,,,f81dee315fc77bd3,2026-09-24 12:22:40
99971002341,,,2ba2ef19d381fce1,2026-09-24 12:29:48
99971002277,VF6D7A9353F,AGT-030,,2026-09-24 12:31:49
99971000545,V4E444EA53C,AGT-009,,2026-09-24 12:35:44
99971001521,VEA1A4C109E,AGT-016,,2026-09-24 12:46:07
99971000190,,,8bf65615e03ba221,2026-09-24 12:55:44
99971002233,,,6a1d62bff185b6d0,2026-09-24 12:58:20
99971000590,VC4446EF236,AGT-009,,2026-09-24 13:15:54
99979400003,,,45215bcd419a3c37,2026-09-24 13:37:27
99971001850,V3387348664,AGT-023,,2026-09-24 13:50:50
99971002204,VB71873BE62,AGT-009,,2026-09-24 13:52:47
99971001376,V791F0B33DE,AGT-040,,2026-09-24 14:11:32
99971002159,V86F5F69C9B,AGT-040,,2026-09-24 14:17:42
99971001954,,,043962686896fa23,2026-09-24 14:30:06
99971001466,VDBF7FBD29B,AGT-004,,2026-09-24 14:48:19
99971000799,,,8d19eca6a7e89f67,2026-09-24 14:51:04
99971000091,VE0E5FE838E,AGT-007,,2026-09-24 14:56:16
99971000300,,,8bf56636700a365f,2026-09-24 14:58:00
99971000729,VAA48525C77,AGT-002,,2026-09-24 15:03:30
99971002026,VA716601D17,AGT-018,,2026-09-24 15:04:09
99979500001,V016DE4F9AC,AGT-666,,2026-09-24 15:07:38
99971001029,V7F890BAC28,AGT-002,,2026-09-24 15:09:45
99971000767,V9ECE10E903,AGT-021,,2026-09-24 15:20:46
99971001564,V1D273545A1,AGT-020,,2026-09-24 16:03:28
99971001597,VA2BA133A0E,AGT-040,,2026-09-24 16:11:46
99971001079,,,7f9262a14840c99d,2026-09-24 16:13:23
99971000211,V98C649311E,AGT-032,,2026-09-24 16:23:46
99971001040,VC34213CF7D,AGT-039,,2026-09-24 16:32:27
99971001678,V8202615D23,AGT-018,,2026-09-24 16:35:09
99971001476,,,32579719ba785440,2026-09-24 17:07:12
99971000880,V0719C3D017,AGT-007,,2026-09-24 17:08:39
99971001568,VFC86DF2918,AGT-024,,2026-09-24 17:30:16
99971001455,V3C2E641432,AGT-004,,2026-09-24 17:36:34
99971000383,V1ECCBA743A,AGT-029,,2026-09-24 17:44:11
99971000283,V9A6C528D74,AGT-027,,2026-09-24 17:46:23
99971001083,,,46f3ee23c7b86626,2026-09-24 18:22:46
99971000303,VEC9337C1DB,AGT-001,,2026-09-24 18:35:12
99971000488,VEEA5429DA2,AGT-012,,2026-09-24 18:36:36
99971001092,V2AB7857625,AGT-008,,2026-09-24 18:37:34
99971002302,V12ED5D27A5,AGT-014,,2026-09-24 18:58:18
99971000255,,,cd022e68dbc98275,2026-09-24 19:09:27
99971002338,V398D3C33C0,AGT-031,,2026-09-24 19:18:34
99971000407,V39C697F60E,AGT-012,,2026-09-24 19:20:33
99971002012,,,9136766800b0d660,2026-09-24 19:22:21
99971000983,V50C9A1EF14,AGT-006,,2026-09-24 19:27:52
99971000294,VA64FD45A48,AGT-007,,2026-09-24 19:40:08
99971002173,,,50472d6f5517bcb9,2026-09-24 20:08:51
99971000857,V8FEF0B126F,AGT-015,,2026-09-24 20:17:18
99971002081,V0A15C24EAB,AGT-004,,2026-09-24 20:26:52
99971000181,,,87a0fbd75321cc7b,2026-09-24 20:50:23
99971001177,V47760EC737,AGT-033,,2026-09-24 20:59:11
99971001341,V9CBE859091,AGT-029,,2026-09-25 07:13:22
99971001912,,,24e1df026d2b804d,2026-09-25 07:17:57
99971001199,,,baed6b813867ce9d,2026-09-25 07:35:34
99971002017,V4557549CED,AGT-036,,2026-09-25 07:50:07
99971001380,,,dc91b6deea6a1286,2026-09-25 08:02:53
99971000023,VACFBBDEC33,AGT-023,,2026-09-25 08:05:29
99971001125,V6807112CA8,AGT-032,,2026-09-25 08:09:26
99971000927,V965DA8551E,AGT-014,,2026-09-25 08:13:07
99971000857,V2EECE01D26,AGT-001,,2026-09-25 08:16:40
99971000992,V1FEBD63008,AGT-023,,2026-09-25 08:17:17
99971002367,VB347B2C7B4,AGT-025,,2026-09-25 08:38:02
99971001924,V66C231E38A,AGT-038,,2026-09-25 09:09:17
99971001482,V08059F459C,AGT-031,,2026-09-25 09:13:20
99971001869,,,293514ff063f84d2,2026-09-25 09:17:29
99979500001,V6673576F67,AGT-666,,2026-09-25 09:51:13
99979400002,,,4f46eab918538c85,2026-09-25 09:56:39
99971001147,VA27CA277D6,AGT-037,,2026-09-25 10:00:34
99971001516,V3FB7F670C9,AGT-032,,2026-09-25 10:12:42
99971001771,V714D25733A,AGT-015,,2026-09-25 10:34:19
99971000778,V6EAD956830,AGT-036,,2026-09-25 10:35:38
99971001234,V2AF82DC9FC,AGT-039,,2026-09-25 10:45:49
99971000418,,,ec399d5ea83ef6ea,2026-09-25 11:20:34
99971001558,VFBF5D0C00E,AGT-032,,2026-09-25 11:37:49
99971002147,V8F14198FEE,AGT-002,,2026-09-25 12:12:59
99971002279,V2A1133A304,AGT-020,,2026-09-25 12:31:03
99971000871,V7DFC0A9706,AGT-012,,2026-09-25 12:50:58
99971001376,V67824E90C9,AGT-020,,2026-09-25 12:54:29
99971000991,,,c1bb2f1d97a71b78,2026-09-25 13:00:41
99971002121,V2430CC56B0,AGT-006,,2026-09-25 13:03:29
99971000532,,,cf4c0619be5d9cce,2026-09-25 13:23:37
99971001062,,,29ea343ec927c588,2026-09-25 13:24:33
99971000073,V9FF0516282,AGT-016,,2026-09-25 13:33:09
99971000908,VA0F0C737E8,AGT-038,,2026-09-25 13:36:34
99971002291,,,2108c51664ff38d1,2026-09-25 13:42:25
99971001416,V054EEA6CBE,AGT-024,,2026-09-25 13:43:06
99971000280,,,fbe8aa90f84edfb5,2026-09-25 13:49:22
99971002199,V477883E7CE,AGT-038,,2026-09-25 13:53:23
99971001379,VB95464AB99,AGT-025,,2026-09-25 14:03:07
99971001216,VA050210932,AGT-002,,2026-09-25 14:09:28
99971002129,V61BCAB2665,AGT-040,,2026-09-25 14:12:27
99971001289,V9FDB64869F,AGT-023,,2026-09-25 14:13:23
99971001741,V9EB4C4EB1E,AGT-037,,2026-09-25 14:34:51
99971002113,V7D9EC7D6A0,AGT-037,,2026-09-25 14:37:40
99971000752,,,24daadfeee8d747c,2026-09-25 14:40:22
99971001211,V4165F56458,AGT-020,,2026-09-25 14:47:06
99971000965,VD24B9B3784,AGT-039,,2026-09-25 14:59:37
99971000421,,,e2bb712569516d1a,2026-09-25 15:12:50
99971002217,V3FEAAAE15E,AGT-035,,2026-09-25 15:25:44
99971001135,VE97BAF4777,AGT-034,,2026-09-25 15:26:15
99971000638,VB154DBF482,AGT-014,,2026-09-25 15:28:40
99971002369,,,e0b3f44d45c8c938,2026-09-25 15:29:57
99971000230,,,50293c17b9c8b1cf,2026-09-25 15:31:39
99971000536,,,e1db069c603e3ac5,2026-09-25 15:37:19
99971000976,V5C72F1FDC5,AGT-013,,2026-09-25 15:50:27
99971002145,V6E8018144F,AGT-008,,2026-09-25 15:53:50
99971001077,,,873383d23895ce78,2026-09-25 16:12:35
99971002130,,,e8b56f8883a6011b,2026-09-25 16:20:22
99971002290,,,62620900252d7288,2026-09-25 16:32:23
99971000386,VC39FF09CAD,AGT-034,,2026-09-25 16:35:20
99971001913,VDF93C8628A,AGT-004,,2026-09-25 16:48:50
99971000086,V6AE2CB209B,AGT-030,,2026-09-25 17:05:27
99971000958,VFF0E8E0696,AGT-025,,2026-09-25 17:12:49
99971001506,,,4e4179104cadec0d,2026-09-25 17:22:52
99971000970,V0B65DA523A,AGT-020,,2026-09-25 17:31:35
99971001617,,,8c36ca1323422b1b,2026-09-25 17:47:25
99971001060,,,06ca5b8d9967ba38,2026-09-25 18:13:08
99971000271,,,751c628a110780bf,2026-09-25 18:35:58
99971001036,V7A89413615,AGT-040,,2026-09-25 18:36:57
99971001123,VC627B55DB8,AGT-010,,2026-09-25 19:03:45
99971001725,V8A111BC611,AGT-027,,2026-09-25 19:18:56
99971001115,VAC10E7FABE,AGT-026,,2026-09-25 19:37:01
99971001024,VC4790AB4E0,AGT-032,,2026-09-25 19:48:34
99971000613,VDF60E5CFB3,AGT-003,,2026-09-25 19:59:49
99971002257,V433AB890A8,AGT-017,,2026-09-25 20:11:06
99971001767,V5AC3844730,AGT-011,,2026-09-25 20:21:42
99971000273,,,61e0366f5733c870,2026-09-25 20:23:52
99971000111,V26CF77588D,AGT-018,,2026-09-25 20:29:24
99971000690,V21343580A7,AGT-026,,2026-09-25 20:38:41
99971001008,,,082b1a0731a281f0,2026-09-25 20:59:47
99971000481,VB3E8BDF101,AGT-029,,2026-09-26 07:12:40
99971000844,VEA5A3870BA,AGT-036,,2026-09-26 07:15:30
99971002019,V993382067E,AGT-011,,2026-09-26 07:34:13
99971001405,V5418A89984,AGT-026,,2026-09-26 07:37:50
99971000332,,,7408a922e84de021,2026-09-26 07:39:31
99971002090,V912CA83AAC,AGT-037,,2026-09-26 07:45:29
99971000023,V531C854269,AGT-030,,2026-09-26 07:56:15
99971002237,,,e12b7237c2a874dc,2026-09-26 08:06:57
99971001445,,,c733691aca266b1f,2026-09-26 08:08:48
99971000928,VD92197FBCA,AGT-002,,2026-09-26 08:26:43
99971002074,,,4e9f927f19c1956f,2026-09-26 08:36:16
99971000377,,,db976b36b98538b8,2026-09-26 09:12:45
99971001020,V5326DB605A,AGT-001,,2026-09-26 09:18:24
99971002198,VB384C873B3,AGT-028,,2026-09-26 09:32:47
99971001556,VC972B619A1,AGT-014,,2026-09-26 10:01:02
99971001363,,,9eced4380eb11e55,2026-09-26 10:02:35
99971002229,VD33B88929E,AGT-034,,2026-09-26 10:05:52
99971001600,V3BA62E96EF,AGT-035,,2026-09-26 10:16:40
99971001359,,,af5b80c3a0d16efa,2026-09-26 10:26:47
99971000552,,,00851879313908af,2026-09-26 10:44:31
99971001005,VEBB215578D,AGT-004,,2026-09-26 10:49:42
99971002125,VF5EB5B057A,AGT-029,,2026-09-26 11:00:34
99971001588,V5D6168E0A8,AGT-010,,2026-09-26 11:07:39
99971000768,VC517CCF301,AGT-002,,2026-09-26 11:13:28
99971001465,VB9D88B7CD9,AGT-019,,2026-09-26 11:38:36
99971001133,,,75a8083cc8363a04,2026-09-26 11:50:30
99971000534,,,21566a02faa16f6f,2026-09-26 11:53:21
99971002014,V5036318528,AGT-040,,2026-09-26 12:01:58
99971001674,V8CD32F8358,AGT-028,,2026-09-26 12:38:12
99971000946,,,05e2ff4b510b3bac,2026-09-26 12:39:18
99971001409,VDF29E9FC04,AGT-002,,2026-09-26 13:10:46
99971001109,,,598b74f147cb5eea,2026-09-26 13:15:50
99971001266,,,99906da7541a5253,2026-09-26 13:19:33
99971001444,V4D18761368,AGT-018,,2026-09-26 13:27:34
99971001210,VE91607BEAC,AGT-030,,2026-09-26 13:33:58
99971001238,V64FB27B68A,AGT-030,,2026-09-26 13:42:00
99971000140,V8376B3F8F2,AGT-018,,2026-09-26 13:50:10
99971002257,VC9A29EDE24,AGT-026,,2026-09-26 13:51:05
99979500002,VE2DD0E8F3B,AGT-666,,2026-09-26 14:00:56
99971000859,V3B47C22113,AGT-038,,2026-09-26 14:50:47
99971001701,VE9C7C958D0,AGT-028,,2026-09-26 15:03:42
99971001955,VA77E110E72,AGT-033,,2026-09-26 15:17:40
99971001652,V5E8A6B5A43,AGT-014,,2026-09-26 15:25:35
99971000460,V3F91893631,AGT-013,,2026-09-26 15:29:57
99971000836,VA2F21E3A03,AGT-019,,2026-09-26 15:49:25
99971001513,V78DE511FED,AGT-009,,2026-09-26 15:50:41
99971001220,,,a5f9a8e17f2b6066,2026-09-26 16:02:21
99971000990,,,a9dbd7724985466e,2026-09-26 16:30:55
99971000982,V3FDF4CF5AD,AGT-038,,2026-09-26 16:36:56
99971001135,VA20472CCFD,AGT-038,,2026-09-26 16:41:25
99971001343,V4A96B557B2,AGT-036,,2026-09-26 16:42:57
99971000245,V45BE0F2A17,AGT-002,,2026-09-26 16:57:53
99971001414,V6EAEEDA50A,AGT-033,,2026-09-26 17:18:59
99971001556,V97CEAEF4C9,AGT-010,,2026-09-26 17:35:36
99971001918,V1C03077441,AGT-031,,2026-09-26 17:53:43
99971001758,,,609bcbc54c6ee16d,2026-09-26 18:25:39
99971000119,V279AD93D42,AGT-035,,2026-09-26 18:27:48
99971002073,,,cbf4ca5256cb90cf,2026-09-26 18:30:14
99971000721,VFF1493D612,AGT-020,,2026-09-26 18:30:51
99971000126,V1949EB870A,AGT-036,,2026-09-26 18:35:58
99971001238,VE75EB1ADD1,AGT-004,,2026-09-26 18:42:19
99971001242,V779CAF9667,AGT-009,,2026-09-26 18:47:11
99971001984,VB06E36EAE8,AGT-025,,2026-09-26 18:47:32
99971000983,VE0F89510E6,AGT-015,,2026-09-26 18:59:55
99971000450,,,dfd95007ef62c516,2026-09-26 19:01:47
99971000088,V9CA3F84895,AGT-005,,2026-09-26 19:06:15
99971000932,V3247672190,AGT-007,,2026-09-26 19:13:20
99971001255,V20211725DF,AGT-027,,2026-09-26 19:17:25
99971001415,VF512945E9F,AGT-004,,2026-09-26 19:22:56
99971001363,,,9eced4380eb11e55,2026-09-26 19:23:17
99971000968,VC454095C84,AGT-003,,2026-09-26 19:47:51
99971000007,VF54B93A42D,AGT-034,,2026-09-26 19:47:58
99971001473,,,17913fbb62e9fd29,2026-09-26 20:00:21
99971001830,V87C9FBFE20,AGT-019,,2026-09-26 20:05:29
99971001487,V76DB46587C,AGT-022,,2026-09-26 20:09:07
99971000922,V0A7E15F52B,AGT-011,,2026-09-26 20:11:45
99971000558,,,067aa59ff9c9122a,2026-09-26 20:20:12
99971000921,,,3f887ba7167282da,2026-09-26 20:22:48
99971000018,VA5A22CF2E4,AGT-011,,2026-09-26 20:31:41
99971000479,,,7a28bf629875222a,2026-09-27 07:09:54
99971001261,V348F76AC1B,AGT-018,,2026-09-27 07:22:19
99971000694,VC29F585DF5,AGT-038,,2026-09-27 07:23:48
99971001699,,,dcbfe135236dc8b6,2026-09-27 07:26:01
99971000171,V70CEC23995,AGT-024,,2026-09-27 07:30:53
99971001791,VB4F22EDFD7,AGT-033,,2026-09-27 07:38:51
99971001125,V276B3B0D15,AGT-039,,2026-09-27 07:54:20
99971000047,V2E29E355A8,AGT-035,,2026-09-27 08:18:03
99971002013,V3CEFE7FEB2,AGT-020,,2026-09-27 08:21:40
99971000271,,,751c628a110780bf,2026-09-27 08:23:35
99971001909,V6F19089DEB,AGT-013,,2026-09-27 08:34:33
99971001770,,,1ba3ac88b84bc9c9,2026-09-27 08:43:45
99971000033,VC2DE81CEF3,AGT-013,,2026-09-27 08:49:45
99971002373,V4EA6CC4B67,AGT-028,,2026-09-27 09:25:26
99971002209,VDE1CC0EE98,AGT-012,,2026-09-27 09:36:07
99971002257,VABD1C622F4,AGT-013,,2026-09-27 09:36:38
99971000295,,,52a4187ce0942d57,2026-09-27 09:36:50
99971002053,VB8662CAB93,AGT-023,,2026-09-27 10:02:19
99971000510,,,fc97191f5e0d8f3d,2026-09-27 10:23:45
99971000292,,,5392f44e9eab49e8,2026-09-27 10:49:58
99971001785,V21DCE81B51,AGT-012,,2026-09-27 10:57:40
99971000839,VE505D47A9D,AGT-022,,2026-09-27 11:26:20
99971000482,V0D74EB62C2,AGT-016,,2026-09-27 11:53:47
99971001320,,,1e35a08be9893120,2026-09-27 11:54:01
99971002398,V0393A34014,AGT-029,,2026-09-27 12:00:41
99971000976,V1BE144151D,AGT-016,,2026-09-27 12:04:07
99971000867,,,b3d6ae19d747a8c5,2026-09-27 12:11:27
99971001646,V208FB5859E,AGT-037,,2026-09-27 12:15:38
99971000388,V7C0CD91907,AGT-024,,2026-09-27 12:17:45
99971001371,V53C923BA5E,AGT-038,,2026-09-27 12:27:18
99971000900,,,ee17e1e98bf0db96,2026-09-27 12:45:45
99971000337,V8378DC1005,AGT-038,,2026-09-27 12:56:03
99971002302,V5434F8CB44,AGT-022,,2026-09-27 13:05:11
99971000511,V3E4095C7A5,AGT-037,,2026-09-27 13:23:56
99971002054,,,0a5ab5c3680aea0a,2026-09-27 13:53:10
99971000879,V5B7901FEC2,AGT-015,,2026-09-27 13:54:40
99971000232,,,35574280de1e9111,2026-09-27 14:11:37
99971000164,VB3C98E2BF3,AGT-034,,2026-09-27 14:19:37
99971000304,V9C60F9C736,AGT-029,,2026-09-27 14:19:47
99971000254,V0F9C2591AD,AGT-030,,2026-09-27 14:23:43
99971001957,,,68eb5377f01ce39c,2026-09-27 14:33:41
99971001747,VA6822AC239,AGT-015,,2026-09-27 14:36:56
99971000033,VF1BE171802,AGT-034,,2026-09-27 14:38:31
99971001105,,,40eda5e05dd6b589,2026-09-27 14:51:57
99971000979,V833BF3A20C,AGT-019,,2026-09-27 14:56:15
99971000890,,,326e24e796ddf073,2026-09-27 15:03:45
99971000584,,,5f22b14311920f6e,2026-09-27 15:07:40
99971002129,V0FD42CDFD5,AGT-009,,2026-09-27 15:18:07
99971000800,,,8d19eca6a7e89f67,2026-09-27 15:46:11
99971001533,V4A7E835F72,AGT-008,,2026-09-27 15:54:59
99971001305,V81AC3CBC3A,AGT-018,,2026-09-27 16:00:30
99971000865,,,84180b6e76076489,2026-09-27 16:08:54
99971000240,V68AE7DF504,AGT-002,,2026-09-27 16:16:38
99971000506,,,af7ca9a55fecde11,2026-09-27 16:25:03
99971000088,V433A8D4328,AGT-029,,2026-09-27 16:39:02
99971000935,V2078C24EC6,AGT-007,,2026-09-27 16:42:55
99971001226,V0125F60EC9,AGT-032,,2026-09-27 17:02:32
99971000378,,,61f40c47f37900b1,2026-09-27 17:22:08
99971000168,,,1f81826ac80b8412,2026-09-27 17:22:48
99971000055,VDC0A4D5DB1,AGT-006,,2026-09-27 17:38:16
99971002115,V9F622AD73F,AGT-037,,2026-09-27 17:55:32
99971000045,VBA3079A8D0,AGT-024,,2026-09-27 17:56:14
99971001675,,,e0dbc8bf938b2128,2026-09-27 18:01:48
99971000454,V3B349C661C,AGT-013,,2026-09-27 18:03:31
99971000348,,,4381085163c6b744,2026-09-27 18:06:55
99971001733,V95F78AB49F,AGT-034,,2026-09-27 18:39:50
99971000343,V339E26737E,AGT-012,,2026-09-27 18:49:44
99971000154,,,7b663d8e87f7191d,2026-09-27 18:52:07
99971002082,VF882E251F8,AGT-006,,2026-09-27 18:57:00
99971001279,V0540A7EE1F,AGT-013,,2026-09-27 19:14:15
99971000450,,,dfd95007ef62c516,2026-09-27 19:39:04
99971000046,,,08e97d18e0c3850c,2026-09-27 19:40:09
99971001888,V57FAD8956B,AGT-040,,2026-09-27 19:55:55
99971002384,V216EF733A3,AGT-038,,2026-09-27 20:12:45
99971002098,,,fb24ae0bdeb363dd,2026-09-27 20:38:04
99971001032,VD0545CBCBF,AGT-008,,2026-09-27 20:43:38
99971001713,,,32d52a186cca1061,2026-09-28 07:04:21
99971001532,VC6038C720F,AGT-013,,2026-09-28 07:05:50
99971002147,V28A82DCF94,AGT-036,,2026-09-28 07:14:56
99971001496,VE71CADCCC3,AGT-033,,2026-09-28 07:28:17
99971001365,,,6974f251bdbb2be9,2026-09-28 07:36:50
99971001376,V1EE5976BFF,AGT-021,,2026-09-28 07:45:04
99971001005,V8135C4947B,AGT-018,,2026-09-28 08:00:29
99971001756,,,2979bd97615468a9,2026-09-28 08:11:44
99971001060,,,06ca5b8d9967ba38,2026-09-28 08:37:34
99971001667,VA1B8C87445,AGT-024,,2026-09-28 08:44:16
99971002012,,,9136766800b0d660,2026-09-28 08:45:23
99971000852,V113A28F643,AGT-033,,2026-09-28 08:51:32
99971001107,VBF375406F5,AGT-012,,2026-09-28 09:09:33
99971001626,V293F4B0889,AGT-006,,2026-09-28 09:20:50
99971000602,VCF64464890,AGT-014,,2026-09-28 09:30:15
99971000075,,,f7adb7eabd018afb,2026-09-28 09:34:08
99971001957,,,68eb5377f01ce39c,2026-09-28 09:35:24
99971000914,V6DA33AB8E3,AGT-033,,2026-09-28 09:41:28
99971000639,,,fb5757cf17986999,2026-09-28 09:47:50
99971000598,V8A8093F6C8,AGT-018,,2026-09-28 09:55:39
99971000115,V666A330517,AGT-036,,2026-09-28 10:11:01
99971001575,,,c8d71c800cf9bf89,2026-09-28 10:11:19
99971000291,,,539844626227c94a,2026-09-28 10:22:56
99971000149,VFB523A37C6,AGT-024,,2026-09-28 10:30:34
99971000458,VE2F6828596,AGT-019,,2026-09-28 10:39:41
99971001920,V696022AB8A,AGT-015,,2026-09-28 10:46:09
99971000596,VCD5B5F302A,AGT-036,,2026-09-28 10:49:22
99971000188,V8266CCEDE2,AGT-015,,2026-09-28 10:56:47
99971001003,VD8B12AB99A,AGT-035,,2026-09-28 10:58:06
99971000671,,,9046a5b23f4be477,2026-09-28 11:12:30
99971000828,,,7bdf5d7849ca4e50,2026-09-28 12:03:32
99971000718,,,ebee0c698c464a08,2026-09-28 12:11:06
99971000305,V40620373A4,AGT-015,,2026-09-28 12:11:37
99971001705,,,2a7034753bbe40df,2026-09-28 12:14:25
99971002277,V3C10B43C77,AGT-032,,2026-09-28 12:23:06
99971000644,V8C2C613F1F,AGT-033,,2026-09-28 12:26:18
99971002156,V00D7416517,AGT-007,,2026-09-28 12:26:28
99971000673,V904EA93294,AGT-033,,2026-09-28 12:34:25
99971002116,,,368faec17a6a8b9a,2026-09-28 12:54:00
99971001852,,,2cc784c5639faddc,2026-09-28 12:58:09
99971001100,V31AC24B3F6,AGT-011,,2026-09-28 13:03:36
99971000722,V69CE741ED6,AGT-008,,2026-09-28 13:07:00
99971002222,V76E4B33D4E,AGT-018,,2026-09-28 13:09:34
99971001940,V1AFB720D3A,AGT-015,,2026-09-28 13:25:03
99971002123,V13895A2D4F,AGT-003,,2026-09-28 13:26:24
99971001774,,,0ad0c038299e459f,2026-09-28 13:29:41
99971000932,V527D9037EC,AGT-021,,2026-09-28 13:44:11
99971001659,,,300c857f4de86e6d,2026-09-28 13:47:04
99971000785,VA429FDEF78,AGT-020,,2026-09-28 13:53:33
99971000970,V5F15A76F3D,AGT-005,,2026-09-28 14:04:53
99971002147,V22A7B1F64F,AGT-031,,2026-09-28 14:38:18
99971000823,,,b6f5aa1202b63f07,2026-09-28 14:48:36
99971001770,,,1ba3ac88b84bc9c9,2026-09-28 14:50:05
99971001727,V6E287BA479,AGT-021,,2026-09-28 14:54:28
99971001686,V62577C2077,AGT-010,,2026-09-28 14:54:31
99971000059,VEBC4D63D61,AGT-016,,2026-09-28 14:59:58
99971001523,V414E4FA8C0,AGT-013,,2026-09-28 15:06:37
99971001422,V52598507FF,AGT-016,,2026-09-28 15:14:40
99971002042,VD87318B2C5,AGT-014,,2026-09-28 15:19:44
99971002291,,,2108c51664ff38d1,2026-09-28 15:22:14
99971000976,VC8F7DC4419,AGT-032,,2026-09-28 15:25:23
99971001647,VBA7925C360,AGT-009,,2026-09-28 15:25:33
99971000321,V9A1DCE4F71,AGT-002,,2026-09-28 15:25:34
99971001280,V7F86EA8EB4,AGT-002,,2026-09-28 15:40:14
99971000122,,,55dec82026d40c7a,2026-09-28 15:59:34
99971000649,VE1471B814B,AGT-030,,2026-09-28 16:10:42
99971001054,,,008597715eca4f0f,2026-09-28 16:18:04
99971000117,V0D1D44097C,AGT-025,,2026-09-28 16:21:44
99971001469,V6A51BC6D35,AGT-027,,2026-09-28 16:22:39
99971000894,V9E0DB72689,AGT-021,,2026-09-28 16:32:54
99971001025,,,268ab33a4f3e1046,2026-09-28 17:04:08
99971000528,VD6217F1E31,AGT-027,,2026-09-28 17:12:22
99971000679,VFE1F58CE7E,AGT-020,,2026-09-28 17:22:39
99971002309,,,a380cb3661d3f148,2026-09-28 17:44:12
99971001371,V5412EAD6F8,AGT-016,,2026-09-28 17:50:41
99971000434,V746D6F2050,AGT-004,,2026-09-28 17:59:16
99971002021,VA420C715D3,AGT-020,,2026-09-28 18:02:30
99971000298,VE018962F94,AGT-034,,2026-09-28 18:02:55
99971000696,,,2aab5045cb3b0b2e,2026-09-28 18:35:09
99971000790,V2FF6BA39E6,AGT-012,,2026-09-28 18:38:07
99971001752,V55301EE3E3,AGT-039,,2026-09-28 18:40:47
99971000505,VF0FB2FE07D,AGT-019,,2026-09-28 18:47:47
99971000214,V69DED9176E,AGT-024,,2026-09-28 18:48:05
99971001902,V2E56995E76,AGT-011,,2026-09-28 18:53:19
99971000802,VA5B848FF1C,AGT-023,,2026-09-28 19:45:33
99971001172,V818709443A,AGT-018,,2026-09-28 19:48:13
99971001357,V87BE29D1B8,AGT-015,,2026-09-28 19:49:15
99971001082,V796D7603FF,AGT-027,,2026-09-28 19:52:18
99971000475,VC58206DD5E,AGT-002,,2026-09-28 20:01:54
99971000377,,,db976b36b98538b8,2026-09-28 20:02:47
99971000329,V90A306AB00,AGT-001,,2026-09-28 20:06:13
99971000698,,,da1ee03e8167f2d1,2026-09-28 20:20:51
99971001179,,,1c92a8734aadc975,2026-09-28 20:50:14
99971000635,,,cf399c244c452f23,2026-09-28 20:57:31
99971002087,V64D1D32386,AGT-040,,2026-09-29 07:05:34
99971001681,,,9276d5212bdc45de,2026-09-29 07:26:42
99971000017,,,2b59763aff9ba7a4,2026-09-29 07:44:23
99971000525,V861AD22F82,AGT-036,,2026-09-29 07:50:21
99971000173,,,fee971f3326cb00d,2026-09-29 08:07:12
99971000826,,,d7cb3605c61b8256,2026-09-29 08:12:02
99971001815,V16277C2704,AGT-011,,2026-09-29 08:15:37
99971001308,V9DEEB6542D,AGT-040,,2026-09-29 08:17:43
99971000616,,,191481d83efe3fac,2026-09-29 08:27:46
99971001598,VF68BA51DCC,AGT-019,,2026-09-29 08:34:55
99971001430,VBF9C807EA9,AGT-007,,2026-09-29 09:13:58
99971000702,,,5df33b33492353cc,2026-09-29 09:24:20
99971000466,,,f448f20c25af21af,2026-09-29 09:26:45
99971000872,V54B31E05A4,AGT-025,,2026-09-29 09:50:37
99971002376,,,b3f72244553ed189,2026-09-29 09:53:33
99971001622,V732F42A547,AGT-038,,2026-09-29 10:09:15
99971001790,,,f26352f9661e1a24,2026-09-29 10:26:10
99971001802,V69691AFDDE,AGT-012,,2026-09-29 10:28:30
99971002095,V7008E1AB97,AGT-012,,2026-09-29 10:41:19
99971001117,V5C80E4F414,AGT-025,,2026-09-29 10:42:04
99971001648,VA7F177840D,AGT-019,,2026-09-29 10:45:23
99971000062,VA37C794187,AGT-033,,2026-09-29 10:49:46
99971000459,VC3284E40E9,AGT-004,,2026-09-29 11:14:31
99971000040,,,b7ab2f11d46e5b6c,2026-09-29 11:17:13
99971001891,,,c28cc994987d6411,2026-09-29 11:27:39
99971001660,,,f632efdac7a7b42d,2026-09-29 11:36:02
99971000077,,,ff28667c8e6c67f7,2026-09-29 11:40:16
99979500005,V9B9E2AE91D,AGT-666,,2026-09-29 11:48:35
99971000660,V6D469B91BF,AGT-009,,2026-09-29 11:53:38
99971002023,,,c98a67690f98f51e,2026-09-29 11:54:17
99971001712,V55B3B0E924,AGT-018,,2026-09-29 11:57:16
99971000484,V8D4B72F62C,AGT-036,,2026-09-29 11:59:13
99971001903,,,baf9c3d91d693f5d,2026-09-29 12:25:27
99971001161,V8A9FB8EF51,AGT-015,,2026-09-29 12:34:12
99971001630,V638E2F24F2,AGT-032,,2026-09-29 12:36:02
99971001823,VE5538355D4,AGT-011,,2026-09-29 12:43:33
99971001859,,,c12e30357d1df59e,2026-09-29 12:46:51
99971000390,V84450BFAE0,AGT-013,,2026-09-29 12:49:24
99971000038,VBD1ED4583A,AGT-005,,2026-09-29 12:54:24
99971001731,V84031589D2,AGT-008,,2026-09-29 12:57:26
99971002099,VBA5A670923,AGT-024,,2026-09-29 13:10:25
99971002319,,,600825d5b258efda,2026-09-29 13:17:52
99971000373,,,91e3ed0dfe536758,2026-09-29 13:28:57
99971000568,VA98E11C119,AGT-009,,2026-09-29 13:30:22
99971000699,,,bc42c686ab56709a,2026-09-29 13:34:50
99971000701,V88815324F3,AGT-031,,2026-09-29 13:38:18
99971002031,,,7cbfd3c8fcc8f8ae,2026-09-29 13:56:11
99971001966,VFEC227746F,AGT-024,,2026-09-29 14:01:00
99971001620,,,10f1c6c415c421cd,2026-09-29 14:05:18
99971000779,V74E50D9B4F,AGT-006,,2026-09-29 14:09:20
99971002216,,,35ca35c29aa6e38f,2026-09-29 14:12:11
99971001307,V8B31B49D44,AGT-011,,2026-09-29 14:16:58
99971000671,,,9046a5b23f4be477,2026-09-29 14:20:54
99971001282,VE617F2B735,AGT-038,,2026-09-29 14:29:26
99971001414,VB043B75553,AGT-009,,2026-09-29 15:04:05
99971002271,,,545071c2097bb058,2026-09-29 15:22:44
99971001623,V21F77AAAFC,AGT-015,,2026-09-29 15:50:50
99971002006,,,6948c358b29e24d4,2026-09-29 15:57:00
99971000493,,,094e6dccc6a735b4,2026-09-29 16:12:05
99971002363,V7D59C33D0E,AGT-035,,2026-09-29 16:12:46
99971001629,VBD297AC369,AGT-018,,2026-09-29 16:18:27
99971000779,VDC0D4E9FEF,AGT-028,,2026-09-29 16:33:00
99971001006,VBB5E4291B1,AGT-035,,2026-09-29 16:45:22
99971001236,,,00a793066661a824,2026-09-29 16:49:43
99971001974,V408D7A8AB4,AGT-023,,2026-09-29 16:57:49
99971000875,V2CA8067E91,AGT-030,,2026-09-29 17:12:03
99979400004,,,cb2f17cd9aa4a813,2026-09-29 17:12:50
99971000080,V2A6398B611,AGT-025,,2026-09-29 17:16:11
99971000568,V49BA55818D,AGT-025,,2026-09-29 17:27:32
99971001717,VECF461F573,AGT-002,,2026-09-29 17:30:11
99971001425,,,38e75815436a9f41,2026-09-29 17:31:40
99971002195,,,6e0f28b05e82e0e4,2026-09-29 17:39:34
99971000097,V494E28888F,AGT-012,,2026-09-29 17:57:35
99971000285,,,9e0ca84dd2b0d01c,2026-09-29 18:05:38
99971001519,VAC8BA164C5,AGT-008,,2026-09-29 18:10:31
99971001773,V95E1647719,AGT-024,,2026-09-29 18:21:51
99971000672,VD18617127A,AGT-012,,2026-09-29 18:22:27
99971001683,V8488F16CBA,AGT-031,,2026-09-29 18:24:51
99971001271,,,3515aaf645dd00c6,2026-09-29 18:38:16
99971001826,VC80671B423,AGT-003,,2026-09-29 18:41:34
99971001958,VD8985D57F5,AGT-022,,2026-09-29 19:04:23
99971001832,,,212f3a9cb59f0311,2026-09-29 19:05:42
99971000662,,,3b9980a8ecfadbbe,2026-09-29 19:13:05
99971000429,V0254209D93,AGT-002,,2026-09-29 19:20:34
99971002391,VF3465098BA,AGT-035,,2026-09-29 19:20:51
99971001746,,,fc5da6001b7540d2,2026-09-29 19:22:31
99971001541,,,4489d2cbad5282b6,2026-09-29 19:36:41
99971002259,V1ECA8236F0,AGT-004,,2026-09-29 19:38:03
99971001885,V9EAA774789,AGT-014,,2026-09-29 19:45:34
99971001157,,,eb95a76f28fe1993,2026-09-29 19:58:06
99971002215,V88F3C43978,AGT-004,,2026-09-29 20:02:42
99971000053,VB54843BD88,AGT-024,,2026-09-29 20:13:58
99971001079,,,7f9262a14840c99d,2026-09-29 20:17:13
99971002302,VB45F2872DA,AGT-013,,2026-09-29 20:23:44
99971000775,,,6aaf62d200508d97,2026-09-29 20:25:52
99971000684,V389303ABEB,AGT-018,,2026-09-29 20:27:39
99971001270,VC48AD1620A,AGT-011,,2026-09-29 20:50:08
99971002237,,,e12b7237c2a874dc,2026-09-29 20:54:58
99971001306,V92FE7523B5,AGT-015,,2026-09-29 20:56:05
