msisdn,old_subscriber,new_subscriber,event,ts
99971000639,,CUST-13281321,activation,2019-01-02 10:00:00
99971000002,,CUST-FAACCFD4,activation,2019-01-04 10:00:00
99971000896,,CUST-419D2399,activation,2019-01-05 10:00:00
99971002376,,CUST-691B587E,activation,2019-01-06 10:00:00
99971000272,,CUST-23E67424,activation,2019-01-07 10:00:00
99971001772,,CUST-958A61E6,activation,2019-01-07 10:00:00
99971001248,,CUST-6BA383ED,activation,2019-01-08 10:00:00
99971001821,,CUST-05A64CDB,activation,2019-01-08 10:00:00
99971001132,,CUST-E3694AA1,activation,2019-01-10 10:00:00
99971000337,,CUST-51DCE7BD,activation,2019-01-11 10:00:00
99971002096,,CUST-F13DAE7C,activation,2019-01-11 10:00:00
99971002258,,CUST-4CA4D6C9,activation,2019-01-11 10:00:00
99971000371,,CUST-ABE1AAE8,activation,2019-01-14 10:00:00
99971001905,,CUST-EFEC28BC,activation,2019-01-14 10:00:00
99971002237,,CUST-0106E317,activation,2019-01-14 10:00:00
99971001733,,CUST-60AB11AB,activation,2019-01-15 10:00:00
99971000573,,CUST-9EBF6C12,activation,2019-01-17 10:00:00
99971000691,,CUST-EFB9695D,activation,2019-01-17 10:00:00
99971001153,,CUST-A75C4673,activation,2019-01-17 10:00:00
99971002244,,CUST-C417AAD0,activation,2019-01-17 10:00:00
99971002276,,CUST-7A6681FF,activation,2019-01-19 10:00:00
99971000719,,CUST-348204FD,activation,2019-01-22 10:00:00
99971000435,,CUST-65709B25,activation,2019-01-24 10:00:00
99971002175,,CUST-9CD4B137,activation,2019-01-24 10:00:00
99971000564,,CUST-723D7688,activation,2019-01-25 10:00:00
99971000641,,CUST-56F25B74,activation,2019-01-25 10:00:00
99971000159,,CUST-26E3ABA4,activation,2019-01-28 10:00:00
99971001343,,CUST-7F84577B,activation,2019-01-29 10:00:00
99971001979,,CUST-9DF2C2B0,activation,2019-01-29 10:00:00
99971000160,,CUST-F2B02676,activation,2019-01-30 10:00:00
99971000032,,CUST-4294A09A,activation,2019-02-01 10:00:00
99971001409,,CUST-342CAF7F,activation,2019-02-01 10:00:00
99971001930,,CUST-31EE2A1E,activation,2019-02-01 10:00:00
99971002128,,CUST-29F6FEEB,activation,2019-02-01 10:00:00
99971001168,,CUST-3BB6180F,activation,2019-02-02 10:00:00
99971001184,,CUST-980524F4,activation,2019-02-03 10:00:00
99971000672,,CUST-EC592EBC,activation,2019-02-05 10:00:00
99971000891,,CUST-2EA3D612,activation,2019-02-05 10:00:00
99971001387,,CUST-01805CEF,activation,2019-02-06 10:00:00
99971001340,,CUST-685E5B13,activation,2019-02-07 10:00:00
99971001240,,CUST-3E0C5BBC,activation,2019-02-09 10:00:00
99971000708,,CUST-0BFB3A9A,activation,2019-02-10 10:00:00
99971000513,,CUST-DC40FB50,activation,2019-02-11 10:00:00
99971002213,,CUST-960DD07B,activation,2019-02-11 10:00:00
99971002290,,CUST-9AE13B91,activation,2019-02-12 10:00:00
99971001251,,CUST-998932F3,activation,2019-02-13 10:00:00
99971001640,,CUST-97838718,activation,2019-02-13 10:00:00
99971002203,,CUST-943F4ADB,activation,2019-02-14 10:00:00
99971001255,,CUST-69D1B1DF,activation,2019-02-16 10:00:00
99971001395,,CUST-FEEF8A79,activation,2019-02-17 10:00:00
99971001494,,CUST-A9496B35,activation,2019-02-17 10:00:00
99971001566,,CUST-5B8CF7D0,activation,2019-02-18 10:00:00
99971001940,,CUST-C4E8EAD5,activation,2019-02-19 10:00:00
99971002197,,CUST-B146204D,activation,2019-02-19 10:00:00
99971000361,,CUST-26783EA1,activation,2019-02-21 10:00:00
99971001522,,CUST-592E3BC7,activation,2019-02-22 10:00:00
99971002148,,CUST-576D793E,activation,2019-02-25 10:00:00
99971001700,,CUST-40274D24,activation,2019-02-27 10:00:00
99971002161,,CUST-4E7A5EFE,activation,2019-02-27 10:00:00
99971000559,,CUST-81DD85A7,activation,2019-02-28 10:00:00
99971000872,,CUST-40A63B48,activation,2019-02-28 10:00:00
99971001077,,CUST-2639EAEB,activation,2019-02-28 10:00:00
99971001405,,CUST-394156FA,activation,2019-02-28 10:00:00
99971001189,,CUST-89328A79,activation,2019-03-01 10:00:00
99971002266,,CUST-8FBE4A4C,activation,2019-03-01 10:00:00
99971000623,,CUST-79F4AF95,activation,2019-03-02 10:00:00
99971000855,,CUST-9F2C5F79,activation,2019-03-02 10:00:00
99971000226,,CUST-C4F60815,activation,2019-03-03 10:00:00
99971000444,,CUST-CCDB642F,activation,2019-03-03 10:00:00
99971001134,,CUST-A1C86A1E,activation,2019-03-03 10:00:00
99971000161,,CUST-FC3986D6,activation,2019-03-04 10:00:00
99971000941,,CUST-9BF14749,activation,2019-03-04 10:00:00
99971000951,,CUST-BF7F0695,activation,2019-03-07 10:00:00
99971000681,,CUST-3259AB76,activation,2019-03-09 10:00:00
99971002049,,CUST-5E24017B,activation,2019-03-11 10:00:00
99971001569,,CUST-80836DB3,activation,2019-03-12 10:00:00
99971000166,,CUST-2D08071E,activation,2019-03-14 10:00:00
99971000826,,CUST-90DFBFCC,activation,2019-03-16 10:00:00
99971000117,,CUST-EE28814C,activation,2019-03-18 10:00:00
99971000143,,CUST-0E31CBAC,activation,2019-03-18 10:00:00
99971000905,,CUST-5AA53CA1,activation,2019-03-19 10:00:00
99971002371,,CUST-57485FAD,activation,2019-03-20 10:00:00
99971001257,,CUST-9342893A,activation,2019-03-24 10:00:00
99971000162,,CUST-9ED360EB,activation,2019-03-25 10:00:00
99971000260,,CUST-98CCB241,activation,2019-03-26 10:00:00
99971001838,,CUST-76D3B5FC,activation,2019-03-28 10:00:00
99971000131,,CUST-4D1F3584,activation,2019-03-29 10:00:00
99971000276,,CUST-484712A8,activation,2019-03-29 10:00:00
99971001530,,CUST-777A963F,activation,2019-04-02 10:00:00
99971001712,,CUST-0F400F6F,activation,2019-04-02 10:00:00
99971001826,,CUST-6DD23012,activation,2019-04-06 10:00:00
99971002186,,CUST-D81528E9,activation,2019-04-08 10:00:00
99971001683,,CUST-7E2AD646,activation,2019-04-09 10:00:00
99971000023,,CUST-C6F1F3FA,activation,2019-04-10 10:00:00
99971001499,,CUST-226EF02C,activation,2019-04-12 10:00:00
99971001632,,CUST-5F401A62,activation,2019-04-12 10:00:00
99971002208,,CUST-073998DA,activation,2019-04-13 10:00:00
99971000343,,CUST-10656C39,activation,2019-04-14 10:00:00
99971000670,,CUST-24D16AC1,activation,2019-04-15 10:00:00
99971001074,,CUST-02B2015B,activation,2019-04-16 10:00:00
99971000347,,CUST-5FA584DE,activation,2019-04-19 10:00:00
99971000961,,CUST-90C541E5,activation,2019-04-25 10:00:00
99971002065,,CUST-E9698F49,activation,2019-04-25 10:00:00
99971000820,,CUST-0410F87F,activation,2019-04-27 10:00:00
99971001058,,CUST-2EA2803D,activation,2019-04-27 10:00:00
99971001753,,CUST-B8E2A903,activation,2019-04-27 10:00:00
99971001866,,CUST-A9A5CF17,activation,2019-04-28 10:00:00
99971000290,,CUST-6276E295,activation,2019-04-30 10:00:00
99971000336,,CUST-C8E13F84,activation,2019-05-03 10:00:00
99971000602,,CUST-6BBB60C6,activation,2019-05-03 10:00:00
99971002379,,CUST-5CEF955F,activation,2019-05-03 10:00:00
99971001811,,CUST-5CF9C6A0,activation,2019-05-04 10:00:00
99971002016,,CUST-F163E69F,activation,2019-05-04 10:00:00
99971000219,,CUST-36ED2972,activation,2019-05-07 10:00:00
99971002279,,CUST-9E5BBDCF,activation,2019-05-07 10:00:00
99971001126,,CUST-2C4552F0,activation,2019-05-08 10:00:00
99971001800,,CUST-5EF0F8DF,activation,2019-05-08 10:00:00
99971002271,,CUST-1EFD2EC3,activation,2019-05-08 10:00:00
99971000740,,CUST-494B41FE,activation,2019-05-11 10:00:00
99971002163,,CUST-A4828CB1,activation,2019-05-12 10:00:00
99971000430,,CUST-FBE76D30,activation,2019-05-14 10:00:00
99971001691,,CUST-7507A359,activation,2019-05-14 10:00:00
99971000213,,CUST-0B818CAF,activation,2019-05-15 10:00:00
99971000225,,CUST-C4F60815,activation,2019-05-15 10:00:00
99971000274,,CUST-5BE408BF,activation,2019-05-15 10:00:00
99971001607,,CUST-7C56A144,activation,2019-05-16 10:00:00
99971000861,,CUST-2A156FE5,activation,2019-05-17 10:00:00
99971000793,,CUST-0CFAD97F,activation,2019-05-19 10:00:00
99971000078,,CUST-0114E981,activation,2019-05-22 10:00:00
99971000286,,CUST-D23B5F84,activation,2019-05-22 10:00:00
99971002292,,CUST-E4DDB588,activation,2019-05-23 10:00:00
99971000994,,CUST-E7DAE74E,activation,2019-05-24 10:00:00
99971002154,,CUST-8936137E,activation,2019-05-25 10:00:00
99971001158,,CUST-F95E0473,activation,2019-05-26 10:00:00
99971000322,,CUST-F56D6417,activation,2019-05-28 10:00:00
99971001009,,CUST-1BDBC471,activation,2019-05-28 10:00:00
99971001621,,CUST-08D9796B,activation,2019-05-31 10:00:00
99971000844,,CUST-BB71E0A1,activation,2019-06-01 10:00:00
99971001070,,CUST-786F8963,activation,2019-06-02 10:00:00
99971001541,,CUST-4688A1F7,activation,2019-06-02 10:00:00
99971001849,,CUST-07C83403,activation,2019-06-02 10:00:00
99971002070,,CUST-B2595867,activation,2019-06-02 10:00:00
99971001880,,CUST-ABE2D61B,activation,2019-06-03 10:00:00
99971001412,,CUST-055F0C77,activation,2019-06-04 10:00:00
99971001711,,CUST-0F400F6F,activation,2019-06-04 10:00:00
99971000171,,CUST-08A0665F,activation,2019-06-05 10:00:00
99971000633,,CUST-3C11C2BE,activation,2019-06-05 10:00:00
99971000144,,CUST-5A69679C,activation,2019-06-06 10:00:00
99971000474,,CUST-CBEE85F9,activation,2019-06-08 10:00:00
99971000769,,CUST-059CA429,activation,2019-06-08 10:00:00
99971000942,,CUST-4AB0DC36,activation,2019-06-08 10:00:00
99971000964,,CUST-267EF2EB,activation,2019-06-08 10:00:00
99971001401,,CUST-F2FE3DFA,activation,2019-06-09 10:00:00
99971000089,,CUST-08B8ABC1,activation,2019-06-11 10:00:00
99971001847,,CUST-6051AFF9,activation,2019-06-11 10:00:00
99971000082,,CUST-DC608ECF,activation,2019-06-13 10:00:00
99971002069,,CUST-BF64582A,activation,2019-06-13 10:00:00
99971000259,,CUST-3B85A109,activation,2019-06-14 10:00:00
99971001067,,CUST-70358854,activation,2019-06-14 10:00:00
99971001827,,CUST-18CBC858,activation,2019-06-15 10:00:00
99971001550,,CUST-2972A00C,activation,2019-06-16 10:00:00
99971001626,,CUST-8E6779A8,activation,2019-06-18 10:00:00
99971001370,,CUST-53589BAB,activation,2019-06-22 10:00:00
99971000382,,CUST-A5CDBF62,activation,2019-06-23 10:00:00
99971000135,,CUST-436CB7E3,activation,2019-06-24 10:00:00
99971000457,,CUST-DABB908E,activation,2019-06-24 10:00:00
99971002313,,CUST-0501D1DA,activation,2019-06-24 10:00:00
99971001650,,CUST-4B4FFFB1,activation,2019-06-27 10:00:00
99971001341,,CUST-D2392ABD,activation,2019-06-28 10:00:00
99971000188,,CUST-156B5EC0,activation,2019-06-29 10:00:00
99971001163,,CUST-163C851E,activation,2019-06-30 10:00:00
99971002335,,CUST-1BEE2F08,activation,2019-06-30 10:00:00
99971000329,,CUST-9E195B21,activation,2019-07-04 10:00:00
99971001984,,CUST-3B5BAF7E,activation,2019-07-05 10:00:00
99971000717,,CUST-BBE88964,activation,2019-07-06 10:00:00
99971001083,,CUST-8A5DAEF4,activation,2019-07-08 10:00:00
99971000292,,CUST-69B381EE,activation,2019-07-09 10:00:00
99971001759,,CUST-78B389C9,activation,2019-07-13 10:00:00
99971001552,,CUST-EF7A63B2,activation,2019-07-14 10:00:00
99971001313,,CUST-997907B0,activation,2019-07-15 10:00:00
99971001384,,CUST-7905A20F,activation,2019-07-15 10:00:00
99971001041,,CUST-DA58A39A,activation,2019-07-17 10:00:00
99971000281,,CUST-025035F5,activation,2019-07-18 10:00:00
99971001362,,CUST-96E5E329,activation,2019-07-18 10:00:00
99971001596,,CUST-0AE85BC6,activation,2019-07-19 10:00:00
99971000860,,CUST-EF1E7337,activation,2019-07-21 10:00:00
99971001586,,CUST-D113E3A8,activation,2019-07-21 10:00:00
99971002001,,CUST-C1CCE5FB,activation,2019-07-21 10:00:00
99971000835,,CUST-22AB86B7,activation,2019-07-22 10:00:00
99971001033,,CUST-4C7F6F0D,activation,2019-07-22 10:00:00
99971000175,,CUST-5B2487BC,activation,2019-07-23 10:00:00
99971000659,,CUST-C13C3EE2,activation,2019-07-24 10:00:00
99971001453,,CUST-576DE934,activation,2019-07-24 10:00:00
99971002336,,CUST-15F6C51A,activation,2019-07-24 10:00:00
99971001934,,CUST-A387B927,activation,2019-07-25 10:00:00
99971000847,,CUST-262CE650,activation,2019-07-26 10:00:00
99971000346,,CUST-1C4EB81D,activation,2019-07-27 10:00:00
99971001256,,CUST-BC86A1A2,activation,2019-07-27 10:00:00
99971000794,,CUST-8AE4F8EA,activation,2019-07-30 10:00:00
99971002296,,CUST-7D43142E,activation,2019-07-30 10:00:00
99971000417,,CUST-8C53F048,activation,2019-07-31 10:00:00
99971001006,,CUST-253340B6,activation,2019-08-03 10:00:00
99971000908,,CUST-ECD961EA,activation,2019-08-08 10:00:00
99971000028,,CUST-20B4DA00,activation,2019-08-09 10:00:00
99971001743,,CUST-85E21C2F,activation,2019-08-09 10:00:00
99971002358,,CUST-8A4805A4,activation,2019-08-10 10:00:00
99971001924,,CUST-AFC91924,activation,2019-08-11 10:00:00
99971000153,,CUST-6998DB99,activation,2019-08-12 10:00:00
99971000355,,CUST-B8239299,activation,2019-08-13 10:00:00
99971000008,,CUST-CCEE8D09,activation,2019-08-15 10:00:00
99971001438,,CUST-013212EF,activation,2019-08-18 10:00:00
99971000372,,CUST-E4396B8B,activation,2019-08-20 10:00:00
99971001019,,CUST-65B3E002,activation,2019-08-20 10:00:00
99971001365,,CUST-A7D27C2B,activation,2019-08-20 10:00:00
99971001904,,CUST-C4469472,activation,2019-08-21 10:00:00
99971000415,,CUST-57C1BA53,activation,2019-08-22 10:00:00
99971000776,,CUST-6C6211EE,activation,2019-08-22 10:00:00
99971001717,,CUST-CC1174F4,activation,2019-08-23 10:00:00
99971002006,,CUST-DE01951F,activation,2019-08-24 10:00:00
99971000583,,CUST-037BC7B2,activation,2019-08-25 10:00:00
99971002210,,CUST-EA964A1F,activation,2019-08-26 10:00:00
99971000194,,CUST-62C62EBF,activation,2019-08-27 10:00:00
99971000523,,CUST-320BF338,activation,2019-08-27 10:00:00
99971001836,,CUST-E14FD9C0,activation,2019-08-27 10:00:00
99971001885,,CUST-7EBAE30A,activation,2019-08-28 10:00:00
99971001209,,CUST-3431B2ED,activation,2019-08-29 10:00:00
99971002192,,CUST-43ACDDFF,activation,2019-08-29 10:00:00
99971001388,,CUST-C41D1CD5,activation,2019-08-30 10:00:00
99971001051,,CUST-E1DC6E70,activation,2019-08-31 10:00:00
99971000148,,CUST-34779B34,activation,2019-09-01 10:00:00
99971000864,,CUST-016C42FC,activation,2019-09-02 10:00:00
99971002172,,CUST-0335979C,activation,2019-09-04 10:00:00
99971001842,,CUST-4D051C7B,activation,2019-09-05 10:00:00
99971000110,,CUST-4A675FF3,activation,2019-09-09 10:00:00
99971000183,,CUST-F74F276F,activation,2019-09-09 10:00:00
99971001697,,CUST-1269FCAF,activation,2019-09-10 10:00:00
99971002063,,CUST-58EA20E3,activation,2019-09-10 10:00:00
99971002275,,CUST-0892A549,activation,2019-09-10 10:00:00
99971002119,,CUST-B3B91776,activation,2019-09-12 10:00:00
99971001193,,CUST-0F67A43B,activation,2019-09-13 10:00:00
99971001587,,CUST-D2163637,activation,2019-09-14 10:00:00
99971001408,,CUST-012D2795,activation,2019-09-15 10:00:00
99971001715,,CUST-BD5A3A32,activation,2019-09-15 10:00:00
99971001545,,CUST-58690A91,activation,2019-09-16 10:00:00
99971001457,,CUST-E702AB23,activation,2019-09-18 10:00:00
99971001210,,CUST-EBD8ECC1,activation,2019-09-19 10:00:00
99971001190,,CUST-6E889BF4,activation,2019-09-22 10:00:00
99971001593,,CUST-7969720E,activation,2019-09-22 10:00:00
99971000784,,CUST-DC778A0F,activation,2019-09-23 10:00:00
99971001487,,CUST-79C3580C,activation,2019-09-24 10:00:00
99971001392,,CUST-5D3D855A,activation,2019-09-25 10:00:00
99971001543,,CUST-D83598D5,activation,2019-09-25 10:00:00
99971000394,,CUST-CD98FB0C,activation,2019-09-26 10:00:00
99971000249,,CUST-8356D0F4,activation,2019-09-27 10:00:00
99971000938,,CUST-19EB1BC5,activation,2019-09-27 10:00:00
99971001535,,CUST-60ED22D2,activation,2019-09-29 10:00:00
99971000077,,CUST-2AA95ACC,activation,2019-10-02 10:00:00
99971000560,,CUST-309017BC,activation,2019-10-02 10:00:00
99971001511,,CUST-E7C41F2E,activation,2019-10-02 10:00:00
99971000395,,CUST-BE0E2ABA,activation,2019-10-04 10:00:00
99971001777,,CUST-20F12256,activation,2019-10-04 10:00:00
99971001337,,CUST-222F69B3,activation,2019-10-07 10:00:00
99971000418,,CUST-5F2A44B1,activation,2019-10-09 10:00:00
99971002015,,CUST-F163E69F,activation,2019-10-09 10:00:00
99971001043,,CUST-EBCF5F92,activation,2019-10-10 10:00:00
99971001386,,CUST-E359EA27,activation,2019-10-11 10:00:00
99971001443,,CUST-E3FC2EC8,activation,2019-10-12 10:00:00
99971000832,,CUST-3725ACAD,activation,2019-10-13 10:00:00
99971001420,,CUST-2EC500DB,activation,2019-10-14 10:00:00
99971001937,,CUST-73809CB8,activation,2019-10-17 10:00:00
99971001277,,CUST-C86EB5C3,activation,2019-10-18 10:00:00
99971002162,,CUST-5F3D4EA0,activation,2019-10-20 10:00:00
99971002387,,CUST-B69F224A,activation,2019-10-20 10:00:00
99971001430,,CUST-93BBE4D4,activation,2019-10-23 10:00:00
99971002314,,CUST-ABD64ED9,activation,2019-10-23 10:00:00
99971000947,,CUST-46F687BA,activation,2019-10-24 10:00:00
99971001891,,CUST-3D0F5BAA,activation,2019-10-25 10:00:00
99971000068,,CUST-C4D1F836,activation,2019-10-27 10:00:00
99971000256,,CUST-41F962C0,activation,2019-10-27 10:00:00
99971001417,,CUST-5EAA7833,activation,2019-10-29 10:00:00
99971002265,,CUST-392CADBA,activation,2019-10-29 10:00:00
99971000521,,CUST-1C4E060D,activation,2019-11-01 10:00:00
99971000528,,CUST-706FDA47,activation,2019-11-02 10:00:00
99971002014,,CUST-E3DE34B7,activation,2019-11-02 10:00:00
99971001098,,CUST-3CFAA80B,activation,2019-11-03 10:00:00
99971001466,,CUST-65D5C759,activation,2019-11-03 10:00:00
99971001955,,CUST-F7CDC45E,activation,2019-11-03 10:00:00
99971001617,,CUST-E5BD6515,activation,2019-11-05 10:00:00
99971001600,,CUST-38C47A37,activation,2019-11-06 10:00:00
99971002020,,CUST-8F7E2F7D,activation,2019-11-08 10:00:00
99971002352,,CUST-385AAA14,activation,2019-11-08 10:00:00
99971000102,,CUST-AD9319B6,activation,2019-11-10 10:00:00
99971000165,,CUST-B138B9B6,activation,2019-11-11 10:00:00
99971001876,,CUST-F1FE82E3,activation,2019-11-12 10:00:00
99971000085,,CUST-7ED6F545,activation,2019-11-13 10:00:00
99971000036,,CUST-7209697F,activation,2019-11-14 10:00:00
99971001576,,CUST-28E9166B,activation,2019-11-15 10:00:00
99971000665,,CUST-02609E4D,activation,2019-11-16 10:00:00
99971001073,,CUST-E1100B1A,activation,2019-11-16 10:00:00
99971001575,,CUST-1CE09E37,activation,2019-11-17 10:00:00
99971000679,,CUST-A0050C41,activation,2019-11-18 10:00:00
99971002338,,CUST-43603A8F,activation,2019-11-19 10:00:00
99971000354,,CUST-62DAF877,activation,2019-11-20 10:00:00
99971002378,,CUST-28EB163D,activation,2019-11-20 10:00:00
99971001383,,CUST-5A23ACE9,activation,2019-11-21 10:00:00
99971001400,,CUST-BE91E7A1,activation,2019-11-25 10:00:00
99971001269,,CUST-0EE6B7A3,activation,2019-11-27 10:00:00
99971000324,,CUST-6F7116A8,activation,2019-11-28 10:00:00
99971000654,,CUST-4FE7119A,activation,2019-11-29 10:00:00
99971000464,,CUST-B950F12A,activation,2019-11-30 10:00:00
99971000505,,CUST-829F4DCD,activation,2019-11-30 10:00:00
99971001399,,CUST-427BA02C,activation,2019-12-01 10:00:00
99971000439,,CUST-F32DFD57,activation,2019-12-04 10:00:00
99971000786,,CUST-3AF4D19E,activation,2019-12-05 10:00:00
99971001391,,CUST-5FA7482F,activation,2019-12-06 10:00:00
99971001508,,CUST-3368C98B,activation,2019-12-07 10:00:00
99971001985,,CUST-0C40E848,activation,2019-12-08 10:00:00
99971001069,,CUST-2E8A2A55,activation,2019-12-09 10:00:00
99971002095,,CUST-70314245,activation,2019-12-12 10:00:00
99971001706,,CUST-10DB9DDC,activation,2019-12-13 10:00:00
99971001994,,CUST-56716A71,activation,2019-12-13 10:00:00
99971000233,,CUST-E834137B,activation,2019-12-16 10:00:00
99971001281,,CUST-91FE7855,activation,2019-12-16 10:00:00
99971001928,,CUST-96B53232,activation,2019-12-16 10:00:00
99971000138,,CUST-0BC9D201,activation,2019-12-17 10:00:00
99971001121,,CUST-170A6494,activation,2019-12-18 10:00:00
99971000514,,CUST-7275FF08,activation,2019-12-19 10:00:00
99971000863,,CUST-E8940EF0,activation,2019-12-19 10:00:00
99971001091,,CUST-033360E9,activation,2019-12-19 10:00:00
99971000060,,CUST-47121EA9,activation,2019-12-20 10:00:00
99971000546,,CUST-0BDB0672,activation,2019-12-20 10:00:00
99971001579,,CUST-72CDC5CE,activation,2019-12-20 10:00:00
99971001982,,CUST-EF9029EC,activation,2019-12-20 10:00:00
99971000127,,CUST-3A12ACE5,activation,2019-12-22 10:00:00
99971002089,,CUST-CF35BB0B,activation,2019-12-23 10:00:00
99971000484,,CUST-F221E77B,activation,2019-12-24 10:00:00
99971000954,,CUST-712898CE,activation,2019-12-26 10:00:00
99971001643,,CUST-241C8A07,activation,2019-12-26 10:00:00
99971000738,,CUST-E8626C02,activation,2019-12-27 10:00:00
99971001026,,CUST-7BD18730,activation,2019-12-28 10:00:00
99971001583,,CUST-3ECF2006,activation,2019-12-28 10:00:00
99971002392,,CUST-DCAEA612,activation,2019-12-28 10:00:00
99971000364,,CUST-A4A9C261,activation,2019-12-30 10:00:00
99971001044,,CUST-A999DC1D,activation,2019-12-30 10:00:00
99971001762,,CUST-F910480F,activation,2019-12-30 10:00:00
99971000007,,CUST-862C273F,activation,2019-12-31 10:00:00
99971000595,,CUST-3DC972E2,activation,2019-12-31 10:00:00
99971002178,,CUST-12639454,activation,2020-01-03 10:00:00
99971000063,,CUST-3D6FC7DF,activation,2020-01-04 10:00:00
99971000895,,CUST-735D5CDE,activation,2020-01-04 10:00:00
99971002302,,CUST-D8BBDABD,activation,2020-01-04 10:00:00
99971000424,,CUST-17739ADC,activation,2020-01-06 10:00:00
99971000311,,CUST-E2DDD3F1,activation,2020-01-12 10:00:00
99971001531,,CUST-59B563E7,activation,2020-01-12 10:00:00
99971000489,,CUST-7536E8C0,activation,2020-01-14 10:00:00
99971000589,,CUST-3A1F4A96,activation,2020-01-15 10:00:00
99971000989,,CUST-49EE8F76,activation,2020-01-15 10:00:00
99971001088,,CUST-6660D4A1,activation,2020-01-15 10:00:00
99971002326,,CUST-4C780DB3,activation,2020-01-16 10:00:00
99971002068,,CUST-58F2E51B,activation,2020-01-17 10:00:00
99971000884,,CUST-661CCA4F,activation,2020-01-19 10:00:00
99971000182,,CUST-7D40002F,activation,2020-01-20 10:00:00
99971001353,,CUST-23E68229,activation,2020-01-20 10:00:00
99971001758,,CUST-1C3E0489,activation,2020-01-21 10:00:00
99971000721,,CUST-D8DE5F14,activation,2020-01-22 10:00:00
99971001188,,CUST-04C41B53,activation,2020-01-22 10:00:00
99971002018,,CUST-3451C78B,activation,2020-01-22 10:00:00
99971001264,,CUST-863783BB,activation,2020-01-23 10:00:00
99971001436,,CUST-F65C3735,activation,2020-01-23 10:00:00
99971002342,,CUST-E931B54D,activation,2020-01-23 10:00:00
99971000066,,CUST-90DF5986,activation,2020-01-24 10:00:00
99971001053,,CUST-FA28EA4B,activation,2020-01-24 10:00:00
99971001291,,CUST-C7CB80F0,activation,2020-01-24 10:00:00
99971000518,,CUST-8E01453A,activation,2020-01-26 10:00:00
99971002330,,CUST-9198E339,activation,2020-01-26 10:00:00
99971000325,,CUST-C825C5E5,activation,2020-01-28 10:00:00
99971000716,,CUST-D7EFE345,activation,2020-01-29 10:00:00
99971000587,,CUST-5B815AB1,activation,2020-01-31 10:00:00
99971000663,,CUST-49E5CA40,activation,2020-02-02 10:00:00
99971000193,,CUST-606401AD,activation,2020-02-04 10:00:00
99971001369,,CUST-466FAA3E,activation,2020-02-04 10:00:00
99971000471,,CUST-AA663DD5,activation,2020-02-05 10:00:00
99971001663,,CUST-CDCA2040,activation,2020-02-06 10:00:00
99971001049,,CUST-DA7830F0,activation,2020-02-07 10:00:00
99971000426,,CUST-D28472A1,activation,2020-02-08 10:00:00
99971002085,,CUST-F4DFCC77,activation,2020-02-08 10:00:00
99971000300,,CUST-C31BE2AC,activation,2020-02-09 10:00:00
99971000630,,CUST-7783F277,activation,2020-02-09 10:00:00
99971001237,,CUST-F5D021DD,activation,2020-02-09 10:00:00
99971001505,,CUST-EBC8075E,activation,2020-02-10 10:00:00
99971001111,,CUST-17113A88,activation,2020-02-11 10:00:00
99971000288,,CUST-DA31371C,activation,2020-02-14 10:00:00
99971001725,,CUST-08103247,activation,2020-02-14 10:00:00
99971001214,,CUST-3C590232,activation,2020-02-16 10:00:00
99971001604,,CUST-6849831D,activation,2020-02-16 10:00:00
99971001445,,CUST-916D93CC,activation,2020-02-18 10:00:00
99971000035,,CUST-93BC5787,activation,2020-02-19 10:00:00
99971000072,,CUST-F62C318D,activation,2020-02-19 10:00:00
99971000081,,CUST-73DF7971,activation,2020-02-19 10:00:00
99971000328,,CUST-9B73753F,activation,2020-02-19 10:00:00
99971002084,,CUST-A50E1FC8,activation,2020-02-19 10:00:00
99971000264,,CUST-478B4BFC,activation,2020-02-20 10:00:00
99971000392,,CUST-D6C8B82B,activation,2020-02-23 10:00:00
99971001988,,CUST-50651CCB,activation,2020-02-23 10:00:00
99971000645,,CUST-7AD510CA,activation,2020-02-24 10:00:00
99971002245,,CUST-41E5B9D3,activation,2020-02-27 10:00:00
99971001518,,CUST-2186A6AD,activation,2020-03-05 10:00:00
99971001740,,CUST-EF931071,activation,2020-03-05 10:00:00
99971001230,,CUST-B1E0A562,activation,2020-03-09 10:00:00
99971001446,,CUST-B3D60D11,activation,2020-03-11 10:00:00
99971002362,,CUST-B226E427,activation,2020-03-11 10:00:00
99971000823,,CUST-9A43EB88,activation,2020-03-12 10:00:00
99971000241,,CUST-8B9E50D3,activation,2020-03-14 10:00:00
99971000370,,CUST-B8F8E1FA,activation,2020-03-14 10:00:00
99971000142,,CUST-BB434799,activation,2020-03-16 10:00:00
99971000031,,CUST-4C3A2BE3,activation,2020-03-17 10:00:00
99971001493,,CUST-75E1652B,activation,2020-03-17 10:00:00
99971000255,,CUST-2728E71D,activation,2020-03-18 10:00:00
99971000906,,CUST-1C170E6D,activation,2020-03-18 10:00:00
99971000449,,CUST-169B292C,activation,2020-03-20 10:00:00
99971001504,,CUST-BC2FE404,activation,2020-03-21 10:00:00
99971000662,,CUST-9AB2272B,activation,2020-03-22 10:00:00
99971001893,,CUST-FD684143,activation,2020-03-22 10:00:00
99971001809,,CUST-FFAC17A0,activation,2020-03-23 10:00:00
99971001397,,CUST-0C8671BC,activation,2020-03-24 10:00:00
99971000648,,CUST-3DA883DB,activation,2020-03-27 10:00:00
99971001308,,CUST-D87181E5,activation,2020-03-27 10:00:00
99971002021,,CUST-7DE75BDA,activation,2020-03-28 10:00:00
99971000421,,CUST-24BD0C3F,activation,2020-03-29 10:00:00
99971001942,,CUST-9D17BE44,activation,2020-04-02 10:00:00
99971002109,,CUST-95E672BE,activation,2020-04-04 10:00:00
99971000257,,CUST-B6935EE2,activation,2020-04-05 10:00:00
99971001884,,CUST-1BC95E41,activation,2020-04-06 10:00:00
99971001970,,CUST-324D3C29,activation,2020-04-06 10:00:00
99971001568,,CUST-C5032BC0,activation,2020-04-09 10:00:00
99971001142,,CUST-03B60BC3,activation,2020-04-10 10:00:00
99971001993,,CUST-182B1BC2,activation,2020-04-10 10:00:00
99971002142,,CUST-108F10E4,activation,2020-04-10 10:00:00
99971002019,,CUST-CCF11307,activation,2020-04-11 10:00:00
99971000658,,CUST-01DAB504,activation,2020-04-14 10:00:00
99971002188,,CUST-7AFBF9E0,activation,2020-04-14 10:00:00
99971000706,,CUST-DFB1AF3D,activation,2020-04-17 10:00:00
99971001972,,CUST-1A76AE6B,activation,2020-04-18 10:00:00
99971001999,,CUST-79FBD7C9,activation,2020-04-18 10:00:00
99971000069,,CUST-C3CDF58B,activation,2020-04-19 10:00:00
99971000378,,CUST-C4248285,activation,2020-04-19 10:00:00
99971001169,,CUST-8E9F709B,activation,2020-04-19 10:00:00
99971000754,,CUST-6E59D5F3,activation,2020-04-21 10:00:00
99971000693,,CUST-842249B7,activation,2020-04-23 10:00:00
99971001063,,CUST-DCBC7082,activation,2020-04-24 10:00:00
99971002316,,CUST-5DCC3030,activation,2020-04-26 10:00:00
99971001429,,CUST-C38EB869,activation,2020-04-27 10:00:00
99971001250,,CUST-C1761324,activation,2020-04-28 10:00:00
99971001492,,CUST-81802794,activation,2020-04-29 10:00:00
99971000448,,CUST-AFF336FB,activation,2020-04-30 10:00:00
99971000660,,CUST-E55C643F,activation,2020-04-30 10:00:00
99971001947,,CUST-DED0DA55,activation,2020-05-01 10:00:00
99971000967,,CUST-700ED118,activation,2020-05-02 10:00:00
99971001975,,CUST-0E864E77,activation,2020-05-02 10:00:00
99971001860,,CUST-8DB2F8FD,activation,2020-05-05 10:00:00
99971001289,,CUST-A7C166D3,activation,2020-05-06 10:00:00
99971001803,,CUST-82ABE0F6,activation,2020-05-06 10:00:00
99971002191,,CUST-FCCB286F,activation,2020-05-06 10:00:00
99971000486,,CUST-DFC57F11,activation,2020-05-07 10:00:00
99971000186,,CUST-934216DD,activation,2020-05-08 10:00:00
99971000428,,CUST-EBE77325,activation,2020-05-08 10:00:00
99971000808,,CUST-9A5EAB56,activation,2020-05-09 10:00:00
99971002355,,CUST-10AA32FE,activation,2020-05-10 10:00:00
99971000925,,CUST-44C8D54E,activation,2020-05-11 10:00:00
99971000878,,CUST-8944C9C1,activation,2020-05-13 10:00:00
99971002393,,CUST-5AC45118,activation,2020-05-13 10:00:00
99971000701,,CUST-EBB1BCF1,activation,2020-05-15 10:00:00
99971002238,,CUST-2F4B404C,activation,2020-05-16 10:00:00
99971000283,,CUST-076AB309,activation,2020-05-17 10:00:00
99971000046,,CUST-F7B2320E,activation,2020-05-20 10:00:00
99971000647,,CUST-C52937CF,activation,2020-05-22 10:00:00
99971001129,,CUST-19395956,activation,2020-05-23 10:00:00
99971002322,,CUST-B3A82B9F,activation,2020-05-23 10:00:00
99971000456,,CUST-DBB849DB,activation,2020-05-24 10:00:00
99971000615,,CUST-364ED701,activation,2020-05-24 10:00:00
99971001779,,CUST-74B10DBB,activation,2020-05-24 10:00:00
99971001926,,CUST-DD8C2B36,activation,2020-05-24 10:00:00
99971000887,,CUST-ECF22AC1,activation,2020-05-26 10:00:00
99971000319,,CUST-84D2ADC1,activation,2020-05-27 10:00:00
99971000442,,CUST-9B6B9B1B,activation,2020-05-30 10:00:00
99971002041,,CUST-57F38ED9,activation,2020-05-30 10:00:00
99971000907,,CUST-88FBA23B,activation,2020-05-31 10:00:00
99971000305,,CUST-C3226A0A,activation,2020-06-01 10:00:00
99971000334,,CUST-3AD17AC5,activation,2020-06-01 10:00:00
99971000398,,CUST-40E0ECFA,activation,2020-06-05 10:00:00
99971000762,,CUST-53BC431C,activation,2020-06-06 10:00:00
99971001992,,CUST-DD91A01B,activation,2020-06-06 10:00:00
99971002120,,CUST-A21E8536,activation,2020-06-06 10:00:00
99971000280,,CUST-42F6B8A6,activation,2020-06-09 10:00:00
99971001396,,CUST-27F19845,activation,2020-06-09 10:00:00
99971001439,,CUST-D526540D,activation,2020-06-10 10:00:00
99971001719,,CUST-C12AC8A3,activation,2020-06-11 10:00:00
99971001677,,CUST-228E9AC6,activation,2020-06-14 10:00:00
99971000618,,CUST-579B6B95,activation,2020-06-18 10:00:00
99971001901,,CUST-2994A37A,activation,2020-06-19 10:00:00
99971001662,,CUST-04B5556E,activation,2020-06-21 10:00:00
99971001303,,CUST-970EA550,activation,2020-06-22 10:00:00
99971002184,,CUST-8784556F,activation,2020-06-23 10:00:00
99971001783,,CUST-4FDC7DC1,activation,2020-06-24 10:00:00
99971001622,,CUST-65208E8B,activation,2020-06-25 10:00:00
99971001868,,CUST-7BC12388,activation,2020-07-04 10:00:00
99971000237,,CUST-5326D8E7,activation,2020-07-05 10:00:00
99971000707,,CUST-76ACFBEB,activation,2020-07-05 10:00:00
99971000019,,CUST-35BDB37B,activation,2020-07-06 10:00:00
99971001331,,CUST-FD1F37C1,activation,2020-07-06 10:00:00
99971001892,,CUST-B37F5CF0,activation,2020-07-07 10:00:00
99971001932,,CUST-E1598538,activation,2020-07-07 10:00:00
99971001000,,CUST-D754F305,activation,2020-07-08 10:00:00
99971000815,,CUST-E8A19F96,activation,2020-07-09 10:00:00
99971000087,,CUST-9D47B56E,activation,2020-07-10 10:00:00
99971000074,,CUST-0238D614,activation,2020-07-14 10:00:00
99971000519,,CUST-285846E2,activation,2020-07-15 10:00:00
99971001723,,CUST-93727024,activation,2020-07-15 10:00:00
99971002097,,CUST-3461AD23,activation,2020-07-15 10:00:00
99971001540,,CUST-40925933,activation,2020-07-16 10:00:00
99971000215,,CUST-A4D35C03,activation,2020-07-21 10:00:00
99971000522,,CUST-1652047B,activation,2020-07-21 10:00:00
99971000852,,CUST-58920172,activation,2020-07-21 10:00:00
99971002309,,CUST-DE395F24,activation,2020-07-24 10:00:00
99971000490,,CUST-DBBA8BD8,activation,2020-07-25 10:00:00
99971002179,,CUST-78E5A242,activation,2020-07-25 10:00:00
99971001742,,CUST-B2CA336A,activation,2020-07-26 10:00:00
99971001793,,CUST-CF76B72B,activation,2020-07-27 10:00:00
99971001902,,CUST-D05FEDB4,activation,2020-07-28 10:00:00
99971002388,,CUST-AF8BD77A,activation,2020-07-28 10:00:00
99971000492,,CUST-B5DC1E49,activation,2020-07-30 10:00:00
99971000900,,CUST-F95E52E4,activation,2020-07-31 10:00:00
99971000128,,CUST-7D5B84CC,activation,2020-08-01 10:00:00
99971001403,,CUST-0B03ADB5,activation,2020-08-01 10:00:00
99971001507,,CUST-D0AE9676,activation,2020-08-01 10:00:00
99971000507,,CUST-532935B2,activation,2020-08-04 10:00:00
99971001870,,CUST-AFA45FC4,activation,2020-08-04 10:00:00
99971000353,,CUST-2FFFBAAA,activation,2020-08-06 10:00:00
99971001259,,CUST-40211CAD,activation,2020-08-07 10:00:00
99971001084,,CUST-A8AD275F,activation,2020-08-08 10:00:00
99971001696,,CUST-98D6F852,activation,2020-08-08 10:00:00
99971000133,,CUST-C4BA391D,activation,2020-08-09 10:00:00
99971000176,,CUST-DC29EF43,activation,2020-08-09 10:00:00
99971001620,,CUST-A9D55EE6,activation,2020-08-10 10:00:00
99971002037,,CUST-B8D9A681,activation,2020-08-11 10:00:00
99971000652,,CUST-E6472D59,activation,2020-08-12 10:00:00
99971001382,,CUST-FDA04630,activation,2020-08-12 10:00:00
99971001496,,CUST-DDD73109,activation,2020-08-12 10:00:00
99971002299,,CUST-8A3CC153,activation,2020-08-13 10:00:00
99971001056,,CUST-38F5306C,activation,2020-08-14 10:00:00
99971001398,,CUST-02FC2620,activation,2020-08-15 10:00:00
99971000214,,CUST-6209E9D9,activation,2020-08-17 10:00:00
99971000572,,CUST-441FCC1A,activation,2020-08-17 10:00:00
99971002042,,CUST-EC7BB63D,activation,2020-08-19 10:00:00
99971000155,,CUST-0F1A8D1B,activation,2020-08-20 10:00:00
99971000094,,CUST-8B811D6C,activation,2020-08-21 10:00:00
99971000552,,CUST-727DAEAF,activation,2020-08-21 10:00:00
99971002273,,CUST-DD7D8D75,activation,2020-08-22 10:00:00
99971001660,,CUST-A15BCD20,activation,2020-08-23 10:00:00
99971001859,,CUST-3240F59D,activation,2020-08-23 10:00:00
99971001036,,CUST-A561C759,activation,2020-08-24 10:00:00
99971000998,,CUST-3D674F81,activation,2020-08-25 10:00:00
99971002319,,CUST-CD5539D3,activation,2020-08-26 10:00:00
99971000086,,CUST-0967CA82,activation,2020-08-30 10:00:00
99971000714,,CUST-DB0227B9,activation,2020-08-31 10:00:00
99971001045,,CUST-0ED4C4E3,activation,2020-08-31 10:00:00
99971000433,,CUST-436EF8B8,activation,2020-09-01 10:00:00
99971000285,,CUST-26EDF146,activation,2020-09-02 10:00:00
99971002185,,CUST-C2472959,activation,2020-09-03 10:00:00
99971000827,,CUST-A9982230,activation,2020-09-06 10:00:00
99971001245,,CUST-FD3A11F5,activation,2020-09-06 10:00:00
99971001055,,CUST-38F5306C,activation,2020-09-08 10:00:00
99971001470,,CUST-CF74F246,activation,2020-09-08 10:00:00
99971001500,,CUST-0C762FAE,activation,2020-09-09 10:00:00
99971000838,,CUST-0179368D,activation,2020-09-10 10:00:00
99971000357,,CUST-820569CF,activation,2020-09-11 10:00:00
99971002221,,CUST-7A0F1206,activation,2020-09-12 10:00:00
99971001258,,CUST-53F98866,activation,2020-09-13 10:00:00
99971002218,,CUST-114C529B,activation,2020-09-13 10:00:00
99971002170,,CUST-17F64183,activation,2020-09-15 10:00:00
99971001823,,CUST-203C33FC,activation,2020-09-16 10:00:00
99971002007,,CUST-A9A950C3,activation,2020-09-17 10:00:00
99971000273,,CUST-2124ADA8,activation,2020-09-19 10:00:00
99971002198,,CUST-9F2744AE,activation,2020-09-20 10:00:00
99971002017,,CUST-1E53F416,activation,2020-09-22 10:00:00
99971001007,,CUST-6A0C8728,activation,2020-09-24 10:00:00
99971000107,,CUST-6109EBEF,activation,2020-09-25 10:00:00
99971001852,,CUST-ED81B187,activation,2020-09-28 10:00:00
99971002004,,CUST-C525E332,activation,2020-09-29 10:00:00
99971001729,,CUST-8A9FDF52,activation,2020-09-30 10:00:00
99971002317,,CUST-6008063E,activation,2020-09-30 10:00:00
99971000136,,CUST-0C009F4E,activation,2020-10-01 10:00:00
99971002139,,CUST-DE321055,activation,2020-10-02 10:00:00
99971002033,,CUST-53F37A6B,activation,2020-10-03 10:00:00
99971000830,,CUST-DBD20E04,activation,2020-10-04 10:00:00
99971001474,,CUST-2AD619FF,activation,2020-10-06 10:00:00
99971000120,,CUST-AC9FB457,activation,2020-10-07 10:00:00
99971000774,,CUST-3536F082,activation,2020-10-07 10:00:00
99971001440,,CUST-0069B005,activation,2020-10-13 10:00:00
99971002151,,CUST-EF100D15,activation,2020-10-15 10:00:00
99971000692,,CUST-091D35F6,activation,2020-10-17 10:00:00
99971000958,,CUST-7418243B,activation,2020-10-17 10:00:00
99971001479,,CUST-F1832D12,activation,2020-10-17 10:00:00
99971002300,,CUST-7D095C71,activation,2020-10-19 10:00:00
99971001179,,CUST-57BDFE7D,activation,2020-10-20 10:00:00
99971001231,,CUST-91198647,activation,2020-10-20 10:00:00
99971002125,,CUST-D281E89A,activation,2020-10-22 10:00:00
99971001166,,CUST-9CD51DD0,activation,2020-10-23 10:00:00
99971001334,,CUST-CF5092E1,activation,2020-10-24 10:00:00
99971000596,,CUST-77799668,activation,2020-10-26 10:00:00
99971001780,,CUST-722166B8,activation,2020-10-26 10:00:00
99971001059,,CUST-F56E5C40,activation,2020-10-27 10:00:00
99971001656,,CUST-1E8D0255,activation,2020-10-28 10:00:00
99971000476,,CUST-1D96F219,activation,2020-11-01 10:00:00
99971001752,,CUST-3A85BB13,activation,2020-11-01 10:00:00
99971000026,,CUST-7FE57702,activation,2020-11-04 10:00:00
99971000312,,CUST-7D6A2957,activation,2020-11-05 10:00:00
99971001805,,CUST-05054B25,activation,2020-11-05 10:00:00
99971001076,,CUST-F78FED72,activation,2020-11-09 10:00:00
99971001196,,CUST-51CB9A53,activation,2020-11-10 10:00:00
99971001318,,CUST-1032F495,activation,2020-11-10 10:00:00
99971000913,,CUST-CA5F9F81,activation,2020-11-11 10:00:00
99971001239,,CUST-2EE42FCC,activation,2020-11-11 10:00:00
99971001746,,CUST-F3213BA6,activation,2020-11-12 10:00:00
99971001580,,CUST-BDF03E50,activation,2020-11-13 10:00:00
99971000812,,CUST-AC797733,activation,2020-11-14 10:00:00
99971001335,,CUST-918670A5,activation,2020-11-14 10:00:00
99971001415,,CUST-E031CDCB,activation,2020-11-17 10:00:00
99971001661,,CUST-C8E76596,activation,2020-11-18 10:00:00
99971001242,,CUST-DB99085C,activation,2020-11-19 10:00:00
99971000781,,CUST-EC293B88,activation,2020-11-20 10:00:00
99971001114,,CUST-66A91ACB,activation,2020-11-20 10:00:00
99971001606,,CUST-B16F67ED,activation,2020-11-20 10:00:00
99971001864,,CUST-11BDC8F7,activation,2020-11-21 10:00:00
99971000218,,CUST-E9A11DCD,activation,2020-11-22 10:00:00
99971000333,,CUST-E05F0A70,activation,2020-11-26 10:00:00
99971001039,,CUST-BEBE4042,activation,2020-11-26 10:00:00
99971000976,,CUST-1069D7A6,activation,2020-11-27 10:00:00
99971001561,,CUST-B3EED526,activation,2020-11-27 10:00:00
99971000351,,CUST-34C50933,activation,2020-11-28 10:00:00
99971002121,,CUST-3B58898A,activation,2020-11-28 10:00:00
99971002255,,CUST-500062C3,activation,2020-11-28 10:00:00
99971000119,,CUST-5D1B8FC0,activation,2020-11-29 10:00:00
99971000586,,CUST-0D0B57B7,activation,2020-12-02 10:00:00
99971000616,,CUST-AD96922E,activation,2020-12-03 10:00:00
99971001931,,CUST-93D687AA,activation,2020-12-03 10:00:00
99971001128,,CUST-C6129B58,activation,2020-12-04 10:00:00
99971000605,,CUST-67354916,activation,2020-12-05 10:00:00
99971001971,,CUST-9C686E31,activation,2020-12-05 10:00:00
99971002344,,CUST-F0E17C84,activation,2020-12-05 10:00:00
99971000056,,CUST-54B63C03,activation,2020-12-07 10:00:00
99971002043,,CUST-9F4F3972,activation,2020-12-08 10:00:00
99971000096,,CUST-A5D6886E,activation,2020-12-11 10:00:00
99971000167,,CUST-57C865B1,activation,2020-12-12 10:00:00
99971000846,,CUST-765BE4A4,activation,2020-12-12 10:00:00
99971000527,,CUST-9B9FCC81,activation,2020-12-14 10:00:00
99971001038,,CUST-06081706,activation,2020-12-17 10:00:00
99971000709,,CUST-8195BE4C,activation,2020-12-18 10:00:00
99971001394,,CUST-212A5282,activation,2020-12-18 10:00:00
99971001601,,CUST-75DF7850,activation,2020-12-18 10:00:00
99971000885,,CUST-D9C1A841,activation,2020-12-21 10:00:00
99971001411,,CUST-3AC39EF3,activation,2020-12-21 10:00:00
99971000016,,CUST-37AA569E,activation,2020-12-22 10:00:00
99971002226,,CUST-3586ED67,activation,2020-12-25 10:00:00
99971000154,,CUST-6998DB99,activation,2020-12-26 10:00:00
99971002248,,CUST-E18672E0,activation,2020-12-26 10:00:00
99971002282,,CUST-0EBA114D,activation,2020-12-26 10:00:00
99971002354,,CUST-060E5216,activation,2020-12-26 10:00:00
99971000108,,CUST-6109EBEF,activation,2020-12-27 10:00:00
99971002382,,CUST-CA9586AB,activation,2020-12-29 10:00:00
99971001944,,CUST-39E6DB62,activation,2020-12-31 10:00:00
99971000780,,CUST-E5246330,activation,2021-01-02 10:00:00
99971001850,,CUST-61965558,activation,2021-01-06 10:00:00
99971001319,,CUST-94F07441,activation,2021-01-07 10:00:00
99971001883,,CUST-1EC8F25F,activation,2021-01-07 10:00:00
99971000916,,CUST-AF1BDDEF,activation,2021-01-08 10:00:00
99971000686,,CUST-894DE248,activation,2021-01-09 10:00:00
99971000834,,CUST-9A1411C9,activation,2021-01-09 10:00:00
99971001428,,CUST-3CE5EE2E,activation,2021-01-09 10:00:00
99971000185,,CUST-34986FBE,activation,2021-01-10 10:00:00
99971001226,,CUST-FE956A20,activation,2021-01-10 10:00:00
99971001649,,CUST-218B6987,activation,2021-01-10 10:00:00
99971001537,,CUST-55BCC4FA,activation,2021-01-12 10:00:00
99971001862,,CUST-9BF736E8,activation,2021-01-13 10:00:00
99971002026,,CUST-D708C4C5,activation,2021-01-13 10:00:00
99971002224,,CUST-1B6A92C3,activation,2021-01-14 10:00:00
99971000453,,CUST-228C612E,activation,2021-01-20 10:00:00
99971000772,,CUST-C1C0F084,activation,2021-01-20 10:00:00
99971001766,,CUST-8C3E5907,activation,2021-01-20 10:00:00
99971000331,,CUST-90DE93BA,activation,2021-01-21 10:00:00
99971001991,,CUST-04FFCF60,activation,2021-01-21 10:00:00
99971000761,,CUST-155D1E2B,activation,2021-01-22 10:00:00
99971001767,,CUST-9F195775,activation,2021-01-23 10:00:00
99971001075,,CUST-C5D20A16,activation,2021-01-25 10:00:00
99971000294,,CUST-C8A93379,activation,2021-01-27 10:00:00
99971001463,,CUST-CAD1B695,activation,2021-01-27 10:00:00
99971000588,,CUST-CB259FB1,activation,2021-01-28 10:00:00
99971000502,,CUST-2FC7FEE5,activation,2021-01-29 10:00:00
99971001557,,CUST-31982280,activation,2021-01-31 10:00:00
99971002195,,CUST-49E6B05F,activation,2021-01-31 10:00:00
99971001402,,CUST-6230DA55,activation,2021-02-01 10:00:00
99971002099,,CUST-56A59EF8,activation,2021-02-01 10:00:00
99971002144,,CUST-A1CCBD6E,activation,2021-02-01 10:00:00
99971001939,,CUST-C4E8EAD5,activation,2021-02-02 10:00:00
99971000653,,CUST-2D0F8369,activation,2021-02-05 10:00:00
99971001770,,CUST-ADBCF073,activation,2021-02-07 10:00:00
99971000184,,CUST-1F107FB2,activation,2021-02-08 10:00:00
99971001913,,CUST-87790CB0,activation,2021-02-08 10:00:00
99971002291,,CUST-164BEA3E,activation,2021-02-09 10:00:00
99971000399,,CUST-A2D7EC39,activation,2021-02-11 10:00:00
99971000972,,CUST-A94FAF99,activation,2021-02-12 10:00:00
99971001483,,CUST-1DCB6798,activation,2021-02-12 10:00:00
99971000542,,CUST-67B69D7F,activation,2021-02-17 10:00:00
99971001328,,CUST-533B9141,activation,2021-02-17 10:00:00
99971002285,,CUST-F2A8A473,activation,2021-02-17 10:00:00
99971000610,,CUST-1520F90C,activation,2021-02-18 10:00:00
99971000862,,CUST-76177C72,activation,2021-02-18 10:00:00
99971001232,,CUST-85C0C19F,activation,2021-02-18 10:00:00
99971001695,,CUST-3B230063,activation,2021-02-18 10:00:00
99971000210,,CUST-F87610D6,activation,2021-02-19 10:00:00
99971002183,,CUST-C7EFFF99,activation,2021-02-20 10:00:00
99971001272,,CUST-28D90AA0,activation,2021-02-21 10:00:00
99971001327,,CUST-F2923806,activation,2021-02-21 10:00:00
99971001449,,CUST-8A0C0C9F,activation,2021-02-21 10:00:00
99971001185,,CUST-81AD6123,activation,2021-02-25 10:00:00
99971000271,,CUST-A1EBD517,activation,2021-02-26 10:00:00
99971001906,,CUST-8ED5BDE3,activation,2021-02-28 10:00:00
99971001813,,CUST-7DE7250F,activation,2021-03-04 10:00:00
99971000742,,CUST-72B18EAD,activation,2021-03-05 10:00:00
99971001138,,CUST-A4233BCD,activation,2021-03-05 10:00:00
99971001243,,CUST-2D3957FC,activation,2021-03-09 10:00:00
99971000057,,CUST-75791E0C,activation,2021-03-11 10:00:00
99971001300,,CUST-0191A88B,activation,2021-03-11 10:00:00
99971001548,,CUST-E1A54BEB,activation,2021-03-13 10:00:00
99971001174,,CUST-EF2B4634,activation,2021-03-15 10:00:00
99971001670,,CUST-3D3B5F77,activation,2021-03-17 10:00:00
99971000849,,CUST-64C4B2D3,activation,2021-03-19 10:00:00
99971001113,,CUST-0AB51EF8,activation,2021-03-19 10:00:00
99971002241,,CUST-6A77D77D,activation,2021-03-22 10:00:00
99971001302,,CUST-015F9ED9,activation,2021-03-23 10:00:00
99971000242,,CUST-68FA8557,activation,2021-03-26 10:00:00
99971001143,,CUST-6B3950A1,activation,2021-03-26 10:00:00
99971000070,,CUST-1E39FEC9,activation,2021-03-27 10:00:00
99971000669,,CUST-F51E9C95,activation,2021-03-27 10:00:00
99971001321,,CUST-251DE6D0,activation,2021-03-28 10:00:00
99971002106,,CUST-0EA517F3,activation,2021-03-28 10:00:00
99971001048,,CUST-5431197D,activation,2021-03-30 10:00:00
99971002200,,CUST-E0C7F98B,activation,2021-03-30 10:00:00
99971001462,,CUST-6347CD4C,activation,2021-03-31 10:00:00
99971000412,,CUST-50DF4C3E,activation,2021-04-01 10:00:00
99971001212,,CUST-0666114E,activation,2021-04-03 10:00:00
99971000345,,CUST-7A232DD7,activation,2021-04-04 10:00:00
99971000422,,CUST-6B358387,activation,2021-04-05 10:00:00
99971000677,,CUST-72EA553B,activation,2021-04-06 10:00:00
99971001923,,CUST-AD24E2AF,activation,2021-04-06 10:00:00
99971000201,,CUST-AE27370D,activation,2021-04-07 10:00:00
99971000763,,CUST-F1A97443,activation,2021-04-08 10:00:00
99971000221,,CUST-F469CCD7,activation,2021-04-11 10:00:00
99971000893,,CUST-E4276B83,activation,2021-04-11 10:00:00
99971002294,,CUST-C49B14FD,activation,2021-04-12 10:00:00
99971000825,,CUST-8430B748,activation,2021-04-13 10:00:00
99971001434,,CUST-FD0A18A3,activation,2021-04-14 10:00:00
99971001917,,CUST-71200429,activation,2021-04-16 10:00:00
99971001219,,CUST-2334027F,activation,2021-04-19 10:00:00
99971001461,,CUST-984DB26F,activation,2021-04-20 10:00:00
99971000369,,CUST-112870E7,activation,2021-04-21 10:00:00
99971001154,,CUST-CA7DC69C,activation,2021-04-21 10:00:00
99971001954,,CUST-D99CB20C,activation,2021-04-21 10:00:00
99971001092,,CUST-E9F32E8E,activation,2021-04-22 10:00:00
99971001346,,CUST-76E22DE9,activation,2021-04-22 10:00:00
99971000195,,CUST-CFB6FBE0,activation,2021-04-23 10:00:00
99971000724,,CUST-D9B385D3,activation,2021-04-23 10:00:00
99971000882,,CUST-49820B77,activation,2021-04-24 10:00:00
99971000965,,CUST-E5C641BF,activation,2021-04-27 10:00:00
99971001410,,CUST-0E235082,activation,2021-04-27 10:00:00
99971001536,,CUST-3D9AA3E8,activation,2021-04-27 10:00:00
99971002261,,CUST-9687BDBE,activation,2021-04-27 10:00:00
99971000643,,CUST-5D5A0D9D,activation,2021-04-29 10:00:00
99971001687,,CUST-A765C803,activation,2021-04-29 10:00:00
99971002370,,CUST-EC102B60,activation,2021-04-30 10:00:00
99971001556,,CUST-2105977C,activation,2021-05-01 10:00:00
99971000550,,CUST-D7EFF5F6,activation,2021-05-02 10:00:00
99971000220,,CUST-EDCB1590,activation,2021-05-03 10:00:00
99971001539,,CUST-D42DA97C,activation,2021-05-03 10:00:00
99971002002,,CUST-6C3579E6,activation,2021-05-06 10:00:00
99971002368,,CUST-16E04840,activation,2021-05-06 10:00:00
99971000534,,CUST-8D81CC0C,activation,2021-05-07 10:00:00
99971001907,,CUST-7D1D1485,activation,2021-05-09 10:00:00
99971002367,,CUST-49645E80,activation,2021-05-09 10:00:00
99971000582,,CUST-5AC7B6CE,activation,2021-05-11 10:00:00
99971001068,,CUST-DD417DE9,activation,2021-05-12 10:00:00
99971000840,,CUST-82825E85,activation,2021-05-13 10:00:00
99971000532,,CUST-673796A6,activation,2021-05-15 10:00:00
99971000597,,CUST-9685B683,activation,2021-05-15 10:00:00
99971000253,,CUST-4C225712,activation,2021-05-21 10:00:00
99971000358,,CUST-DE1724C2,activation,2021-05-21 10:00:00
99971000021,,CUST-F62E3E3F,activation,2021-05-22 10:00:00
99971001528,,CUST-009064BF,activation,2021-05-22 10:00:00
99971001598,,CUST-AB3F281C,activation,2021-05-22 10:00:00
99971002003,,CUST-D878C396,activation,2021-05-23 10:00:00
99971000936,,CUST-AEA7E2D8,activation,2021-05-24 10:00:00
99971002176,,CUST-A58A828A,activation,2021-05-24 10:00:00
99971000612,,CUST-9C3C9092,activation,2021-05-25 10:00:00
99971001595,,CUST-8D83A52B,activation,2021-05-25 10:00:00
99971002369,,CUST-5BE6BAAE,activation,2021-05-25 10:00:00
99971001554,,CUST-26BB2187,activation,2021-05-26 10:00:00
99971002116,,CUST-98B0F8E8,activation,2021-05-26 10:00:00
99971002152,,CUST-E02D6E50,activation,2021-05-26 10:00:00
99971000452,,CUST-555691B9,activation,2021-05-27 10:00:00
99971002211,,CUST-2F1417BF,activation,2021-05-27 10:00:00
99971000263,,CUST-4CEA51BD,activation,2021-05-31 10:00:00
99971001040,,CUST-6D254351,activation,2021-05-31 10:00:00
99971000871,,CUST-093492C0,activation,2021-06-03 10:00:00
99971000980,,CUST-4FBFB285,activation,2021-06-04 10:00:00
99971001330,,CUST-B29A2A01,activation,2021-06-04 10:00:00
99971000718,,CUST-8503F534,activation,2021-06-05 10:00:00
99971001298,,CUST-6BA12F5F,activation,2021-06-05 10:00:00
99971001197,,CUST-6E17F3B5,activation,2021-06-06 10:00:00
99971000275,,CUST-D8689D53,activation,2021-06-07 10:00:00
99971000531,,CUST-6797D224,activation,2021-06-07 10:00:00
99971000995,,CUST-55BE282F,activation,2021-06-07 10:00:00
99971000384,,CUST-AE226C5D,activation,2021-06-09 10:00:00
99971001364,,CUST-06902AD4,activation,2021-06-09 10:00:00
99971001187,,CUST-0C0C0D68,activation,2021-06-10 10:00:00
99971001478,,CUST-69BEBD4C,activation,2021-06-10 10:00:00
99971000289,,CUST-588A1C90,activation,2021-06-11 10:00:00
99971001261,,CUST-C8130F38,activation,2021-06-12 10:00:00
99971001874,,CUST-E208B737,activation,2021-06-12 10:00:00
99971000617,,CUST-579B6B95,activation,2021-06-13 10:00:00
99971001485,,CUST-EEBC4925,activation,2021-06-16 10:00:00
99971001488,,CUST-53806496,activation,2021-06-16 10:00:00
99971001013,,CUST-C5F9C361,activation,2021-06-17 10:00:00
99971002397,,CUST-6E5053E2,activation,2021-06-17 10:00:00
99971001910,,CUST-6E9D4BB1,activation,2021-06-18 10:00:00
99971000968,,CUST-B9D7BFA9,activation,2021-06-21 10:00:00
99971001476,,CUST-54649922,activation,2021-06-22 10:00:00
99971001208,,CUST-FEA21B67,activation,2021-06-28 10:00:00
99971001747,,CUST-86B1DC07,activation,2021-06-28 10:00:00
99971000792,,CUST-3DBF36E4,activation,2021-06-29 10:00:00
99971001380,,CUST-FD36D42D,activation,2021-07-02 10:00:00
99971000638,,CUST-E9899F86,activation,2021-07-03 10:00:00
99971001301,,CUST-57CAAE8E,activation,2021-07-03 10:00:00
99971001014,,CUST-9A32B12F,activation,2021-07-06 10:00:00
99971001825,,CUST-1A585E51,activation,2021-07-06 10:00:00
99971002350,,CUST-27DE9FF2,activation,2021-07-06 10:00:00
99971000879,,CUST-94A480B0,activation,2021-07-11 10:00:00
99971000836,,CUST-25EDD844,activation,2021-07-13 10:00:00
99971001342,,CUST-9372DC1E,activation,2021-07-13 10:00:00
99971002129,,CUST-02926090,activation,2021-07-13 10:00:00
99971000636,,CUST-04BB9D80,activation,2021-07-14 10:00:00
99971000902,,CUST-57658F99,activation,2021-07-14 10:00:00
99971001437,,CUST-594225F9,activation,2021-07-15 10:00:00
99971000756,,CUST-D0623CB8,activation,2021-07-16 10:00:00
99971000824,,CUST-22607A7A,activation,2021-07-16 10:00:00
99971001741,,CUST-E981C20A,activation,2021-07-17 10:00:00
99971000744,,CUST-381D6DC9,activation,2021-07-19 10:00:00
99971001316,,CUST-48723256,activation,2021-07-19 10:00:00
99971001798,,CUST-49FB4273,activation,2021-07-19 10:00:00
99971000801,,CUST-669FC7DD,activation,2021-07-20 10:00:00
99971000923,,CUST-F8F9F397,activation,2021-07-20 10:00:00
99971002383,,CUST-296DFE58,activation,2021-07-20 10:00:00
99971002115,,CUST-4C2DE516,activation,2021-07-21 10:00:00
99971001812,,CUST-FE8541C9,activation,2021-07-23 10:00:00
99971001822,,CUST-5CA006E4,activation,2021-07-24 10:00:00
99971000601,,CUST-FBB798C3,activation,2021-07-25 10:00:00
99971001266,,CUST-60ABECBD,activation,2021-07-25 10:00:00
99971001229,,CUST-A3BE1EC6,activation,2021-07-28 10:00:00
99971000993,,CUST-A171FB27,activation,2021-07-29 10:00:00
99971001275,,CUST-DCA0318C,activation,2021-07-29 10:00:00
99971001027,,CUST-0E346278,activation,2021-07-30 10:00:00
99971001377,,CUST-1552D7E3,activation,2021-07-30 10:00:00
99971002349,,CUST-D310F622,activation,2021-07-30 10:00:00
99971000917,,CUST-50F0B757,activation,2021-07-31 10:00:00
99971000048,,CUST-63AFCC8D,activation,2021-08-04 10:00:00
99971001789,,CUST-4921B297,activation,2021-08-05 10:00:00
99971001867,,CUST-0A479887,activation,2021-08-06 10:00:00
99971002146,,CUST-B41C475E,activation,2021-08-06 10:00:00
99971000088,,CUST-FD64A03B,activation,2021-08-07 10:00:00
99971000326,,CUST-A036A3A5,activation,2021-08-08 10:00:00
99971001200,,CUST-E20296DE,activation,2021-08-08 10:00:00
99971000579,,CUST-8F84140F,activation,2021-08-09 10:00:00
99971002247,,CUST-876A207C,activation,2021-08-10 10:00:00
99971000592,,CUST-35844657,activation,2021-08-11 10:00:00
99971002281,,CUST-C2E86BDA,activation,2021-08-12 10:00:00
99971001057,,CUST-344971F3,activation,2021-08-13 10:00:00
99971001326,,CUST-EA51A0E8,activation,2021-08-14 10:00:00
99971000676,,CUST-2EFC5E26,activation,2021-08-15 10:00:00
99971001495,,CUST-F0A43BDD,activation,2021-08-15 10:00:00
99971000485,,CUST-1C81ADC1,activation,2021-08-17 10:00:00
99971001671,,CUST-3901838B,activation,2021-08-19 10:00:00
99971002173,,CUST-EDC7923A,activation,2021-08-19 10:00:00
99971001641,,CUST-C756CA0D,activation,2021-08-20 10:00:00
99971000236,,CUST-0391252F,activation,2021-08-22 10:00:00
99971001322,,CUST-2CF1ACD6,activation,2021-08-22 10:00:00
99971001274,,CUST-77FD1BBD,activation,2021-08-23 10:00:00
99971001574,,CUST-9A4D0B93,activation,2021-08-25 10:00:00
99971000202,,CUST-B797F61C,activation,2021-08-29 10:00:00
99971000314,,CUST-E96459B0,activation,2021-08-30 10:00:00
99971000100,,CUST-3677628D,activation,2021-09-01 10:00:00
99971001283,,CUST-4CBB3D1C,activation,2021-09-01 10:00:00
99971001724,,CUST-94738F93,activation,2021-09-03 10:00:00
99971000499,,CUST-9F527551,activation,2021-09-04 10:00:00
99971000931,,CUST-768EABB3,activation,2021-09-04 10:00:00
99971001890,,CUST-D76F9477,activation,2021-09-04 10:00:00
99971000688,,CUST-E3ED5853,activation,2021-09-06 10:00:00
99971001182,,CUST-B37345DD,activation,2021-09-07 10:00:00
99971000971,,CUST-2C434946,activation,2021-09-08 10:00:00
99971001980,,CUST-DEF5B346,activation,2021-09-09 10:00:00
99971000530,,CUST-9B8AD572,activation,2021-09-10 10:00:00
99971001668,,CUST-C0686BEF,activation,2021-09-10 10:00:00
99971000805,,CUST-176DAE45,activation,2021-09-11 10:00:00
99971002056,,CUST-6265F995,activation,2021-09-11 10:00:00
99971001459,,CUST-37B73811,activation,2021-09-14 10:00:00
99971001642,,CUST-269257FF,activation,2021-09-14 10:00:00
99971001919,,CUST-23CFA1C9,activation,2021-09-16 10:00:00
99971002264,,CUST-05B34597,activation,2021-09-17 10:00:00
99971000025,,CUST-459280D0,activation,2021-09-18 10:00:00
99971001345,,CUST-0DC73D25,activation,2021-09-22 10:00:00
99971000190,,CUST-CAE91E77,activation,2021-09-23 10:00:00
99971002081,,CUST-85E48498,activation,2021-09-24 10:00:00
99971000252,,CUST-9149BCA3,activation,2021-09-25 10:00:00
99971001929,,CUST-54953FA7,activation,2021-09-25 10:00:00
99971002075,,CUST-66D94AA9,activation,2021-09-26 10:00:00
99971002278,,CUST-BF367EDB,activation,2021-09-26 10:00:00
99971000593,,CUST-AF2E2863,activation,2021-09-30 10:00:00
99971000903,,CUST-DF450254,activation,2021-10-03 10:00:00
99971001123,,CUST-73042C44,activation,2021-10-03 10:00:00
99971001978,,CUST-598CE99E,activation,2021-10-03 10:00:00
99971001858,,CUST-116DDEF1,activation,2021-10-04 10:00:00
99971000927,,CUST-B3B159A4,activation,2021-10-05 10:00:00
99971001588,,CUST-18D843AD,activation,2021-10-05 10:00:00
99971002138,,CUST-467A6C2B,activation,2021-10-06 10:00:00
99971001425,,CUST-43ABE93A,activation,2021-10-07 10:00:00
99971001122,,CUST-4FD3194E,activation,2021-10-08 10:00:00
99971001804,,CUST-00509293,activation,2021-10-08 10:00:00
99971000277,,CUST-F7126DC5,activation,2021-10-13 10:00:00
99971000446,,CUST-B8B70586,activation,2021-10-14 10:00:00
99971001407,,CUST-CBD17400,activation,2021-10-14 10:00:00
99971000356,,CUST-411AF2E0,activation,2021-10-15 10:00:00
99971001305,,CUST-6A55430D,activation,2021-10-15 10:00:00
99971001061,,CUST-737EC27F,activation,2021-10-16 10:00:00
99971000950,,CUST-334541CF,activation,2021-10-18 10:00:00
99971000743,,CUST-A2BDEF0D,activation,2021-10-20 10:00:00
99971002205,,CUST-0A396090,activation,2021-10-20 10:00:00
99971000694,,CUST-43D2DDA2,activation,2021-10-22 10:00:00
99971001217,,CUST-EEBA6D6E,activation,2021-10-23 10:00:00
99971001872,,CUST-481C6A15,activation,2021-10-23 10:00:00
99971000850,,CUST-7D561B18,activation,2021-10-27 10:00:00
99971000920,,CUST-B7B4254A,activation,2021-10-27 10:00:00
99971001279,,CUST-5212D47B,activation,2021-10-27 10:00:00
99971000475,,CUST-3BE39661,activation,2021-10-29 10:00:00
99971000553,,CUST-CAFD2F3A,activation,2021-10-30 10:00:00
99971000628,,CUST-2A8E9190,activation,2021-10-30 10:00:00
99971002277,,CUST-2D21C723,activation,2021-11-03 10:00:00
99971000006,,CUST-5066EA7B,activation,2021-11-04 10:00:00
99971001002,,CUST-66FAF6B0,activation,2021-11-06 10:00:00
99971000829,,CUST-2C258FA2,activation,2021-11-07 10:00:00
99971000390,,CUST-A9872438,activation,2021-11-13 10:00:00
99971001722,,CUST-DA6A215B,activation,2021-11-14 10:00:00
99971001925,,CUST-D6B950E9,activation,2021-11-15 10:00:00
99971002108,,CUST-22395036,activation,2021-11-16 10:00:00
99971001047,,CUST-801067C5,activation,2021-11-17 10:00:00
99971000015,,CUST-37AA569E,activation,2021-11-18 10:00:00
99971000137,,CUST-F1B02A7D,activation,2021-11-18 10:00:00
99971001023,,CUST-433494FA,activation,2021-11-18 10:00:00
99971000339,,CUST-4E1AB4CD,activation,2021-11-19 10:00:00
99971000503,,CUST-82438769,activation,2021-11-19 10:00:00
99971001949,,CUST-91DD2517,activation,2021-11-19 10:00:00
99971000079,,CUST-ED57B52C,activation,2021-11-22 10:00:00
99971001675,,CUST-E95D6508,activation,2021-11-22 10:00:00
99971002157,,CUST-D966DE38,activation,2021-11-29 10:00:00
99971000262,,CUST-84A47DD7,activation,2021-12-02 10:00:00
99971000869,,CUST-9588BD51,activation,2021-12-02 10:00:00
99971002059,,CUST-4708093A,activation,2021-12-02 10:00:00
99971000533,,CUST-DC51AC94,activation,2021-12-04 10:00:00
99971001502,,CUST-44EC72B4,activation,2021-12-05 10:00:00
99971000126,,CUST-357B5570,activation,2021-12-07 10:00:00
99971000581,,CUST-FED8AAFE,activation,2021-12-07 10:00:00
99971001480,,CUST-C69BC741,activation,2021-12-08 10:00:00
99971002077,,CUST-A0E23C3D,activation,2021-12-08 10:00:00
99971001936,,CUST-A1F22EBB,activation,2021-12-09 10:00:00
99971001652,,CUST-5F46A401,activation,2021-12-12 10:00:00
99971001204,,CUST-00A67C29,activation,2021-12-16 10:00:00
99971002348,,CUST-5A48D6A4,activation,2021-12-17 10:00:00
99971001731,,CUST-06A3A04F,activation,2021-12-19 10:00:00
99971000228,,CUST-C1ED2808,activation,2021-12-21 10:00:00
99971001950,,CUST-A91588B0,activation,2021-12-23 10:00:00
99971001149,,CUST-93B90586,activation,2021-12-29 10:00:00
99971000819,,CUST-A7FA8C39,activation,2021-12-30 10:00:00
99971001267,,CUST-F2081B2B,activation,2021-12-30 10:00:00
99971000468,,CUST-0104B3A0,activation,2021-12-31 10:00:00
99971002153,,CUST-3F8CABF8,activation,2022-01-03 10:00:00
99971000173,,CUST-0FFD3025,activation,2022-01-09 10:00:00
99971000520,,CUST-C8E7C64A,activation,2022-01-09 10:00:00
99971000191,,CUST-A18170D1,activation,2022-01-10 10:00:00
99971000156,,CUST-667F29F5,activation,2022-01-11 10:00:00
99971001658,,CUST-ACD15C09,activation,2022-01-11 10:00:00
99971002079,,CUST-ACF01395,activation,2022-01-11 10:00:00
99971001117,,CUST-94B33478,activation,2022-01-12 10:00:00
99971000149,,CUST-1DE1E40A,activation,2022-01-13 10:00:00
99971002340,,CUST-EED38D90,activation,2022-01-13 10:00:00
99971001998,,CUST-EA403985,activation,2022-01-14 10:00:00
99971002339,,CUST-40454FFB,activation,2022-01-18 10:00:00
99971000092,,CUST-391B4100,activation,2022-01-19 10:00:00
99971002196,,CUST-90FBAD11,activation,2022-01-20 10:00:00
99971000129,,CUST-FA2041D8,activation,2022-01-21 10:00:00
99971000501,,CUST-E203EB2D,activation,2022-01-21 10:00:00
99971001648,,CUST-E15E8004,activation,2022-01-22 10:00:00
99971002180,,CUST-331486BE,activation,2022-01-22 10:00:00
99971000348,,CUST-34624A05,activation,2022-01-23 10:00:00
99971000467,,CUST-E4C92E40,activation,2022-01-25 10:00:00
99971000478,,CUST-7C91A083,activation,2022-01-25 10:00:00
99971001220,,CUST-34885B65,activation,2022-01-26 10:00:00
99971001957,,CUST-971B6385,activation,2022-01-26 10:00:00
99971001173,,CUST-FC7C074B,activation,2022-01-27 10:00:00
99971000500,,CUST-167842F9,activation,2022-01-28 10:00:00
99971000655,,CUST-63726A8D,activation,2022-01-29 10:00:00
99971000151,,CUST-25C47CBA,activation,2022-01-31 10:00:00
99971001293,,CUST-CBB92FBB,activation,2022-02-01 10:00:00
99971001100,,CUST-2412619E,activation,2022-02-02 10:00:00
99971000408,,CUST-F571EEAF,activation,2022-02-04 10:00:00
99971000894,,CUST-9A7EAE15,activation,2022-02-04 10:00:00
99971000739,,CUST-DB731A9A,activation,2022-02-05 10:00:00
99971001482,,CUST-826AD79C,activation,2022-02-06 10:00:00
99971001311,,CUST-91041AE4,activation,2022-02-07 10:00:00
99971000730,,CUST-1C8585D0,activation,2022-02-08 10:00:00
99971001046,,CUST-5CE8EA87,activation,2022-02-09 10:00:00
99971000711,,CUST-C89B65E9,activation,2022-02-10 10:00:00
99971001361,,CUST-BECB7E98,activation,2022-02-10 10:00:00
99971000014,,CUST-20DEF1F7,activation,2022-02-11 10:00:00
99971002254,,CUST-A409CC33,activation,2022-02-12 10:00:00
99971000877,,CUST-FF4E0746,activation,2022-02-13 10:00:00
99971000203,,CUST-AB6DE8F6,activation,2022-02-16 10:00:00
99971000405,,CUST-C420D912,activation,2022-02-17 10:00:00
99971001005,,CUST-D8C8887F,activation,2022-02-17 10:00:00
99971002123,,CUST-D42CA83F,activation,2022-02-17 10:00:00
99971000504,,CUST-2605586F,activation,2022-02-19 10:00:00
99971000687,,CUST-E71EBDA0,activation,2022-02-20 10:00:00
99971001280,,CUST-368A07CA,activation,2022-02-21 10:00:00
99971000164,,CUST-D90975AF,activation,2022-02-24 10:00:00
99971002169,,CUST-D8353219,activation,2022-02-24 10:00:00
99971002318,,CUST-B5509ECD,activation,2022-02-24 10:00:00
99971000880,,CUST-77354A42,activation,2022-02-25 10:00:00
99971001413,,CUST-8D79CC65,activation,2022-02-26 10:00:00
99971000465,,CUST-14ADB87D,activation,2022-02-27 10:00:00
99971000657,,CUST-DBCF0B46,activation,2022-03-01 10:00:00
99971001526,,CUST-5478DB52,activation,2022-03-03 10:00:00
99971000760,,CUST-82385324,activation,2022-03-04 10:00:00
99971001177,,CUST-F3E9CB1E,activation,2022-03-04 10:00:00
99971001096,,CUST-75519506,activation,2022-03-05 10:00:00
99971000450,,CUST-A81A14DA,activation,2022-03-06 10:00:00
99971002024,,CUST-B57BF5C1,activation,2022-03-06 10:00:00
99971000590,,CUST-C7AE8FAD,activation,2022-03-08 10:00:00
99971001115,,CUST-C1A781B1,activation,2022-03-12 10:00:00
99971001378,,CUST-429CFF69,activation,2022-03-15 10:00:00
99971001881,,CUST-5ED63AC1,activation,2022-03-15 10:00:00
99971000005,,CUST-4D5F8FB6,activation,2022-03-16 10:00:00
99971000881,,CUST-E1A694AF,activation,2022-03-16 10:00:00
99971000278,,CUST-E3AF5B26,activation,2022-03-18 10:00:00
99971001703,,CUST-D568A88C,activation,2022-03-19 10:00:00
99971000414,,CUST-C6BE9AAC,activation,2022-03-20 10:00:00
99971001317,,CUST-A15A063E,activation,2022-03-21 10:00:00
99971000122,,CUST-A88837E0,activation,2022-03-22 10:00:00
99971001692,,CUST-325A7C49,activation,2022-03-25 10:00:00
99971001782,,CUST-05A56115,activation,2022-03-25 10:00:00
99971000682,,CUST-69B72FAB,activation,2022-03-27 10:00:00
99971001755,,CUST-31DF061E,activation,2022-03-27 10:00:00
99971000458,,CUST-3CF3C59F,activation,2022-03-28 10:00:00
99971000804,,CUST-5BA4DA20,activation,2022-03-29 10:00:00
99971000206,,CUST-E9E6C6E2,activation,2022-03-31 10:00:00
99971001861,,CUST-D82BEE0E,activation,2022-04-01 10:00:00
99971000722,,CUST-F4E6AD0A,activation,2022-04-02 10:00:00
99971001035,,CUST-213CAC79,activation,2022-04-06 10:00:00
99971001078,,CUST-AF69046C,activation,2022-04-08 10:00:00
99971001427,,CUST-915FB4EF,activation,2022-04-08 10:00:00
99971000318,,CUST-64E6F2ED,activation,2022-04-09 10:00:00
99971001810,,CUST-E9BA285F,activation,2022-04-10 10:00:00
99971000667,,CUST-CDD3671B,activation,2022-04-11 10:00:00
99971001918,,CUST-DD47F43B,activation,2022-04-11 10:00:00
99971002280,,CUST-E3F76C7C,activation,2022-04-11 10:00:00
99971001888,,CUST-4129BAB8,activation,2022-04-13 10:00:00
99971002263,,CUST-7F56E54B,activation,2022-04-14 10:00:00
99971002288,,CUST-B4EC33E6,activation,2022-04-14 10:00:00
99971000627,,CUST-6887950C,activation,2022-04-15 10:00:00
99971000320,,CUST-0BE4C23F,activation,2022-04-16 10:00:00
99971001851,,CUST-DD8EBCB0,activation,2022-04-16 10:00:00
99971000759,,CUST-66432DBB,activation,2022-04-17 10:00:00
99971001235,,CUST-B601935E,activation,2022-04-17 10:00:00
99971001276,,CUST-BA8A1EC0,activation,2022-04-17 10:00:00
99971001710,,CUST-787CFBA0,activation,2022-04-17 10:00:00
99971001959,,CUST-4581FA2B,activation,2022-04-18 10:00:00
99971001645,,CUST-959C4D53,activation,2022-04-19 10:00:00
99971000859,,CUST-BA696637,activation,2022-04-20 10:00:00
99971000494,,CUST-DF88AD94,activation,2022-04-21 10:00:00
99971001609,,CUST-FAA7E152,activation,2022-04-21 10:00:00
99971002229,,CUST-00FFBCC3,activation,2022-04-21 10:00:00
99971000574,,CUST-A93E74DE,activation,2022-04-25 10:00:00
99971000580,,CUST-76175FE3,activation,2022-04-25 10:00:00
99971001423,,CUST-5811A5F0,activation,2022-04-26 10:00:00
99971002160,,CUST-9AC95525,activation,2022-04-28 10:00:00
99971002328,,CUST-256A248E,activation,2022-04-29 10:00:00
99971001332,,CUST-042DE40E,activation,2022-04-30 10:00:00
99971002143,,CUST-01CC9F9C,activation,2022-05-04 10:00:00
99971001079,,CUST-794ED8BE,activation,2022-05-05 10:00:00
99971001887,,CUST-14375BC4,activation,2022-05-09 10:00:00
99971000867,,CUST-403DEF8F,activation,2022-05-11 10:00:00
99971001180,,CUST-8068E561,activation,2022-05-11 10:00:00
99971000050,,CUST-FF727D1B,activation,2022-05-12 10:00:00
99971000720,,CUST-C79C6ADB,activation,2022-05-12 10:00:00
99971002029,,CUST-FD429B0C,activation,2022-05-13 10:00:00
99971001828,,CUST-94F67E8B,activation,2022-05-18 10:00:00
99971001506,,CUST-0B6FA78C,activation,2022-05-19 10:00:00
99971000912,,CUST-9D0E87F5,activation,2022-05-21 10:00:00
99971001570,,CUST-4D52B7C5,activation,2022-05-22 10:00:00
99971002100,,CUST-DA72C6B0,activation,2022-05-22 10:00:00
99971001170,,CUST-146EC796,activation,2022-05-23 10:00:00
99971001987,,CUST-35FB99E0,activation,2022-05-23 10:00:00
99971000269,,CUST-9920000E,activation,2022-05-25 10:00:00
99971000437,,CUST-A77CEE47,activation,2022-05-27 10:00:00
99971000179,,CUST-D032CCFF,activation,2022-05-29 10:00:00
99971000368,,CUST-4AD09ABF,activation,2022-05-29 10:00:00
99971001191,,CUST-6F3BEC09,activation,2022-05-29 10:00:00
99971002182,,CUST-21E377A7,activation,2022-05-29 10:00:00
99971000483,,CUST-555CCB9A,activation,2022-05-30 10:00:00
99971000095,,CUST-D944CE3B,activation,2022-06-01 10:00:00
99971001441,,CUST-96DD949F,activation,2022-06-01 10:00:00
99971000111,,CUST-2A1BBADD,activation,2022-06-02 10:00:00
99971000344,,CUST-FF1BC524,activation,2022-06-02 10:00:00
99971001778,,CUST-0BF7867B,activation,2022-06-02 10:00:00
99971000540,,CUST-49E82E64,activation,2022-06-03 10:00:00
99971002272,,CUST-9859CB45,activation,2022-06-04 10:00:00
99971000796,,CUST-1F89E08D,activation,2022-06-07 10:00:00
99971002257,,CUST-B0762765,activation,2022-06-07 10:00:00
99971002023,,CUST-4657FA24,activation,2022-06-09 10:00:00
99971000132,,CUST-5036BA35,activation,2022-06-11 10:00:00
99971000557,,CUST-FEFD85D9,activation,2022-06-11 10:00:00
99971001201,,CUST-81ADA202,activation,2022-06-11 10:00:00
99971002137,,CUST-704E1D74,activation,2022-06-11 10:00:00
99971002289,,CUST-F2464B0A,activation,2022-06-11 10:00:00
99971000447,,CUST-CB6F1B31,activation,2022-06-12 10:00:00
99971000726,,CUST-CD6933DD,activation,2022-06-13 10:00:00
99971002168,,CUST-AA1E23B8,activation,2022-06-15 10:00:00
99971000700,,CUST-3B153F5B,activation,2022-06-16 10:00:00
99971000613,,CUST-0DD618B7,activation,2022-06-17 10:00:00
99971001591,,CUST-EE112200,activation,2022-06-17 10:00:00
99971001651,,CUST-9183F125,activation,2022-06-17 10:00:00
99971001590,,CUST-6FA622B0,activation,2022-06-18 10:00:00
99971001310,,CUST-42A7071E,activation,2022-06-19 10:00:00
99971000566,,CUST-7A9260E3,activation,2022-06-20 10:00:00
99971000498,,CUST-A13DAD84,activation,2022-06-21 10:00:00
99971001585,,CUST-CFB66AC6,activation,2022-06-22 10:00:00
99971000753,,CUST-EB0606AE,activation,2022-06-23 10:00:00
99971000842,,CUST-ABD51B29,activation,2022-06-23 10:00:00
99971001515,,CUST-9B92254F,activation,2022-06-24 10:00:00
99971000892,,CUST-71C3BDB6,activation,2022-06-25 10:00:00
99971001555,,CUST-3D861DAE,activation,2022-06-25 10:00:00
99971000584,,CUST-167E7D60,activation,2022-06-26 10:00:00
99971001148,,CUST-7FC4D78B,activation,2022-06-29 10:00:00
99971000451,,CUST-7FDE2659,activation,2022-06-30 10:00:00
99971001895,,CUST-1B2D17A5,activation,2022-07-01 10:00:00
99971000147,,CUST-87B9995B,activation,2022-07-03 10:00:00
99971000690,,CUST-014A38D0,activation,2022-07-04 10:00:00
99971001565,,CUST-78F38D7C,activation,2022-07-04 10:00:00
99971001909,,CUST-CFC3AD16,activation,2022-07-05 10:00:00
99971001385,,CUST-E359EA27,activation,2022-07-06 10:00:00
99971001680,,CUST-CFF8E132,activation,2022-07-06 10:00:00
99971000380,,CUST-C3CC8590,activation,2022-07-07 10:00:00
99971000978,,CUST-6748519F,activation,2022-07-10 10:00:00
99971002072,,CUST-57E0647A,activation,2022-07-10 10:00:00
99971001882,,CUST-630C3073,activation,2022-07-11 10:00:00
99971000955,,CUST-F358922F,activation,2022-07-13 10:00:00
99971002126,,CUST-83AD8C10,activation,2022-07-14 10:00:00
99971001119,,CUST-EF47D155,activation,2022-07-16 10:00:00
99971002166,,CUST-C07CE77A,activation,2022-07-16 10:00:00
99971000982,,CUST-C7D6394D,activation,2022-07-17 10:00:00
99971001099,,CUST-A5709498,activation,2022-07-19 10:00:00
99971001634,,CUST-47DBD835,activation,2022-07-19 10:00:00
99971002011,,CUST-DBFF49BE,activation,2022-07-20 10:00:00
99971000919,,CUST-A3938506,activation,2022-07-21 10:00:00
99971001270,,CUST-7A379DFA,activation,2022-07-21 10:00:00
99971000725,,CUST-FC87ACDA,activation,2022-07-24 10:00:00
99971001875,,CUST-3B27F399,activation,2022-07-26 10:00:00
99971000235,,CUST-0D662986,activation,2022-07-27 10:00:00
99971001252,,CUST-FFA059A2,activation,2022-07-27 10:00:00
99971001997,,CUST-2B2EEB16,activation,2022-07-27 10:00:00
99971000306,,CUST-AFF27D42,activation,2022-07-28 10:00:00
99971001514,,CUST-380D7F29,activation,2022-07-30 10:00:00
99971001728,,CUST-0A3B9BCA,activation,2022-08-03 10:00:00
99971001172,,CUST-23CBFA02,activation,2022-08-04 10:00:00
99971001473,,CUST-29BDD3D3,activation,2022-08-05 10:00:00
99971000481,,CUST-8D986372,activation,2022-08-06 10:00:00
99971002365,,CUST-F8996A23,activation,2022-08-06 10:00:00
99971001222,,CUST-DFE41C1D,activation,2022-08-07 10:00:00
99971001468,,CUST-8BAAA3E2,activation,2022-08-07 10:00:00
99971002293,,CUST-97750E97,activation,2022-08-07 10:00:00
99971000248,,CUST-FFECE508,activation,2022-08-08 10:00:00
99971001265,,CUST-50ABA3CF,activation,2022-08-09 10:00:00
99971001306,,CUST-77233D9B,activation,2022-08-10 10:00:00
99971001167,,CUST-EB8C1032,activation,2022-08-11 10:00:00
99971001363,,CUST-1AE374E0,activation,2022-08-11 10:00:00
99971000713,,CUST-27C46666,activation,2022-08-12 10:00:00
99971001199,,CUST-E20296DE,activation,2022-08-12 10:00:00
99971000970,,CUST-95952929,activation,2022-08-14 10:00:00
99971000766,,CUST-FD447910,activation,2022-08-15 10:00:00
99971002250,,CUST-97FBB749,activation,2022-08-16 10:00:00
99971000189,,CUST-8769F983,activation,2022-08-17 10:00:00
99971000987,,CUST-A88282BE,activation,2022-08-18 10:00:00
99971001546,,CUST-9163DA88,activation,2022-08-18 10:00:00
99971002385,,CUST-C1230269,activation,2022-08-18 10:00:00
99971000975,,CUST-C3DF2373,activation,2022-08-20 10:00:00
99971001965,,CUST-49B8BEC4,activation,2022-08-20 10:00:00
99971000988,,CUST-1F540B09,activation,2022-08-22 10:00:00
99971000918,,CUST-5CF39168,activation,2022-08-23 10:00:00
99971000118,,CUST-60415048,activation,2022-08-24 10:00:00
99971001990,,CUST-2354E369,activation,2022-08-28 10:00:00
99971001614,,CUST-021ED64F,activation,2022-09-01 10:00:00
99971001835,,CUST-0F2360C3,activation,2022-09-01 10:00:00
99971000487,,CUST-43C449FD,activation,2022-09-02 10:00:00
99971000715,,CUST-D7171598,activation,2022-09-02 10:00:00
99971000779,,CUST-58E73BC8,activation,2022-09-02 10:00:00
99971001110,,CUST-206EB522,activation,2022-09-02 10:00:00
99971000373,,CUST-9A676E36,activation,2022-09-05 10:00:00
99971000570,,CUST-0788E8FB,activation,2022-09-07 10:00:00
99971002287,,CUST-625D7214,activation,2022-09-07 10:00:00
99971000341,,CUST-0EA4E232,activation,2022-09-11 10:00:00
99971000350,,CUST-EB8CFBA5,activation,2022-09-11 10:00:00
99971000901,,CUST-10BA4852,activation,2022-09-12 10:00:00
99971001393,,CUST-DC27EBA4,activation,2022-09-14 10:00:00
99971002113,,CUST-48CDF4D2,activation,2022-09-14 10:00:00
99971002269,,CUST-1F0A128A,activation,2022-09-14 10:00:00
99971001465,,CUST-870E9D11,activation,2022-09-15 10:00:00
99971001309,,CUST-CFED5EE7,activation,2022-09-16 10:00:00
99971002227,,CUST-B8354F09,activation,2022-09-16 10:00:00
99971001012,,CUST-260608EE,activation,2022-09-17 10:00:00
99971001754,,CUST-9A8687EA,activation,2022-09-17 10:00:00
99971001452,,CUST-856DD0B8,activation,2022-09-19 10:00:00
99971002206,,CUST-75EE1F48,activation,2022-09-19 10:00:00
99971002055,,CUST-F4D54E4E,activation,2022-09-20 10:00:00
99971001359,,CUST-43F5F02C,activation,2022-09-22 10:00:00
99971001878,,CUST-A214134F,activation,2022-09-22 10:00:00
99971000577,,CUST-A05F533D,activation,2022-09-23 10:00:00
99971002130,,CUST-FD7B9029,activation,2022-09-23 10:00:00
99971001376,,CUST-4DCAF562,activation,2022-09-26 10:00:00
99971002337,,CUST-2ED4C45B,activation,2022-09-26 10:00:00
99971000376,,CUST-D51A219D,activation,2022-09-29 10:00:00
99971001577,,CUST-6EE81B21,activation,2022-10-03 10:00:00
99971002009,,CUST-6FA2A192,activation,2022-10-03 10:00:00
99971000963,,CUST-B54A9A39,activation,2022-10-05 10:00:00
99971001295,,CUST-B47DE6FA,activation,2022-10-07 10:00:00
99971001676,,CUST-73075F84,activation,2022-10-08 10:00:00
99971001900,,CUST-68F23F89,activation,2022-10-09 10:00:00
99971000558,,CUST-FD198603,activation,2022-10-10 10:00:00
99971000460,,CUST-470617DF,activation,2022-10-11 10:00:00
99971000845,,CUST-EB036043,activation,2022-10-11 10:00:00
99971000217,,CUST-C3316157,activation,2022-10-12 10:00:00
99971001109,,CUST-F2E2B4CB,activation,2022-10-12 10:00:00
99971002190,,CUST-90492252,activation,2022-10-13 10:00:00
99971001948,,CUST-1C801793,activation,2022-10-15 10:00:00
99971000735,,CUST-C01B1D72,activation,2022-10-19 10:00:00
99971000287,,CUST-10170885,activation,2022-10-21 10:00:00
99971000525,,CUST-A86D814A,activation,2022-10-21 10:00:00
99971000745,,CUST-9EE2A2A3,activation,2022-10-22 10:00:00
99971002050,,CUST-3C0EF993,activation,2022-10-22 10:00:00
99971002347,,CUST-CDC16272,activation,2022-10-22 10:00:00
99971000172,,CUST-8B39EF00,activation,2022-10-23 10:00:00
99971000187,,CUST-158C9C01,activation,2022-10-23 10:00:00
99971001455,,CUST-C89AF4DB,activation,2022-10-23 10:00:00
99971002303,,CUST-8DDB8A10,activation,2022-10-23 10:00:00
99971001538,,CUST-C2153BE0,activation,2022-10-27 10:00:00
99971001140,,CUST-7901F815,activation,2022-10-28 10:00:00
99971001356,,CUST-6732800D,activation,2022-10-28 10:00:00
99971000565,,CUST-19C90026,activation,2022-10-29 10:00:00
99971001963,,CUST-A35C9B25,activation,2022-10-30 10:00:00
99971002058,,CUST-993A4C6E,activation,2022-10-31 10:00:00
99971000402,,CUST-B88016C2,activation,2022-11-04 10:00:00
99971002380,,CUST-A49A9FCB,activation,2022-11-04 10:00:00
99971001244,,CUST-89E9E655,activation,2022-11-05 10:00:00
99971001667,,CUST-5EDD64AE,activation,2022-11-05 10:00:00
99971001708,,CUST-66CC115A,activation,2022-11-07 10:00:00
99971002150,,CUST-DC418B67,activation,2022-11-07 10:00:00
99971000411,,CUST-E43A733A,activation,2022-11-08 10:00:00
99971000960,,CUST-8E46AE6B,activation,2022-11-10 10:00:00
99971000675,,CUST-A20D2574,activation,2022-11-14 10:00:00
99971000904,,CUST-98F41222,activation,2022-11-14 10:00:00
99971001654,,CUST-53355EF2,activation,2022-11-15 10:00:00
99971000508,,CUST-169A818E,activation,2022-11-16 10:00:00
99971000962,,CUST-8F11A544,activation,2022-11-16 10:00:00
99971001037,,CUST-7EA2AFAA,activation,2022-11-16 10:00:00
99971000295,,CUST-D6799A17,activation,2022-11-18 10:00:00
99971001233,,CUST-84770EDD,activation,2022-11-18 10:00:00
99971000495,,CUST-686DD508,activation,2022-11-19 10:00:00
99971000599,,CUST-B4CB3851,activation,2022-11-21 10:00:00
99971000250,,CUST-211A8AC8,activation,2022-11-24 10:00:00
99971001684,,CUST-7EE9F989,activation,2022-11-24 10:00:00
99971000472,,CUST-7F556ECA,activation,2022-11-25 10:00:00
99971001064,,CUST-E29BE8ED,activation,2022-11-25 10:00:00
99971001130,,CUST-38C11CEA,activation,2022-11-26 10:00:00
99971001456,,CUST-A06707C4,activation,2022-11-26 10:00:00
99971001951,,CUST-18346244,activation,2022-11-29 10:00:00
99971001404,,CUST-815C1E45,activation,2022-11-30 10:00:00
99971000921,,CUST-85BBFBA7,activation,2022-12-01 10:00:00
99971001101,,CUST-12CB71F1,activation,2022-12-01 10:00:00
99971001147,,CUST-760FF6FD,activation,2022-12-01 10:00:00
99971002228,,CUST-358032F2,activation,2022-12-02 10:00:00
99971002062,,CUST-91E9C236,activation,2022-12-06 10:00:00
99971001791,,CUST-D7788338,activation,2022-12-07 10:00:00
99971002032,,CUST-D627C766,activation,2022-12-07 10:00:00
99971001727,,CUST-0BF37DAF,activation,2022-12-08 10:00:00
99971002091,,CUST-324A890D,activation,2022-12-08 10:00:00
99971000401,,CUST-957640E4,activation,2022-12-09 10:00:00
99971001612,,CUST-CFBD96BE,activation,2022-12-10 10:00:00
99971001889,,CUST-BD277276,activation,2022-12-10 10:00:00
99971002284,,CUST-48B11276,activation,2022-12-10 10:00:00
99971000764,,CUST-25E71EBA,activation,2022-12-13 10:00:00
99971001986,,CUST-BD057E41,activation,2022-12-14 10:00:00
99971000705,,CUST-BE3E48DE,activation,2022-12-15 10:00:00
99971001355,,CUST-2291823D,activation,2022-12-15 10:00:00
99971001498,,CUST-CD10D997,activation,2022-12-16 10:00:00
99971001469,,CUST-0BD212CF,activation,2022-12-17 10:00:00
99971001131,,CUST-F87E3653,activation,2022-12-18 10:00:00
99971001761,,CUST-FDED2EB5,activation,2022-12-19 10:00:00
99971000915,,CUST-21C81421,activation,2022-12-20 10:00:00
99971000924,,CUST-CC3A7457,activation,2022-12-24 10:00:00
99971001908,,CUST-5D0E0731,activation,2022-12-24 10:00:00
99971002220,,CUST-5EB89E13,activation,2022-12-24 10:00:00
99971001207,,CUST-1AC17DF2,activation,2022-12-26 10:00:00
99971000661,,CUST-98523F39,activation,2022-12-30 10:00:00
99971002053,,CUST-7D7383C7,activation,2022-12-31 10:00:00
99971002222,,CUST-5586034C,activation,2023-01-02 10:00:00
99971001205,,CUST-1B269A49,activation,2023-01-03 10:00:00
99971000671,,CUST-0C9C3781,activation,2023-01-05 10:00:00
99971001720,,CUST-65FF3E23,activation,2023-01-05 10:00:00
99971001339,,CUST-4CB8A3B9,activation,2023-01-06 10:00:00
99971000365,,CUST-C0AF801A,activation,2023-01-08 10:00:00
99971000856,,CUST-771CDC34,activation,2023-01-10 10:00:00
99971000488,,CUST-741EBFE2,activation,2023-01-12 10:00:00
99971001524,,CUST-56CD25D6,activation,2023-01-14 10:00:00
99971000091,,CUST-2B4805D1,activation,2023-01-15 10:00:00
99971000123,,CUST-129F2DD9,activation,2023-01-15 10:00:00
99971001354,,CUST-EDBB5131,activation,2023-01-15 10:00:00
99971001564,,CUST-AB910B0D,activation,2023-01-15 10:00:00
99971001941,,CUST-3536FB40,activation,2023-01-15 10:00:00
99971000463,,CUST-3FF442C5,activation,2023-01-19 10:00:00
99971001636,,CUST-C2B839A7,activation,2023-01-19 10:00:00
99971002356,,CUST-C6DD49F1,activation,2023-01-19 10:00:00
99971000712,,CUST-953A229F,activation,2023-01-21 10:00:00
99971000818,,CUST-8042F4C4,activation,2023-01-22 10:00:00
99971001666,,CUST-091668F0,activation,2023-01-24 10:00:00
99971000626,,CUST-E422AC2E,activation,2023-01-27 10:00:00
99971000865,,CUST-8BD243F7,activation,2023-01-27 10:00:00
99971000622,,CUST-45E509EC,activation,2023-01-28 10:00:00
99971000041,,CUST-9881AA68,activation,2023-01-29 10:00:00
99971000043,,CUST-97352E4F,activation,2023-01-29 10:00:00
99971002315,,CUST-2379D6F8,activation,2023-01-29 10:00:00
99971000461,,CUST-4F6AD0A4,activation,2023-01-30 10:00:00
99971001146,,CUST-209C19B3,activation,2023-02-02 10:00:00
99971002232,,CUST-BD34D27E,activation,2023-02-02 10:00:00
99971001390,,CUST-70A2B4E8,activation,2023-02-03 10:00:00
99971001735,,CUST-8C4039CE,activation,2023-02-04 10:00:00
99971002101,,CUST-AA1C3ABD,activation,2023-02-04 10:00:00
99971001786,,CUST-A4137145,activation,2023-02-06 10:00:00
99971002110,,CUST-C0EC60C4,activation,2023-02-08 10:00:00
99971002304,,CUST-987071ED,activation,2023-02-09 10:00:00
99971001787,,CUST-FAD57BA5,activation,2023-02-10 10:00:00
99971002267,,CUST-1AEBD6F6,activation,2023-02-12 10:00:00
99971001221,,CUST-18163AD0,activation,2023-02-14 10:00:00
99971002112,,CUST-557BB218,activation,2023-02-16 10:00:00
99971000099,,CUST-6833BDE7,activation,2023-02-18 10:00:00
99971000635,,CUST-BEA9C335,activation,2023-02-18 10:00:00
99971001657,,CUST-7C22D324,activation,2023-02-19 10:00:00
99971001133,,CUST-D884F091,activation,2023-02-21 10:00:00
99971001592,,CUST-0A6846D8,activation,2023-02-21 10:00:00
99971002181,,CUST-194C97A3,activation,2023-02-21 10:00:00
99971000571,,CUST-CC034B1A,activation,2023-02-22 10:00:00
99971001594,,CUST-467947D9,activation,2023-02-22 10:00:00
99971002036,,CUST-B6B1758F,activation,2023-02-23 10:00:00
99971000231,,CUST-8298BD66,activation,2023-02-25 10:00:00
99971000239,,CUST-15A7210C,activation,2023-02-26 10:00:00
99971002219,,CUST-2AA86B54,activation,2023-02-26 10:00:00
99971000227,,CUST-4B47F199,activation,2023-02-27 10:00:00
99971000335,,CUST-A448C22B,activation,2023-02-28 10:00:00
99971002283,,CUST-1F8E5F97,activation,2023-02-28 10:00:00
99971001698,,CUST-254219E5,activation,2023-03-01 10:00:00
99971000027,,CUST-05DCC3A6,activation,2023-03-02 10:00:00
99971000083,,CUST-5057177E,activation,2023-03-04 10:00:00
99971000400,,CUST-D3F37310,activation,2023-03-05 10:00:00
99971001017,,CUST-3FEA8D8F,activation,2023-03-05 10:00:00
99971002230,,CUST-183BBB1F,activation,2023-03-06 10:00:00
99971001225,,CUST-46ADE34C,activation,2023-03-08 10:00:00
99971001989,,CUST-920AA543,activation,2023-03-08 10:00:00
99971002027,,CUST-071F8F17,activation,2023-03-08 10:00:00
99971000650,,CUST-734088FD,activation,2023-03-10 10:00:00
99971000211,,CUST-38B8E922,activation,2023-03-11 10:00:00
99971000379,,CUST-C07BDAD8,activation,2023-03-11 10:00:00
99971000899,,CUST-84200644,activation,2023-03-11 10:00:00
99971001080,,CUST-4B8B7F10,activation,2023-03-12 10:00:00
99971002252,,CUST-92460624,activation,2023-03-12 10:00:00
99971001615,,CUST-E0784B68,activation,2023-03-13 10:00:00
99971000316,,CUST-99AF175D,activation,2023-03-14 10:00:00
99971000773,,CUST-4BFC1D96,activation,2023-03-15 10:00:00
99971000375,,CUST-336F7B4F,activation,2023-03-16 10:00:00
99971002323,,CUST-E9A1D813,activation,2023-03-16 10:00:00
99971000656,,CUST-771722D5,activation,2023-03-18 10:00:00
99971002082,,CUST-F12332A4,activation,2023-03-18 10:00:00
99971001647,,CUST-5328397E,activation,2023-03-19 10:00:00
99971000170,,CUST-E2071F2A,activation,2023-03-21 10:00:00
99971001532,,CUST-B5FC8EF0,activation,2023-03-25 10:00:00
99971001032,,CUST-90A576C4,activation,2023-03-27 10:00:00
99971001665,,CUST-12B7EFA7,activation,2023-03-28 10:00:00
99971001116,,CUST-7CC35970,activation,2023-03-29 10:00:00
99971001442,,CUST-A9E27E75,activation,2023-03-29 10:00:00
99971001597,,CUST-A3BC3E7A,activation,2023-03-29 10:00:00
99971001323,,CUST-AE1EC036,activation,2023-03-30 10:00:00
99971001467,,CUST-8BAAA3E2,activation,2023-04-02 10:00:00
99971001616,,CUST-8DFA5632,activation,2023-04-03 10:00:00
99971000632,,CUST-78E6D6F7,activation,2023-04-05 10:00:00
99971001176,,CUST-9BA7C86D,activation,2023-04-05 10:00:00
99971001104,,CUST-89C94D23,activation,2023-04-07 10:00:00
99971001160,,CUST-B559C606,activation,2023-04-07 10:00:00
99971001292,,CUST-0D9703F5,activation,2023-04-07 10:00:00
99971001788,,CUST-C862F686,activation,2023-04-07 10:00:00
99971001795,,CUST-5D02D377,activation,2023-04-07 10:00:00
99971001087,,CUST-B2C707A2,activation,2023-04-08 10:00:00
99971001135,,CUST-4D338A57,activation,2023-04-09 10:00:00
99971001845,,CUST-EAEAFF2D,activation,2023-04-09 10:00:00
99971000727,,CUST-D9FBBCE1,activation,2023-04-11 10:00:00
99971001171,,CUST-062AE584,activation,2023-04-11 10:00:00
99971000757,,CUST-BC518E08,activation,2023-04-12 10:00:00
99971000381,,CUST-5A6D9BEA,activation,2023-04-13 10:00:00
99971000267,,CUST-5FDF4269,activation,2023-04-15 10:00:00
99971001367,,CUST-703B9138,activation,2023-04-15 10:00:00
99971001471,,CUST-1E8CBC42,activation,2023-04-15 10:00:00
99971000101,,CUST-28252588,activation,2023-04-17 10:00:00
99971001241,,CUST-F6DF0557,activation,2023-04-19 10:00:00
99971002360,,CUST-0A6C4BC0,activation,2023-04-21 10:00:00
99971000790,,CUST-EE037547,activation,2023-04-24 10:00:00
99971000802,,CUST-A7987F19,activation,2023-04-25 10:00:00
99971001517,,CUST-72718330,activation,2023-04-25 10:00:00
99971002022,,CUST-3CD1EA8D,activation,2023-04-26 10:00:00
99971002321,,CUST-D4426B9D,activation,2023-04-27 10:00:00
99971000480,,CUST-668C80DF,activation,2023-04-28 10:00:00
99971000731,,CUST-442871CD,activation,2023-04-29 10:00:00
99971002000,,CUST-A5AF3085,activation,2023-04-30 10:00:00
99971002242,,CUST-9EA388EE,activation,2023-05-01 10:00:00
99971000473,,CUST-54A12FB1,activation,2023-05-03 10:00:00
99971000991,,CUST-1258D08E,activation,2023-05-04 10:00:00
99971000666,,CUST-02609E4D,activation,2023-05-05 10:00:00
99971000775,,CUST-9C01C408,activation,2023-05-06 10:00:00
99971001278,,CUST-F139D611,activation,2023-05-07 10:00:00
99971000943,,CUST-599AC55E,activation,2023-05-08 10:00:00
99971001529,,CUST-CE7915CB,activation,2023-05-08 10:00:00
99971000567,,CUST-C289210D,activation,2023-05-09 10:00:00
99971000301,,CUST-6BCB7EAB,activation,2023-05-13 10:00:00
99971002147,,CUST-ABB0B7E5,activation,2023-05-13 10:00:00
99971000207,,CUST-39EE972B,activation,2023-05-15 10:00:00
99971001118,,CUST-717D86B6,activation,2023-05-17 10:00:00
99971000042,,CUST-E7874C33,activation,2023-05-18 10:00:00
99971001285,,CUST-CEA7554C,activation,2023-05-21 10:00:00
99971001460,,CUST-37B73811,activation,2023-05-24 10:00:00
99971002104,,CUST-6C35D86B,activation,2023-05-25 10:00:00
99971000363,,CUST-9B0D91DB,activation,2023-05-27 10:00:00
99971001031,,CUST-42F232C2,activation,2023-05-27 10:00:00
99971001054,,CUST-468982CA,activation,2023-05-28 10:00:00
99971000516,,CUST-8C823D30,activation,2023-06-03 10:00:00
99971001263,,CUST-9674AF42,activation,2023-06-04 10:00:00
99971001602,,CUST-18CD4775,activation,2023-06-04 10:00:00
99971000438,,CUST-AFBE89EB,activation,2023-06-05 10:00:00
99971001562,,CUST-CB13CA0C,activation,2023-06-05 10:00:00
99971002105,,CUST-1FDBE7C4,activation,2023-06-06 10:00:00
99971000362,,CUST-953C4140,activation,2023-06-07 10:00:00
99971000594,,CUST-72FC32EC,activation,2023-06-08 10:00:00
99971000748,,CUST-6B507D69,activation,2023-06-08 10:00:00
99971000537,,CUST-C6AA38B1,activation,2023-06-09 10:00:00
99971001781,,CUST-73CCCAE8,activation,2023-06-14 10:00:00
99971001943,,CUST-67840DF6,activation,2023-06-14 10:00:00
99971000959,,CUST-46FE3EA3,activation,2023-06-15 10:00:00
99971000270,,CUST-44F829FA,activation,2023-06-19 10:00:00
99971002204,,CUST-E8139CE1,activation,2023-06-19 10:00:00
99971000621,,CUST-E89E5AF7,activation,2023-06-21 10:00:00
99971001974,,CUST-2B73E04F,activation,2023-06-21 10:00:00
99971001961,,CUST-798F0D3C,activation,2023-06-22 10:00:00
99971001559,,CUST-6B62919B,activation,2023-06-23 10:00:00
99971002389,,CUST-5B0F69CD,activation,2023-06-24 10:00:00
99971001234,,CUST-A4AB664B,activation,2023-06-25 10:00:00
99971002308,,CUST-5F540E9A,activation,2023-06-26 10:00:00
99971000791,,CUST-2C0D237C,activation,2023-06-28 10:00:00
99971000689,,CUST-54A01140,activation,2023-07-03 10:00:00
99971000969,,CUST-67F9BEB1,activation,2023-07-05 10:00:00
99971001421,,CUST-461A2C82,activation,2023-07-05 10:00:00
99971001527,,CUST-81AE0C14,activation,2023-07-07 10:00:00
99971002103,,CUST-12C1DF42,activation,2023-07-08 10:00:00
99971000455,,CUST-E8DAABC4,activation,2023-07-09 10:00:00
99971001834,,CUST-A9CA6BFD,activation,2023-07-10 10:00:00
99971000839,,CUST-9797ED9B,activation,2023-07-14 10:00:00
99971000555,,CUST-1C259175,activation,2023-07-15 10:00:00
99971000695,,CUST-2EB2F29A,activation,2023-07-15 10:00:00
99971000315,,CUST-4ACBBCCA,activation,2023-07-16 10:00:00
99971000952,,CUST-7C89D6F0,activation,2023-07-18 10:00:00
99971001701,,CUST-0A56AA2F,activation,2023-07-18 10:00:00
99971002268,,CUST-00759666,activation,2023-07-18 10:00:00
99971000697,,CUST-C8AF5385,activation,2023-07-19 10:00:00
99971001630,,CUST-0E9E9C06,activation,2023-07-19 10:00:00
99971000524,,CUST-95BA7980,activation,2023-07-21 10:00:00
99971002343,,CUST-00E01260,activation,2023-07-22 10:00:00
99971001582,,CUST-8B493FF6,activation,2023-07-26 10:00:00
99971000013,,CUST-B20E16A4,activation,2023-07-30 10:00:00
99971002297,,CUST-7B368B4F,activation,2023-07-30 10:00:00
99971001136,,CUST-1A13B0F8,activation,2023-07-31 10:00:00
99971000265,,CUST-8BCE03F9,activation,2023-08-01 10:00:00
99971001389,,CUST-D42F2210,activation,2023-08-03 10:00:00
99971000983,,CUST-AC7F152E,activation,2023-08-05 10:00:00
99971001921,,CUST-C857D9D9,activation,2023-08-05 10:00:00
99971000062,,CUST-E94B6C36,activation,2023-08-06 10:00:00
99971000125,,CUST-94F8747F,activation,2023-08-06 10:00:00
99971000576,,CUST-68E857C2,activation,2023-08-07 10:00:00
99971000685,,CUST-A2C89770,activation,2023-08-08 10:00:00
99971001792,,CUST-0468DA5A,activation,2023-08-10 10:00:00
99971002013,,CUST-17423E28,activation,2023-08-10 10:00:00
99971000104,,CUST-D74DB177,activation,2023-08-12 10:00:00
99971002201,,CUST-59520079,activation,2023-08-12 10:00:00
99971001406,,CUST-7D18C8F6,activation,2023-08-13 10:00:00
99971002155,,CUST-4AED7899,activation,2023-08-13 10:00:00
99971000258,,CUST-32C575CA,activation,2023-08-15 10:00:00
99971001144,,CUST-6B3950A1,activation,2023-08-15 10:00:00
99971001734,,CUST-54058DAE,activation,2023-08-16 10:00:00
99971001106,,CUST-9394715A,activation,2023-08-21 10:00:00
99971002102,,CUST-B9157676,activation,2023-08-21 10:00:00
99971001704,,CUST-FFCF0A85,activation,2023-08-23 10:00:00
99971000828,,CUST-A9982230,activation,2023-08-24 10:00:00
99971000030,,CUST-0AE95D4C,activation,2023-08-25 10:00:00
99971001089,,CUST-9A805767,activation,2023-08-25 10:00:00
99971000611,,CUST-52F76072,activation,2023-08-26 10:00:00
99971000728,,CUST-48E6F799,activation,2023-08-26 10:00:00
99971000177,,CUST-AF0C7452,activation,2023-08-28 10:00:00
99971000782,,CUST-64809B6E,activation,2023-08-28 10:00:00
99971001873,,CUST-E5E3E5D6,activation,2023-08-30 10:00:00
99971001513,,CUST-7ED52421,activation,2023-08-31 10:00:00
99971001431,,CUST-0F199DCB,activation,2023-09-01 10:00:00
99971001765,,CUST-9A73B79B,activation,2023-09-03 10:00:00
99971002372,,CUST-85687454,activation,2023-09-05 10:00:00
99971001347,,CUST-003552A8,activation,2023-09-06 10:00:00
99971002249,,CUST-C5DDF208,activation,2023-09-06 10:00:00
99971000409,,CUST-CC991AA7,activation,2023-09-07 10:00:00
99971002114,,CUST-0CA69E97,activation,2023-09-07 10:00:00
99971001839,,CUST-F6336B17,activation,2023-09-09 10:00:00
99971002295,,CUST-B82B838F,activation,2023-09-10 10:00:00
99971000284,,CUST-CA2DB7D9,activation,2023-09-11 10:00:00
99971002066,,CUST-3D089677,activation,2023-09-11 10:00:00
99971000109,,CUST-C2F1694F,activation,2023-09-12 10:00:00
99971001816,,CUST-F0194C15,activation,2023-09-16 10:00:00
99971001977,,CUST-7A3D49AD,activation,2023-09-17 10:00:00
99971002286,,CUST-BE930407,activation,2023-09-17 10:00:00
99971001831,,CUST-69BA9FF3,activation,2023-09-18 10:00:00
99971001521,,CUST-0755C2E7,activation,2023-09-21 10:00:00
99971002061,,CUST-62E044F1,activation,2023-09-23 10:00:00
99971001284,,CUST-4D411695,activation,2023-09-25 10:00:00
99971002359,,CUST-34702978,activation,2023-09-26 10:00:00
99971000254,,CUST-47FAD0AE,activation,2023-09-28 10:00:00
99971000059,,CUST-47121EA9,activation,2023-09-29 10:00:00
99971002312,,CUST-2846230F,activation,2023-09-29 10:00:00
99971000307,,CUST-430142B5,activation,2023-10-01 10:00:00
99971001785,,CUST-71283CC8,activation,2023-10-01 10:00:00
99971001501,,CUST-EC1640AE,activation,2023-10-02 10:00:00
99971002386,,CUST-DC767725,activation,2023-10-02 10:00:00
99971000141,,CUST-E718B17D,activation,2023-10-03 10:00:00
99971000388,,CUST-26C404EF,activation,2023-10-04 10:00:00
99971000551,,CUST-76DF1EF5,activation,2023-10-04 10:00:00
99971001830,,CUST-A68D5E2A,activation,2023-10-04 10:00:00
99971002045,,CUST-B667ECDC,activation,2023-10-04 10:00:00
99971002054,,CUST-25B41375,activation,2023-10-05 10:00:00
99971001749,,CUST-5366508D,activation,2023-10-07 10:00:00
99971001689,,CUST-64E92A9B,activation,2023-10-10 10:00:00
99971002256,,CUST-D6A4C81E,activation,2023-10-10 10:00:00
99971002067,,CUST-2399F505,activation,2023-10-11 10:00:00
99971002325,,CUST-4131B7D1,activation,2023-10-11 10:00:00
99971001578,,CUST-998211FA,activation,2023-10-14 10:00:00
99971002306,,CUST-2CBE84F2,activation,2023-10-14 10:00:00
99971000352,,CUST-9CF15D7A,activation,2023-10-15 10:00:00
99971001739,,CUST-DE333B0A,activation,2023-10-17 10:00:00
99971002363,,CUST-2FE95499,activation,2023-10-17 10:00:00
99971001853,,CUST-2087748D,activation,2023-10-18 10:00:00
99971000022,,CUST-A7AD45D6,activation,2023-10-19 10:00:00
99971001718,,CUST-13D88F02,activation,2023-10-21 10:00:00
99971001903,,CUST-201E3C0A,activation,2023-10-21 10:00:00
99971000268,,CUST-53EB11D2,activation,2023-10-22 10:00:00
99971000168,,CUST-8D6CB40D,activation,2023-10-24 10:00:00
99971001103,,CUST-8474D3BC,activation,2023-10-24 10:00:00
99971001379,,CUST-CE60AFCC,activation,2023-10-25 10:00:00
99971000157,,CUST-780554EE,activation,2023-10-27 10:00:00
99971000393,,CUST-DD176C9E,activation,2023-10-31 10:00:00
99971002260,,CUST-3713C5B2,activation,2023-10-31 10:00:00
99971000981,,CUST-CF718F5A,activation,2023-11-01 10:00:00
99971001544,,CUST-E9BE7C29,activation,2023-11-01 10:00:00
99971001983,,CUST-62303D8C,activation,2023-11-02 10:00:00
99971000609,,CUST-26EB1221,activation,2023-11-03 10:00:00
99971000767,,CUST-52DBC195,activation,2023-11-03 10:00:00
99971000990,,CUST-C6E4E096,activation,2023-11-03 10:00:00
99971001162,,CUST-1EAA177D,activation,2023-11-03 10:00:00
99971000212,,CUST-24A49139,activation,2023-11-04 10:00:00
99971000935,,CUST-F82835C6,activation,2023-11-04 10:00:00
99971001693,,CUST-D27134C0,activation,2023-11-04 10:00:00
99971001344,,CUST-FA69E1EB,activation,2023-11-05 10:00:00
99971001254,,CUST-5245FDF8,activation,2023-11-08 10:00:00
99971001211,,CUST-BF157320,activation,2023-11-10 10:00:00
99971000003,,CUST-9F3C9741,activation,2023-11-13 10:00:00
99971001426,,CUST-31543DE9,activation,2023-11-13 10:00:00
99971001914,,CUST-953E80B1,activation,2023-11-13 10:00:00
99971002060,,CUST-B66F41FF,activation,2023-11-14 10:00:00
99971002259,,CUST-1A01EB18,activation,2023-11-15 10:00:00
99971000243,,CUST-70FF2ADA,activation,2023-11-17 10:00:00
99971000974,,CUST-8DF507AC,activation,2023-11-17 10:00:00
99971001927,,CUST-F5957C76,activation,2023-11-17 10:00:00
99971002351,,CUST-46D14640,activation,2023-11-17 10:00:00
99971000080,,CUST-12FC0217,activation,2023-11-20 10:00:00
99971001236,,CUST-46FA7ED3,activation,2023-11-20 10:00:00
99971002217,,CUST-F3C5B8F9,activation,2023-11-21 10:00:00
99971002400,,CUST-FF3E1C42,activation,2023-11-22 10:00:00
99971001062,,CUST-F09C4ACE,activation,2023-11-23 10:00:00
99971000977,,CUST-4DB3E501,activation,2023-11-26 10:00:00
99971002111,,CUST-976599E9,activation,2023-11-26 10:00:00
99971001960,,CUST-DF92D55A,activation,2023-11-29 10:00:00
99971000053,,CUST-E02F198C,activation,2023-11-30 10:00:00
99971001912,,CUST-04348A15,activation,2023-11-30 10:00:00
99971000004,,CUST-7072BC10,activation,2023-12-04 10:00:00
99971001573,,CUST-A831AB86,activation,2023-12-04 10:00:00
99971000778,,CUST-C935BF7B,activation,2023-12-05 10:00:00
99971000441,,CUST-9B6B9B1B,activation,2023-12-07 10:00:00
99971001610,,CUST-F7CFAFF8,activation,2023-12-08 10:00:00
99971002357,,CUST-9BAC8ECF,activation,2023-12-08 10:00:00
99971000152,,CUST-64976F01,activation,2023-12-09 10:00:00
99971000075,,CUST-45480DD2,activation,2023-12-10 10:00:00
99971000785,,CUST-AC10CEB7,activation,2023-12-11 10:00:00
99971001124,,CUST-08C2C7A1,activation,2023-12-13 10:00:00
99971002366,,CUST-7440F6E1,activation,2023-12-13 10:00:00
99971000979,,CUST-C9A7F219,activation,2023-12-14 10:00:00
99971002167,,CUST-1EB0995D,activation,2023-12-16 10:00:00
99971001249,,CUST-C79AF16E,activation,2023-12-18 10:00:00
99971001491,,CUST-ACB95E9D,activation,2023-12-18 10:00:00
99971001790,,CUST-B12ACF5C,activation,2023-12-18 10:00:00
99971000420,,CUST-1A6089F9,activation,2023-12-21 10:00:00
99971002094,,CUST-98796115,activation,2023-12-22 10:00:00
99971002398,,CUST-02CE9724,activation,2023-12-23 10:00:00
99971000874,,CUST-3851BAED,activation,2023-12-24 10:00:00
99971001808,,CUST-0CA8A408,activation,2023-12-24 10:00:00
99971001832,,CUST-684BC1CF,activation,2023-12-24 10:00:00
99971002051,,CUST-C71463D5,activation,2023-12-25 10:00:00
99971001801,,CUST-F6C52C93,activation,2023-12-29 10:00:00
99971002038,,CUST-62917A7A,activation,2023-12-30 10:00:00
99971001414,,CUST-07FDB546,activation,2023-12-31 10:00:00
99971001820,,CUST-6CCA469C,activation,2024-01-02 10:00:00
99971001108,,CUST-B1AD2BB6,activation,2024-01-03 10:00:00
99971000598,,CUST-6ED9F92A,activation,2024-01-04 10:00:00
99971000423,,CUST-76ADA342,activation,2024-01-06 10:00:00
99971000010,,CUST-3ED4F22C,activation,2024-01-07 10:00:00
99971000733,,CUST-60FE385E,activation,2024-01-07 10:00:00
99971000541,,CUST-D49F02EF,activation,2024-01-09 10:00:00
99971001678,,CUST-228CEEC9,activation,2024-01-09 10:00:00
99971002093,,CUST-2657BDFC,activation,2024-01-09 10:00:00
99971000831,,CUST-F5633625,activation,2024-01-10 10:00:00
99971001451,,CUST-3B63D39D,activation,2024-01-11 10:00:00
99971002341,,CUST-D015BC4E,activation,2024-01-11 10:00:00
99971000044,,CUST-22E40783,activation,2024-01-13 10:00:00
99971001854,,CUST-63786AAF,activation,2024-01-13 10:00:00
99971000054,,CUST-56B1B834,activation,2024-01-14 10:00:00
99971000029,,CUST-40D0F742,activation,2024-01-17 10:00:00
99971002240,,CUST-DAAC23DF,activation,2024-01-17 10:00:00
99971000897,,CUST-06BAAEAB,activation,2024-01-18 10:00:00
99971000603,,CUST-9C7BDE7B,activation,2024-01-19 10:00:00
99971001824,,CUST-653CF973,activation,2024-01-20 10:00:00
99971001688,,CUST-CFF69B15,activation,2024-01-21 10:00:00
99971000746,,CUST-6225A65F,activation,2024-01-25 10:00:00
99971001709,,CUST-B6D9A181,activation,2024-01-26 10:00:00
99971001773,,CUST-ECB17D2C,activation,2024-01-27 10:00:00
99971000506,,CUST-95B55289,activation,2024-01-30 10:00:00
99971002324,,CUST-75DF4558,activation,2024-01-30 10:00:00
99971000367,,CUST-86D077BB,activation,2024-01-31 10:00:00
99971000806,,CUST-144231EF,activation,2024-01-31 10:00:00
99971001375,,CUST-38132425,activation,2024-02-01 10:00:00
99971001020,,CUST-A1337D14,activation,2024-02-02 10:00:00
99971000436,,CUST-5D2D0A66,activation,2024-02-03 10:00:00
99971001071,,CUST-028733FF,activation,2024-02-03 10:00:00
99971001432,,CUST-29CF70B5,activation,2024-02-07 10:00:00
99971001894,,CUST-A2A3409B,activation,2024-02-07 10:00:00
99971002083,,CUST-DE4A18D5,activation,2024-02-07 10:00:00
99971000477,,CUST-8F7693FD,activation,2024-02-08 10:00:00
99971001159,,CUST-6D4F9B7A,activation,2024-02-08 10:00:00
99971001833,,CUST-4623412B,activation,2024-02-09 10:00:00
99971001510,,CUST-BEBC1C7D,activation,2024-02-11 10:00:00
99971001178,,CUST-1B3997C3,activation,2024-02-13 10:00:00
99971002399,,CUST-1C9D55A4,activation,2024-02-13 10:00:00
99971000606,,CUST-F9496598,activation,2024-02-14 10:00:00
99971001175,,CUST-78641332,activation,2024-02-14 10:00:00
99971000001,,CUST-B01E1A05,activation,2024-02-15 10:00:00
99971000065,,CUST-5954DBE1,activation,2024-02-18 10:00:00
99971001004,,CUST-39873856,activation,2024-02-18 10:00:00
99971000837,,CUST-C680320B,activation,2024-02-19 10:00:00
99971001523,,CUST-4693F3D2,activation,2024-02-19 10:00:00
99971000308,,CUST-969C2E20,activation,2024-02-20 10:00:00
99971000631,,CUST-AA83ADD1,activation,2024-02-21 10:00:00
99971000055,,CUST-399A136D,activation,2024-02-26 10:00:00
99971000386,,CUST-C90D2288,activation,2024-02-26 10:00:00
99971001052,,CUST-E253EF2C,activation,2024-02-26 10:00:00
99971001844,,CUST-EBB9465F,activation,2024-02-26 10:00:00
99971000795,,CUST-D2049759,activation,2024-02-27 10:00:00
99971001152,,CUST-278955A3,activation,2024-02-28 10:00:00
99971001623,,CUST-D23A90C0,activation,2024-02-29 10:00:00
99971001956,,CUST-F6302A62,activation,2024-02-29 10:00:00
99971000809,,CUST-30DF45A3,activation,2024-03-01 10:00:00
99971001489,,CUST-D29F842F,activation,2024-03-01 10:00:00
99971000209,,CUST-1511DF09,activation,2024-03-02 10:00:00
99971000699,,CUST-D58FB992,activation,2024-03-02 10:00:00
99971001060,,CUST-3B9FD193,activation,2024-03-02 10:00:00
99971000229,,CUST-E782CCA3,activation,2024-03-04 10:00:00
99971001015,,CUST-75446C75,activation,2024-03-04 10:00:00
99971001448,,CUST-FDE52F5C,activation,2024-03-04 10:00:00
99971001797,,CUST-B2C2A996,activation,2024-03-07 10:00:00
99971000279,,CUST-92A2B316,activation,2024-03-08 10:00:00
99971001307,,CUST-229BA78F,activation,2024-03-10 10:00:00
99971000992,,CUST-1258D08E,activation,2024-03-14 10:00:00
99971002088,,CUST-18AFB28B,activation,2024-03-17 10:00:00
99971000624,,CUST-B17AB4AC,activation,2024-03-19 10:00:00
99971002052,,CUST-0DD7126E,activation,2024-03-20 10:00:00
99971000509,,CUST-EF9907E2,activation,2024-03-23 10:00:00
99971001372,,CUST-4AC5DAE5,activation,2024-03-23 10:00:00
99971001659,,CUST-827BF27E,activation,2024-03-23 10:00:00
99971000600,,CUST-3B9D4AC8,activation,2024-03-24 10:00:00
99971001799,,CUST-DEBF18CF,activation,2024-03-28 10:00:00
99971001964,,CUST-36CD2E1B,activation,2024-03-28 10:00:00
99971002048,,CUST-4C2FC98D,activation,2024-03-28 10:00:00
99971002194,,CUST-8D35DAD7,activation,2024-03-28 10:00:00
99971002394,,CUST-F325B072,activation,2024-03-28 10:00:00
99971000703,,CUST-CD2F24AB,activation,2024-03-31 10:00:00
99971000649,,CUST-A96FB3DB,activation,2024-04-02 10:00:00
99971002298,,CUST-E5DEB39C,activation,2024-04-04 10:00:00
99971002216,,CUST-F37EBE82,activation,2024-04-08 10:00:00
99971000788,,CUST-2E2BE712,activation,2024-04-09 10:00:00
99971002381,,CUST-F8D4D075,activation,2024-04-12 10:00:00
99971001646,,CUST-C4F0FF1B,activation,2024-04-14 10:00:00
99971001915,,CUST-819C0049,activation,2024-04-15 10:00:00
99971002107,,CUST-FDC0C9E7,activation,2024-04-16 10:00:00
99971002311,,CUST-D5707ADF,activation,2024-04-16 10:00:00
99971000313,,CUST-AB29D502,activation,2024-04-18 10:00:00
99971001736,,CUST-F60DEA57,activation,2024-04-18 10:00:00
99971000051,,CUST-4ABB5161,activation,2024-04-19 10:00:00
99971002223,,CUST-83A41A5F,activation,2024-04-21 10:00:00
99971000340,,CUST-C533EF2E,activation,2024-04-22 10:00:00
99971001589,,CUST-6FD5E1A6,activation,2024-04-22 10:00:00
99971001260,,CUST-1488FDD2,activation,2024-04-23 10:00:00
99971001628,,CUST-BFF60080,activation,2024-04-23 10:00:00
99971001639,,CUST-F5A0C537,activation,2024-04-25 10:00:00
99971000607,,CUST-577E15FD,activation,2024-04-26 10:00:00
99971000625,,CUST-6A013E2E,activation,2024-04-26 10:00:00
99971000591,,CUST-2B1667E6,activation,2024-04-30 10:00:00
99971001730,,CUST-52D76D9B,activation,2024-05-01 10:00:00
99971000349,,CUST-6B6F3EA2,activation,2024-05-02 10:00:00
99971001183,,CUST-49A9C1F3,activation,2024-05-02 10:00:00
99971000039,,CUST-229FAE59,activation,2024-05-03 10:00:00
99971002215,,CUST-1E13F8A8,activation,2024-05-03 10:00:00
99971000454,,CUST-21544611,activation,2024-05-04 10:00:00
99971000024,,CUST-01DCA02B,activation,2024-05-05 10:00:00
99971001294,,CUST-B1A9E454,activation,2024-05-05 10:00:00
99971002044,,CUST-392B4008,activation,2024-05-05 10:00:00
99971001757,,CUST-3DEF3C75,activation,2024-05-06 10:00:00
99971000181,,CUST-F43E6EE9,activation,2024-05-07 10:00:00
99971002233,,CUST-BDB081FF,activation,2024-05-08 10:00:00
99971001896,,CUST-A7007FCD,activation,2024-05-09 10:00:00
99971002329,,CUST-C9EB72C3,activation,2024-05-10 10:00:00
99971000047,,CUST-16477C3A,activation,2024-05-13 10:00:00
99971000814,,CUST-CDBED560,activation,2024-05-13 10:00:00
99971000121,,CUST-3C840261,activation,2024-05-14 10:00:00
99971000512,,CUST-05F861F0,activation,2024-05-17 10:00:00
99971001967,,CUST-3F120255,activation,2024-05-17 10:00:00
99971002395,,CUST-2AA0976A,activation,2024-05-18 10:00:00
99971000646,,CUST-D3950D52,activation,2024-05-21 10:00:00
99971001969,,CUST-7433D802,activation,2024-05-21 10:00:00
99971001082,,CUST-1FCB1B8C,activation,2024-05-24 10:00:00
99971001195,,CUST-3B6641A4,activation,2024-05-25 10:00:00
99971001922,,CUST-CC29BD61,activation,2024-05-26 10:00:00
99971000058,,CUST-34FB245F,activation,2024-05-27 10:00:00
99971001775,,CUST-BA507B25,activation,2024-05-29 10:00:00
99971001898,,CUST-282C1B40,activation,2024-06-01 10:00:00
99971002092,,CUST-12532785,activation,2024-06-01 10:00:00
99971000090,,CUST-E2AFBF37,activation,2024-06-03 10:00:00
99971001490,,CUST-F7CDE12F,activation,2024-06-03 10:00:00
99971000443,,CUST-0406C202,activation,2024-06-04 10:00:00
99971000914,,CUST-3B220073,activation,2024-06-04 10:00:00
99971001945,,CUST-49670643,activation,2024-06-04 10:00:00
99971001030,,CUST-31E46233,activation,2024-06-05 10:00:00
99971001127,,CUST-14FB3973,activation,2024-06-06 10:00:00
99971001003,,CUST-010B0655,activation,2024-06-10 10:00:00
99971000563,,CUST-DE0DE6F9,activation,2024-06-12 10:00:00
99971001520,,CUST-D33E1FC3,activation,2024-06-13 10:00:00
99971000084,,CUST-A709F027,activation,2024-06-16 10:00:00
99971001351,,CUST-838CF3F6,activation,2024-06-17 10:00:00
99971001028,,CUST-26B93D59,activation,2024-06-18 10:00:00
99971001933,,CUST-A387B927,activation,2024-06-18 10:00:00
99971001198,,CUST-0AECEEA8,activation,2024-06-20 10:00:00
99971001497,,CUST-1FFEA71B,activation,2024-06-20 10:00:00
99971000668,,CUST-58C5B441,activation,2024-06-22 10:00:00
99971001433,,CUST-DF3434F8,activation,2024-06-22 10:00:00
99971002214,,CUST-D691118C,activation,2024-06-22 10:00:00
99971001673,,CUST-1B19A511,activation,2024-06-26 10:00:00
99971000822,,CUST-DF18C063,activation,2024-06-28 10:00:00
99971000205,,CUST-1E160CC9,activation,2024-06-29 10:00:00
99971000940,,CUST-088AB097,activation,2024-06-29 10:00:00
99971001946,,CUST-DDA632BA,activation,2024-06-29 10:00:00
99971000034,,CUST-296329B6,activation,2024-06-30 10:00:00
99971001435,,CUST-F65C3735,activation,2024-06-30 10:00:00
99971001477,,CUST-4E8EE0A9,activation,2024-06-30 10:00:00
99971000858,,CUST-465BA70A,activation,2024-07-01 10:00:00
99971001608,,CUST-7D3AF8E8,activation,2024-07-01 10:00:00
99971000777,,CUST-3118E698,activation,2024-07-04 10:00:00
99971000851,,CUST-94B84041,activation,2024-07-04 10:00:00
99971001107,,CUST-8943F8E6,activation,2024-07-04 10:00:00
99971000741,,CUST-00DE1BCD,activation,2024-07-06 10:00:00
99971001976,,CUST-B8512F5B,activation,2024-07-07 10:00:00
99971000696,,CUST-4A62B7C0,activation,2024-07-08 10:00:00
99971000302,,CUST-BBECD0BF,activation,2024-07-09 10:00:00
99971000868,,CUST-EE3384D5,activation,2024-07-09 10:00:00
99971000510,,CUST-6914BCA1,activation,2024-07-12 10:00:00
99971000098,,CUST-B67B9736,activation,2024-07-14 10:00:00
99971000939,,CUST-5E756863,activation,2024-07-14 10:00:00
99971000432,,CUST-96791CC9,activation,2024-07-15 10:00:00
99971001454,,CUST-842E4801,activation,2024-07-15 10:00:00
99971002057,,CUST-F8B71448,activation,2024-07-17 10:00:00
99971001213,,CUST-E64DFA28,activation,2024-07-18 10:00:00
99971001716,,CUST-0E0569AB,activation,2024-07-18 10:00:00
99971002039,,CUST-1CA47A1A,activation,2024-07-19 10:00:00
99971000704,,CUST-5209DB95,activation,2024-07-21 10:00:00
99971002253,,CUST-3F616C83,activation,2024-07-23 10:00:00
99971000614,,CUST-1A6CA7A9,activation,2024-07-24 10:00:00
99971001312,,CUST-DCE99B55,activation,2024-07-28 10:00:00
99971001817,,CUST-C70E179B,activation,2024-07-29 10:00:00
99971000561,,CUST-B8EE9456,activation,2024-07-30 10:00:00
99971000945,,CUST-FE55372E,activation,2024-07-31 10:00:00
99971000866,,CUST-4FF834DE,activation,2024-08-02 10:00:00
99971000937,,CUST-6C7D33C4,activation,2024-08-02 10:00:00
99971000985,,CUST-6C5B48A6,activation,2024-08-02 10:00:00
99971000200,,CUST-2943174A,activation,2024-08-04 10:00:00
99971001157,,CUST-DD7424E5,activation,2024-08-06 10:00:00
99971000330,,CUST-927359C3,activation,2024-08-08 10:00:00
99971001560,,CUST-608589BD,activation,2024-08-10 10:00:00
99971000833,,CUST-2FBF7213,activation,2024-08-11 10:00:00
99971000575,,CUST-68E857C2,activation,2024-08-13 10:00:00
99971001631,,CUST-30E8FC22,activation,2024-08-16 10:00:00
99971001857,,CUST-2CAF4F86,activation,2024-08-16 10:00:00
99971000751,,CUST-3B8383CE,activation,2024-08-17 10:00:00
99971001223,,CUST-BE110962,activation,2024-08-17 10:00:00
99971001150,,CUST-EC047931,activation,2024-08-19 10:00:00
99971001953,,CUST-15C5FC82,activation,2024-08-19 10:00:00
99971000909,,CUST-CE056EA7,activation,2024-08-20 10:00:00
99971001011,,CUST-69F16CF8,activation,2024-08-22 10:00:00
99971001794,,CUST-32573D59,activation,2024-08-23 10:00:00
99971002010,,CUST-0ED93D4B,activation,2024-08-23 10:00:00
99971002274,,CUST-35920E7F,activation,2024-08-24 10:00:00
99971000799,,CUST-65E2920A,activation,2024-08-25 10:00:00
99971001732,,CUST-0A118DFD,activation,2024-08-25 10:00:00
99971001105,,CUST-C5719275,activation,2024-08-27 10:00:00
99971001424,,CUST-8B5ECEA0,activation,2024-08-28 10:00:00
99971000113,,CUST-A3BD64D7,activation,2024-08-31 10:00:00
99971000038,,CUST-F56E100F,activation,2024-09-01 10:00:00
99971002187,,CUST-E6968C79,activation,2024-09-01 10:00:00
99971000999,,CUST-292F5A95,activation,2024-09-02 10:00:00
99971001669,,CUST-7AE5FA22,activation,2024-09-06 10:00:00
99971002165,,CUST-B20AB4DC,activation,2024-09-06 10:00:00
99971000683,,CUST-C663FC36,activation,2024-09-09 10:00:00
99971001325,,CUST-5FB3285E,activation,2024-09-09 10:00:00
99971000966,,CUST-D03BE6B5,activation,2024-09-12 10:00:00
99971000545,,CUST-406D5B58,activation,2024-09-13 10:00:00
99971000876,,CUST-AE3E5DFE,activation,2024-09-13 10:00:00
99971001224,,CUST-617EC3BC,activation,2024-09-14 10:00:00
99971001635,,CUST-B22577E7,activation,2024-09-14 10:00:00
99971001447,,CUST-082D97E5,activation,2024-09-15 10:00:00
99971000303,,CUST-9402EE62,activation,2024-09-16 10:00:00
99971000710,,CUST-8665BD05,activation,2024-09-18 10:00:00
99971001155,,CUST-E08896E4,activation,2024-09-19 10:00:00
99971000758,,CUST-DA27B883,activation,2024-09-21 10:00:00
99971001655,,CUST-A6207C6D,activation,2024-09-21 10:00:00
99971000076,,CUST-8BB9601E,activation,2024-09-23 10:00:00
99971000052,,CUST-1DE79BA6,activation,2024-09-27 10:00:00
99971000247,,CUST-5211C2A9,activation,2024-09-27 10:00:00
99971000798,,CUST-E9793A52,activation,2024-09-27 10:00:00
99971000459,,CUST-E2FF7766,activation,2024-09-28 10:00:00
99971001085,,CUST-A20F3EE5,activation,2024-09-28 10:00:00
99971000482,,CUST-D36CE021,activation,2024-09-29 10:00:00
99971001416,,CUST-E031CDCB,activation,2024-10-01 10:00:00
99971000197,,CUST-020946D3,activation,2024-10-02 10:00:00
99971000578,,CUST-AAC79BD9,activation,2024-10-02 10:00:00
99971002384,,CUST-CA0AA21E,activation,2024-10-02 10:00:00
99971000466,,CUST-DF7EDFC8,activation,2024-10-03 10:00:00
99971001290,,CUST-B27ED745,activation,2024-10-03 10:00:00
99971000479,,CUST-F1DC2581,activation,2024-10-04 10:00:00
99971000619,,CUST-EC1D650A,activation,2024-10-04 10:00:00
99971000517,,CUST-DE45B741,activation,2024-10-05 10:00:00
99971001093,,CUST-CD29CFA2,activation,2024-10-05 10:00:00
99971001282,,CUST-2AF11140,activation,2024-10-05 10:00:00
99971000497,,CUST-A61E560C,activation,2024-10-06 10:00:00
99971000854,,CUST-3C017C5A,activation,2024-10-07 10:00:00
99971000387,,CUST-3F567B94,activation,2024-10-12 10:00:00
99971000404,,CUST-367A3037,activation,2024-10-12 10:00:00
99971001194,,CUST-1CBA480B,activation,2024-10-13 10:00:00
99971001899,,CUST-A7C62ADB,activation,2024-10-13 10:00:00
99971001125,,CUST-5FAD557B,activation,2024-10-14 10:00:00
99971001796,,CUST-54C5D3E6,activation,2024-10-14 10:00:00
99971002080,,CUST-ACB00C76,activation,2024-10-15 10:00:00
99971001679,,CUST-0212102E,activation,2024-10-16 10:00:00
99971000787,,CUST-79BF81B2,activation,2024-10-17 10:00:00
99971000608,,CUST-7F06A05B,activation,2024-10-18 10:00:00
99971001094,,CUST-D5B2A0C3,activation,2024-10-19 10:00:00
99971002193,,CUST-FB5DC2D0,activation,2024-10-19 10:00:00
99971000440,,CUST-A8E1DBCE,activation,2024-10-20 10:00:00
99971001486,,CUST-B3AE6F65,activation,2024-10-21 10:00:00
99971001484,,CUST-1037A05A,activation,2024-10-22 10:00:00
99971001549,,CUST-C4ABA9F0,activation,2024-10-23 10:00:00
99971000425,,CUST-48C8BB2D,activation,2024-10-24 10:00:00
99971000427,,CUST-3C98F164,activation,2024-10-24 10:00:00
99971000813,,CUST-4A5E02BD,activation,2024-10-24 10:00:00
99971001841,,CUST-C1388195,activation,2024-10-24 10:00:00
99971000208,,CUST-39637D35,activation,2024-10-25 10:00:00
99971000180,,CUST-AEE86B11,activation,2024-10-27 10:00:00
99971001352,,CUST-34F8A610,activation,2024-10-27 10:00:00
99971001333,,CUST-6B1656D3,activation,2024-10-28 10:00:00
99971000391,,CUST-81F0B915,activation,2024-10-30 10:00:00
99971000429,,CUST-6B2B321C,activation,2024-10-30 10:00:00
99971001287,,CUST-F412A9D4,activation,2024-10-30 10:00:00
99971000469,,CUST-278F9DB4,activation,2024-10-31 10:00:00
99971001349,,CUST-A2100604,activation,2024-10-31 10:00:00
99971000216,,CUST-326E02A1,activation,2024-11-04 10:00:00
99971001958,,CUST-E8DD75C3,activation,2024-11-04 10:00:00
99971000817,,CUST-26A7CED2,activation,2024-11-05 10:00:00
99971000150,,CUST-A83FE4EA,activation,2024-11-06 10:00:00
99971000556,,CUST-D98F2B59,activation,2024-11-06 10:00:00
99971001707,,CUST-F7267B9E,activation,2024-11-06 10:00:00
99971001611,,CUST-61ABFEB4,activation,2024-11-07 10:00:00
99971001534,,CUST-1378BEE2,activation,2024-11-08 10:00:00
99971002158,,CUST-3FFF22B4,activation,2024-11-08 10:00:00
99971000045,,CUST-653B005B,activation,2024-11-09 10:00:00
99971000732,,CUST-0777A0BB,activation,2024-11-09 10:00:00
99971000933,,CUST-811851C6,activation,2024-11-09 10:00:00
99971002327,,CUST-84622131,activation,2024-11-11 10:00:00
99971000359,,CUST-99DA7598,activation,2024-11-12 10:00:00
99971002031,,CUST-D627C766,activation,2024-11-12 10:00:00
99971001299,,CUST-A6C96E07,activation,2024-11-13 10:00:00
99971000853,,CUST-420BED70,activation,2024-11-14 10:00:00
99971001296,,CUST-5AE5488E,activation,2024-11-14 10:00:00
99971000543,,CUST-DC539785,activation,2024-11-17 10:00:00
99971002149,,CUST-2C2CF669,activation,2024-11-17 10:00:00
99971001102,,CUST-DA2FED42,activation,2024-11-18 10:00:00
99971000770,,CUST-7C2D36E7,activation,2024-11-22 10:00:00
99971001819,,CUST-DA4956B0,activation,2024-11-23 10:00:00
99971001856,,CUST-676D77EC,activation,2024-11-24 10:00:00
99971000496,,CUST-E7063C80,activation,2024-11-25 10:00:00
99971000944,,CUST-599AC55E,activation,2024-11-25 10:00:00
99971000684,,CUST-CB9EDD9F,activation,2024-11-28 10:00:00
99971000434,,CUST-5DCB1471,activation,2024-11-30 10:00:00
99971000816,,CUST-FC1A1231,activation,2024-11-30 10:00:00
99971001151,,CUST-2A41985F,activation,2024-11-30 10:00:00
99971000984,,CUST-C8D03535,activation,2024-12-02 10:00:00
99971000332,,CUST-11C75F64,activation,2024-12-03 10:00:00
99971000771,,CUST-6C202A03,activation,2024-12-04 10:00:00
99971000124,,CUST-B56255F9,activation,2024-12-05 10:00:00
99971000841,,CUST-DD1BF322,activation,2024-12-06 10:00:00
99971001935,,CUST-7861498C,activation,2024-12-07 10:00:00
99971000073,,CUST-FC60A33D,activation,2024-12-09 10:00:00
99971000342,,CUST-60C05A50,activation,2024-12-10 10:00:00
99971001086,,CUST-7A635134,activation,2024-12-10 10:00:00
99971002117,,CUST-6760BDA7,activation,2024-12-10 10:00:00
99971000547,,CUST-DAE7B086,activation,2024-12-11 10:00:00
99971001968,,CUST-F63D69FD,activation,2024-12-11 10:00:00
99971000664,,CUST-44AB444B,activation,2024-12-14 10:00:00
99971001638,,CUST-5A0409EF,activation,2024-12-14 10:00:00
99971001503,,CUST-244C568C,activation,2024-12-16 10:00:00
99971000536,,CUST-60569092,activation,2024-12-19 10:00:00
99971002262,,CUST-91692D47,activation,2024-12-19 10:00:00
99971000997,,CUST-4C0B5269,activation,2024-12-20 10:00:00
99971002320,,CUST-6A6FFFAE,activation,2024-12-20 10:00:00
99971000245,,CUST-8CBB4FBC,activation,2024-12-22 10:00:00
99971001373,,CUST-124A6277,activation,2024-12-23 10:00:00
99971000230,,CUST-917A5B3E,activation,2024-12-24 10:00:00
99971002246,,CUST-FBEC9F25,activation,2024-12-24 10:00:00
99971001806,,CUST-A8AADF23,activation,2024-12-25 10:00:00
99971002235,,CUST-8593EF79,activation,2024-12-25 10:00:00
99971001360,,CUST-4D0BE29D,activation,2024-12-27 10:00:00
99971001512,,CUST-F4FE5C59,activation,2024-12-27 10:00:00
99971000234,,CUST-EB961EFC,activation,2024-12-29 10:00:00
99971001050,,CUST-D049EEB7,activation,2024-12-29 10:00:00
99971000765,,CUST-B3EA8210,activation,2025-01-02 10:00:00
99971000515,,CUST-C961A180,activation,2025-01-04 10:00:00
99971001613,,CUST-D2CEB05B,activation,2025-01-04 10:00:00
99971000020,,CUST-465570A9,activation,2025-01-05 10:00:00
99971001444,,CUST-61D3D604,activation,2025-01-05 10:00:00
99971000737,,CUST-EA551062,activation,2025-01-08 10:00:00
99971001603,,CUST-AD42873B,activation,2025-01-08 10:00:00
99971000678,,CUST-581D4402,activation,2025-01-09 10:00:00
99971000702,,CUST-81962911,activation,2025-01-09 10:00:00
99971000747,,CUST-885C3778,activation,2025-01-09 10:00:00
99971000783,,CUST-21A89970,activation,2025-01-11 10:00:00
99971001726,,CUST-A25A5AFD,activation,2025-01-11 10:00:00
99971001721,,CUST-D2BB313E,activation,2025-01-14 10:00:00
99971001584,,CUST-5B99D9EA,activation,2025-01-15 10:00:00
99971001137,,CUST-56772112,activation,2025-01-17 10:00:00
99971001624,,CUST-C9F077E5,activation,2025-01-17 10:00:00
99971000890,,CUST-08731DFA,activation,2025-01-19 10:00:00
99971000419,,CUST-1648BEFE,activation,2025-01-20 10:00:00
99971000957,,CUST-013CA13F,activation,2025-01-22 10:00:00
99971001629,,CUST-C9DF0398,activation,2025-01-22 10:00:00
99971000749,,CUST-613A0BD4,activation,2025-01-25 10:00:00
99971000526,,CUST-A86D814A,activation,2025-01-26 10:00:00
99971001475,,CUST-6CCF4D27,activation,2025-01-27 10:00:00
99971001877,,CUST-259383A8,activation,2025-01-27 10:00:00
99971001995,,CUST-AAF746BA,activation,2025-01-27 10:00:00
99971001771,,CUST-AF5F74CD,activation,2025-01-28 10:00:00
99971001625,,CUST-3EB190CC,activation,2025-01-31 10:00:00
99971001690,,CUST-77D6B7EA,activation,2025-01-31 10:00:00
99971002008,,CUST-EBB19783,activation,2025-02-03 10:00:00
99971001324,,CUST-1995AB6D,activation,2025-02-06 10:00:00
99971002071,,CUST-FDE3C7D3,activation,2025-02-07 10:00:00
99971001855,,CUST-096981E1,activation,2025-02-08 10:00:00
99971001164,,CUST-3AC9D645,activation,2025-02-10 10:00:00
99971001627,,CUST-1E3214F5,activation,2025-02-10 10:00:00
99971000873,,CUST-DC1CD1E8,activation,2025-02-11 10:00:00
99971002127,,CUST-7F59F1CA,activation,2025-02-11 10:00:00
99971002307,,CUST-05C3444B,activation,2025-02-14 10:00:00
99971000298,,CUST-133A6ED7,activation,2025-02-15 10:00:00
99971001572,,CUST-E959144E,activation,2025-02-16 10:00:00
99971000406,,CUST-C07D6F49,activation,2025-02-17 10:00:00
99971001215,,CUST-83A9881F,activation,2025-02-18 10:00:00
99971000680,,CUST-3BBB9FC9,activation,2025-02-19 10:00:00
99971000366,,CUST-5B9E0F03,activation,2025-02-20 10:00:00
99971002124,,CUST-7C63AA25,activation,2025-02-20 10:00:00
99971000807,,CUST-1C910CC8,activation,2025-02-21 10:00:00
99971002231,,CUST-C6F1ADB8,activation,2025-02-22 10:00:00
99971000410,,CUST-300183FF,activation,2025-02-23 10:00:00
99971001829,,CUST-318E4C35,activation,2025-02-26 10:00:00
99971000736,,CUST-BB567933,activation,2025-02-28 10:00:00
99971001686,,CUST-FFB392F7,activation,2025-03-03 10:00:00
99971001653,,CUST-580439BC,activation,2025-03-05 10:00:00
99971001869,,CUST-1D14E4B3,activation,2025-03-05 10:00:00
99971000317,,CUST-FCC2CB0F,activation,2025-03-08 10:00:00
99971000674,,CUST-C7CB36EA,activation,2025-03-09 10:00:00
99971001010,,CUST-0A2C9697,activation,2025-03-10 10:00:00
99971000140,,CUST-B28B0239,activation,2025-03-11 10:00:00
99971001304,,CUST-52297EA4,activation,2025-03-12 10:00:00
99971001192,,CUST-AAC0094E,activation,2025-03-16 10:00:00
99971002087,,CUST-6786804E,activation,2025-03-16 10:00:00
99971002310,,CUST-5F3A26E2,activation,2025-03-16 10:00:00
99971002133,,CUST-D8ADD525,activation,2025-03-18 10:00:00
99971002076,,CUST-1EA5B4D8,activation,2025-03-19 10:00:00
99971000266,,CUST-C8793C0A,activation,2025-03-21 10:00:00
99971000911,,CUST-3B50373B,activation,2025-03-22 10:00:00
99971001897,,CUST-1016F063,activation,2025-03-25 10:00:00
99971000009,,CUST-256BC91D,activation,2025-03-26 10:00:00
99971000529,,CUST-1DD1EBD7,activation,2025-03-26 10:00:00
99971001165,,CUST-EF64B961,activation,2025-03-26 10:00:00
99971001815,,CUST-682C186B,activation,2025-03-26 10:00:00
99971000768,,CUST-16A067E0,activation,2025-03-27 10:00:00
99971001336,,CUST-EA184CBA,activation,2025-03-28 10:00:00
99971001458,,CUST-CE031DEA,activation,2025-03-28 10:00:00
99971002177,,CUST-E126C31C,activation,2025-03-28 10:00:00
99971002345,,CUST-88045801,activation,2025-03-28 10:00:00
99971000888,,CUST-D38E3E55,activation,2025-03-31 10:00:00
99971001509,,CUST-23A1FB3A,activation,2025-04-01 10:00:00
99971002207,,CUST-0C7146D1,activation,2025-04-01 10:00:00
99971001016,,CUST-06A46BC3,activation,2025-04-03 10:00:00
99971001081,,CUST-F7A43878,activation,2025-04-03 10:00:00
99971002040,,CUST-00362ECB,activation,2025-04-03 10:00:00
99971001024,,CUST-D22EEDBC,activation,2025-04-05 10:00:00
99971001018,,CUST-0DC96F8F,activation,2025-04-06 10:00:00
99971001320,,CUST-EAF65BA6,activation,2025-04-06 10:00:00
99971002140,,CUST-E1520605,activation,2025-04-09 10:00:00
99971001419,,CUST-2EC500DB,activation,2025-04-10 10:00:00
99971001818,,CUST-F5C29C8D,activation,2025-04-11 10:00:00
99971000112,,CUST-5D2BD687,activation,2025-04-12 10:00:00
99971001748,,CUST-5155B13A,activation,2025-04-12 10:00:00
99971000637,,CUST-D6B5B758,activation,2025-04-18 10:00:00
99971000040,,CUST-DD2C07C8,activation,2025-04-19 10:00:00
99971001065,,CUST-40AD402D,activation,2025-04-19 10:00:00
99971001672,,CUST-4EEE9E15,activation,2025-04-20 10:00:00
99971002136,,CUST-101F2F16,activation,2025-04-20 10:00:00
99971000407,,CUST-2278BF41,activation,2025-04-21 10:00:00
99971000204,,CUST-CA122A35,activation,2025-04-22 10:00:00
99971002064,,CUST-C36A6074,activation,2025-04-24 10:00:00
99971002199,,CUST-41FC879A,activation,2025-04-24 10:00:00
99971001581,,CUST-A14D544F,activation,2025-04-26 10:00:00
99971000310,,CUST-64CA1A06,activation,2025-04-30 10:00:00
99971001112,,CUST-A1B60591,activation,2025-05-01 10:00:00
99971001008,,CUST-2B807BA2,activation,2025-05-03 10:00:00
99971002034,,CUST-A1DEF23A,activation,2025-05-03 10:00:00
99971001618,,CUST-D9BB59D4,activation,2025-05-04 10:00:00
99971001637,,CUST-1CCBE46C,activation,2025-05-04 10:00:00
99971001962,,CUST-BE84D54E,activation,2025-05-06 10:00:00
99971002375,,CUST-6DA76A4B,activation,2025-05-06 10:00:00
99971000973,,CUST-D3263DA4,activation,2025-05-07 10:00:00
99971002035,,CUST-5ABA2500,activation,2025-05-07 10:00:00
99971002236,,CUST-BACD1982,activation,2025-05-08 10:00:00
99971000554,,CUST-E2FAB84F,activation,2025-05-09 10:00:00
99971001705,,CUST-FD2D4AF9,activation,2025-05-09 10:00:00
99971001938,,CUST-8880467D,activation,2025-05-09 10:00:00
99971000848,,CUST-0D289E37,activation,2025-05-10 10:00:00
99971001141,,CUST-982549B0,activation,2025-05-11 10:00:00
99971000071,,CUST-9A7754C0,activation,2025-05-12 10:00:00
99971000103,,CUST-C368CB5C,activation,2025-05-12 10:00:00
99971001519,,CUST-D33E1FC3,activation,2025-05-12 10:00:00
99971001843,,CUST-16F54877,activation,2025-05-12 10:00:00
99971001981,,CUST-9192406C,activation,2025-05-14 10:00:00
99971002073,,CUST-9F2ED546,activation,2025-05-14 10:00:00
99971000389,,CUST-A009A461,activation,2025-05-15 10:00:00
99971000178,,CUST-010D9759,activation,2025-05-20 10:00:00
99971000297,,CUST-2B03808A,activation,2025-05-21 10:00:00
99971000511,,CUST-0AE4F27D,activation,2025-05-21 10:00:00
99971001139,,CUST-C96FA378,activation,2025-05-21 10:00:00
99971000843,,CUST-03F39E5C,activation,2025-05-22 10:00:00
99971000383,,CUST-15EB3DA2,activation,2025-05-23 10:00:00
99971001738,,CUST-941FD944,activation,2025-05-24 10:00:00
99971002086,,CUST-F4DFCC77,activation,2025-05-25 10:00:00
99971000282,,CUST-025035F5,activation,2025-05-26 10:00:00
99971002189,,CUST-3605EFF9,activation,2025-05-26 10:00:00
99971000789,,CUST-558D1BB4,activation,2025-05-27 10:00:00
99971000105,,CUST-27335327,activation,2025-05-28 10:00:00
99971000986,,CUST-BF397099,activation,2025-05-28 10:00:00
99971000810,,CUST-96582E25,activation,2025-05-29 10:00:00
99971001228,,CUST-353EF47F,activation,2025-05-30 10:00:00
99971001699,,CUST-34E25849,activation,2025-05-30 10:00:00
99971000875,,CUST-D198250B,activation,2025-05-31 10:00:00
99971001262,,CUST-A7D9E1F3,activation,2025-05-31 10:00:00
99971000033,,CUST-AB497925,activation,2025-06-01 10:00:00
99971002377,,CUST-BFDC82B0,activation,2025-06-01 10:00:00
99971001551,,CUST-8D7084D4,activation,2025-06-02 10:00:00
99971000106,,CUST-73D34720,activation,2025-06-03 10:00:00
99971001879,,CUST-F2FEABFA,activation,2025-06-04 10:00:00
99971001464,,CUST-993AB9FF,activation,2025-06-10 10:00:00
99971000926,,CUST-CFE66159,activation,2025-06-11 10:00:00
99971000544,,CUST-74A8C6CD,activation,2025-06-13 10:00:00
99971002164,,CUST-EF98D364,activation,2025-06-13 10:00:00
99971000949,,CUST-2F2C51CB,activation,2025-06-14 10:00:00
99971002373,,CUST-547DCB18,activation,2025-06-18 10:00:00
99971001533,,CUST-708E3191,activation,2025-06-19 10:00:00
99971001558,,CUST-36E86FAA,activation,2025-06-20 10:00:00
99971000910,,CUST-CE056EA7,activation,2025-06-22 10:00:00
99971001371,,CUST-C196C0B6,activation,2025-06-23 10:00:00
99971000291,,CUST-59A517D4,activation,2025-06-24 10:00:00
99971001450,,CUST-0E6914F8,activation,2025-06-24 10:00:00
99971001097,,CUST-43C74B28,activation,2025-06-25 10:00:00
99971001744,,CUST-C17D576E,activation,2025-06-25 10:00:00
99971002202,,CUST-25BC4E62,activation,2025-06-26 10:00:00
99971002301,,CUST-BC912BEB,activation,2025-06-26 10:00:00
99971000883,,CUST-17CA4970,activation,2025-06-29 10:00:00
99971001253,,CUST-7F1F0288,activation,2025-06-29 10:00:00
99971002132,,CUST-1D8C0A39,activation,2025-06-29 10:00:00
99971002243,,CUST-56940EB8,activation,2025-06-29 10:00:00
99971000134,,CUST-54CECE1A,activation,2025-07-01 10:00:00
99971000238,,CUST-2CFCDF1D,activation,2025-07-01 10:00:00
99971000755,,CUST-3104782B,activation,2025-07-01 10:00:00
99971001764,,CUST-7B7EC702,activation,2025-07-01 10:00:00
99971001095,,CUST-9EBF377C,activation,2025-07-02 10:00:00
99971000416,,CUST-01B0405A,activation,2025-07-03 10:00:00
99971001911,,CUST-F04DEEC3,activation,2025-07-03 10:00:00
99971002361,,CUST-972AE2CB,activation,2025-07-04 10:00:00
99971001350,,CUST-14D5B215,activation,2025-07-08 10:00:00
99971002270,,CUST-E6B317F1,activation,2025-07-09 10:00:00
99971001916,,CUST-113EEE6D,activation,2025-07-10 10:00:00
99971001702,,CUST-DAE078E9,activation,2025-07-11 10:00:00
99971000240,,CUST-3259480F,activation,2025-07-12 10:00:00
99971000797,,CUST-79F00980,activation,2025-07-13 10:00:00
99971001633,,CUST-84750AFC,activation,2025-07-13 10:00:00
99971000139,,CUST-8153B853,activation,2025-07-15 10:00:00
99971001022,,CUST-1419C5E9,activation,2025-07-16 10:00:00
99971001029,,CUST-3987446F,activation,2025-07-16 10:00:00
99971002234,,CUST-CBAEDCB4,activation,2025-07-16 10:00:00
99971000934,,CUST-B381A667,activation,2025-07-17 10:00:00
99971000620,,CUST-D3E30691,activation,2025-07-18 10:00:00
99971001481,,CUST-9B42535C,activation,2025-07-20 10:00:00
99971002030,,CUST-BC471CCC,activation,2025-07-23 10:00:00
99971000299,,CUST-6D344EB1,activation,2025-07-25 10:00:00
99971001966,,CUST-49B8BEC4,activation,2025-07-25 10:00:00
99971000163,,CUST-D90975AF,activation,2025-07-26 10:00:00
99971001246,,CUST-E88DAB65,activation,2025-07-27 10:00:00
99971000821,,CUST-AE77FCB0,activation,2025-07-31 10:00:00
99971001685,,CUST-5BF944C4,activation,2025-07-31 10:00:00
99971002090,,CUST-A0924748,activation,2025-07-31 10:00:00
99971001001,,CUST-998000E4,activation,2025-08-03 10:00:00
99971000374,,CUST-1EE4EB0A,activation,2025-08-04 10:00:00
99971000889,,CUST-08731DFA,activation,2025-08-06 10:00:00
99971001802,,CUST-49E3B7BF,activation,2025-08-06 10:00:00
99971001348,,CUST-9616ADC8,activation,2025-08-08 10:00:00
99971000445,,CUST-1F6CEEFA,activation,2025-08-10 10:00:00
99971000196,,CUST-7353F155,activation,2025-08-12 10:00:00
99971001516,,CUST-F2D5FBE8,activation,2025-08-12 10:00:00
99971000017,,CUST-985837FB,activation,2025-08-15 10:00:00
99971001571,,CUST-CA7EBC70,activation,2025-08-19 10:00:00
99971001714,,CUST-12946835,activation,2025-08-20 10:00:00
99971000097,,CUST-E5722F11,activation,2025-08-21 10:00:00
99971001358,,CUST-06AD092B,activation,2025-08-28 10:00:00
99971000734,,CUST-75D67AA7,activation,2025-08-29 10:00:00
99971001920,,CUST-36AE6C2C,activation,2025-08-31 10:00:00
99971001952,,CUST-40A05133,activation,2025-09-02 10:00:00
99971000296,,CUST-3C5685CB,activation,2025-09-04 10:00:00
99971000549,,CUST-7C20441A,activation,2025-09-04 10:00:00
99971002122,,CUST-C9C19C56,activation,2025-09-05 10:00:00
99971002212,,CUST-F2A40467,activation,2025-09-06 10:00:00
99971001297,,CUST-50017E7A,activation,2025-09-11 10:00:00
99971000898,,CUST-75232BA5,activation,2025-09-12 10:00:00
99971001381,,CUST-D5719A76,activation,2025-09-14 10:00:00
99971001181,,CUST-6A6C9027,activation,2025-09-16 10:00:00
99971000413,,CUST-EB9F99C1,activation,2025-09-17 10:00:00
99971000116,,CUST-8DFCC840,activation,2025-09-18 10:00:00
99971000956,,CUST-F6E11C31,activation,2025-09-18 10:00:00
99971001848,,CUST-6051AFF9,activation,2025-09-19 10:00:00
99971000462,,CUST-4666FD8E,activation,2025-09-20 10:00:00
99971000642,,CUST-1C3345AE,activation,2025-09-20 10:00:00
99971001090,,CUST-D9B7A8C0,activation,2025-09-22 10:00:00
99971001553,,CUST-8A561E06,activation,2025-09-29 10:00:00
99971000327,,CUST-F2839369,activation,2025-10-01 10:00:00
99971000698,,CUST-B1F4AC43,activation,2025-10-01 10:00:00
99971001329,,CUST-6CDCA568,activation,2025-10-02 10:00:00
99971000192,,CUST-FF507DD0,activation,2025-10-03 10:00:00
99971000169,,CUST-F8A0CD98,activation,2025-10-04 10:00:00
99971002346,,CUST-4203CD49,activation,2025-10-04 10:00:00
99971001681,,CUST-3FDA7F84,activation,2025-10-05 10:00:00
99971001756,,CUST-865F2BBF,activation,2025-10-05 10:00:00
99971000397,,CUST-66608BC4,activation,2025-10-07 10:00:00
99971001863,,CUST-11BDC8F7,activation,2025-10-07 10:00:00
99971001338,,CUST-55E8EFD2,activation,2025-10-10 10:00:00
99971000803,,CUST-A234B61E,activation,2025-10-11 10:00:00
99971000223,,CUST-091319A8,activation,2025-10-12 10:00:00
99971000673,,CUST-181DA3A3,activation,2025-10-12 10:00:00
99971001996,,CUST-C88FF783,activation,2025-10-12 10:00:00
99971001674,,CUST-9314E7F6,activation,2025-10-13 10:00:00
99971000158,,CUST-FD7E0B8E,activation,2025-10-15 10:00:00
99971000338,,CUST-9BD90784,activation,2025-10-16 10:00:00
99971000396,,CUST-1D31796A,activation,2025-10-16 10:00:00
99971001886,,CUST-4F0F7C6A,activation,2025-10-19 10:00:00
99971000246,,CUST-5AE7FAC5,activation,2025-10-20 10:00:00
99971000403,,CUST-0D589432,activation,2025-10-20 10:00:00
99971001186,,CUST-5E746457,activation,2025-10-23 10:00:00
99971001374,,CUST-66FBD5F4,activation,2025-10-28 10:00:00
99971000232,,CUST-290CF380,activation,2025-10-29 10:00:00
99971001227,,CUST-AF845DBC,activation,2025-10-30 10:00:00
99971000752,,CUST-1268C39B,activation,2025-11-02 10:00:00
99971002005,,CUST-ABEFE515,activation,2025-11-07 10:00:00
99971000569,,CUST-AFCFEBCD,activation,2025-11-10 10:00:00
99971001247,,CUST-6BA383ED,activation,2025-11-10 10:00:00
99971001525,,CUST-C1B4281F,activation,2025-11-11 10:00:00
99971000130,,CUST-3D06CB3F,activation,2025-11-12 10:00:00
99971001644,,CUST-EFC40A05,activation,2025-11-12 10:00:00
99971001273,,CUST-957577AB,activation,2025-11-15 10:00:00
99971002135,,CUST-5DFC9C1D,activation,2025-11-17 10:00:00
99971000251,,CUST-DA6A0988,activation,2025-11-19 10:00:00
99971001271,,CUST-FD608A53,activation,2025-11-19 10:00:00
99971002141,,CUST-B709E465,activation,2025-11-20 10:00:00
99971001837,,CUST-F0432D8E,activation,2025-11-21 10:00:00
99971000800,,CUST-65E2920A,activation,2025-11-23 10:00:00
99971000321,,CUST-BA1DC9EB,activation,2025-11-24 10:00:00
99971002332,,CUST-26FE7E1A,activation,2025-11-25 10:00:00
99971002334,,CUST-4474A5AC,activation,2025-11-25 10:00:00
99971000037,,CUST-AFF3DA28,activation,2025-11-26 10:00:00
99971002239,,CUST-0634EC1C,activation,2025-11-26 10:00:00
99971001072,,CUST-42716E27,activation,2025-12-02 10:00:00
99971000018,,CUST-DD8847AF,activation,2025-12-03 10:00:00
99971001218,,CUST-3628C665,activation,2025-12-03 10:00:00
99971002353,,CUST-2E0FF99A,activation,2025-12-03 10:00:00
99971002374,,CUST-54EE703D,activation,2025-12-03 10:00:00
99971000928,,CUST-1D8AEF95,activation,2025-12-04 10:00:00
99971000011,,CUST-72080CFF,activation,2025-12-05 10:00:00
99971000012,,CUST-DC75408B,activation,2025-12-06 10:00:00
99971000146,,CUST-722DBF0E,activation,2025-12-06 10:00:00
99971001542,,CUST-8382A55D,activation,2025-12-06 10:00:00
99971001288,,CUST-5AF0FDE6,activation,2025-12-07 10:00:00
99971001776,,CUST-2041C60C,activation,2025-12-08 10:00:00
99971001807,,CUST-6A07FA2A,activation,2025-12-08 10:00:00
99971001664,,CUST-B96E6A9D,activation,2025-12-10 10:00:00
99971001203,,CUST-36FFF89A,activation,2025-12-11 10:00:00
99971001784,,CUST-DEC688EE,activation,2025-12-12 10:00:00
99971000651,,CUST-EFD49981,activation,2025-12-14 10:00:00
99971002174,,CUST-EDC7923A,activation,2025-12-14 10:00:00
99971001025,,CUST-868E4914,activation,2025-12-15 10:00:00
99971000750,,CUST-20B56D7C,activation,2025-12-20 10:00:00
99971002118,,CUST-1C0D79E4,activation,2025-12-20 10:00:00
99971000857,,CUST-04349AA2,activation,2025-12-22 10:00:00
99971001563,,CUST-28F485F2,activation,2025-12-22 10:00:00
99971001814,,CUST-31222757,activation,2025-12-23 10:00:00
99971001865,,CUST-5EF66DDB,activation,2025-12-23 10:00:00
99971000064,,CUST-3D18113F,activation,2025-12-25 10:00:00
99971000198,,CUST-D7C86A93,activation,2025-12-27 10:00:00
99971002333,,CUST-F117FCA1,activation,2025-12-28 10:00:00
99971000548,,CUST-BAB72601,activation,2025-12-29 10:00:00
99971001034,,CUST-AE2509A0,activation,2026-01-02 10:00:00
99971002134,,CUST-B4E4553C,activation,2026-01-04 10:00:00
99971000870,,CUST-1A19EACD,activation,2026-01-06 10:00:00
99971000491,,CUST-B6D9B19A,activation,2026-01-09 10:00:00
99971001156,,CUST-D0E11681,activation,2026-01-10 10:00:00
99971002396,,CUST-7130A3E5,activation,2026-01-10 10:00:00
99971000953,,CUST-4E21EB78,activation,2026-01-11 10:00:00
99971000431,,CUST-A39D2C6D,activation,2026-01-12 10:00:00
99971001368,,CUST-C7B4910B,activation,2026-01-12 10:00:00
99971000360,,CUST-B7C542D8,activation,2026-01-15 10:00:00
99971000538,,CUST-AC09F9C9,activation,2026-01-16 10:00:00
99971001599,,CUST-80EF0085,activation,2026-01-16 10:00:00
99971002025,,CUST-4AAA52F6,activation,2026-01-16 10:00:00
99971001120,,CUST-176FC369,activation,2026-01-17 10:00:00
99971001750,,CUST-65DC547E,activation,2026-01-18 10:00:00
99971000930,,CUST-7B6CF8E4,activation,2026-01-22 10:00:00
99971000932,,CUST-DDD2347D,activation,2026-01-22 10:00:00
99971001216,,CUST-25B1E751,activation,2026-01-25 10:00:00
99971000114,,CUST-7AE26AA4,activation,2026-01-26 10:00:00
99971000562,,CUST-F3333B3A,activation,2026-01-26 10:00:00
99971001973,,CUST-8823F242,activation,2026-01-27 10:00:00
99971002012,,CUST-2C44D0CD,activation,2026-01-27 10:00:00
99971000723,,CUST-C2C239DB,activation,2026-01-28 10:00:00
99971001682,,CUST-D224AE10,activation,2026-01-28 10:00:00
99971001713,,CUST-A4259277,activation,2026-01-28 10:00:00
99971001760,,CUST-C2B5AD0B,activation,2026-01-28 10:00:00
99971001066,,CUST-D8F43B5F,activation,2026-01-29 10:00:00
99971002159,,CUST-B8449F1E,activation,2026-01-30 10:00:00
99971000922,,CUST-2E2C0366,activation,2026-02-02 10:00:00
99971001694,,CUST-67C8910E,activation,2026-02-04 10:00:00
99971001769,,CUST-BF85BA14,activation,2026-02-04 10:00:00
99971001145,,CUST-9F5D3A1B,activation,2026-02-05 10:00:00
99970000100,,CUST-7D220702,activation,2026-02-06 10:00:00
99971000493,,CUST-7DB3E998,activation,2026-02-06 10:00:00
99971000568,,CUST-E2EA353C,activation,2026-02-07 10:00:00
99971000948,,CUST-CF4C90E5,activation,2026-02-07 10:00:00
99971001357,,CUST-6C232E57,activation,2026-02-08 10:00:00
99971000244,,CUST-3CDB0129,activation,2026-02-09 10:00:00
99971000585,,CUST-950CAF7D,activation,2026-02-09 10:00:00
99971000323,,CUST-7DAD5886,activation,2026-02-13 10:00:00
99971001768,,CUST-39A7EF53,activation,2026-02-13 10:00:00
99971002074,,CUST-F732333F,activation,2026-02-14 10:00:00
99971000093,,CUST-219D9D91,activation,2026-02-15 10:00:00
99971002364,,CUST-C2AE07C7,activation,2026-02-16 10:00:00
99971000644,,CUST-768126A1,activation,2026-02-17 10:00:00
99971000929,,CUST-20F01459,activation,2026-02-17 10:00:00
99971002305,,CUST-B4732DEE,activation,2026-02-17 10:00:00
99971000377,,CUST-78853E17,activation,2026-02-19 10:00:00
99971000640,,CUST-9F39EBC1,activation,2026-02-22 10:00:00
99971001202,,CUST-EA161CB3,activation,2026-02-22 10:00:00
99971002145,,CUST-53AD15B3,activation,2026-02-23 10:00:00
99971000385,,CUST-0DC39B1A,activation,2026-02-25 10:00:00
99971001286,,CUST-C2AF4AD4,activation,2026-02-25 10:00:00
99971000309,,CUST-68A26C91,activation,2026-02-26 10:00:00
99971001871,,CUST-A249FC95,activation,2026-02-28 10:00:00
99971000996,,CUST-B29E391E,activation,2026-03-03 10:00:00
99971001846,,CUST-22B6A073,activation,2026-03-03 10:00:00
99971001315,,CUST-C4937F58,activation,2026-03-07 10:00:00
99971000222,,CUST-DFDF4FAC,activation,2026-03-08 10:00:00
99971002225,,CUST-0D7A7B8A,activation,2026-03-08 10:00:00
99971000115,,CUST-DCD46A06,activation,2026-03-09 10:00:00
99971001840,,CUST-4836FAFC,activation,2026-03-10 10:00:00
99971002331,,CUST-3099ADF8,activation,2026-03-10 10:00:00
99971000634,,CUST-331B5986,activation,2026-03-11 10:00:00
99971002028,,CUST-F7942B51,activation,2026-03-16 10:00:00
99971002131,,CUST-8DCC5E94,activation,2026-03-16 10:00:00
99971001042,,CUST-E46E1106,activation,2026-03-17 10:00:00
99971000199,,CUST-D3F9DC2E,activation,2026-03-22 10:00:00
99971001206,,CUST-5378784C,activation,2026-03-24 10:00:00
99971002156,,CUST-91790213,activation,2026-03-24 10:00:00
99971001774,,CUST-76C6814F,activation,2026-03-25 10:00:00
99971002209,,CUST-E3298D36,activation,2026-03-25 10:00:00
99971001366,,CUST-78498F7B,activation,2026-03-26 10:00:00
99971000304,,CUST-5F8C2B6D,activation,2026-03-27 10:00:00
99971001567,,CUST-D6765663,activation,2026-03-28 10:00:00
99971000886,,CUST-A3030F03,activation,2026-03-29 10:00:00
99971001422,,CUST-E914C1A7,activation,2026-03-30 10:00:00
99971001418,,CUST-ACBDD0C8,activation,2026-03-31 10:00:00
99971001161,,CUST-7CDAA9E9,activation,2026-04-01 10:00:00
99971001737,,CUST-FB05F8A4,activation,2026-04-01 10:00:00
99971002078,,CUST-82C9FB4F,activation,2026-04-05 10:00:00
99971002391,,CUST-75306DC5,activation,2026-04-05 10:00:00
99971000629,,CUST-0269EA9B,activation,2026-04-10 10:00:00
99971000535,,CUST-B6F1C6CC,activation,2026-04-12 10:00:00
99971002047,,CUST-B9EBA998,activation,2026-04-12 10:00:00
99971000604,,CUST-5F8B76E0,activation,2026-04-14 10:00:00
99971000261,,CUST-3236E629,activation,2026-04-15 10:00:00
99971001751,,CUST-9777C576,activation,2026-04-16 10:00:00
99971000067,,CUST-C4D1F836,activation,2026-04-18 10:00:00
99971002171,,CUST-679672BE,activation,2026-04-19 10:00:00
99971001619,,CUST-A163AFBD,activation,2026-04-21 10:00:00
99971001763,,CUST-FA8F4D56,activation,2026-04-23 10:00:00
99971000174,,CUST-F40BA969,activation,2026-04-24 10:00:00
99971000539,,CUST-D8D6DE78,activation,2026-04-24 10:00:00
99971000224,,CUST-127897FA,activation,2026-04-28 10:00:00
99971000293,,CUST-507DF156,activation,2026-05-02 10:00:00
99971001238,,CUST-3DADB26C,activation,2026-05-02 10:00:00
99971001605,,CUST-BF5328B2,activation,2026-05-07 10:00:00
99971000061,,CUST-6EC9CDB4,activation,2026-05-10 10:00:00
99971000145,,CUST-A9A12464,activation,2026-05-10 10:00:00
99971001745,,CUST-3A172E3F,activation,2026-05-10 10:00:00
99971000729,,CUST-37ECB836,activation,2026-05-11 10:00:00
99971000946,,CUST-45F25594,activation,2026-05-11 10:00:00
99971001547,,CUST-6F1D61E9,activation,2026-05-15 10:00:00
99971001314,,CUST-D57FB1EC,activation,2026-05-16 10:00:00
99971002251,,CUST-FC7848BC,activation,2026-05-16 10:00:00
99971000049,,CUST-B7F9F076,activation,2026-05-18 10:00:00
99971000811,,CUST-35133239,activation,2026-05-20 10:00:00
99971001268,,CUST-4C008D0D,activation,2026-05-20 10:00:00
99971001472,,CUST-EEA30DF0,activation,2026-05-20 10:00:00
99971002098,,CUST-DA4188AB,activation,2026-05-21 10:00:00
99971001021,,CUST-C2DED51E,activation,2026-05-23 10:00:00
99971002046,,CUST-91E53FB0,activation,2026-05-23 10:00:00
99971002390,,CUST-9794FB10,activation,2026-05-23 10:00:00
99971000470,,CUST-4CA51237,activation,2026-05-24 10:00:00
99979500001,,CUST-M01,activation,2026-07-01 11:00:00
99979500002,,CUST-M02,activation,2026-07-02 11:00:00
99979500003,,CUST-M03,activation,2026-07-03 11:00:00
99979500004,,CUST-M04,activation,2026-07-04 11:00:00
99979500005,,CUST-M05,activation,2026-07-05 11:00:00
99971000800,CUST-65E2920A,CUST-1F89E08D,ownership_transfer,2026-08-01 00:34:40
99971001566,CUST-5B8CF7D0,CUST-5B8CF7D0,sim_swap,2026-08-02 00:07:13
99971000667,CUST-CDD3671B,CUST-0C9C3781,ownership_transfer,2026-08-02 02:52:21
99971001467,CUST-8BAAA3E2,CUST-8BAAA3E2,sim_swap,2026-08-02 10:30:07
99971000863,CUST-E8940EF0,CUST-E8940EF0,sim_swap,2026-08-02 12:29:06
99971002053,CUST-7D7383C7,CUST-7D7383C7,sim_swap,2026-08-03 10:43:01
99971001902,CUST-D05FEDB4,CUST-D05FEDB4,sim_swap,2026-08-03 15:28:56
99971000321,CUST-BA1DC9EB,CUST-BA1DC9EB,sim_swap,2026-08-03 20:10:22
99971000134,CUST-54CECE1A,CUST-0BC9D201,ownership_transfer,2026-08-03 20:31:01
99971000085,CUST-7ED6F545,CUST-7ED6F545,sim_swap,2026-08-04 03:01:31
99971000103,CUST-C368CB5C,CUST-C368CB5C,sim_swap,2026-08-04 07:45:45
99971001619,CUST-A163AFBD,CUST-1E3214F5,ownership_transfer,2026-08-04 09:46:30
99971002012,CUST-2C44D0CD,CUST-A9A950C3,ownership_transfer,2026-08-05 11:34:26
99971002296,CUST-7D43142E,CUST-E5DEB39C,ownership_transfer,2026-08-05 17:05:30
99971001282,CUST-2AF11140,CUST-91FE7855,ownership_transfer,2026-08-06 12:17:40
99971000834,CUST-9A1411C9,CUST-9A1411C9,sim_swap,2026-08-06 14:07:51
99971001145,CUST-9F5D3A1B,CUST-9F5D3A1B,sim_swap,2026-08-07 12:29:19
99971001954,CUST-D99CB20C,CUST-D99CB20C,sim_swap,2026-08-07 23:52:00
99971000276,CUST-484712A8,CUST-484712A8,sim_swap,2026-08-08 22:04:47
99971001073,CUST-E1100B1A,CUST-E1100B1A,sim_swap,2026-08-09 10:17:25
99971000769,CUST-059CA429,CUST-059CA429,sim_swap,2026-08-10 11:19:27
99971001581,CUST-A14D544F,CUST-A14D544F,sim_swap,2026-08-10 15:28:51
99971001684,CUST-7EE9F989,CUST-7EE9F989,sim_swap,2026-08-11 12:33:25
99971001736,CUST-F60DEA57,CUST-F60DEA57,sim_swap,2026-08-11 23:17:18
99971002323,CUST-E9A1D813,CUST-84622131,ownership_transfer,2026-08-12 14:56:32
99971000338,CUST-9BD90784,CUST-9BD90784,sim_swap,2026-08-13 08:00:03
99971001473,CUST-29BDD3D3,CUST-29BDD3D3,sim_swap,2026-08-13 08:45:30
99971000763,CUST-F1A97443,CUST-F1A97443,sim_swap,2026-08-13 13:27:29
99979400001,,CUST-S01,activation,2026-08-15 11:00:00
99979400002,,CUST-S02,activation,2026-08-15 11:00:00
99979400003,,CUST-S03,activation,2026-08-15 11:00:00
99979400004,,CUST-S04,activation,2026-08-15 11:00:00
99979400005,,CUST-S05,activation,2026-08-15 11:00:00
99979400006,,CUST-S06,activation,2026-08-15 11:00:00
99971001965,CUST-49B8BEC4,CUST-49B8BEC4,sim_swap,2026-08-15 22:11:00
99971000639,CUST-13281321,CUST-13281321,sim_swap,2026-08-17 10:16:29
99971001312,CUST-DCE99B55,CUST-DCE99B55,sim_swap,2026-08-17 23:45:13
99979100001,,CUST-W01,activation,2026-08-18 11:00:00
99971001320,CUST-EAF65BA6,CUST-EAF65BA6,sim_swap,2026-08-18 13:46:43
99979100002,,CUST-W02,activation,2026-08-19 11:00:00
99971000241,CUST-8B9E50D3,CUST-B6935EE2,ownership_transfer,2026-08-19 16:43:32
99971001801,CUST-F6C52C93,CUST-05054B25,ownership_transfer,2026-08-20 13:16:41
99971000946,CUST-45F25594,CUST-45F25594,sim_swap,2026-08-20 15:45:06
99971002229,CUST-00FFBCC3,CUST-00FFBCC3,sim_swap,2026-08-22 00:50:41
99971001481,CUST-9B42535C,CUST-9B42535C,sim_swap,2026-08-22 14:06:48
99971000444,CUST-CCDB642F,CUST-CCDB642F,sim_swap,2026-08-22 15:21:15
99979400001,CUST-S01,CUST-S01,sim_swap,2026-08-23 00:00:00
99979400002,CUST-S02,CUST-S02,sim_swap,2026-08-23 01:00:00
99979400003,CUST-S03,CUST-S03,sim_swap,2026-08-23 02:00:00
99979400004,CUST-S04,CUST-S04,sim_swap,2026-08-23 03:00:00
99979400005,CUST-S05,CUST-S05,sim_swap,2026-08-23 04:00:00
99979400006,CUST-S06,CUST-S06,sim_swap,2026-08-23 05:00:00
99971000841,CUST-DD1BF322,CUST-420BED70,ownership_transfer,2026-08-23 10:15:03
99971001984,CUST-3B5BAF7E,CUST-3B5BAF7E,sim_swap,2026-08-24 21:45:53
99971000353,CUST-2FFFBAAA,CUST-2FFFBAAA,sim_swap,2026-08-25 06:43:30
99971000746,CUST-6225A65F,CUST-6225A65F,sim_swap,2026-08-26 09:47:42
99971002095,CUST-70314245,CUST-70314245,sim_swap,2026-08-27 05:18:28
99971000012,CUST-DC75408B,CUST-DC75408B,sim_swap,2026-08-27 10:16:25
99971000180,CUST-AEE86B11,CUST-08A0665F,ownership_transfer,2026-08-27 12:24:46
99971000110,CUST-4A675FF3,CUST-EE28814C,ownership_transfer,2026-08-27 17:35:11
99971000002,CUST-FAACCFD4,CUST-FAACCFD4,sim_swap,2026-08-28 08:45:35
99971001915,CUST-819C0049,CUST-819C0049,sim_swap,2026-08-29 21:45:41
99971002247,CUST-876A207C,CUST-876A207C,sim_swap,2026-08-29 23:51:05
99971002263,CUST-7F56E54B,CUST-7F56E54B,sim_swap,2026-08-30 00:38:15
99971001274,CUST-77FD1BBD,CUST-77FD1BBD,sim_swap,2026-08-30 20:25:53
99971001095,CUST-9EBF377C,CUST-9EBF377C,sim_swap,2026-08-31 13:41:41
99971000466,CUST-DF7EDFC8,CUST-DF7EDFC8,sim_swap,2026-08-31 15:28:19
99971000991,CUST-1258D08E,CUST-1258D08E,sim_swap,2026-08-31 19:39:13
99971002121,CUST-3B58898A,CUST-3B58898A,sim_swap,2026-09-01 05:06:01
99971000160,CUST-F2B02676,CUST-F2B02676,sim_swap,2026-09-01 12:48:17
99971001577,CUST-6EE81B21,CUST-6EE81B21,sim_swap,2026-09-02 07:20:56
99979400006,CUST-S06,CUST-M01,ownership_transfer,2026-09-02 14:00:00
99971001813,CUST-7DE7250F,CUST-7DE7250F,sim_swap,2026-09-02 14:30:16
99971000917,CUST-50F0B757,CUST-50F0B757,sim_swap,2026-09-02 21:28:41
99971000668,CUST-58C5B441,CUST-58C5B441,sim_swap,2026-09-03 17:41:55
99971001307,CUST-229BA78F,CUST-229BA78F,sim_swap,2026-09-03 20:18:03
99979400001,CUST-S01,CUST-S01,sim_swap,2026-09-04 00:00:00
99979400002,CUST-S02,CUST-S02,sim_swap,2026-09-04 01:00:00
99979400003,CUST-S03,CUST-S03,sim_swap,2026-09-04 02:00:00
99971001339,CUST-4CB8A3B9,CUST-4CB8A3B9,sim_swap,2026-09-04 02:23:06
99971002124,CUST-7C63AA25,CUST-7C63AA25,sim_swap,2026-09-04 02:27:53
99979400004,CUST-S04,CUST-S04,sim_swap,2026-09-04 03:00:00
99979400005,CUST-S05,CUST-S05,sim_swap,2026-09-04 04:00:00
99979400006,CUST-S06,CUST-S06,sim_swap,2026-09-04 05:00:00
99971001328,CUST-533B9141,CUST-533B9141,sim_swap,2026-09-04 17:35:49
99971000164,CUST-D90975AF,CUST-25C47CBA,ownership_transfer,2026-09-04 20:42:20
99971002118,CUST-1C0D79E4,CUST-B4E4553C,ownership_transfer,2026-09-05 00:52:34
99971000714,CUST-DB0227B9,CUST-DB0227B9,sim_swap,2026-09-05 07:18:23
99971001422,CUST-E914C1A7,CUST-E914C1A7,sim_swap,2026-09-06 00:31:41
99971000190,CUST-CAE91E77,CUST-CAE91E77,sim_swap,2026-09-07 01:36:12
99971000208,CUST-39637D35,CUST-39637D35,sim_swap,2026-09-08 06:54:04
99979200001,,CUST-I01,activation,2026-09-08 11:00:00
99979200002,,CUST-I02,activation,2026-09-08 11:00:00
99979200003,,CUST-I03,activation,2026-09-08 11:00:00
99979200004,,CUST-I04,activation,2026-09-08 11:00:00
99971000281,CUST-025035F5,CUST-A1EBD517,ownership_transfer,2026-09-09 08:00:53
99971000827,CUST-A9982230,CUST-A9982230,sim_swap,2026-09-10 15:57:18
99971000183,CUST-F74F276F,CUST-F74F276F,sim_swap,2026-09-11 19:18:25
99971001154,CUST-CA7DC69C,CUST-3AC9D645,ownership_transfer,2026-09-12 07:15:21
99979300001,,CUST-F01,activation,2026-09-12 11:00:00
99971000924,CUST-CC3A7457,CUST-CC3A7457,sim_swap,2026-09-13 04:08:21
99979300002,,CUST-F02,activation,2026-09-13 11:00:00
99979300003,,CUST-F03,activation,2026-09-14 11:00:00
99971001439,CUST-D526540D,CUST-D526540D,sim_swap,2026-09-14 11:10:28
99971002071,CUST-FDE3C7D3,CUST-9F2ED546,ownership_transfer,2026-09-14 12:06:27
99979300004,,CUST-F04,activation,2026-09-15 11:00:00
99979400001,CUST-S01,CUST-S01,sim_swap,2026-09-16 00:00:00
99979400002,CUST-S02,CUST-S02,sim_swap,2026-09-16 01:00:00
99979400003,CUST-S03,CUST-S03,sim_swap,2026-09-16 02:00:00
99979400004,CUST-S04,CUST-S04,sim_swap,2026-09-16 03:00:00
99979400005,CUST-S05,CUST-S05,sim_swap,2026-09-16 04:00:00
99979400006,CUST-S06,CUST-S06,sim_swap,2026-09-16 05:00:00
99979300005,,CUST-F05,activation,2026-09-16 11:00:00
99971001914,CUST-953E80B1,CUST-953E80B1,sim_swap,2026-09-16 23:01:24
99971001057,CUST-344971F3,CUST-344971F3,sim_swap,2026-09-17 12:16:14
99971000861,CUST-2A156FE5,CUST-2A156FE5,sim_swap,2026-09-17 15:37:13
99971001858,CUST-116DDEF1,CUST-676D77EC,ownership_transfer,2026-09-17 22:09:06
99971000204,CUST-CA122A35,CUST-CA122A35,sim_swap,2026-09-18 09:34:42
99971000685,CUST-A2C89770,CUST-A2C89770,sim_swap,2026-09-19 09:55:45
99971001388,CUST-C41D1CD5,CUST-C41D1CD5,sim_swap,2026-09-21 15:14:51
99971000830,CUST-DBD20E04,CUST-DBD20E04,sim_swap,2026-09-21 15:17:14
99971001692,CUST-325A7C49,CUST-325A7C49,sim_swap,2026-09-21 18:02:49
99971001299,CUST-A6C96E07,CUST-A6C96E07,sim_swap,2026-09-22 06:16:01
99971000975,CUST-C3DF2373,CUST-C3DF2373,sim_swap,2026-09-22 14:32:05
99971000350,CUST-EB8CFBA5,CUST-EB8CFBA5,sim_swap,2026-09-23 08:29:09
99971000573,CUST-9EBF6C12,CUST-9EBF6C12,sim_swap,2026-09-23 18:38:42
99971001192,CUST-AAC0094E,CUST-AAC0094E,sim_swap,2026-09-24 16:54:08
99971001681,CUST-3FDA7F84,CUST-FFB392F7,ownership_transfer,2026-09-24 23:40:35
99971001480,CUST-C69BC741,CUST-C69BC741,sim_swap,2026-09-25 07:50:44
99971000559,CUST-81DD85A7,CUST-81DD85A7,sim_swap,2026-09-25 11:33:45
99971001129,CUST-19395956,CUST-E3694AA1,ownership_transfer,2026-09-25 13:51:58
99971001144,CUST-6B3950A1,CUST-6B3950A1,sim_swap,2026-09-26 09:34:39
99971000810,CUST-96582E25,CUST-96582E25,sim_swap,2026-09-27 00:37:42
99971001347,CUST-003552A8,CUST-003552A8,sim_swap,2026-09-27 10:14:02
99971002030,CUST-BC471CCC,CUST-BC471CCC,sim_swap,2026-09-27 11:52:38
99971000474,CUST-CBEE85F9,CUST-E4C92E40,ownership_transfer,2026-09-27 15:59:02
99971000359,CUST-99DA7598,CUST-99DA7598,sim_swap,2026-09-27 19:51:12
99971001761,CUST-FDED2EB5,CUST-1C3E0489,ownership_transfer,2026-09-27 22:22:26
99971001201,CUST-81ADA202,CUST-00A67C29,ownership_transfer,2026-09-28 10:18:55
99971000218,CUST-E9A11DCD,CUST-C4F60815,ownership_transfer,2026-09-28 10:38:01
99971000072,CUST-F62C318D,CUST-F62C318D,sim_swap,2026-09-28 12:44:43
99971000188,CUST-156B5EC0,CUST-156B5EC0,sim_swap,2026-09-29 03:13:19
99971000679,CUST-A0050C41,CUST-A0050C41,sim_swap,2026-09-29 22:44:57
99971001844,CUST-EBB9465F,CUST-EBB9465F,sim_swap,2026-09-29 23:08:13
